project_name,description,issued_date,housing_units,number_of_floors,original_address_1,original_zip,council_district,completed_date,link,clean_address,clean_address_2,city,state,country,"gl(n(), chunk_size, length = n())"
4511 VINSON DR BLDG 3,Lot 3 - New construction two-family residential duplex 2-story 3 bedroom (both units) 2.5 bath (both units) with covered front porch (both units) and covered rear patio (both units).,2023-09-18,2,2,4511 VINSON DR BLDG 3,78745,3,NA,https://abc.austintexas.gov/web/permit/public-search-other?t_detail=1&t_selected_folderrsn=12761425,4511 VINSON DRIVE BLDG 3,NA,Austin,Texas,United States,2
4511 VINSON DR BLDG 4,Lot 4 - New construction two-family residential duplex 2-story 3 bedroom (both units) 2.5 bath (both units) with attached 1-car garage (both units) covered front porch (both units) and covered rear patio (both units).,2023-09-18,2,2,4511 VINSON DR BLDG 4,78745,3,NA,https://abc.austintexas.gov/web/permit/public-search-other?t_detail=1&t_selected_folderrsn=12761477,4511 VINSON DRIVE BLDG 4,NA,Austin,Texas,United States,2
1917 W 37TH STREET Bldg 2,Addition/remodel of existing garage expansion of garage door & addition of second floor ADU with exterior stair. 1 bathroom.,2023-10-03,1,2,1917 W 37TH ST BLDG 2,78731,10,NA,https://abc.austintexas.gov/web/permit/public-search-other?t_detail=1&t_selected_folderrsn=13213779,1917 WEST 37TH STREET BLDG 2,NA,Austin,Texas,United States,2
4409 ISLAND CV,New Construction of a 2-Story Single Family Res [6bed 8bath] with attached 3 Car Garage. No driveway/sidewalk permit to private road.  The site plan (2022-162351 SP SP-2022-0521D) must be approved before construction of boat dock & shoreline improvements,2023-10-01,1,2,4409 ISLAND CV,78731,10,NA,https://abc.austintexas.gov/web/permit/public-search-other?t_detail=1&t_selected_folderrsn=13154960,4409 ISLAND CV,NA,Austin,Texas,United States,2
4511 VINSON DR BLDG 5,Lot 5 block A: New construction two family residential duplex 2- story 3/3 bedroom 2.5/2.5 bath with attached 1-car carport (Unit A) attached 1-car garage (Unit B) covered front porch (both units) covered rear patio (Unit A) and uncovered rear porch (Unit B).,2023-09-18,2,2,4511 VINSON DR BLDG 5,78745,3,NA,https://abc.austintexas.gov/web/permit/public-search-other?t_detail=1&t_selected_folderrsn=12605313,4511 VINSON DRIVE BLDG 5,NA,Austin,Texas,United States,2
1149 SHADY LN,New construction single family residential 3 story 8 bedroom 8 bath with attached carport covered front porch (2) covered rear patio (2) multiple balconies and uncovered roof top deck.  Extended to Oct 13 so bp could be activated.  PR was approved.,2023-10-12,1,3,1149 SHADY LN,78721,3,NA,https://abc.austintexas.gov/web/permit/public-search-other?t_detail=1&t_selected_folderrsn=12946325,1149 SHADY LANE,NA,Austin,Texas,United States,2
1512 LARKWOOD DR BLDG 2,New construction two-family residential secondary apartment 2-story 1 bedroom 1.5 bath with covered front porch.,2023-10-13,1,2,1512 LARKWOOD DR BLDG 2,78723,4,NA,https://abc.austintexas.gov/web/permit/public-search-other?t_detail=1&t_selected_folderrsn=13215300,1512 LARKWOOD DRIVE BLDG 2,NA,Austin,Texas,United States,2
4511 VINSON DR BLDG 6,Lot 6 block A: New construction two family residential duplex 2-story 3/3 bedroom 2.5./2.5 bath with attached 1-car garage (both units) covered front porch (both units) covered rear patio (Unit A) and uncovered rear patio (Unit B).,2023-09-18,2,2,4511 VINSON DR BLDG 6,78745,3,NA,https://abc.austintexas.gov/web/permit/public-search-other?t_detail=1&t_selected_folderrsn=12605339,4511 VINSON DRIVE BLDG 6,NA,Austin,Texas,United States,2
3307 DOLPHIN DR,"New construction two-family residential 2-story 2 bedroom 1 bath (will change) with attached 1-car garage covered front porch and uncovered 2nd floor balcony. 
Natalya 512-470-5531",2023-10-11,1,2,3307 DOLPHIN DR,78704,3,NA,https://abc.austintexas.gov/web/permit/public-search-other?t_detail=1&t_selected_folderrsn=13064061,3307 DOLPHIN DRIVE,NA,Austin,Texas,United States,2
4511 VINSON DR BLDG 7,Lot 7 block A: New construction two family residential duplex 2-story 3/3 bedroom 2.5/2.5 bath with attached 1-car garage (both units) covered front porch (both units) and covered rear patio (both units).,2023-09-18,2,2,4511 VINSON DR BLDG 7,78745,3,NA,https://abc.austintexas.gov/web/permit/public-search-other?t_detail=1&t_selected_folderrsn=12605363,4511 VINSON DRIVE BLDG 7,NA,Austin,Texas,United States,2
1200 BELMONT PKWY,New Two Story SFR with attached garage and covered porch 3 Bed 4 Bath SFR,2023-09-22,1,2,1200 BELMONT PKWY,78703,10,NA,https://abc.austintexas.gov/web/permit/public-search-other?t_detail=1&t_selected_folderrsn=13213651,1200 BELMONT PKWY,NA,Austin,Texas,United States,2
1301 WEBBERVILLE RD,"New 2 story Secondary Dwelling Unit [3bed 2bath.
Modular Home.",2023-09-14,1,2,1301 WEBBERVILLE RD,78721,1,NA,https://abc.austintexas.gov/web/permit/public-search-other?t_detail=1&t_selected_folderrsn=13035816,1301 WEBBERVILLE ROAD,NA,Austin,Texas,United States,2
1117 GILLESPIE PL,"New ADU
complete app received 9/15",2023-09-21,1,2,1117 GILLESPIE PL,78704,9,NA,https://abc.austintexas.gov/web/permit/public-search-other?t_detail=1&t_selected_folderrsn=13028082,1117 GILLESPIE PLACE,NA,Austin,Texas,United States,2
8119 TWO COVES DR,New 2-story SFR 5 bedrooms 4.5 bathrooms attached garage covered porch and patio,2023-09-27,1,2,8119 TWO COVES DR,78730,10,NA,https://abc.austintexas.gov/web/permit/public-search-other?t_detail=1&t_selected_folderrsn=13206455,8119 TWO COVES DRIVE,NA,Austin,Texas,United States,2
401 NORTH BLUFF DR BLDG 19 UNIT 19101,"New 2-story single family residential  BLDG 19 - Unit 19101 with 2  bedrooms 2.5 bathrooms and attached carport.

Revision: Rev 1: Deleted EV Chargers 
Revised calculations to reflect deleted EV chargers 

Revisions were made to sheet E601 

Rev 2: Adding house panel to MC3
The original electrical plan did not include a source of power for the lift station for the detention pond. We added a house panel to MC3 to run power to the lift station. 

Revisions were made to sheets MEP002 E601 E701 

Rev 3: Modify foundation design to utilitze conventional reinforcement 
The original structural plan called for post tension tendons but we would like to revise the plan to use rebar instead. 

Revisions were made to sheets S001 S111 S121 S301",2023-08-18,1,2,401 NORTH BLUFF DR BLDG 19,78745,2,NA,https://abc.austintexas.gov/web/permit/public-search-other?t_detail=1&t_selected_folderrsn=13193199,401 NORTH BLUFF DRIVE BLDG 19,NA,Austin,Texas,United States,2
401 NORTH BLUFF DR UNIT 2101,New 2-Story SFR Condo 2 bed/2.5 bath with attached carport,2023-08-18,1,2,401 NORTH BLUFF DR UNIT 2101,78745,2,NA,https://abc.austintexas.gov/web/permit/public-search-other?t_detail=1&t_selected_folderrsn=13193229,401 NORTH BLUFF DRIVE UNIT 2101,NA,Austin,Texas,United States,2
401 NORTH BLUFF DR BLDG 12,New construction two-family residential 2-story Duplex Bldg. 12: Unit 12101 & 12102; 2 bedroom (both units) 2.5 bath (both units) with attached 1-car carport (both units). Revision #1: remove EV chargers; adding house panel to MC3; modify foundation design.,2023-08-30,2,2,401 NORTH BLUFF DR BLDG 12,78745,2,NA,https://abc.austintexas.gov/web/permit/public-search-other?t_detail=1&t_selected_folderrsn=13190961,401 NORTH BLUFF DRIVE BLDG 12,NA,Austin,Texas,United States,2
9106 COUNTRY CANYON CV,New 2-story SFR w/ basement 5 bedrooms 7 bathrooms attached garage,2023-08-27,1,3,9106 COUNTRY CANYON CV,78759,10,NA,https://abc.austintexas.gov/web/permit/public-search-other?t_detail=1&t_selected_folderrsn=13070406,9106 COUNTRY CANYON CV,NA,Austin,Texas,United States,2
401 NORTH BLUFF DR BLDG 13 *PRODUCTION BUILDER,"New 2-story Duplex with attached garages Unit 13101 and 13102

Revision: 
 Rev 1: Deleted EV Chargers 
Revised calculations to reflect deleted EV chargers 

Revisions were made to sheet E601 

Rev 2: Adding house panel to MC3
The original electrical plan did not include a source of power for the lift station for the detention pond. We added a house panel to MC3 to run power to the lift station. 

Revisions were made to sheets MEP002 E601 E701 

Rev 3: Modify foundation design to utilitze conventional reinforcement 
The original structural plan called for post tension tendons but we would like to revise the plan to use rebar instead. 

Revisions were made to sheets S001 S111 S121 S301",2023-08-18,2,2,401 NORTH BLUFF DR BLDG 13,78745,2,NA,https://abc.austintexas.gov/web/permit/public-search-other?t_detail=1&t_selected_folderrsn=13193146,401 NORTH BLUFF DRIVE BLDG 13,NA,Austin,Texas,United States,2
4414 BANISTER LN,New 2-story 4 bedroom 3 bathroom single family residence w/ attached carport covered front porch covered side porch and 2nd floor uncovered balcony.,2023-08-31,1,2,4414 BANISTER LN,78745,5,NA,https://abc.austintexas.gov/web/permit/public-search-other?t_detail=1&t_selected_folderrsn=12869856,4414 BANISTER LANE,NA,Austin,Texas,United States,2
1402 RUTH AVE,Expedited Review: New Construction of a 2-Story Single Family Res [4bed 4.5bath] with attached Garage and Habitable Attic.,2023-08-29,1,2,1402 RUTH AVE,78757,7,NA,https://abc.austintexas.gov/web/permit/public-search-other?t_detail=1&t_selected_folderrsn=13153401,1402 RUTH AVE,NA,Austin,Texas,United States,2
401 NORTH BLUFF DR,"New 2-story Duplex Unit 6101 2bdr 2.5 Bath
New 2-story Duplex Unit 6102 2 Bdr 2.5 Bath",2023-08-18,1,2,401 NORTH BLUFF DR,78745,2,NA,https://abc.austintexas.gov/web/permit/public-search-other?t_detail=1&t_selected_folderrsn=13191761,401 NORTH BLUFF DRIVE,NA,Austin,Texas,United States,2
401 NORTH BLUFF DR,"New 2-story Duplex Unit 5101 - 2Bdr 2.5 Bath
New 2-story Duplex Unit 5102 - 2Bdr 2.5 Bath",2023-08-10,1,2,401 NORTH BLUFF DR,78745,2,NA,https://abc.austintexas.gov/web/permit/public-search-other?t_detail=1&t_selected_folderrsn=13189369,401 NORTH BLUFF DRIVE,NA,Austin,Texas,United States,2
2004 PEQUENO ST,"BUILD NEW TWO STORY sfr 3 BRM 3.5 BATH office W/NEW DRIVEWAY FRONT PORCHES & REAR PATIO
Expired relocation permit BP 3.33-018779 added into current scope of work.",2023-09-11,1,2,2004 PEQUENO ST,78757,7,NA,https://abc.austintexas.gov/web/permit/public-search-other?t_detail=1&t_selected_folderrsn=13137425,2004 PEQUENO STREET,NA,Austin,Texas,United States,2
401 NORTH BLUFF DR BLDG 17,"Building 17 Units 17101 & 17102. New 2-story 4 bedroom 5 bathroom condo duplex. Each unit contains 2 bedrooms 2.5 bathrooms with an attached carport. 
Revision 1: Modify foundation design to utilize conventional reinforcement remove EV chargers and add a house panel.",2023-08-15,2,2,401 NORTH BLUFF DR BLDG 17,78745,2,NA,https://abc.austintexas.gov/web/permit/public-search-other?t_detail=1&t_selected_folderrsn=13190789,401 NORTH BLUFF DRIVE BLDG 17,NA,Austin,Texas,United States,2
5202 HUISACHE ST,Expedited Review - New Construction of a 2-Story Single Family Res. [3bed 4.5bath] with attached 1-car Garage.,2023-08-12,1,2,5202 HUISACHE ST,78751,9,NA,https://abc.austintexas.gov/web/permit/public-search-other?t_detail=1&t_selected_folderrsn=13187474,5202 HUISACHE STREET,NA,Austin,Texas,United States,2
401 NORTH BLUFF DR BLDG 14,"Building 14 Units 14101 & 14102. New 2-story 4 bedroom 5 bathroom condo duplex. Each unit contains 2 bedrooms 2.5 bathrooms with an attached carport. 
Revision 1: Modify foundation design to utilize conventional reinforcement remove EV chargers and add a house panel.",2023-08-15,2,2,401 NORTH BLUFF DR BLDG 14,78745,2,NA,https://abc.austintexas.gov/web/permit/public-search-other?t_detail=1&t_selected_folderrsn=13190799,401 NORTH BLUFF DRIVE BLDG 14,NA,Austin,Texas,United States,2
7500 SPARKLING LIGHT DR,Paramount 2080- B Elevation - Left Swing - New 1-story single-family residence with (4) bedrooms (2) bathrooms attached 2 car garage covered entry porch and patio.,2023-09-05,1,1,7500 SPARKLING LIGHT DR,78617,2,NA,https://abc.austintexas.gov/web/permit/public-search-other?t_detail=1&t_selected_folderrsn=13203826,7500 SPARKLING LIGHT DRIVE,NA,Austin,Texas,United States,2
5607 WOODVIEW AVE,New 2-Story SFR 4 Bed/5 Bath attached garage covered porch covered patio and balcony,2023-08-16,1,2,5607 WOODVIEW AVE,78756,7,NA,https://abc.austintexas.gov/web/permit/public-search-other?t_detail=1&t_selected_folderrsn=13190344,5607 WOODVIEW AVE,NA,Austin,Texas,United States,2
5202 HUISACHE ST,New 2-Story Secondary Apartment [1bed 1.5bath].,2023-08-12,1,2,5202 HUISACHE ST,78751,9,NA,https://abc.austintexas.gov/web/permit/public-search-other?t_detail=1&t_selected_folderrsn=13187475,5202 HUISACHE STREET,NA,Austin,Texas,United States,2
12600 OXFORD VINEYARD LN,2898JL NEW 2 STORY 5 BEDROOM 3 1/2 BATH SINGLE FAMILY RESIDENTIAL HOME WITH ATTACHED GARAGE COVERED FRONT PORCH AND REAR PATIO,2023-08-21,1,2,12600 OXFORD VINEYARD LN,78653,1,NA,https://abc.austintexas.gov/web/permit/public-search-other?t_detail=1&t_selected_folderrsn=13196542,12600 OXFORD VINEYARD LANE,NA,Austin,Texas,United States,2
401 NORTH BLUFF DR BLDG 7,New 2-story Duplex Unit 7101 & 7102 with 4 bedrooms 5 bathrooms attached carports,2023-08-18,2,2,401 NORTH BLUFF DR BLDG 7,78745,2,NA,https://abc.austintexas.gov/web/permit/public-search-other?t_detail=1&t_selected_folderrsn=13191210,401 NORTH BLUFF DRIVE BLDG 7,NA,Austin,Texas,United States,2
3308 ROSEFINCH TRL,Expedited Review - New Construction of a 2-Story SF Res [5bed 6bath] with attached 3-Car Garage,2023-08-09,1,2,3308 ROSEFINCH TRL,78746,8,NA,https://abc.austintexas.gov/web/permit/public-search-other?t_detail=1&t_selected_folderrsn=12838371,3308 ROSEFINCH TRAIL,NA,Austin,Texas,United States,2
401 NORTH BLUFF DR BLDG 8,New 2-story Duplex Unit 8101 & 8102 with 4 bedrooms 5 bathrooms attached carports,2023-08-18,2,2,401 NORTH BLUFF DR BLDG 8,78745,2,NA,https://abc.austintexas.gov/web/permit/public-search-other?t_detail=1&t_selected_folderrsn=13191246,401 NORTH BLUFF DRIVE BLDG 8,NA,Austin,Texas,United States,2
401 NORTH BLUFF DRIVE,New 2-story Duplex Unit 11101 and Unit 11102,2023-08-10,2,2,401 NORTH BLUFF DR,78745,2,NA,https://abc.austintexas.gov/web/permit/public-search-other?t_detail=1&t_selected_folderrsn=13189360,401 NORTH BLUFF DRIVE,NA,Austin,Texas,United States,2
401 NORTH BLUFF DR,New construction Single family residential 2-story 2 bedroom (both units) 2.5 bath (both units) with attached 1-car carport. Units 4101 and 4102,2023-08-22,2,2,401 NORTH BLUFF DR,78745,2,NA,https://abc.austintexas.gov/web/permit/public-search-other?t_detail=1&t_selected_folderrsn=13193299,401 NORTH BLUFF DRIVE,NA,Austin,Texas,United States,2
401 NORTH BLUFF DR BLDG 10,"Building 10 Units 10101 & 10102. New 2-story 4 bedroom 5 bathroom condo duplex. Each unit contains 2 bedrooms 2.5 bathrooms with an attached carport. 
Revision 1: Modify foundation design to utilize conventional reinforcement and remove EV chargers.",2023-08-15,2,2,401 NORTH BLUFF DR BLDG 10,78745,2,NA,https://abc.austintexas.gov/web/permit/public-search-other?t_detail=1&t_selected_folderrsn=13190793,401 NORTH BLUFF DRIVE BLDG 10,NA,Austin,Texas,United States,2
401 NORTH BLUFF DR UNIT 16101,Unit 16101: New construction single family residential 2-Story 2 bedroom 2.5 bath with attached 1-car carport. Revision #1: remove EV chargers; adding house panel to MC3; modify foundation design.,2023-08-18,1,2,401 NORTH BLUFF DR UNIT 16101,78745,2,NA,https://abc.austintexas.gov/web/permit/public-search-other?t_detail=1&t_selected_folderrsn=13191030,401 NORTH BLUFF DRIVE UNIT 16101,NA,Austin,Texas,United States,2
1300 PIEDMONT AVE,Expedited Review - New Construction of a 2-Story Single Family Res. [4bed 3bath] with Habitable Attic and attached Garage.,2023-08-29,1,2,1300 PIEDMONT AVE,78757,7,NA,https://abc.austintexas.gov/web/permit/public-search-other?t_detail=1&t_selected_folderrsn=13134250,1300 PIEDMONT AVE,NA,Austin,Texas,United States,2
606 CLIFF DR,New construction single family residential 2-story 4 bedroom 4.5 bath with covered front porch and 2nd floor roof top deck.,2023-07-26,1,2,606 CLIFF DR,78704,5,NA,https://abc.austintexas.gov/web/permit/public-search-other?t_detail=1&t_selected_folderrsn=12862872,606 CLIFF DRIVE,NA,Austin,Texas,United States,2
2503 WESTLAKE DR BLDG 2,BLDG 2 UNIT 201 New 3-Story Condo 2 Bed 3.5 Bath attached parking covered patio with uncovered deck,2023-08-07,1,3,2503 WESTLAKE DR BLDG 2,78746,8,NA,https://abc.austintexas.gov/web/permit/public-search-other?t_detail=1&t_selected_folderrsn=13185482,2503 WESTLAKE DRIVE BLDG 2,NA,Austin,Texas,United States,2
932 GARDNER RD UNIT 211,"New 3 Story Duplex-BLDG 2   1/1.5
Units 211",2023-07-07,2,3,932 GARDNER RD UNIT 211,78721,3,NA,https://abc.austintexas.gov/web/permit/public-search-other?t_detail=1&t_selected_folderrsn=13126153,932 GARDNER ROAD UNIT 211,NA,Austin,Texas,United States,2
1004 EASON ST,New 2-story SFR 4 bedrooms 4.5 bathrooms attached garage covered porch and patio,2023-08-01,1,3,1004 EASON ST,78703,9,NA,https://abc.austintexas.gov/web/permit/public-search-other?t_detail=1&t_selected_folderrsn=13183430,1004 EASON STREET,NA,Austin,Texas,United States,2
932 GARDNER RD UNIT 111,Unit #111 New 3-Story SFR 2 Bed/3 Bath with attached garage and balcony Bldg #1,2023-07-07,1,3,932 GARDNER RD UNIT 111,78721,3,NA,https://abc.austintexas.gov/web/permit/public-search-other?t_detail=1&t_selected_folderrsn=13124638,932 GARDNER ROAD UNIT 111,NA,Austin,Texas,United States,2
932 GARDNER RD UNIT 212,"New 3 Story Duplex-BLDG 2   1/1.5
Units 212",2023-07-07,2,3,932 GARDNER RD UNIT 212,78721,3,NA,https://abc.austintexas.gov/web/permit/public-search-other?t_detail=1&t_selected_folderrsn=13126154,932 GARDNER ROAD UNIT 212,NA,Austin,Texas,United States,2
401 NORTH BLUFF DR,"New 2-Story Duplex residential Unit 3101 & 3102 with attached garage
Application sent 1/7/22

Revision approved:

1Rev 1: Deleted EV Chargers 
Revised calculations to reflect deleted EV chargers 

Revisions were made to sheet E601 

Rev 2: Adding house panel to MC1
The original electrical plan did not include a source of power for the irrigation controller. We added a house panel to MC1 to power the irrigation controller. 

Revisions were made to sheets MEP002 E601 E701 

Rev 3: Modify foundation design to utilitze conventional reinforcement 
The original structural plan called for post tension tendons but we would like to revise the plan to use rebar instead. 

Revisions were made to sheets S001 S111 S121 S301",2023-07-27,2,2,401 NORTH BLUFF DR BLDG 3,78745,2,NA,https://abc.austintexas.gov/web/permit/public-search-other?t_detail=1&t_selected_folderrsn=13162080,401 NORTH BLUFF DRIVE BLDG 3,NA,Austin,Texas,United States,2
932 GARDNER RD UNIT 312,Unit 312: New construction single family residential 3-story 2 bedroom 3 bath (2 bath 2 half bath) with attached 2-car garage 2nd story balcony and covered front porch.,2023-07-06,1,3,932 GARDNER RD UNIT 312,78721,3,NA,https://abc.austintexas.gov/web/permit/public-search-other?t_detail=1&t_selected_folderrsn=13121379,932 GARDNER ROAD UNIT 312,NA,Austin,Texas,United States,2
401 NORTH BLUFF DR BLDG 15,BLDG 15: New 2-story Duplex Unit 15101 & 15102 with 4 bedrooms 5 bathrooms attached carports,2023-08-04,2,2,401 NORTH BLUFF DR BLDG 15,78745,2,NA,https://abc.austintexas.gov/web/permit/public-search-other?t_detail=1&t_selected_folderrsn=13184437,401 NORTH BLUFF DRIVE BLDG 15,NA,Austin,Texas,United States,2
932 GARDNER RD UNIT 114,Unit #114 New 3-Story SFR 2 Bed/3 Bath with attached garage covered porch and balcony Bldg #1,2023-07-07,1,3,932 GARDNER RD UNIT 114,78721,3,NA,https://abc.austintexas.gov/web/permit/public-search-other?t_detail=1&t_selected_folderrsn=13124641,932 GARDNER ROAD UNIT 114,NA,Austin,Texas,United States,2
2503 WESTLAKE DR BLDG 1,New 3-story 2 Unit Condo w/ attached garage covered patio wood deck 2 beds 3.5 baths - Building 1 (Unit 101 and Unit 102),2023-08-07,2,3,2503 WESTLAKE DR BLDG 1,78746,8,NA,https://abc.austintexas.gov/web/permit/public-search-other?t_detail=1&t_selected_folderrsn=13184055,2503 WESTLAKE DRIVE BLDG 1,NA,Austin,Texas,United States,2
932 GARDNER RD UNIT 412,Unit 412: 3-story townhouse w/ porch balcony nd attached garage. 3/2.5,2023-07-07,1,3,932 GARDNER RD UNIT 412,78721,3,NA,https://abc.austintexas.gov/web/permit/public-search-other?t_detail=1&t_selected_folderrsn=13124908,932 GARDNER ROAD UNIT 412,NA,Austin,Texas,United States,2
1605 CLIFFSIDE DR,New construction single family residential 2-story 4 bedroom 3.5 bath with attached carport covered front porch covered rear patio and uncovered wood deck.,2023-07-19,1,2,1605 CLIFFSIDE DR,78704,5,NA,https://abc.austintexas.gov/web/permit/public-search-other?t_detail=1&t_selected_folderrsn=12941010,1605 CLIFFSIDE DRIVE,NA,Austin,Texas,United States,2
8408 BASIL HAYDEN LN,New construction single family residential 2-story 4 bedroom 2.5 bath with attached 2-car garage covered front porch and covered rear patio.,2023-08-07,1,2,8408 BASIL HAYDEN LN,78744,2,NA,https://abc.austintexas.gov/web/permit/public-search-other?t_detail=1&t_selected_folderrsn=13182551,8408 BASIL HAYDEN LANE,NA,Austin,Texas,United States,2
932 GARDNER RD UNIT 411,Unit 411: 3-story townhouse w/ porch balcony and attached garage. 3/2.5,2023-07-07,1,3,932 GARDNER RD UNIT 411,78721,3,NA,https://abc.austintexas.gov/web/permit/public-search-other?t_detail=1&t_selected_folderrsn=13124907,932 GARDNER ROAD UNIT 411,NA,Austin,Texas,United States,2
932 GARDNER RD UNIT 112,Unit #112 New 3-Story SFR 2 Bed/2.5 Bath with attached garage and covered porch Bldg #1,2023-07-07,1,3,932 GARDNER RD UNIT 112,78721,3,NA,https://abc.austintexas.gov/web/permit/public-search-other?t_detail=1&t_selected_folderrsn=13124639,932 GARDNER ROAD UNIT 112,NA,Austin,Texas,United States,2
709 W MILTON ST,Expedited Review: New Construction of a 2-Story single Family Res [3bed 2.5bath] with basement and attached 2-Car Garage Detached 1-story Cabana [1bath] New pool and spa,2023-07-21,1,2,709 W MILTON ST,78704,9,NA,https://abc.austintexas.gov/web/permit/public-search-other?t_detail=1&t_selected_folderrsn=13170564,709 WEST MILTON STREET,NA,Austin,Texas,United States,2
401 NORTH BLUFF DR,"Unit 18101: New construction single family residential 2-story 2 bedroom 2.5 bath with attached 1-car carport.

Rev 1: Deleted EV Chargers 
Revised calculations to reflect deleted EV chargers 

Revisions were made to sheet E601 

Rev 2: Adding house panel to MC3
The original electrical plan did not include a source of power for the lift station for the detention pond. We added a house panel to MC3 to run power to the lift station. 

Revisions were made to sheets MEP002 E601 E701 

Rev 3: Modify foundation design to utilitze conventional reinforcement 
The original structural plan called for post tension tendons but we would like to revise the plan to use rebar instead. 

Revisions were made to sheets S001 S111 S121 S301 1",2023-07-31,1,2,401 NORTH BLUFF DR,78745,2,NA,https://abc.austintexas.gov/web/permit/public-search-other?t_detail=1&t_selected_folderrsn=13099429,401 NORTH BLUFF DRIVE,NA,Austin,Texas,United States,2
1006 EASON ST,New 3-story 3 bedroom 4.5 bathroom single family residence with habitable basement covered front porch and uncovered 2nd floor balcony.,2023-07-19,1,3,1006 EASON ST,78703,9,NA,https://abc.austintexas.gov/web/permit/public-search-other?t_detail=1&t_selected_folderrsn=13174962,1006 EASON STREET,NA,Austin,Texas,United States,2
932 GARDNER RD UNIT 413,Unit 413: 3-story townhouse w/ porch balcony nd attached garage. 3/2.5,2023-07-07,1,3,932 GARDNER RD UNIT 413,78721,3,NA,https://abc.austintexas.gov/web/permit/public-search-other?t_detail=1&t_selected_folderrsn=13124909,932 GARDNER ROAD UNIT 413,NA,Austin,Texas,United States,2
7603 BENNETT AVE BLDG 2,New construction of detached 2 story ADU with attached garage and covered porch,2023-07-06,1,2,7603 BENNETT AVE BLDG 2,78752,4,NA,https://abc.austintexas.gov/web/permit/public-search-other?t_detail=1&t_selected_folderrsn=13151249,7603 BENNETT AVE BLDG 2,NA,Austin,Texas,United States,2
3705 LAGOOD DR,New construction of 4/4.5 SFR w/ attached garage covered patio uncovered wood deck and roof terrace,2023-08-03,1,2,3705 LAGOOD DR,78730,10,NA,https://abc.austintexas.gov/web/permit/public-search-other?t_detail=1&t_selected_folderrsn=13137506,3705 LAGOOD DRIVE,NA,Austin,Texas,United States,2
2503 WESTLAKE DR BLDG 3,BLDG 3 2 UNITS UNIT 301 and UNIT 302 New 3-Story Condo 4 Bed 7 Bath attached parking covered patio with uncovered decks.,2023-08-07,2,3,2503 WESTLAKE DR BLDG 3,78746,8,NA,https://abc.austintexas.gov/web/permit/public-search-other?t_detail=1&t_selected_folderrsn=13185065,2503 WESTLAKE DRIVE BLDG 3,NA,Austin,Texas,United States,2
401 NORTH BLUFF DR UNIT 1101,"New 2-Story SFR 
Slope waiver approved by John Bowman on 1/30/26. No exterior visitability required due to protected tree limitations.",2023-08-05,1,2,401 NORTH BLUFF DR UNIT 1101,78745,2,NA,https://abc.austintexas.gov/web/permit/public-search-other?t_detail=1&t_selected_folderrsn=13110643,401 NORTH BLUFF DRIVE UNIT 1101,NA,Austin,Texas,United States,2
401 NORTH BLUFF DR BLDG 9,New 2-story Duplex BLDG 9 - Unit 9101 & 9102 with 4 bedrooms 5 bathrooms and attached carports,2023-08-04,2,2,401 NORTH BLUFF DR BLDG 9,78745,2,NA,https://abc.austintexas.gov/web/permit/public-search-other?t_detail=1&t_selected_folderrsn=13185237,401 NORTH BLUFF DRIVE BLDG 9,NA,Austin,Texas,United States,2
5702 LONG CT,Expedited Review - New Construction of a 3-Story Single Family Res. [3bed 3bath] with attached 2-car Garage and Pool.,2023-08-07,1,3,5702 LONG CT,78730,10,NA,https://abc.austintexas.gov/web/permit/public-search-other?t_detail=1&t_selected_folderrsn=13187443,5702 LONG CT,NA,Austin,Texas,United States,2
932 GARDNER RD UNIT 113,Unit #113 New 3-Story SFR 2 Bed/2.5 Bath with attached garage and covered porch Bldg #1,2023-07-07,1,3,932 GARDNER RD UNIT 113,78721,3,NA,https://abc.austintexas.gov/web/permit/public-search-other?t_detail=1&t_selected_folderrsn=13124640,932 GARDNER ROAD UNIT 113,NA,Austin,Texas,United States,2
932 GARDNER RD UNIT 311,Unit 311: New construction single family residential 3-story 2 bedroom 2.5 bath with attached 2-car garage and covered front porch.,2023-07-06,1,3,932 GARDNER RD UNIT 311,78721,3,NA,https://abc.austintexas.gov/web/permit/public-search-other?t_detail=1&t_selected_folderrsn=13121378,932 GARDNER ROAD UNIT 311,NA,Austin,Texas,United States,2
932 GARDNER RD UNIT 313,Unit 313: New construction single family residential 3-story 2 bedroom 2.5 bath with attached 2-car garage and covered front porch.,2023-07-06,1,3,932 GARDNER RD UNIT 313,78721,3,NA,https://abc.austintexas.gov/web/permit/public-search-other?t_detail=1&t_selected_folderrsn=13121380,932 GARDNER ROAD UNIT 313,NA,Austin,Texas,United States,2
4825 LAGUNA LN,"New construction of  2 Story 5/5.5 SFR with attached garage covered porch and patio  outdoor living 
Complete app received 11/23",2023-08-03,1,2,4825 LAGUNA LN,78746,8,NA,https://abc.austintexas.gov/web/permit/public-search-other?t_detail=1&t_selected_folderrsn=13005756,4825 LAGUNA LANE,NA,Austin,Texas,United States,2
6306 NASCO DR,New construction of 2 story SFR w/ 4 bedrooms 3 bathrooms attached garage and covered patio,2023-06-30,1,2,6306 NASCO DR,78757,7,NA,https://abc.austintexas.gov/web/permit/public-search-other?t_detail=1&t_selected_folderrsn=13132379,6306 NASCO DRIVE,NA,Austin,Texas,United States,2
2308 ARPDALE ST,"New Construction of a 2-Story SF Res [4bed 3.5bath] with Habitable Attic and attached 2-Car Garage

Prereq Cycle: 1 No sprinkler required. Both structures less than 3600SF. No WUI inspection required. 

**Using existing driveway approach 6/14 - Revision 1**",2023-06-14,1,2,2308 ARPDALE ST,78704,5,NA,https://abc.austintexas.gov/web/permit/public-search-other?t_detail=1&t_selected_folderrsn=12759943,2308 ARPDALE STREET,NA,Austin,Texas,United States,2
1400 CEDAR AVE UNIT 202,Unit 202: New 2-story 2 bedroom 2 bathroom townhome residence with habitable attic attached garage covered porch and balcony.,2023-06-26,1,3,1400 CEDAR AVE UNIT 202,78702,1,NA,https://abc.austintexas.gov/web/permit/public-search-other?t_detail=1&t_selected_folderrsn=13164970,1400 CEDAR AVE UNIT 202,NA,Austin,Texas,United States,2
1400 CEDAR AVE UNIT 104,1400 Cedar Ave Building 1 unit 104 New 2 Story Townhouse with attached garage 2/2.5,2023-06-28,1,2,1400 CEDAR AVE UNIT 104,78702,1,NA,https://abc.austintexas.gov/web/permit/public-search-other?t_detail=1&t_selected_folderrsn=13162978,1400 CEDAR AVE UNIT 104,NA,Austin,Texas,United States,2
1032 SPRINGDALE RD UNIT 102,"New construction of a  three-story townhouse with attached garage and balcony.
Note: expiration date extended to Dec. 31 2021 in compliance with mayors COVID-19 orders.",2023-06-02,1,3,1032 SPRINGDALE RD UNIT 102,78721,1,NA,https://abc.austintexas.gov/web/permit/public-search-other?t_detail=1&t_selected_folderrsn=12379677,1032 SPRINGDALE ROAD UNIT 102,NA,Austin,Texas,United States,2
1400 CEDAR AVE UNIT 105,1400 Cedar Ave Building 1 unit 105 New 2 Story Townhouse with attached garage 2/2.5,2023-06-28,1,2,1400 CEDAR AVE UNIT 105,78702,1,NA,https://abc.austintexas.gov/web/permit/public-search-other?t_detail=1&t_selected_folderrsn=13162979,1400 CEDAR AVE UNIT 105,NA,Austin,Texas,United States,2
7016 CIRCLE S RD,New Construction of a 1-Story Single Family Res.[3bed 2bath].,2023-06-13,1,2,7016 CIRCLE S RD,78745,2,NA,https://abc.austintexas.gov/web/permit/public-search-other?t_detail=1&t_selected_folderrsn=13038822,7016 CIRCLE SOUTH ROAD,NA,Austin,Texas,United States,2
1400 CEDAR AVE UNIT 102,1400 Cedar Ave Building 1 unit 102 New 3 Story Townhouse with attached garage 3/3.5,2023-06-28,1,3,1400 CEDAR AVE UNIT 102,78702,1,NA,https://abc.austintexas.gov/web/permit/public-search-other?t_detail=1&t_selected_folderrsn=13162976,1400 CEDAR AVE UNIT 102,NA,Austin,Texas,United States,2
910 MORROW ST Bldg 2,New 2-story Secondary Dwelling with attached garage and covered porch 2/2.5,2023-06-07,1,2,910 MORROW ST BLDG 2,78757,7,NA,https://abc.austintexas.gov/web/permit/public-search-other?t_detail=1&t_selected_folderrsn=12810138,910 MORROW STREET BLDG 2,NA,Austin,Texas,United States,2
7016 CIRCLE S RD,New 2-Story Secondary Apartment [2bed 2.5bath].,2023-06-13,1,2,7016 CIRCLE S RD,78745,2,NA,https://abc.austintexas.gov/web/permit/public-search-other?t_detail=1&t_selected_folderrsn=13038823,7016 CIRCLE SOUTH ROAD,NA,Austin,Texas,United States,2
1401 ALLEN RD,New 2-story SFR 5 bedrooms 4 bathrooms attached garage covered porch and patio,2023-06-27,1,2,1401 ALLEN RD,78746,8,NA,https://abc.austintexas.gov/web/permit/public-search-other?t_detail=1&t_selected_folderrsn=13148296,1401 ALLEN ROAD,NA,Austin,Texas,United States,2
1400 CEDAR AVE UNIT 103,1400 Cedar Ave Building 1 unit 103 New 3 Story Townhouse with attached garage 3/3.5,2023-06-28,1,3,1400 CEDAR AVE UNIT 103,78702,1,NA,https://abc.austintexas.gov/web/permit/public-search-other?t_detail=1&t_selected_folderrsn=13162977,1400 CEDAR AVE UNIT 103,NA,Austin,Texas,United States,2
4812 BELVEDERE ST UNIT 4,New 2 Story Single Family Home with attached garage and covered porch   5/5.5,2023-07-04,1,2,4812 BELVEDERE ST UNIT 4,78731,10,NA,https://abc.austintexas.gov/web/permit/public-search-other?t_detail=1&t_selected_folderrsn=13142297,4812 BELVEDERE STREET UNIT 4,NA,Austin,Texas,United States,2
2504 SWEENEY LN,New 2-Story Secondary Apartment [2bed 2.5bath] with attached 1-car Garage.,2023-06-06,1,2,2504 SWEENEY LN,78723,4,NA,https://abc.austintexas.gov/web/permit/public-search-other?t_detail=1&t_selected_folderrsn=13150699,2504 SWEENEY LANE,NA,Austin,Texas,United States,2
1400 CEDAR AVE UNIT 201,Unit 201: New 2-story 2 bedroom 2 bathroom townhome residence with habitable attic attached garage covered porch and balcony.,2023-06-26,1,3,1400 CEDAR AVE UNIT 201,78702,1,NA,https://abc.austintexas.gov/web/permit/public-search-other?t_detail=1&t_selected_folderrsn=13164969,1400 CEDAR AVE UNIT 201,NA,Austin,Texas,United States,2
1032 SPRINGDALE RD UNIT 101,"New construction of a  three-story townhouse with attached garage and balcony.
Note: expiration date extended to Dec. 31 2021 in compliance with mayors COVID-19 orders.",2023-06-02,1,3,1032 SPRINGDALE RD UNIT 101,78721,1,NA,https://abc.austintexas.gov/web/permit/public-search-other?t_detail=1&t_selected_folderrsn=12379676,1032 SPRINGDALE ROAD UNIT 101,NA,Austin,Texas,United States,2
2308 ARPDALE ST,Expedited Review - New Construction of a 2-Story Secondary Apartment [2bed 2.5bath] with attached 2-Car Carport,2023-06-14,1,2,2308 ARPDALE ST,78704,5,NA,https://abc.austintexas.gov/web/permit/public-search-other?t_detail=1&t_selected_folderrsn=12759944,2308 ARPDALE STREET,NA,Austin,Texas,United States,2
2412 WILLOW ST--BLDG 2,New 2-story ADU 2 bedrooms 2.5 bathrooms attached garage covered porch and patio,2023-06-28,1,2,2412 WILLOW ST,78702,3,NA,https://abc.austintexas.gov/web/permit/public-search-other?t_detail=1&t_selected_folderrsn=13165716,2412 WILLOW STREET,NA,Austin,Texas,United States,2
2504 SWEENEY LN,New Construction of a 2-Story Single Family Res. [3bed 2.5bath] with attached 1-car Garage.,2023-06-05,1,2,2504 SWEENEY LN,78723,4,NA,https://abc.austintexas.gov/web/permit/public-search-other?t_detail=1&t_selected_folderrsn=13150698,2504 SWEENEY LANE,NA,Austin,Texas,United States,2
2006 MOUNTAIN VIEW RD,New 2-story 6 bedroom 6 bathroom primary residence with habitable basement attached garage attached carport and covered front porch.,2023-06-21,1,3,2006 MOUNTAIN VIEW RD,78703,10,NA,https://abc.austintexas.gov/web/permit/public-search-other?t_detail=1&t_selected_folderrsn=13151332,2006 MOUNTAIN VIEW ROAD,NA,Austin,Texas,United States,2
12889 PARK DR,Expedited Review: New Construction of a 2-Story Single Family Res [4bed 4.5bath] with attached 3 Car Garage.,2023-06-12,1,3,12889 PARK DR,78732,10,NA,https://abc.austintexas.gov/web/permit/public-search-other?t_detail=1&t_selected_folderrsn=13057564,12889 PARK DRIVE,NA,Austin,Texas,United States,2
1603 CHELSEA LN BLDG 3,New 3-story 4 bedroom 5 bathroom single family residence with attached carport and covered porch.,2023-06-21,1,3,1603 CHELSEA LN BLDG 3,78704,9,NA,https://abc.austintexas.gov/web/permit/public-search-other?t_detail=1&t_selected_folderrsn=13101838,1603 CHELSEA LANE BLDG 3,NA,Austin,Texas,United States,2
1400 CEDAR AVE UNIT 101,1400 Cedar Ave Building 1 unit 101 New 3 Story Townhouse with attached garage 3/3.5,2023-06-28,1,3,1400 CEDAR AVE UNIT 101,78702,1,NA,https://abc.austintexas.gov/web/permit/public-search-other?t_detail=1&t_selected_folderrsn=13162975,1400 CEDAR AVE UNIT 101,NA,Austin,Texas,United States,2
5505 MANOR RD,New Construction of a 2-Story Duplex [6bed 5bath] each with attached 1-car Garage and  1-car Carport,2023-06-06,2,2,5505 MANOR RD,78723,1,NA,https://abc.austintexas.gov/web/permit/public-search-other?t_detail=1&t_selected_folderrsn=13138624,5505 MANOR ROAD,NA,Austin,Texas,United States,2
5508 BLUE BIRD LN,Expedited Review - New Construction of a 2-Story Single Family Res. with Garage a 2-Story Secondary Apartment and (3) 2-Story Accessory Bldgs.,2023-05-16,1,2,5508 BLUE BIRD LN,78745,3,NA,https://abc.austintexas.gov/web/permit/public-search-other?t_detail=1&t_selected_folderrsn=13031777,5508 BLUE BIRD LANE,NA,Austin,Texas,United States,2
3400 HILLVIEW RD,"New 2 Story SFR with attached garage and covered porch/patio  5/8 w pool
complete app received 4/27",2023-04-29,1,2,3400 HILLVIEW RD,78703,10,NA,https://abc.austintexas.gov/web/permit/public-search-other?t_detail=1&t_selected_folderrsn=13052775,3400 HILLVIEW ROAD,NA,Austin,Texas,United States,2
2801 WINSTON CT,Expedited Review - New Construction of a 3-Story Single Family Res.[4bed 3.5bath] with attached Garage,2023-05-12,1,3,2801 WINSTON CT,78731,7,NA,https://abc.austintexas.gov/web/permit/public-search-other?t_detail=1&t_selected_folderrsn=13013341,2801 WINSTON CT,NA,Austin,Texas,United States,2
3111 SCHUTZE ST,3111: New construction single family residential 2-story 3 bedroom 2.5 bath with attached 2-car garage covered front porch and 2nd story balcony.,2023-05-23,1,2,3111 SCHUTZE ST,78723,9,NA,https://abc.austintexas.gov/web/permit/public-search-other?t_detail=1&t_selected_folderrsn=13145433,3111 SCHUTZE STREET,NA,Austin,Texas,United States,2
2117 GREENWOOD AVE BLDG 2,new adu with bathroom,2023-04-27,1,1,2117 GREENWOOD AVE BLDG 2,78723,1,NA,https://abc.austintexas.gov/web/permit/public-search-other?t_detail=1&t_selected_folderrsn=13132291,2117 GREENWOOD AVE BLDG 2,NA,Austin,Texas,United States,2
2201 GREENWOOD AVE,New construction 3 bedroom. 3.5 bathroom. attached garage. covered patio of a SFR with an ADU w/ bathroom,2023-04-27,1,1,2201 GREENWOOD AVE,78723,1,NA,https://abc.austintexas.gov/web/permit/public-search-other?t_detail=1&t_selected_folderrsn=13130055,2201 GREENWOOD AVE,NA,Austin,Texas,United States,2
3808 BALCONES DR,New 2 Story Single Family House with attached garage and covered porch and patio 5 bed 9,2023-05-12,1,2,3808 BALCONES DR,78731,10,NA,https://abc.austintexas.gov/web/permit/public-search-other?t_detail=1&t_selected_folderrsn=13029697,3808 BALCONES DRIVE,NA,Austin,Texas,United States,2
2203 SOUTHERN OAKS DR,Expedited Review - New Construction of a 1-Story Single Family Res. [4bed 3.5bath] with attached Garage,2023-05-10,1,1,2203 SOUTHERN OAKS DR,78745,5,NA,https://abc.austintexas.gov/web/permit/public-search-other?t_detail=1&t_selected_folderrsn=13078102,2203 SOUTHERN OAKS DRIVE,NA,Austin,Texas,United States,2
5508 BLUE BIRD LN,Secondary apartment,2023-05-16,1,2,5508 BLUE BIRD LN,78745,3,NA,https://abc.austintexas.gov/web/permit/public-search-other?t_detail=1&t_selected_folderrsn=13031778,5508 BLUE BIRD LANE,NA,Austin,Texas,United States,2
1428 LAWRENCE ST UNIT B,New 2-story 2 bedroom 1.5 bathroom secondary dwelling unit with attached covered porch.,2023-05-02,1,2,1428 LAWRENCE ST UNIT B,78741,3,NA,https://abc.austintexas.gov/web/permit/public-search-other?t_detail=1&t_selected_folderrsn=13108056,1428 LAWRENCE STREET UNIT B,NA,Austin,Texas,United States,2
5702 PENICK DR BLDG 2,New construction single family residential 2-story 5 bedroom 4.5 bath with attached 2-car garage covered front porch covered rear patio and 2nd story balcony.,2023-05-19,1,2,5702 PENICK DR BLDG 2,78741,3,NA,https://abc.austintexas.gov/web/permit/public-search-other?t_detail=1&t_selected_folderrsn=13132744,5702 PENICK DRIVE BLDG 2,NA,Austin,Texas,United States,2
3115 SCHUTZE ST,3115: New construction single family residential 2-story 3 bedroom 2.5 bath with attached 2-car garage covered front porch covered patio and 2nd story balcony.,2023-05-23,1,2,3115 SCHUTZE ST,78723,9,NA,https://abc.austintexas.gov/web/permit/public-search-other?t_detail=1&t_selected_folderrsn=13145435,3115 SCHUTZE STREET,NA,Austin,Texas,United States,2
2813 ROCK TERRACE DR,New construction single family residential 2-story w/ basement 5 bedroom 5.5 bath with attached 2-car garage covered front porch covered rear patio and 3 balconies. New construction accessory to primary use attached guest house 1 bedroom 1bath with kitchen and game room.,2023-05-17,1,3,2813 ROCK TERRACE DR,78704,5,NA,https://abc.austintexas.gov/web/permit/public-search-other?t_detail=1&t_selected_folderrsn=13042611,2813 ROCK TERRACE DRIVE,NA,Austin,Texas,United States,2
3210 THOMPSON ST,Expedited Review - New Construction of a 2-Story Single Family Res. [4bed 3.5bath] with attached Garage.,2023-04-28,1,2,3210 THOMPSON ST,78702,3,NA,https://abc.austintexas.gov/web/permit/public-search-other?t_detail=1&t_selected_folderrsn=13109029,3210 THOMPSON STREET,NA,Austin,Texas,United States,2
4712 SOUTH FOREST DR,Expedited Review - New detached ADU,2023-05-10,1,2,4712 SOUTH FOREST DR,78745,5,NA,https://abc.austintexas.gov/web/permit/public-search-other?t_detail=1&t_selected_folderrsn=13005471,4712 SOUTH FOREST DRIVE,NA,Austin,Texas,United States,2
206 E WONSLEY DR,New construction two-family residential secondary apartment 2-story 2 bedroom  1.5 bath with covered front porch.,2023-04-27,1,2,206 E WONSLEY DR,78753,4,NA,https://abc.austintexas.gov/web/permit/public-search-other?t_detail=1&t_selected_folderrsn=13083490,206 EAST WONSLEY DRIVE,NA,Austin,Texas,United States,2
2603 ROCKINGHAM DR,Expedited Review: New Construction of a 2-Story Single Family Res [5bed 4.5bath] with attached 2-Car Garage,2023-04-19,1,2,2603 ROCKINGHAM DR,78704,5,NA,https://abc.austintexas.gov/web/permit/public-search-other?t_detail=1&t_selected_folderrsn=13093661,2603 ROCKINGHAM DRIVE,NA,Austin,Texas,United States,2
6512 STOCKMAN DR BLDG 4  *SMART HOUSING**PRODUCTION BUILDER-CONDO*,Building #4 New 3 story SFR with 3 beds and 3 baths,2023-04-13,1,3,6512 STOCKMAN DR,78747,2,NA,https://abc.austintexas.gov/web/permit/public-search-other?t_detail=1&t_selected_folderrsn=13121459,6512 STOCKMAN DRIVE,NA,Austin,Texas,United States,2
2000 RIVERSIDE FARMS RD,Building 11 Unit 11101 & Unit 11102. New 2-story duplex w/ attached garage and covered balcony. 2/2.5 each,2023-04-21,2,2,2000 RIVERSIDE FARMS RD,78741,3,NA,https://abc.austintexas.gov/web/permit/public-search-other?t_detail=1&t_selected_folderrsn=12951778,2000 RIVERSIDE FARMS ROAD,NA,Austin,Texas,United States,2
1704 INTERVAIL DR,"Expedited Review - New Construction of a 2-Story Single Family Res. [4bed 4.5bath] with attached 2-car Garage (sidewalk inspection no driveway)

REVISION INCLUDES: Plan modification for U.G. powerline separation. 811 incorrectly marked utility.
First floor and porch revised to get 5 separation. No overhangs in separation.",2023-03-17,1,2,1704 INTERVAIL DR,78746,8,NA,https://abc.austintexas.gov/web/permit/public-search-other?t_detail=1&t_selected_folderrsn=13093115,1704 INTERVAIL DRIVE,NA,Austin,Texas,United States,2
1180 HARVEY ST,New 2-story 2 bedroom 2.5 bathroom secondary dwelling unit with attached garage and covered front porch.,2023-04-21,1,2,1180 HARVEY ST,78702,1,NA,https://abc.austintexas.gov/web/permit/public-search-other?t_detail=1&t_selected_folderrsn=13090091,1180 HARVEY STREET,NA,Austin,Texas,United States,2
1180 HARVEY ST,New 3-story 4 bedroom 3.5 bathroom single family residence with attached garage covered front porch 2nd floor uncovered balcony and 3rd floor covered balcony.,2023-04-21,1,3,1180 HARVEY ST,78702,1,NA,https://abc.austintexas.gov/web/permit/public-search-other?t_detail=1&t_selected_folderrsn=13090090,1180 HARVEY STREET,NA,Austin,Texas,United States,2
2114 HASKELL ST,Expedited Review - New Construction of a 2-Story Single Family Res [3bed 4bath]. Work to include Attached Garage and Carport.,2023-03-22,1,2,2114 HASKELL ST,78702,3,NA,https://abc.austintexas.gov/web/permit/public-search-other?t_detail=1&t_selected_folderrsn=12944578,2114 HASKELL STREET,NA,Austin,Texas,United States,2
2202 FOREST BEND DR,New 2 story construction of SFR with attached garage and covered porch    4/5.5,2023-04-14,1,2,2202 FOREST BEND DR,78704,5,NA,https://abc.austintexas.gov/web/permit/public-search-other?t_detail=1&t_selected_folderrsn=12980464,2202 FOREST BEND DRIVE,NA,Austin,Texas,United States,2
4200 RIVERCREST DR,New construction single family residential 3-story w/ basement 5 bedroom 7.5 bath with attached 2-car garage multiple covered porches balconies uncovered wood deck.,2023-03-23,1,3,4200 RIVERCREST DR,78746,10,NA,https://abc.austintexas.gov/web/permit/public-search-other?t_detail=1&t_selected_folderrsn=12988959,4200 RIVERCREST DRIVE,NA,Austin,Texas,United States,2
3107 STARDUST DR,Expedited Review - New Construction of a 2-Story Single Family Res. [4bed 3bath] with attached Garage.,2023-04-03,1,1,3107 STARDUST DR,78757,7,NA,https://abc.austintexas.gov/web/permit/public-search-other?t_detail=1&t_selected_folderrsn=13067001,3107 STARDUST DRIVE,NA,Austin,Texas,United States,2
6512 STOCKMAN DR BLD 2 *SMART HOUSING**PRODUCTION BUILDER-CONDO*,Building #2 New SFR with 3 beds and 3 baths,2023-04-07,1,3,6512 STOCKMAN DR,78747,2,NA,https://abc.austintexas.gov/web/permit/public-search-other?t_detail=1&t_selected_folderrsn=13119686,6512 STOCKMAN DRIVE,NA,Austin,Texas,United States,2
2300 ENFIELD RD UNIT 201,"Unit #201 New 3-story Duplex Condominium Residence with attached garages covered balconies. *DUPLEX CONDOMINIUM RESIDENCE*

3/30/26 SM - Per Marvin Lewis a Fire suppression system is not required for this unit per the site plan.",2023-03-20,2,3,2300 ENFIELD RD UNIT 201,78703,10,NA,https://abc.austintexas.gov/web/permit/public-search-other?t_detail=1&t_selected_folderrsn=11852568,2300 ENFIELD ROAD UNIT 201,NA,Austin,Texas,United States,2
2000 RIVERSIDE FARMS ROAD Bldg 17,Building 17 Unit 17101 & Unit 17102. New 2-story duplex w/ attached garage and covered balcony. 2/2.5 each,2023-04-21,2,2,2000 RIVERSIDE FARMS RD BLDG 17,78741,3,NA,https://abc.austintexas.gov/web/permit/public-search-other?t_detail=1&t_selected_folderrsn=12951816,2000 RIVERSIDE FARMS ROAD BLDG 17,NA,Austin,Texas,United States,2
2902 GEM CIR,Expedited Review: New Construction of Accessory Dwelling Unit [1bath].,2023-03-30,1,1,2902 GEM CIR,78704,3,NA,https://abc.austintexas.gov/web/permit/public-search-other?t_detail=1&t_selected_folderrsn=13116587,2902 GEM CIR,NA,Austin,Texas,United States,2
9416 GLADSOME PATH,New 1-story SFR with covered porch  3/2,2023-03-31,1,1,9416 GLADSOME PATH,78653,1,NA,https://abc.austintexas.gov/web/permit/public-search-other?t_detail=1&t_selected_folderrsn=13111306,9416 GLADSOME PATH,NA,Austin,Texas,United States,2
1704 REDD ST,Expedited Review - New Construction of a 2-Story SF Res [3bed 2.5bath] with attached 2-car carport,2023-03-16,1,2,1704 REDD ST,78745,5,NA,https://abc.austintexas.gov/web/permit/public-search-other?t_detail=1&t_selected_folderrsn=12932272,1704 REDD STREET,NA,Austin,Texas,United States,2
2300 ENFIELD RD UNIT 103,New 3-story Condominium Residence with attached garage covered entry porch.  *CONDOMINIUM RESIDENCE*,2023-03-20,1,3,2300 ENFIELD RD UNIT 103,78703,10,NA,https://abc.austintexas.gov/web/permit/public-search-other?t_detail=1&t_selected_folderrsn=11852542,2300 ENFIELD ROAD UNIT 103,NA,Austin,Texas,United States,2
4204 BELLVUE AVE,"Expedited Review - New Construction of a 2-story 3 bedroom 2.5 bathroom single family residence with covered front porch covered patio and 2nd floor uncovered roof deck/balcony. 

REVISION #1: Primary building changes: Floor plan layout was was flipped and a basement level was added including one Bedroom for a total of 4 and one full bathroom for a total of 3.5. The revision encompasses new architectural and structural drawings.",2023-04-04,1,2,4204 BELLVUE AVE,78756,10,NA,https://abc.austintexas.gov/web/permit/public-search-other?t_detail=1&t_selected_folderrsn=12926563,4204 BELLVUE AVE,NA,Austin,Texas,United States,2
1302 PALO DURO RD,Expedited Review- New construction of a 2-Story Single Family Res [4bed 4.5bath] with attached 2 Car Garage attached Carport guest suite [1bed 1bath] attached via a covered patio.,2023-04-07,1,2,1302 PALO DURO RD,78757,7,NA,https://abc.austintexas.gov/web/permit/public-search-other?t_detail=1&t_selected_folderrsn=12981402,1302 PALO DURO ROAD,NA,Austin,Texas,United States,2
2922 BRONX DR,New 2 Story SFR  4 Bed/3 Bath with attached garage,2023-04-12,1,2,2922 BRONX DR,78660,1,NA,https://abc.austintexas.gov/web/permit/public-search-other?t_detail=1&t_selected_folderrsn=13048258,2922 BRONX DRIVE,NA,Austin,Texas,United States,2
2000 RIVERSIDE FARMS RD,Building 15 Unit 15101 & Unit 15102. New 2-story duplex w/ attached garage and covered balcony. 2/2.5 each,2023-04-21,2,2,2000 RIVERSIDE FARMS RD,78741,3,NA,https://abc.austintexas.gov/web/permit/public-search-other?t_detail=1&t_selected_folderrsn=12951803,2000 RIVERSIDE FARMS ROAD,NA,Austin,Texas,United States,2
1123 BLUEBONNET LN,New construction 2 story SFR with attached garage 4 bedrooms 4.5 bathrooms covered patios,2023-04-18,1,2,1123 BLUEBONNET LN,78704,5,NA,https://abc.austintexas.gov/web/permit/public-search-other?t_detail=1&t_selected_folderrsn=13083283,1123 BLUEBONNET LANE,NA,Austin,Texas,United States,2
2000 RIVERSIDE FARMS RD,Building 7 units 7101& 7102 New Two Story Two Family Dwelling with attached garages,2023-04-21,2,2,2000 RIVERSIDE FARMS RD,78741,3,NA,https://abc.austintexas.gov/web/permit/public-search-other?t_detail=1&t_selected_folderrsn=12953103,2000 RIVERSIDE FARMS ROAD,NA,Austin,Texas,United States,2
1822 TREADWELL ST,New 2 story SFR and pool   4/5.5,2023-04-24,1,2,1822 TREADWELL ST,78704,5,NA,https://abc.austintexas.gov/web/permit/public-search-other?t_detail=1&t_selected_folderrsn=13112292,1822 TREADWELL STREET,NA,Austin,Texas,United States,2
1212 TAYLOR ST,Expedited Review - New construction of a 3-story single family home on a vacant lot with 2-car carport and pool.,2023-02-24,1,3,1212 TAYLOR ST,78702,3,NA,https://abc.austintexas.gov/web/permit/public-search-other?t_detail=1&t_selected_folderrsn=12852533,1212 TAYLOR STREET,NA,Austin,Texas,United States,2
4401 GILLIS ST,New Construction of a 2-Story Single Family Res.[3bed 3.5bath] with Habitable Attic and attached 1-car Garage,2023-02-15,1,2,4401 GILLIS ST,78745,5,NA,https://abc.austintexas.gov/web/permit/public-search-other?t_detail=1&t_selected_folderrsn=12972570,4401 GILLIS STREET,NA,Austin,Texas,United States,2
2917 CHERRYWOOD RD,New 2-story 2 bedroom 1.5 bathroom secondary dwelling unit with covered porches and balcony.,2023-03-13,1,2,2917 CHERRYWOOD RD,78722,9,NA,https://abc.austintexas.gov/web/permit/public-search-other?t_detail=1&t_selected_folderrsn=13103762,2917 CHERRYWOOD ROAD,NA,Austin,Texas,United States,2
2917 CHERRYWOOD RD,New 3-story 3 bedroom 3 bathroom primary residence with attached garage covered front porch covered patios 2nd floor covered balcony and rooftop deck.,2023-03-13,1,3,2917 CHERRYWOOD RD,78722,9,NA,https://abc.austintexas.gov/web/permit/public-search-other?t_detail=1&t_selected_folderrsn=13103761,2917 CHERRYWOOD ROAD,NA,Austin,Texas,United States,2
3005 WADSWORTH WAY,new 1-story SFR with attached garage and covered porch 4/2,2023-02-16,1,1,3005 WADSWORTH WAY,78748,5,NA,https://abc.austintexas.gov/web/permit/public-search-other?t_detail=1&t_selected_folderrsn=13094323,3005 WADSWORTH WAY,NA,Austin,Texas,United States,2
1906 E 2ND ST,New 2 Story Secondary Dwelling with attached garage and covered porch 2/1.5,2023-02-26,1,2,1906 E 2ND ST,78702,3,NA,https://abc.austintexas.gov/web/permit/public-search-other?t_detail=1&t_selected_folderrsn=13096929,1906 EAST 2ND STREET,NA,Austin,Texas,United States,2
2300 ENFIELD RD UNIT 101,New 3-story Condominium Residence with attached garage covered entry porch.  *CONDOMINIUM RESIDENCE*,2023-02-17,1,3,2300 ENFIELD RD UNIT 101,78703,10,NA,https://abc.austintexas.gov/web/permit/public-search-other?t_detail=1&t_selected_folderrsn=11852557,2300 ENFIELD ROAD UNIT 101,NA,Austin,Texas,United States,2
5717 LOST HORIZON DR BLDG 1,New 3-story SFR *PRODUCTION BUILDER - CONDO*,2023-02-16,1,3,5717 LOST HORIZON DR BLDG 1,78759,10,NA,https://abc.austintexas.gov/web/permit/public-search-other?t_detail=1&t_selected_folderrsn=13094178,5717 LOST HORIZON DRIVE BLDG 1,NA,Austin,Texas,United States,2
603 E 49TH ST,New construction single family residential 2-story 3 bedroom 3.5 bath with attached 1-car garage covered front porch covered rear patio uncovered rear wood deck and uncovered roof deck.,2023-02-13,1,2,603 E 49TH ST,78751,9,NA,https://abc.austintexas.gov/web/permit/public-search-other?t_detail=1&t_selected_folderrsn=13026882,603 EAST 49TH STREET,NA,Austin,Texas,United States,2
6525 ED BLUESTEIN BLVD NB BLDG 10,ePlan: Expedited Review - New Construction of (12) Multi-Family Bldgs (Bldg 10) (5830 SF),2023-02-24,4,2,6525 ED BLUESTEIN BLVD NB BLDG 10,78724,1,NA,https://abc.austintexas.gov/web/permit/public-search-other?t_detail=1&t_selected_folderrsn=13098627,6525 ED BLUESTEIN BOULEVARD NB BLDG 10,NA,Austin,Texas,United States,2
1906 E 2ND ST,New 2 story sfr with covered  porch   3/3 (2 half baths),2023-02-26,1,2,1906 E 2ND ST,78702,3,NA,https://abc.austintexas.gov/web/permit/public-search-other?t_detail=1&t_selected_folderrsn=13096928,1906 EAST 2ND STREET,NA,Austin,Texas,United States,2
800 BAKERSFIELD PL,Estonian 3316 B Right New - 2 Story SFR CONDOMINUM w/ 3 bedrooms 2.5 bathrooms attached 2 car garage covered entry porch and patio loft. FFE: 715.27 Site Plan: SP-2018-0326C Site Plan Exp.: 12/02/22 Max Bld height: 31 Actual Bld height:30-4 required parking: 2.,2023-03-09,1,2,800 BAKERSFIELD PL,78652,5,NA,https://abc.austintexas.gov/web/permit/public-search-other?t_detail=1&t_selected_folderrsn=12607825,800 BAKERSFIELD PLACE,NA,Austin,Texas,United States,2
6525 ED BLUESTEIN BLVD NB BLDG 11,ePlan: Expedited Review - New Construction of (12) Multi-Family Bldgs (Bldg 11) (5830 SF),2023-02-24,4,2,6525 ED BLUESTEIN BLVD NB BLDG 11,78724,1,NA,https://abc.austintexas.gov/web/permit/public-search-other?t_detail=1&t_selected_folderrsn=13098628,6525 ED BLUESTEIN BOULEVARD NB BLDG 11,NA,Austin,Texas,United States,2
4514 SPANISH OAK TRL,Expedited Review - New Construction of a 2-Story Single Family Res. [4bed 4bath] with Basement and attached 2-car Garage.,2023-03-02,1,2,4514 SPANISH OAK TRL,78731,10,NA,https://abc.austintexas.gov/web/permit/public-search-other?t_detail=1&t_selected_folderrsn=13093103,4514 SPANISH OAK TRAIL,NA,Austin,Texas,United States,2
2301 TRAILSIDE DR,new 2-story SFR w/ pool & habitable attic and attached garage and covered porch 4/5,2023-02-21,1,2,2301 TRAILSIDE DR,78704,5,NA,https://abc.austintexas.gov/web/permit/public-search-other?t_detail=1&t_selected_folderrsn=13088636,2301 TRAILSIDE DRIVE,NA,Austin,Texas,United States,2
6525 ED BLUESTEIN BLVD NB BLDG 12,ePlan: Expedited Review - New Construction of (12) Multi-Family Bldgs (Bldg 12) (5830 SF),2023-02-24,4,2,6525 ED BLUESTEIN BLVD NB BLDG 12,78724,1,NA,https://abc.austintexas.gov/web/permit/public-search-other?t_detail=1&t_selected_folderrsn=13098629,6525 ED BLUESTEIN BOULEVARD NB BLDG 12,NA,Austin,Texas,United States,2
2907 SEBRING CIR,Highland 3313 C Left New - 1 Story SFR CONDOMINUM w/ 3 bedrooms 2 bathrooms attached 2 car garage covered entry porch and extended patio loft FFE: 605.49 Site Plan: SP-2018-0390C Site Plan Exp.: 01/03/23 Max Bld height: 26 Actual Bld height: 25-5 required parking: 2.,2023-03-09,1,1,2907 SEBRING CIR,78747,5,NA,https://abc.austintexas.gov/web/permit/public-search-other?t_detail=1&t_selected_folderrsn=12714056,2907 SEBRING CIR,NA,Austin,Texas,United States,2
1802 RINGTAIL RIDGE,Expedited Review - New Construction of a 2-Story Single Family Res. [4bed 5.5bath] with Basement and attached 2-car Garage-Permit voided as a result of disannexation effective September 9 2024. See Ordinance No. 20240829-163.,2023-03-14,1,2,1802 RINGTAIL RIDGE,78746,NA,NA,https://abc.austintexas.gov/web/permit/public-search-other?t_detail=1&t_selected_folderrsn=13106323,1802 RINGTAIL RIDGE,NA,Austin,Texas,United States,2
707 W MONROE ST,Expedited Review - New Construction of a 2-Story Single Family Res. [3bed 3bath] with Habitable Attic,2023-02-28,1,2,707 W MONROE ST,78704,9,NA,https://abc.austintexas.gov/web/permit/public-search-other?t_detail=1&t_selected_folderrsn=13093777,707 WEST MONROE STREET,NA,Austin,Texas,United States,2
4600 SECLUDED HOLW,ePlan-Expedited Review: New Construction of a 2-Story Single Family Res [5bed 6.5bath] with basement and attached 4-Car Garage.,2023-02-16,1,1,4600 SECLUDED HOLW,78727,7,NA,https://abc.austintexas.gov/web/permit/public-search-other?t_detail=1&t_selected_folderrsn=13094321,4600 SECLUDED HOLW,NA,Austin,Texas,United States,2
5717 LOST HORIZON DR,unit 6 New 2-story 4 bedroom 3.5 bathroom single family condominium residence with attached garage covered entry porch covered reach porch terrace and basement.,2023-01-20,1,3,5717 LOST HORIZON DR,78759,10,NA,https://abc.austintexas.gov/web/permit/public-search-other?t_detail=1&t_selected_folderrsn=13078440,5717 LOST HORIZON DRIVE,NA,Austin,Texas,United States,2
7204 GRENADINE BLOOM BND,7204 A&B Grenadine Bloom Bend-T02A- Acadia TH Elev: 2E with (3) Bdrms (2.5) Baths Attached 2-Car Garage Patio,2023-01-06,2,2,7204 GRENADINE BLOOM BND,78617,2,NA,https://abc.austintexas.gov/web/permit/public-search-other?t_detail=1&t_selected_folderrsn=13055660,7204 GRENADINE BLOOM BND,NA,Austin,Texas,United States,2
5717 LOST HORIZON DR BLDG 4,New 2-story SFR with basement *CONDO - PRODUCTION BUILDER*,2023-01-06,1,2,5717 LOST HORIZON DR BLDG 4,78759,10,NA,https://abc.austintexas.gov/web/permit/public-search-other?t_detail=1&t_selected_folderrsn=13074098,5717 LOST HORIZON DRIVE BLDG 4,NA,Austin,Texas,United States,2
4416 BANISTER LN,Single family residential 2-story 3 bedroom 2.5 bath with attached 2-car garage covered front porch covered rear patio and covered 2nd story balcony.,2023-02-09,1,2,4416 BANISTER LN,78745,5,NA,https://abc.austintexas.gov/web/permit/public-search-other?t_detail=1&t_selected_folderrsn=12274507,4416 BANISTER LANE,NA,Austin,Texas,United States,2
5717 LOST HORIZON DR BLDG 5,New 3-story SFR *CONDO - PRODUCTION BUILDER*,2023-01-31,1,3,5717 LOST HORIZON DR BLDG 5,78759,10,NA,https://abc.austintexas.gov/web/permit/public-search-other?t_detail=1&t_selected_folderrsn=13086462,5717 LOST HORIZON DRIVE BLDG 5,NA,Austin,Texas,United States,2
5717 LOST HORIZON DR BLDG 3,New 3 Story Condo 4 Bed/3.5 Bath attached garage terrace porch uncovered wood deck.,2023-01-06,1,3,5717 LOST HORIZON DR BLDG 3,78759,10,NA,https://abc.austintexas.gov/web/permit/public-search-other?t_detail=1&t_selected_folderrsn=13072589,5717 LOST HORIZON DRIVE BLDG 3,NA,Austin,Texas,United States,2
705 E 50TH ST,Expedited Review: New construction of a 2-Story single Family Res [4bed 3.5bath] with attached 1 Car Garage.,2023-01-30,1,2,705 E 50TH ST,78751,9,NA,https://abc.austintexas.gov/web/permit/public-search-other?t_detail=1&t_selected_folderrsn=13085856,705 EAST 50TH STREET,NA,Austin,Texas,United States,2
603 E 49TH ST,New construction two-family residential secondary apartment 1-story 1 bedroom 1 bath with covered front porch.,2023-02-13,1,1,603 E 49TH ST,78751,9,NA,https://abc.austintexas.gov/web/permit/public-search-other?t_detail=1&t_selected_folderrsn=13026883,603 EAST 49TH STREET,NA,Austin,Texas,United States,2
1002 W JOHANNA ST,Expedited Review - New Construction of a 2-Story Single Family Res. [4bed 4.5bath] with Habitable Basement and detached 2-car Carport.,2023-02-02,1,1,1002 W JOHANNA ST,78704,3,NA,https://abc.austintexas.gov/web/permit/public-search-other?t_detail=1&t_selected_folderrsn=13068924,1002 WEST JOHANNA STREET,NA,Austin,Texas,United States,2
4601 ISLAND CV,New 2 story single family residence with 6 bedrooms 6.5 bathrooms playroom office covered porches and attached garage.,2023-02-03,1,2,4601 ISLAND CV,78731,10,NA,https://abc.austintexas.gov/web/permit/public-search-other?t_detail=1&t_selected_folderrsn=12425941,4601 ISLAND CV,NA,Austin,Texas,United States,2
4529 S 1ST ST,New Two-Story Secondary Dwelling rear of main house,2022-12-12,1,2,4529 S 1ST ST,78745,3,NA,https://abc.austintexas.gov/web/permit/public-search-other?t_detail=1&t_selected_folderrsn=13062603,4529 SOUTH 1ST STREET,NA,Austin,Texas,United States,2
2708 SCENIC DR,Expedited Review: New Construction of a 2-Story Single Family Res including lower level basement [5bed 6bath] with attached 2 Car Garage,2022-12-15,1,2,2708 SCENIC DR,78703,10,NA,https://abc.austintexas.gov/web/permit/public-search-other?t_detail=1&t_selected_folderrsn=13067060,2708 SCENIC DRIVE,NA,Austin,Texas,United States,2
2612 BRIDLE PATH,Expedited Review - New Construction of a 2-Story Single Family Res. [4bed 5.5bath] with Habitable Attic and attached Garage,2023-01-05,1,2,2612 BRIDLE PATH,78703,10,NA,https://abc.austintexas.gov/web/permit/public-search-other?t_detail=1&t_selected_folderrsn=12939256,2612 BRIDLE PATH,NA,Austin,Texas,United States,2
607 E 38TH ST,New 2-story duplex with detached garage  4/4,2022-11-28,2,2,607 E 38TH ST,78705,9,NA,https://abc.austintexas.gov/web/permit/public-search-other?t_detail=1&t_selected_folderrsn=13051838,607 EAST 38TH STREET,NA,Austin,Texas,United States,2
2108 ROSEWOOD AVE,ePlan: Expedited Review - New Construction of a Multi-Family Four-Plex Bldg. (3150 SF) This includes units 3456.,2022-12-01,4,2,2108 ROSEWOOD AVE,78702,1,NA,https://abc.austintexas.gov/web/permit/public-search-other?t_detail=1&t_selected_folderrsn=13039101,2108 ROSEWOOD AVE,NA,Austin,Texas,United States,2
1710 ALTA VISTA AVE,"Expedited Review: New Construction of a 2-Story single Family Res [4bed 4.5bath] with attached 2 Car Garage.

*** Revised *** 12/11/23 SM - Basement and a 2 story structure Fire sprinkler system installed adding 609",2022-12-04,1,2,1710 ALTA VISTA AVE,78704,9,NA,https://abc.austintexas.gov/web/permit/public-search-other?t_detail=1&t_selected_folderrsn=13053389,1710 ALTA VISTA AVE,NA,Austin,Texas,United States,2
9209 SLAYTON DR,New 2-story 2 bedroom 2.5 bathroom secondary dwelling unit with covered patio.,2022-12-19,1,2,9209 SLAYTON DR,78753,4,NA,https://abc.austintexas.gov/web/permit/public-search-other?t_detail=1&t_selected_folderrsn=13057946,9209 SLAYTON DRIVE,NA,Austin,Texas,United States,2
4419 SHOALWOOD AVE,Expedited Review: New Construction of a 2-Story single Family Res [4bed 3.5bath] with playroom and study.,2022-11-29,1,2,4419 SHOALWOOD AVE,78756,10,NA,https://abc.austintexas.gov/web/permit/public-search-other?t_detail=1&t_selected_folderrsn=13054868,4419 SHOALWOOD AVE,NA,Austin,Texas,United States,2
4529 S 1ST ST,New 2-story SFR w/ 2-story ADU and detached accessory structure,2022-12-12,1,2,4529 S 1ST ST,78745,3,NA,https://abc.austintexas.gov/web/permit/public-search-other?t_detail=1&t_selected_folderrsn=13062602,4529 SOUTH 1ST STREET,NA,Austin,Texas,United States,2
2000 RIVERSIDE FARMS RD BLDG 13,Bldg 13; Units 13101 & 13102: New construction two-family residential duplex 2-story 2 bedroom (both units) 2.5 bath (both units) with attached 1-car garage (both units) and 2nd story balcony (both units).,2022-11-16,2,2,2000 RIVERSIDE FARMS RD BLDG 13,78741,3,NA,https://abc.austintexas.gov/web/permit/public-search-other?t_detail=1&t_selected_folderrsn=12952521,2000 RIVERSIDE FARMS ROAD BLDG 13,NA,Austin,Texas,United States,2
1300 SWEET BARK ST,New 2-story condominium Stevie 1643-B-R 3 bedrooms 2.5 bathrooms attached 2 car garage covered patio & porch. Jimmie 1496-B-R 3 bedrooms 2.5 bathrooms attached 2 car garage covered patio & porch.,2022-11-07,2,2,1300 SWEET BARK ST,78745,5,NA,https://abc.austintexas.gov/web/permit/public-search-other?t_detail=1&t_selected_folderrsn=13045611,1300 SWEET BARK STREET,NA,Austin,Texas,United States,2
4315 CITY PARK RD,Expedited Review - New Construction of a 2-Story Single Family Res. [6bed 6bath] with attached 3-car Garage Media Room Exercise Room,2022-11-17,1,2,4315 CITY PARK RD,78730,10,NA,https://abc.austintexas.gov/web/permit/public-search-other?t_detail=1&t_selected_folderrsn=13053633,4315 CITY PARK ROAD,NA,Austin,Texas,United States,2
410 SWANEE DR,New construction single family residential 2-story 4 bedroom 3.5 bath with attached 1-car garage covered front porch  covered rear patio and two 2nd floor balconies.,2022-11-17,1,2,410 SWANEE DR,78752,4,NA,https://abc.austintexas.gov/web/permit/public-search-other?t_detail=1&t_selected_folderrsn=13039504,410 SWANEE DRIVE,NA,Austin,Texas,United States,2
1203 VIOLA LEE LN,New 2-story condominium Unit 45 Stevie 1643-A-R 3 bedrooms 2.5 bathrooms attached 2 car garage covered patio & porch. Unit 44 Jimmie 1496-A-R 3 bedrooms 2.5 bathrooms attached 2 car garage covered patio & porch.,2022-11-07,2,2,1203 VIOLA LEE LN,78745,5,NA,https://abc.austintexas.gov/web/permit/public-search-other?t_detail=1&t_selected_folderrsn=13046704,1203 VIOLA LEE LANE,NA,Austin,Texas,United States,2
1188 HARVEY ST BLDG 1,New two-story residence with attached one-car garage 3.5 bathrooms 3 bedrooms.,2022-11-01,1,3,1188 HARVEY ST BLDG 1,78702,1,NA,https://abc.austintexas.gov/web/permit/public-search-other?t_detail=1&t_selected_folderrsn=13031431,1188 HARVEY STREET BLDG 1,NA,Austin,Texas,United States,2
1510 FAIRFIELD DR,New construction two-family residential secondary apartment 2-story 2 bedroom 2 bath.,2022-11-16,1,2,1510 FAIRFIELD DR,78757,4,NA,https://abc.austintexas.gov/web/permit/public-search-other?t_detail=1&t_selected_folderrsn=12876368,1510 FAIRFIELD DRIVE,NA,Austin,Texas,United States,2
4200 ENDURANCE WAY,"New construction of SMART HOUSING multifamily and attached garages - 4200 4202 4204 4206 and riser room 4206 1/2)

**DS permit NOT NEEDED - AP 11/7/22**",2022-11-09,4,4,4200 ENDURANCE WAY,78731,10,NA,https://abc.austintexas.gov/web/permit/public-search-other?t_detail=1&t_selected_folderrsn=13039211,4200 ENDURANCE WAY,NA,Austin,Texas,United States,2
2000 RIVERSIDE FARMS RD BLDG 19,Bldg 19; Units 19101 & 19102: New construction two-family residential duplex 2-story 2 bedroom (both units) 2.5 bath (both units) with attached 1-car garage (both units) and 2nd floor balcony (both units).,2022-11-16,2,2,2000 RIVERSIDE FARMS RD BLDG 19,78741,3,NA,https://abc.austintexas.gov/web/permit/public-search-other?t_detail=1&t_selected_folderrsn=12952483,2000 RIVERSIDE FARMS ROAD BLDG 19,NA,Austin,Texas,United States,2
1188 HARVEY ST BLDG 2,2 story ADU with garage 2 bedrooms and 2.5 bathrooms,2022-11-01,1,2,1188 HARVEY ST BLDG 2,78702,1,NA,https://abc.austintexas.gov/web/permit/public-search-other?t_detail=1&t_selected_folderrsn=13031432,1188 HARVEY STREET BLDG 2,NA,Austin,Texas,United States,2
2000 RIVERSIDE FARMS RD,Building 12 Unit 12101 & Unit 12102. New 2-story duplex w/ attached garage and covered balcony. 2/2.5 each,2022-11-16,2,2,2000 RIVERSIDE FARMS RD,78741,3,NA,https://abc.austintexas.gov/web/permit/public-search-other?t_detail=1&t_selected_folderrsn=12956905,2000 RIVERSIDE FARMS ROAD,NA,Austin,Texas,United States,2
1304 SWEET BARK ST,New 2-story condominium Stevie 1643-C-R 3 bedrooms 2.5 bathrooms attached 2 car garage covered patio & porch. Jimmie 1496-C-R 3 bedrooms 2.5 bathrooms attached 2 car garage covered patio & porch.,2022-11-07,2,2,1304 SWEET BARK ST,78745,5,NA,https://abc.austintexas.gov/web/permit/public-search-other?t_detail=1&t_selected_folderrsn=13045648,1304 SWEET BARK STREET,NA,Austin,Texas,United States,2
4204 ENDURANCE WAY,New construction of SMART HOUSING multifamily and attached garages - 4200 4202 4204 4206 and riser room 4206 1/2),2022-11-09,4,4,4204 ENDURANCE WAY,78731,10,NA,https://abc.austintexas.gov/web/permit/public-search-other?t_detail=1&t_selected_folderrsn=13039213,4204 ENDURANCE WAY,NA,Austin,Texas,United States,2
2000 RIVERSIDE FARMS RD,Building 3 Unit 3101 & Unit 3102. New 2-story 4 bedroom 5 bathroom condo duplex. Each unit contains 2 bedrooms 2.5 bathrooms with an attached garage and 2nd story covered balcony.,2022-11-16,2,2,2000 RIVERSIDE FARMS RD,78741,3,NA,https://abc.austintexas.gov/web/permit/public-search-other?t_detail=1&t_selected_folderrsn=12950746,2000 RIVERSIDE FARMS ROAD,NA,Austin,Texas,United States,2
2000 RIVERSIDE FARMS ROAD Bldg 20,"Building 20 New 2 Story Duplex with attached garages Unit 20101 and Unit 20102
 
Revision:
Electrical plan revision- Add house panel
The original plan did not have any house panels so we added a house panel to MC4 to power the irrigation system.

Revisions were made to sheets MEP002 E601A E601B E601C E701",2022-11-16,2,2,2000 RIVERSIDE FARMS RD BLDG 20,78741,3,NA,https://abc.austintexas.gov/web/permit/public-search-other?t_detail=1&t_selected_folderrsn=12964303,2000 RIVERSIDE FARMS ROAD BLDG 20,NA,Austin,Texas,United States,2
2000 RIVERSIDE FARMS RD,"Building 21 New 2 Story Duplex with attached garage Unit 21101  Unit 21102  2 story duplex

REVISION:
Electrical plan revision- Add house panel
The original plan did not have any house panels so we added a house panel to MC4 to power the irrigation system.

Revisions were made to sheets MEP002 E601A E601B E601C E701",2022-11-16,2,2,2000 RIVERSIDE FARMS RD,78741,3,NA,https://abc.austintexas.gov/web/permit/public-search-other?t_detail=1&t_selected_folderrsn=12963927,2000 RIVERSIDE FARMS ROAD,NA,Austin,Texas,United States,2
4206 ENDURANCE WAY,New construction of SMART HOUSING multifamily and attached garages - 4200 4202 4204 4206 and riser room 4206 1/2),2022-11-09,4,4,4206 ENDURANCE WAY,78731,10,NA,https://abc.austintexas.gov/web/permit/public-search-other?t_detail=1&t_selected_folderrsn=13039214,4206 ENDURANCE WAY,NA,Austin,Texas,United States,2
1305 PALO DURO RD,New 2 Two-Story Single-Family House with attached garage and covered porch,2022-10-20,2,2,1305 PALO DURO RD,78757,7,NA,https://abc.austintexas.gov/web/permit/public-search-other?t_detail=1&t_selected_folderrsn=13038093,1305 PALO DURO ROAD,NA,Austin,Texas,United States,2
5301 CHRISTINA CT,New construction single family residential 2-story 5 bedroom 3 bathroom with attached 1-car garage covered front porch and covered rear patio.,2022-11-01,1,2,5301 CHRISTINA CT,78723,1,NA,https://abc.austintexas.gov/web/permit/public-search-other?t_detail=1&t_selected_folderrsn=13044114,5301 CHRISTINA CT,NA,Austin,Texas,United States,2
2000 RIVERSIDE FARMS RD,Building 10 Unit 10101 & Unit 10102. New 2-story duplex w/ attached garage and covered balcony. 2/2.5 each,2022-11-16,2,2,2000 RIVERSIDE FARMS RD,78741,3,NA,https://abc.austintexas.gov/web/permit/public-search-other?t_detail=1&t_selected_folderrsn=12956932,2000 RIVERSIDE FARMS ROAD,NA,Austin,Texas,United States,2
4202 ENDURANCE WAY,New construction of SMART HOUSING multifamily and attached garages - 4200 4202 4204 4206 and riser room 4206 1/2),2022-11-09,4,4,4202 ENDURANCE WAY,78731,10,NA,https://abc.austintexas.gov/web/permit/public-search-other?t_detail=1&t_selected_folderrsn=13039212,4202 ENDURANCE WAY,NA,Austin,Texas,United States,2
410 SWANEE DR,New construction two family residential secondary apartment 2-story 2 bedroom 2.5 bath with attached 1-car carport and covered front porch.,2022-11-17,1,2,410 SWANEE DR,78752,4,NA,https://abc.austintexas.gov/web/permit/public-search-other?t_detail=1&t_selected_folderrsn=13039505,410 SWANEE DRIVE,NA,Austin,Texas,United States,2
6403 FELIX AVE,New 2-story urban home SFR 4br/2.5bath w/carport and covered porch patio and balcony,2022-11-21,1,2,6403 FELIX AVE,78741,3,NA,https://abc.austintexas.gov/web/permit/public-search-other?t_detail=1&t_selected_folderrsn=13049422,6403 FELIX AVE,NA,Austin,Texas,United States,2
2000 RIVERSIDE FARMS RD,Building 5 Unit 5101 & Unit 5102. New 2-story 4 bedroom 5 bathroom condo duplex. Each unit contains 2 bedrooms 2.5 bathrooms with an attached garage and 2nd story covered balcony.,2022-11-16,2,2,2000 RIVERSIDE FARMS RD,78741,3,NA,https://abc.austintexas.gov/web/permit/public-search-other?t_detail=1&t_selected_folderrsn=12950756,2000 RIVERSIDE FARMS ROAD,NA,Austin,Texas,United States,2
1411 FAIRFIELD DR,New 1-story ADU rear of main house,2022-11-01,1,1,1411 FAIRFIELD DR,78758,4,NA,https://abc.austintexas.gov/web/permit/public-search-other?t_detail=1&t_selected_folderrsn=13039852,1411 FAIRFIELD DRIVE,NA,Austin,Texas,United States,2
12508 ORCHARD GROVE LN,2509BR NEW 2 STORY 4 BEDROOM 2 1/2 BATH SINGLE FAMILY RESIDENTIAL HOME WITH ATTACHED GARAGE COVERED FRONT PORCH AND REAR PATIO,2022-10-24,1,2,12508 ORCHARD GROVE LN,78653,1,NA,https://abc.austintexas.gov/web/permit/public-search-other?t_detail=1&t_selected_folderrsn=13040590,12508 ORCHARD GROVE LANE,NA,Austin,Texas,United States,2
1305 PALO DURO RD,New 2 Story Secondary Dwelling rear of main house with attached garage and covered porch,2022-10-20,1,2,1305 PALO DURO RD,78757,7,NA,https://abc.austintexas.gov/web/permit/public-search-other?t_detail=1&t_selected_folderrsn=13038094,1305 PALO DURO ROAD,NA,Austin,Texas,United States,2
2304 E 14TH ST,New 2-story 2 bedroom 1.5 bathroom secondary dwelling unit with attached garage covered porch uncovered wood deck and 2nd floor uncovered roof deck/balcony.,2022-10-31,1,2,2304 E 14TH ST,78702,1,NA,https://abc.austintexas.gov/web/permit/public-search-other?t_detail=1&t_selected_folderrsn=13021897,2304 EAST 14TH STREET,NA,Austin,Texas,United States,2
809 LIMON LN,2-Story Secondary Apartment [2bed 2bath] with attached 1-car Carport.,2022-10-13,1,2,809 LIMON LN,78704,3,NA,https://abc.austintexas.gov/web/permit/public-search-other?t_detail=1&t_selected_folderrsn=13029238,809 LIMON LANE,NA,Austin,Texas,United States,2
816 W ELIZABETH ST,Expedited Review - New Construction of a 2-Story Single Family Res. [3bed 2.5bath],2022-09-26,1,2,816 W ELIZABETH ST,78704,9,NA,https://abc.austintexas.gov/web/permit/public-search-other?t_detail=1&t_selected_folderrsn=13018169,816 WEST ELIZABETH STREET,NA,Austin,Texas,United States,2
8708 ARACARI CV,"New 1 Story  SFR with attached garage and covered porch
PUD",2022-10-14,1,1,8708 ARACARI CV,78744,2,NA,https://abc.austintexas.gov/web/permit/public-search-other?t_detail=1&t_selected_folderrsn=13035769,8708 ARACARI CV,NA,Austin,Texas,United States,2
5613 TOSCANA AVE,New 2-story SFR 3 Bed/2.5 Bath with attached garage,2022-10-18,1,2,5613 TOSCANA AVE,78724,1,NA,https://abc.austintexas.gov/web/permit/public-search-other?t_detail=1&t_selected_folderrsn=13035865,5613 TOSCANA AVE,NA,Austin,Texas,United States,2
6106 BULL CREEK RD,Expedited Review: New Construction of a 2-Story Single Family Res 5bed 4.5bath] with attached 2 Car Garage.,2022-10-06,1,2,6106 BULL CREEK RD,78757,7,NA,https://abc.austintexas.gov/web/permit/public-search-other?t_detail=1&t_selected_folderrsn=13030858,6106 BULL CREEK ROAD,NA,Austin,Texas,United States,2
4009 MARGARITA ST,4009 MARGARITA ST: New 3-story w/ front porch balcony and attached 2-car garage. 4/3.5,2022-09-20,1,3,4009 MARGARITA ST,78723,9,NA,https://abc.austintexas.gov/web/permit/public-search-other?t_detail=1&t_selected_folderrsn=13019325,4009 MARGARITA STREET,NA,Austin,Texas,United States,2
12605 HALLSTATT DR,3475CL NEW 2 STORY 5 BEDROOM 3 BATH SINGLE FAMILY RESIDENTIAL HOME WITH ATTACHED GARAGE COVERED FRONT PORCH AND REAR PATIO,2022-09-22,1,2,12605 HALLSTATT DR,78653,1,NA,https://abc.austintexas.gov/web/permit/public-search-other?t_detail=1&t_selected_folderrsn=13022944,12605 HALLSTATT DRIVE,NA,Austin,Texas,United States,2
1184 HARVEY ST BLDG 2,New construction two-family residential secondary apartment 2-story 1 bedroom 1.5 bath with covered front porch screened porch and 2nd story roof deck.,2022-10-04,1,2,1184 HARVEY ST BLDG 2,78702,1,NA,https://abc.austintexas.gov/web/permit/public-search-other?t_detail=1&t_selected_folderrsn=13011350,1184 HARVEY STREET BLDG 2,NA,Austin,Texas,United States,2
5609 TOSCANA AVE,New 2-story SFR 3 bed 2.5 bath with attached garage,2022-10-04,1,2,5609 TOSCANA AVE,78724,1,NA,https://abc.austintexas.gov/web/permit/public-search-other?t_detail=1&t_selected_folderrsn=13029106,5609 TOSCANA AVE,NA,Austin,Texas,United States,2
2208 THORNTON RD,"2208 THORNTON RD: New 2-story SFR w/ porch covered patio and attached garage. 4/3 
2206 THORNTON RD: Change of Use from existing SFR to secondary dwelling unit (maxed). No work perform",2022-09-22,1,2,2208 THORNTON RD,78704,5,NA,https://abc.austintexas.gov/web/permit/public-search-other?t_detail=1&t_selected_folderrsn=12994378,2208 THORNTON ROAD,NA,Austin,Texas,United States,2
1184 HARVEY ST BLDG 1,Two-family residential: New construction single family residential 2-story 2 bedroom 2.5 bath with attached 1-car garage covered front porch and two 2nd story balconies; habitable attic w/ roof deck.,2022-10-04,1,2,1184 HARVEY ST BLDG 1,78702,1,NA,https://abc.austintexas.gov/web/permit/public-search-other?t_detail=1&t_selected_folderrsn=13011349,1184 HARVEY STREET BLDG 1,NA,Austin,Texas,United States,2
7505 POPPY PETAL LOOP,GANNES 3424 C-R NEW 1-STORY RESIDENCE WITH 3 BEDROOMS 2 BATHROOMS COVERED ENTRY WAY AND PORCH.,2022-09-29,1,1,7505 POPPY PETAL LOOP,78617,2,NA,https://abc.austintexas.gov/web/permit/public-search-other?t_detail=1&t_selected_folderrsn=13026814,7505 POPPY PETAL LOOP,NA,Austin,Texas,United States,2
1707 W 42ND ST,Expedited Review - New single 2 story family residence with basement  5 bedroom 5.5 bathroom,2022-09-26,1,2,1707 W 42ND ST,78756,10,NA,https://abc.austintexas.gov/web/permit/public-search-other?t_detail=1&t_selected_folderrsn=12983489,1707 WEST 42ND STREET,NA,Austin,Texas,United States,2
2602 CEDARVIEW DR BLDG 2,New construction two family residential secondary apartment 2-story 1 bedroom 1 bath with uncovered wood deck.,2022-10-07,1,2,2602 CEDARVIEW DR BLDG 2,78704,5,NA,https://abc.austintexas.gov/web/permit/public-search-other?t_detail=1&t_selected_folderrsn=12964098,2602 CEDARVIEW DRIVE BLDG 2,NA,Austin,Texas,United States,2
2111 PRATHER LN,Bldg. 3. New 2-story single family condominium residence attached 1 car garage covered 2nd floor patio  uncovered patio 2 bedroom 2.5  bathroom.,2022-09-19,1,2,2111 PRATHER LN,78704,5,NA,https://abc.austintexas.gov/web/permit/public-search-other?t_detail=1&t_selected_folderrsn=13019910,2111 PRATHER LANE,NA,Austin,Texas,United States,2
6509 SANTOS ST,New construction secondary apartment 1-story 1 bedroom 1 bath.,2022-08-22,1,1,6509 SANTOS ST,78741,3,NA,https://abc.austintexas.gov/web/permit/public-search-other?t_detail=1&t_selected_folderrsn=12899576,6509 SANTOS STREET,NA,Austin,Texas,United States,2
1802 ROMERIA DR,Expedited Review - New Construction of  2-story SF Res [3bed 2.5bath],2022-09-15,1,2,1802 ROMERIA DR,78757,7,NA,https://abc.austintexas.gov/web/permit/public-search-other?t_detail=1&t_selected_folderrsn=12980572,1802 ROMERIA DRIVE,NA,Austin,Texas,United States,2
219 LESSIN LN BLDG 9,"New 2-Story Condominium.
Unit to have (3) Bedrooms (3.5) Bathrooms (1) Attached Garage(1) Covered Carport (1) Uncovered Parking Covered Entry Porch (1) Uncovered Balcony Uncovered Patio Uncovered Deck 
Plan Type A: 219 Lessin Lane Building # 9. Building Height 23ft-8Â¿ Maximum Height: 35ft. Required Parking 3. Required FFE: 639.50- above MSL. Site Plan#: SP-2020-0364C. Expiration Date:10/24/2024",2022-09-02,1,2,219 LESSIN LN BLDG 9,78704,3,NA,https://abc.austintexas.gov/web/permit/public-search-other?t_detail=1&t_selected_folderrsn=12926519,219 LESSIN LANE BLDG 9,NA,Austin,Texas,United States,2
1300 MC KIE DR BLDG 1 Unit 14,Building 1 Unit 14 New Construction of a 2 Story 4 unit condo with attached garage 2/2.5,2022-08-29,1,2,1300 MC KIE DR BLDG 1,78752,4,NA,https://abc.austintexas.gov/web/permit/public-search-other?t_detail=1&t_selected_folderrsn=12999501,1300 MC KIE DRIVE BLDG 1,NA,Austin,Texas,United States,2
4100 SANDY ACRES RD Bldg #1,"New construction single-family residential 2-story 3 bedroom 4 bath (1 outdoors) with covered front porch covered rear patio and uncovered wood decks.

5/29/26 SM - REVISED** Address was disannexed on 4/5/2026 to a 2 mile ETJ: 20260326-062",2022-08-23,1,2,4100 SANDY ACRES RD,78746,8,NA,https://abc.austintexas.gov/web/permit/public-search-other?t_detail=1&t_selected_folderrsn=13003352,4100 SANDY ACRES ROAD,NA,Austin,Texas,United States,2
5509 TOSCANA AVE,New 2-story SFR *PRODUCTION BUILDER*,2022-09-16,1,2,5509 TOSCANA AVE,78724,1,NA,https://abc.austintexas.gov/web/permit/public-search-other?t_detail=1&t_selected_folderrsn=13019291,5509 TOSCANA AVE,NA,Austin,Texas,United States,2
219 LESSIN LN BLDG 8,"New 3-Story Duplex Condominium.
Unit 8A to have (2) Bedrooms (2.5) Bathrooms (1) Attached Garage (1) Uncovered Parking Space Covered Entry Porch (1) Covered Balcony. 
Unit 8B to have (2) Bedrooms (2.5) Bathrooms (1) Attached Garage (1) Attached Covered Carport Covered Entry Porch (2) Covered Balcony. Plan Type C Units 8A & 8B: 219 Lessin Lane Building #8A +8B Building Height 34ft-4 Maximum Height: 35ft. Required Parking 2. Required FFE: 640.5- above MSL. Site Plan#: SP-2020-0364C. Expiration Date:10/24/2024",2022-09-02,2,3,219 LESSIN LN BLDG 8,78704,3,NA,https://abc.austintexas.gov/web/permit/public-search-other?t_detail=1&t_selected_folderrsn=12932173,219 LESSIN LANE BLDG 8,NA,Austin,Texas,United States,2
6509 SANTOS ST,New construction single family residential 2-story 2 bedroom 2 bath with attached 1-car garage covered wood deck and roof top deck.,2022-08-22,1,2,6509 SANTOS ST,78741,3,NA,https://abc.austintexas.gov/web/permit/public-search-other?t_detail=1&t_selected_folderrsn=12899575,6509 SANTOS STREET,NA,Austin,Texas,United States,2
6304 MANOR RD,"*Affordability Unlocked* BLDG 2: New 2-story two-family residential. 9/5 
*Affordability Unlocked* Revision 1: New 3-story two-family residential. 9/6",2022-08-23,1,3,6304 MANOR RD,78723,4,NA,https://abc.austintexas.gov/web/permit/public-search-other?t_detail=1&t_selected_folderrsn=12674193,6304 MANOR ROAD,NA,Austin,Texas,United States,2
2111 PRATHER LN,Bldg. 1. New 2-story single family condominium residence attached 1 car garage covered 2nd floor patio 2 bedroom 2.5 bathroom.,2022-09-16,1,2,2111 PRATHER LN,78704,5,NA,https://abc.austintexas.gov/web/permit/public-search-other?t_detail=1&t_selected_folderrsn=13019899,2111 PRATHER LANE,NA,Austin,Texas,United States,2
3009 NORTHEAST DR BLDG 1,New 2 story primary residence with 2 bedrooms 2.5 bathrooms and attached carport.,2022-08-23,1,2,3009 NORTHEAST DR BLDG 1,78723,4,NA,https://abc.austintexas.gov/web/permit/public-search-other?t_detail=1&t_selected_folderrsn=12544618,3009 NORTHEAST DRIVE BLDG 1,NA,Austin,Texas,United States,2
219 LESSIN LN BLDG 1,"New 3-Story Condominium Unit to have (2) Bedrooms (2.5) Bathrooms (1) Detached Carport (1) Uncovered Parking Covered Entry Porch (2) Covered Balconies. 
Plan Type J: 219 Lessin Lane Building #1 Building Height 34ft-4 1/2 Maximum Height: 35ft. Required Parking 2. Required FFE: 642.5- above MSL. Site Plan#: SP-2020-0364C. Expiration Date: 10/24/2024",2022-09-02,1,3,219 LESSIN LN BLDG 1,78704,3,NA,https://abc.austintexas.gov/web/permit/public-search-other?t_detail=1&t_selected_folderrsn=12930169,219 LESSIN LANE BLDG 1,NA,Austin,Texas,United States,2
8713 PEAFOWL ST,*Green Building* New 2-story 4 bedroom 3 bathroom single family residence with attached garage covered front porch and rear covered patio.,2022-09-09,1,2,8713 PEAFOWL ST,78744,2,NA,https://abc.austintexas.gov/web/permit/public-search-other?t_detail=1&t_selected_folderrsn=13008684,8713 PEAFOWL STREET,NA,Austin,Texas,United States,2
2111 PRATHER LN,Bldg. 5. New 2-story single family condominium residence attached 1 car garage covered 2nd floor patio  uncovered patio 2 bedroom 2.5  bathroom.,2022-09-16,1,2,2111 PRATHER LN,78704,5,NA,https://abc.austintexas.gov/web/permit/public-search-other?t_detail=1&t_selected_folderrsn=13019928,2111 PRATHER LANE,NA,Austin,Texas,United States,2
4100 SANDY ACRES RD Bldg 2,"New construction 2-unit use 2-story detached 2-car garage with studio space kitchen and full bath; exterior stairs.

5/29/26 SM - REVISED** Address was disannexed on 4/5/2026 to a 2 mile ETJ: 20260326-062",2022-08-23,1,2,4100 SANDY ACRES RD,78746,8,NA,https://abc.austintexas.gov/web/permit/public-search-other?t_detail=1&t_selected_folderrsn=13003353,4100 SANDY ACRES ROAD,NA,Austin,Texas,United States,2
6304 MANOR RD,"*Affordability Unlocked* BLDG 1: New 2-story two-family residential. 9/5 
*Affordability Unlocked* Revision 1: New 3-story two-family residential. 9/6",2022-08-23,1,3,6304 MANOR RD,78723,4,NA,https://abc.austintexas.gov/web/permit/public-search-other?t_detail=1&t_selected_folderrsn=12674192,6304 MANOR ROAD,NA,Austin,Texas,United States,2
2111 PRATHER LN,Bldg. 4. New 2-story single family condominium residence attached 1 car garage covered 2nd floor patio  uncovered patio 2 bedroom 2.5 bathroom.,2022-09-19,1,2,2111 PRATHER LN,78704,5,NA,https://abc.austintexas.gov/web/permit/public-search-other?t_detail=1&t_selected_folderrsn=13019919,2111 PRATHER LANE,NA,Austin,Texas,United States,2
3009 NORTHEAST DR BLDG 2,New 2 story secondary dwelling unit with 2 bedrooms 1.5 bathrooms and attached carport.,2022-08-23,1,2,3009 NORTHEAST DR BLDG 2,78723,4,NA,https://abc.austintexas.gov/web/permit/public-search-other?t_detail=1&t_selected_folderrsn=12544619,3009 NORTHEAST DRIVE BLDG 2,NA,Austin,Texas,United States,2
219 LESSIN LN BLDG 7,"New 2-Story Duplex Condominium.
Unit 7A to have (2) Bedrooms (2.5) Bathrooms (1) Attached Garage (1) Attached Covered Carport Covered Entry Porch Uncovered Balcony. Plan Type E Units 7A & 7B: 219 Lessin Lane Building #7A +7B Building Height 25ft-5 Maximum Height: 35ft. Required Parking 2. Required FFE: 640.5- above MSL. Site Plan#: SP-2020-0364C. Expiration Date:10/24/2024",2022-09-02,2,2,219 LESSIN LN BLDG 7,78704,3,NA,https://abc.austintexas.gov/web/permit/public-search-other?t_detail=1&t_selected_folderrsn=12932049,219 LESSIN LANE BLDG 7,NA,Austin,Texas,United States,2
2111 PRATHER LN,Bldg. 2. New 2-story single family condominium residence attached 1 car garage covered 2nd floor patio uncovered patio 2 bedroom 2.5 bathroom.,2022-09-19,1,2,2111 PRATHER LN,78704,5,NA,https://abc.austintexas.gov/web/permit/public-search-other?t_detail=1&t_selected_folderrsn=13019904,2111 PRATHER LANE,NA,Austin,Texas,United States,2
1186 HARVEY ST,BLDG 2: New 2-story 925sqft ADU w/ front porch roof deck and attached garage. 2/2.5,2022-09-02,1,2,1186 HARVEY ST,78702,1,NA,https://abc.austintexas.gov/web/permit/public-search-other?t_detail=1&t_selected_folderrsn=13010137,1186 HARVEY STREET,NA,Austin,Texas,United States,2
219 LESSIN LANE Bldg 3,"UNIT 3A & 3B
New 2-Story Duplex Condominium.
Unit 3A to have (2) Bedrooms (2.5) Bathrooms (1) Attached Garage (1) Uncovered Parking Covered Entry Porch. 
Unit 3B to have (2) Bedrooms (2.5) Bathrooms (1) Attached Garage (1) Covered Carport Covered Entry Porch Uncovered Balcony. Plan Type D Units A & B: 219 Lessin Lane Building #3A+3B Building Height 23ft-8 Maximum Height: 35ft. Required Parking 2. Required FFE: 642.5- above MSL. Site Plan#: SP-2020-0364C. Expiration Date:10/24/2024",2022-09-02,2,2,219 LESSIN LN BLDG 3,78704,3,NA,https://abc.austintexas.gov/web/permit/public-search-other?t_detail=1&t_selected_folderrsn=12930225,219 LESSIN LANE BLDG 3,NA,Austin,Texas,United States,2
1300 MC KIE DR BLDG 1 Unit 12,Building 1 Unit 12 New Construction of a 2 Story 4 unit condo with attached garage  2/2.5,2022-08-29,1,2,1300 MC KIE DR BLDG 1,78752,4,NA,https://abc.austintexas.gov/web/permit/public-search-other?t_detail=1&t_selected_folderrsn=12999499,1300 MC KIE DRIVE BLDG 1,NA,Austin,Texas,United States,2
6205 CADDIE ST BLDG 2,New one-story secondary apartment with covered porch,2022-09-08,1,2,6205 CADDIE ST BLDG 2,78741,3,NA,https://abc.austintexas.gov/web/permit/public-search-other?t_detail=1&t_selected_folderrsn=12762867,6205 CADDIE STREET BLDG 2,NA,Austin,Texas,United States,2
1300 MC KIE DR BLDG 1 Unit 13,Building 1 Unit 13 New Construction of a 2 Story 4 unit condo w/ attached garage         2/2.5,2022-08-29,1,2,1300 MC KIE DR BLDG 1,78752,4,NA,https://abc.austintexas.gov/web/permit/public-search-other?t_detail=1&t_selected_folderrsn=12999500,1300 MC KIE DRIVE BLDG 1,NA,Austin,Texas,United States,2
219 LESSIN LN BLDG 5,"New 2-Story Condominium.
Unit to have (2) Bedrooms (2.5) Bathrooms (1) Attached Garage (1) Uncovered Parking Covered Entry Porch (1) Covered Balcony. Plan Type F: 219 Lessin Lane Building # 5 Elevation R. Building Height 23ft-8 Maximum Height: 35ft. Required Parking 2. Required FFE: 640.50- above MSL. Site Plan#: SP-2020-0364C. Expiration Date:10/24/2024",2022-09-02,1,2,219 LESSIN LN BLDG 5,78704,3,NA,https://abc.austintexas.gov/web/permit/public-search-other?t_detail=1&t_selected_folderrsn=12930231,219 LESSIN LANE BLDG 5,NA,Austin,Texas,United States,2
1186 HARVEY ST,BLDG 1: New 2-story SFR w/ front porch balcony attic roof deck and attached garage. 3/3.5,2022-09-02,1,3,1186 HARVEY ST,78702,1,NA,https://abc.austintexas.gov/web/permit/public-search-other?t_detail=1&t_selected_folderrsn=13010136,1186 HARVEY STREET,NA,Austin,Texas,United States,2
5313 LENA DR,New 2-story SFR 5 Bed/3 Bath with attached garage covered porch and patio,2022-08-18,1,2,5313 LENA DR,78723,1,NA,https://abc.austintexas.gov/web/permit/public-search-other?t_detail=1&t_selected_folderrsn=12997088,5313 LENA DRIVE,NA,Austin,Texas,United States,2
5629 TOSCANA AVE,New 2-Story SFR with 3 bedrooms and 2.5 baths,2022-08-11,1,2,5629 TOSCANA AVE,78724,1,NA,https://abc.austintexas.gov/web/permit/public-search-other?t_detail=1&t_selected_folderrsn=12989958,5629 TOSCANA AVE,NA,Austin,Texas,United States,2
1407 RAMBLING ROSE RD,New 2-story condominium Nelson-2022-B-R 3 bedrooms 2.5 bathrooms Game room attached 2 car garage covered patio & porch.,2022-08-01,1,2,1407 RAMBLING ROSE RD,78745,5,NA,https://abc.austintexas.gov/web/permit/public-search-other?t_detail=1&t_selected_folderrsn=12987696,1407 RAMBLING ROSE ROAD,NA,Austin,Texas,United States,2
1408 E APPLEGATE DR,New 2-story SFR w/ 4 beds 3.5 bath attached garage  Complete submittal received: 8/13/21,2022-08-05,1,2,1408 E APPLEGATE DR,78753,1,NA,https://abc.austintexas.gov/web/permit/public-search-other?t_detail=1&t_selected_folderrsn=12882477,1408 EAST APPLEGATE DRIVE,NA,Austin,Texas,United States,2
2300 HARTFORD RD,New 2 story SFR w/ front and rear porch wood deck carport. 4/5 and attached guest house (no internal access) w/ garage. 1/1,2022-07-22,1,2,2300 HARTFORD RD,78703,10,NA,https://abc.austintexas.gov/web/permit/public-search-other?t_detail=1&t_selected_folderrsn=12980764,2300 HARTFORD ROAD,NA,Austin,Texas,United States,2
1118 W 7TH ST BLDG 2 (Unit A and B),*partial demo*site plan* New duplex. Unit A of duplex to include 5 bedrooms 3.5 bathrooms play room utility room office attached garage covered entry porch and partially covered roof deck. Unit B of duplex to include 3 bedrooms 2.5 bathrooms and attached garage.,2022-08-08,2,3,1118 W 7TH ST BLDG 2,78703,9,NA,https://abc.austintexas.gov/web/permit/public-search-other?t_detail=1&t_selected_folderrsn=12730800,1118 WEST 7TH STREET BLDG 2,NA,Austin,Texas,United States,2
1610 WALNUT AVE,New 2-Story SFR w/ covered porch surrounding the house and accessibility ramp. 3/2.5,2022-08-12,1,2,1610 WALNUT AVE,78702,1,NA,https://abc.austintexas.gov/web/permit/public-search-other?t_detail=1&t_selected_folderrsn=12937508,1610 WALNUT AVE,NA,Austin,Texas,United States,2
1301 SWEET BARK ST,New 2-story condominium Nelson-2022-C-R 3 bedrooms 2.5 bathrooms Game room attached 2 car garage covered patio & porch.,2022-07-01,1,2,1301 SWEET BARK ST,78745,5,NA,https://abc.austintexas.gov/web/permit/public-search-other?t_detail=1&t_selected_folderrsn=12970014,1301 SWEET BARK STREET,NA,Austin,Texas,United States,2
5805 MOJAVE DR Building 2,New two story Secondary Dwelling Unit [3bed 2bath] state approved modular home,2022-07-15,1,2,5805 MOJAVE DR,78745,2,NA,https://abc.austintexas.gov/web/permit/public-search-other?t_detail=1&t_selected_folderrsn=12975173,5805 MOJAVE DRIVE,NA,Austin,Texas,United States,2
7920 MULLEN DR,Building #2  Unit 6 New 3 Story Single Family House with attached garage  3/3,2022-06-28,1,3,7920 MULLEN DR,78757,4,NA,https://abc.austintexas.gov/web/permit/public-search-other?t_detail=1&t_selected_folderrsn=12950139,7920 MULLEN DRIVE,NA,Austin,Texas,United States,2
5805 MOJAVE DR Bldg 1,Expedited Review: New Construction of a 2-Story Primary Single Family Res (State Approved Modular Homes) [4bed 4.5bath],2022-07-15,1,2,5805 MOJAVE DR,78745,2,NA,https://abc.austintexas.gov/web/permit/public-search-other?t_detail=1&t_selected_folderrsn=12975172,5805 MOJAVE DRIVE,NA,Austin,Texas,United States,2
2009 RIVER HILLS RD,Expedited Review: New Construction of a Guest House [3bed 2bath],2022-06-30,1,2,2009 RIVER HILLS RD,78733,10,NA,https://abc.austintexas.gov/web/permit/public-search-other?t_detail=1&t_selected_folderrsn=12968798,2009 RIVER HILLS ROAD,NA,Austin,Texas,United States,2
7920 MULLEN DR,Building 1 Unit 1 new 3-story townhouses  with attached garage 3/3,2022-06-28,1,3,7920 MULLEN DR,78757,4,NA,https://abc.austintexas.gov/web/permit/public-search-other?t_detail=1&t_selected_folderrsn=12950081,7920 MULLEN DRIVE,NA,Austin,Texas,United States,2
7920 MULLEN DR,Building 1 Unit 9 new 3-story townhouses  with attached garage 3/3,2022-06-28,1,3,7920 MULLEN DR,78757,4,NA,https://abc.austintexas.gov/web/permit/public-search-other?t_detail=1&t_selected_folderrsn=12950085,7920 MULLEN DRIVE,NA,Austin,Texas,United States,2
6630 LOST HORIZON DR,New 2 story sfr 4 bed 3 bath with attached garage uncovered deck and pool,2022-07-01,1,1,6630 LOST HORIZON DR,78759,10,NA,https://abc.austintexas.gov/web/permit/public-search-other?t_detail=1&t_selected_folderrsn=12832309,6630 LOST HORIZON DRIVE,NA,Austin,Texas,United States,2
3336 MOUNT BONNELL RD,New 2-story 5 bedroom 6 bathroom single family residence with attached garage and covered porches.,2022-06-30,1,2,3336 MOUNT BONNELL RD,78731,10,NA,https://abc.austintexas.gov/web/permit/public-search-other?t_detail=1&t_selected_folderrsn=12967843,3336 MOUNT BONNELL ROAD,NA,Austin,Texas,United States,2
7920 MULLEN DR,Building #2  Unit 2 New 3 Story Single Family House with attached garage  3/3,2022-06-28,1,3,7920 MULLEN DR,78757,4,NA,https://abc.austintexas.gov/web/permit/public-search-other?t_detail=1&t_selected_folderrsn=12950137,7920 MULLEN DRIVE,NA,Austin,Texas,United States,2
1304 RAMBLING ROSE RD,New 2-story condominium Watson-1892-A-L 3 bedrooms 2.5 bathrooms attached 2 car garage covered patio & porch.,2022-07-05,1,2,1304 RAMBLING ROSE RD,78745,5,NA,https://abc.austintexas.gov/web/permit/public-search-other?t_detail=1&t_selected_folderrsn=12970844,1304 RAMBLING ROSE ROAD,NA,Austin,Texas,United States,2
1106 S MEADOWS DR,Expedited Review - New detached accessory dwelling unit 2 bathroom 3 bedroom.,2022-06-23,1,2,1106 S MEADOWS DR,78758,4,NA,https://abc.austintexas.gov/web/permit/public-search-other?t_detail=1&t_selected_folderrsn=12964725,1106 SOUTH MEADOWS DRIVE,NA,Austin,Texas,United States,2
1309 RAMBLING ROSE RD,New 2-Story home  3 bed/2.5 bath with attached garage and covered porch/patio,2022-07-13,1,2,1309 RAMBLING ROSE RD,78745,5,NA,https://abc.austintexas.gov/web/permit/public-search-other?t_detail=1&t_selected_folderrsn=12972143,1309 RAMBLING ROSE ROAD,NA,Austin,Texas,United States,2
1309 SWEET BARK ST,New 2-story condominium Joplin-2151-B-R 3 bedrooms 2.5 bathrooms attached 2 car garage covered patio & porch.,2022-07-01,1,2,1309 SWEET BARK ST,78745,5,NA,https://abc.austintexas.gov/web/permit/public-search-other?t_detail=1&t_selected_folderrsn=12970008,1309 SWEET BARK STREET,NA,Austin,Texas,United States,2
3718 MENCHACA RD,"UNIT 302 - New 3 story with attached garage office and roof top. 3/3.5 
Revision 1: Revisions to exterior building materials.",2022-06-29,1,3,3718 MENCHACA RD,78704,5,NA,https://abc.austintexas.gov/web/permit/public-search-other?t_detail=1&t_selected_folderrsn=12942315,3718 MENCHACA ROAD,NA,Austin,Texas,United States,2
3718 MENCHACA RD,UNIT 402 - New 3 story with attached garage office and roof top. 2/2.5,2022-06-29,1,3,3718 MENCHACA RD,78704,5,NA,https://abc.austintexas.gov/web/permit/public-search-other?t_detail=1&t_selected_folderrsn=12925949,3718 MENCHACA ROAD,NA,Austin,Texas,United States,2
1305 SWEET BARK ST,New 2-story condominium Nelson-2022-B-R 3 bedrooms 2.5 bathrooms Game room attached 2 car garage covered patio & porch.,2022-07-05,1,2,1305 SWEET BARK ST,78745,5,NA,https://abc.austintexas.gov/web/permit/public-search-other?t_detail=1&t_selected_folderrsn=12970835,1305 SWEET BARK STREET,NA,Austin,Texas,United States,2
930 CASLANO COVE Bldg 2,Expedited Review - New Construction of a 1-story guest house [1bed 2.5baths] with attached 2-car carport,2022-06-24,1,1,930 CASLANO CV BLDG 2,78732,10,NA,https://abc.austintexas.gov/web/permit/public-search-other?t_detail=1&t_selected_folderrsn=12963281,930 CASLANO CV BLDG 2,NA,Austin,Texas,United States,2
3718 MENCHACA RD,UNIT 403 - New 3 story with attached garage office and roof top. 2/2.5,2022-06-29,1,3,3718 MENCHACA RD,78704,5,NA,https://abc.austintexas.gov/web/permit/public-search-other?t_detail=1&t_selected_folderrsn=12925950,3718 MENCHACA ROAD,NA,Austin,Texas,United States,2
1402 RAMBLING ROSE RD,New 2-story condominium Clark-1823-C-L 3 bedrooms 2.5 bathrooms attached 2 car garage covered patio & porch.,2022-07-01,1,2,1402 RAMBLING ROSE RD,78745,5,NA,https://abc.austintexas.gov/web/permit/public-search-other?t_detail=1&t_selected_folderrsn=12970026,1402 RAMBLING ROSE ROAD,NA,Austin,Texas,United States,2
3718 MENCHACA RD,"UNIT 503 - New 3 story with attached garage office and roof top. 3/3.5 
Revision 1: Revisions to exterior building materials.",2022-06-28,1,3,3718 MENCHACA RD,78704,5,NA,https://abc.austintexas.gov/web/permit/public-search-other?t_detail=1&t_selected_folderrsn=12942381,3718 MENCHACA ROAD,NA,Austin,Texas,United States,2
3209 BREEZE TER,2 STRY ADD. TO EXISTING  SF HOME WITH 1.5 BATH ATCHD COVERED WALKWAY GARAGE/STORAGE; PARTIAL DEMO OF PORCH;Retroactive wood deck at front of property.,2022-07-16,1,2,3209 BREEZE TER,78722,9,NA,https://abc.austintexas.gov/web/permit/public-search-other?t_detail=1&t_selected_folderrsn=12967378,3209 BREEZE TER,NA,Austin,Texas,United States,2
3718 MENCHACA RD,"UNIT 501 - New 3 story with attached garage office and roof top. 3/2.5 
Revision 1: Revisions to exterior building materials.",2022-06-28,1,3,3718 MENCHACA RD,78704,5,NA,https://abc.austintexas.gov/web/permit/public-search-other?t_detail=1&t_selected_folderrsn=12942379,3718 MENCHACA ROAD,NA,Austin,Texas,United States,2
1300 MC KIE DR UNIT 42,Unit 42 Building 4.  New 2 story townhome residence attached 2 car garage  covered porch and patio 2 bedroom 2.5 bathroom.,2022-06-23,1,2,1300 MC KIE DR UNIT 42,78752,4,NA,https://abc.austintexas.gov/web/permit/public-search-other?t_detail=1&t_selected_folderrsn=12351266,1300 MC KIE DRIVE UNIT 42,NA,Austin,Texas,United States,2
1205 VIOLA LEE LN,ew 2-story condominium Nelson-2022-A-L 3 bedrooms 2.5 bathrooms attached 2 car garage covered patio & porch.,2022-07-06,1,2,1205 VIOLA LEE LN,78745,5,NA,https://abc.austintexas.gov/web/permit/public-search-other?t_detail=1&t_selected_folderrsn=12971253,1205 VIOLA LEE LANE,NA,Austin,Texas,United States,2
1104 MAUFRAIS ST,Expedited Review: New Construction of a 2-Story Single Family Res [4bed 4bath],2022-07-05,1,2,1104 MAUFRAIS ST,78703,9,NA,https://abc.austintexas.gov/web/permit/public-search-other?t_detail=1&t_selected_folderrsn=12965809,1104 MAUFRAIS STREET,NA,Austin,Texas,United States,2
7920 MULLEN DR,Building 1 Unit 3 new 3-story townhouses  with attached garage 3/3,2022-06-28,1,3,7920 MULLEN DR,78757,4,NA,https://abc.austintexas.gov/web/permit/public-search-other?t_detail=1&t_selected_folderrsn=12950082,7920 MULLEN DRIVE,NA,Austin,Texas,United States,2
2513 ARION CIR,"Expedited Review - New Construction of a 3-Story Single Family Res [4bed 4.5bath] with attached garage and a pool.

WUI INSPECTIONS NOT REQUIRED AS PER CONDITIONS SEE ATTACHED EMAIL FROM AFD

THIS HOUSE WILL HAVE 3 UNFINIISHED AREAS EASILY CONVERTED TO HABITABLE AS ALL FRAMING COMPLETE WILL NEED FULL PERMIT TO FINISH THESE 3 AREAS",2022-07-19,1,3,2513 ARION CIR,78730,10,NA,https://abc.austintexas.gov/web/permit/public-search-other?t_detail=1&t_selected_folderrsn=12943169,2513 ARION CIR,NA,Austin,Texas,United States,2
1303 SWEET BARK ST,New 2-story condominium Nelson-2022-A-R 3 bedrooms 2.5 bathrooms Game room attached 2 car garage covered patio & porch.,2022-07-05,1,2,1303 SWEET BARK ST,78745,5,NA,https://abc.austintexas.gov/web/permit/public-search-other?t_detail=1&t_selected_folderrsn=12970827,1303 SWEET BARK STREET,NA,Austin,Texas,United States,2
1306 RAMBLING ROSE RD,New 2-story condominium Clark-1823-B-L 3 bedrooms 2.5 bathrooms attached 2 car garage covered patio & porch.,2022-07-01,1,2,1306 RAMBLING ROSE RD,78745,5,NA,https://abc.austintexas.gov/web/permit/public-search-other?t_detail=1&t_selected_folderrsn=12969990,1306 RAMBLING ROSE ROAD,NA,Austin,Texas,United States,2
3718 MENCHACA RD,"UNIT 502 - New 3 story with attached garage office and roof top. 3/3.5 
Revision 1: Revisions to exterior building materials.",2022-06-28,1,3,3718 MENCHACA RD,78704,5,NA,https://abc.austintexas.gov/web/permit/public-search-other?t_detail=1&t_selected_folderrsn=12942380,3718 MENCHACA ROAD,NA,Austin,Texas,United States,2
11718 BELL AVE,New construction single family residential 2-story 5 bedroom 6.5 bath with covered front porch.,2022-06-06,1,2,11718 BELL AVE,78759,10,NA,https://abc.austintexas.gov/web/permit/public-search-other?t_detail=1&t_selected_folderrsn=12938128,11718 BELL AVE,NA,Austin,Texas,United States,2
1301 RAMBLING ROSE RD,New 2-story condominium Clark-1823-C-R 3 bedrooms 2.5 bathrooms attached 2 car garage covered patio & porch.,2022-06-09,1,2,1301 RAMBLING ROSE RD,78745,5,NA,https://abc.austintexas.gov/web/permit/public-search-other?t_detail=1&t_selected_folderrsn=12952073,1301 RAMBLING ROSE ROAD,NA,Austin,Texas,United States,2
11204 SENTINEL DR,Tenor-1900BR-New 2-Story Single Family Residence w/ 3 bedrooms 2.5 bathrooms attached 2 car garage covered entry porch & patio,2022-05-31,1,2,11204 SENTINEL DR,78747,2,NA,https://abc.austintexas.gov/web/permit/public-search-other?t_detail=1&t_selected_folderrsn=12945627,11204 SENTINEL DRIVE,NA,Austin,Texas,United States,2
1704 REDD ST,Expedited Review - New Construction of a Secondary Apartment [1bed 1bath] above 2-car Carport,2022-06-10,1,2,1704 REDD ST,78745,5,NA,https://abc.austintexas.gov/web/permit/public-search-other?t_detail=1&t_selected_folderrsn=12932273,1704 REDD STREET,NA,Austin,Texas,United States,2
2513 WINSTED LN,Expedited Review - New Construction of a 2-Story S  Res [3 bed 3.5 bath] w/ attached Garage,2022-06-08,1,2,2513 WINSTED LN,78703,10,NA,https://abc.austintexas.gov/web/permit/public-search-other?t_detail=1&t_selected_folderrsn=12951422,2513 WINSTED LANE,NA,Austin,Texas,United States,2
1300 RAMBLING ROSE RD,New 2-story condominium Nelson-2022-B-L 3 bedrooms 2.5 bathrooms Game room attached 2 car garage covered patio & porch.,2022-06-16,1,2,1300 RAMBLING ROSE RD,78745,5,NA,https://abc.austintexas.gov/web/permit/public-search-other?t_detail=1&t_selected_folderrsn=12955304,1300 RAMBLING ROSE ROAD,NA,Austin,Texas,United States,2
11008 SENTINEL DR,Lamar-2273BR-New 2-Story Single Family Residence w/ 4 bedroom 2.5 bathrooms attached 2 car garage covered entry porch & patio,2022-05-31,1,2,11008 SENTINEL DR,78747,2,NA,https://abc.austintexas.gov/web/permit/public-search-other?t_detail=1&t_selected_folderrsn=12942578,11008 SENTINEL DRIVE,NA,Austin,Texas,United States,2
1305 RAMBLING ROSE RD,New 2-story condominium Joplin-2151-A-R 4 bedrooms 3 bathrooms attached 2 car garage covered patio & porch.,2022-06-09,1,2,1305 RAMBLING ROSE RD,78745,5,NA,https://abc.austintexas.gov/web/permit/public-search-other?t_detail=1&t_selected_folderrsn=12952042,1305 RAMBLING ROSE ROAD,NA,Austin,Texas,United States,2
1303 RAMBLING ROSE RD,New 2-story condominium Nelson-2022-A-R 3 bedrooms 2.5 bathrooms attached 2 car garage covered patio & porch.,2022-06-09,1,2,1303 RAMBLING ROSE RD,78745,5,NA,https://abc.austintexas.gov/web/permit/public-search-other?t_detail=1&t_selected_folderrsn=12952033,1303 RAMBLING ROSE ROAD,NA,Austin,Texas,United States,2
1302 RAMBLING ROSE RD,New 2-story condominium Van Zandt-1607-C-L 3 bedrooms 2.5 bathrooms attached 2 car garage covered patio & porch.,2022-06-09,1,2,1302 RAMBLING ROSE RD,78745,5,NA,https://abc.austintexas.gov/web/permit/public-search-other?t_detail=1&t_selected_folderrsn=12952064,1302 RAMBLING ROSE ROAD,NA,Austin,Texas,United States,2
8015 LAZY LN,2-Story Secondary Apartment [2bed 2.5bath] with Attached Carport,2022-05-03,1,2,8015 LAZY LN,78757,4,NA,https://abc.austintexas.gov/web/permit/public-search-other?t_detail=1&t_selected_folderrsn=12928032,8015 LAZY LANE,NA,Austin,Texas,United States,2
1411 RABB RD,New 1-story 3 bedroom 2.5 bathroom single family residence with covered front porch and covered patio.,2022-05-02,1,1,1411 RABB RD,78704,5,NA,https://abc.austintexas.gov/web/permit/public-search-other?t_detail=1&t_selected_folderrsn=12876357,1411 RABB ROAD,NA,Austin,Texas,United States,2
1811 WEBBERVILLE RD,Townhouse *Smart Housing* Unit 3104: 2-Story attached garage covered porch 3 bed/2.5 bath,2022-05-23,1,2,1811 WEBBERVILLE RD,78721,1,NA,https://abc.austintexas.gov/web/permit/public-search-other?t_detail=1&t_selected_folderrsn=12900281,1811 WEBBERVILLE ROAD,NA,Austin,Texas,United States,2
1811 WEBBERVILLE RD,Townhouse *Smart Housing* Unit 3103: 2-Story attached garage covered porch 3 bed/2.5 bath,2022-05-06,1,2,1811 WEBBERVILLE RD,78721,1,NA,https://abc.austintexas.gov/web/permit/public-search-other?t_detail=1&t_selected_folderrsn=12900280,1811 WEBBERVILLE ROAD,NA,Austin,Texas,United States,2
5516 AGATHA CIR,New 2-Story SFR 3 Bed/2.5 Bath attached 2 car garage with covered porch patio and balcony,2022-05-13,1,2,5516 AGATHA CIR,78724,1,NA,https://abc.austintexas.gov/web/permit/public-search-other?t_detail=1&t_selected_folderrsn=12933317,5516 AGATHA CIR,NA,Austin,Texas,United States,2
11006 SENTINEL DR,Guadalupe-1888AR-New 2-Story Single Family Residence w/ 3 bedrooms 2.5 bathrooms attached 2 car garage covered entry porch & patio,2022-05-19,1,2,11006 SENTINEL DR,78747,2,NA,https://abc.austintexas.gov/web/permit/public-search-other?t_detail=1&t_selected_folderrsn=12938445,11006 SENTINEL DRIVE,NA,Austin,Texas,United States,2
2109 DORIS DR,New 2 Story Secondary Dwelling with covered porch 1/1,2022-05-05,1,2,2109 DORIS DR,78757,4,NA,https://abc.austintexas.gov/web/permit/public-search-other?t_detail=1&t_selected_folderrsn=12870664,2109 DORIS DRIVE,NA,Austin,Texas,United States,2
1811 WEBBERVILLE RD,Townhouse *Smart Housing* Unit 3102: 2-Story attached garage covered porch 3 bed/2.5 bath,2022-05-09,1,2,1811 WEBBERVILLE RD,78721,1,NA,https://abc.austintexas.gov/web/permit/public-search-other?t_detail=1&t_selected_folderrsn=12900279,1811 WEBBERVILLE ROAD,NA,Austin,Texas,United States,2
11005 SENTINEL DR,Gibson-1667DL-New 2-Story Single Family Residence w/ 3 bedrooms 2.5 bathrooms attached 2 car garage covered entry porch & patio,2022-05-19,1,2,11005 SENTINEL DR,78747,2,NA,https://abc.austintexas.gov/web/permit/public-search-other?t_detail=1&t_selected_folderrsn=12938434,11005 SENTINEL DRIVE,NA,Austin,Texas,United States,2
11004 SENTINEL DR,Lyric-2013DL-New 2-Story Single Family Residence w/ 4 bedrooms 2.5 bathrooms attached 2 car garage covered entry porch & patio,2022-05-12,1,2,11004 SENTINEL DR,78747,2,NA,https://abc.austintexas.gov/web/permit/public-search-other?t_detail=1&t_selected_folderrsn=12933917,11004 SENTINEL DRIVE,NA,Austin,Texas,United States,2
11102 EL CAPITAN DR,Lambert-2023ER-New 2-Story Single Family Residence w/ 3 bedrooms 2.5 bathrooms attached 2 car garage covered entry porch,2022-05-05,1,2,11102 EL CAPITAN DR,78747,2,NA,https://abc.austintexas.gov/web/permit/public-search-other?t_detail=1&t_selected_folderrsn=12929934,11102 EL CAPITAN DRIVE,NA,Austin,Texas,United States,2
1415 W 10TH ST,New 2-story SFR w/ basement front porch rear patio outdoor kitchen and attached garage. 4/4.5,2022-04-28,1,3,1415 W 10TH ST,78703,9,NA,https://abc.austintexas.gov/web/permit/public-search-other?t_detail=1&t_selected_folderrsn=12845195,1415 WEST 10TH STREET,NA,Austin,Texas,United States,2
1811 WEBBERVILLE RD,Townhouse *Smart Housing* Unit 3101: 2-Story attached garage covered porch 3 bed/2.5 bath,2022-05-09,1,2,1811 WEBBERVILLE RD,78721,1,NA,https://abc.austintexas.gov/web/permit/public-search-other?t_detail=1&t_selected_folderrsn=12900278,1811 WEBBERVILLE ROAD,NA,Austin,Texas,United States,2
1928 MILES AVE Secondary,Expedited Review - New construction of 2-story Secondary apartment [2bed 2bath],2022-05-18,1,2,1928 MILES AVE,78745,5,NA,https://abc.austintexas.gov/web/permit/public-search-other?t_detail=1&t_selected_folderrsn=12780833,1928 MILES AVE,NA,Austin,Texas,United States,2
3315 ROSEFINCH TRL,Expedited Review - New construction of a 2-story single family home with 2-car garage.,2022-05-03,1,2,3315 ROSEFINCH TRL,78746,8,NA,https://abc.austintexas.gov/web/permit/public-search-other?t_detail=1&t_selected_folderrsn=12893165,3315 ROSEFINCH TRAIL,NA,Austin,Texas,United States,2
11007 SENTINEL DR,Tenor-1900AR-New 2-Story Single Family Residence w/ 3 bedrooms 2.5 bathrooms attached 2 car garage covered entry porch & patio,2022-05-19,1,2,11007 SENTINEL DR,78747,2,NA,https://abc.austintexas.gov/web/permit/public-search-other?t_detail=1&t_selected_folderrsn=12938451,11007 SENTINEL DRIVE,NA,Austin,Texas,United States,2
7603 CRESTON LN,New detached 2 story accessory dwelling unit 2 bedroom 2.5 bathroom.,2022-05-18,1,2,7603 CRESTON LN,78752,4,NA,https://abc.austintexas.gov/web/permit/public-search-other?t_detail=1&t_selected_folderrsn=12930638,7603 CRESTON LANE,NA,Austin,Texas,United States,2
1004 KAREN AVE,New 2-story SFR w/ front porch uncovered rear deck and attached garage. 5/3,2022-04-18,1,2,1004 KAREN AVE,78757,7,NA,https://abc.austintexas.gov/web/permit/public-search-other?t_detail=1&t_selected_folderrsn=12913447,1004 KAREN AVE,NA,Austin,Texas,United States,2
6206 KASPER ST,new manufactured home 902 sq ft,2022-04-11,1,1,6206 KASPER ST,78741,3,NA,https://abc.austintexas.gov/web/permit/public-search-other?t_detail=1&t_selected_folderrsn=12913019,6206 KASPER STREET,NA,Austin,Texas,United States,2
6101 SENDERO HILLS PKWY,New 2-Story SFR with 4 bedrooms 4.5 baths attached garage,2022-04-08,1,2,6101 SENDERO HILLS PKWY,78724,1,NA,https://abc.austintexas.gov/web/permit/public-search-other?t_detail=1&t_selected_folderrsn=12911716,6101 SENDERO HILLS PKWY,NA,Austin,Texas,United States,2
7208 SUMMER TANAGER DR,New 2-Story SFR Unit 26  3 bed 2.5 bath attached garage and covered front porch and rear patio,2022-03-23,1,2,7208 SUMMER TANAGER DR,78744,2,NA,https://abc.austintexas.gov/web/permit/public-search-other?t_detail=1&t_selected_folderrsn=12901380,7208 SUMMER TANAGER DRIVE,NA,Austin,Texas,United States,2
9508 MORNING IRIS DR,Titus 31310 Elev A Left Swing New 2 Story Single Family Home w/ 3 bedrooms and 2.5 bathrooms,2022-03-01,1,2,9508 MORNING IRIS DR,78653,1,NA,https://abc.austintexas.gov/web/permit/public-search-other?t_detail=1&t_selected_folderrsn=12886186,9508 MORNING IRIS DRIVE,NA,Austin,Texas,United States,2
4802 GLADEVIEW DR,Expedited Review - New Construction of a 2-Story Secondary Apartment [2bed 2bath],2022-03-15,1,2,4802 GLADEVIEW DR,78745,5,NA,https://abc.austintexas.gov/web/permit/public-search-other?t_detail=1&t_selected_folderrsn=12811417,4802 GLADEVIEW DRIVE,NA,Austin,Texas,United States,2
2904 REGENTS PARK,Expedited Review - New construction of a 2-story SF [4bed 8bath] Res with attached multiple car garage attached 2-car carport,2022-03-18,1,2,2904 REGENTS PARK,78746,8,NA,https://abc.austintexas.gov/web/permit/public-search-other?t_detail=1&t_selected_folderrsn=12883341,2904 REGENTS PARK,NA,Austin,Texas,United States,2
1300 MC KIE DR UNIT 103,Unit 103 Building 10. New 2 story townhome residence in a 3 unit structure.  Covered porch attached garage 3 bedroom 2.5 bedroom.,2022-03-15,1,2,1300 MC KIE DR UNIT 103,78752,4,NA,https://abc.austintexas.gov/web/permit/public-search-other?t_detail=1&t_selected_folderrsn=12351230,1300 MC KIE DRIVE UNIT 103,NA,Austin,Texas,United States,2
1300 MC KIE DR UNIT 101,Unit 101. New 2 story townhome residence in a 3 unit structure.  Covered porch attached garage 2 bedroom 2.5 bedroom.,2022-03-15,1,2,1300 MC KIE DR UNIT 101,78752,4,NA,https://abc.austintexas.gov/web/permit/public-search-other?t_detail=1&t_selected_folderrsn=12351232,1300 MC KIE DRIVE UNIT 101,NA,Austin,Texas,United States,2
1300 MC KIE DR UNIT 113,Unit 113 Building 11.  New 2 story townhome in 4-unit structure.  Covered porch attached garage 2 bedroom 2.5 bathroom.,2022-03-15,1,2,1300 MC KIE DR UNIT 113,78752,4,NA,https://abc.austintexas.gov/web/permit/public-search-other?t_detail=1&t_selected_folderrsn=12351181,1300 MC KIE DRIVE UNIT 113,NA,Austin,Texas,United States,2
1300 MC KIE DR UNIT 111,Unit 111 Building 11.  New 2 story townhome in 4-unit structure.  Covered porch attached garage 3 bedroom 2.5 bathroom.,2022-03-15,1,2,1300 MC KIE DR UNIT 111,78752,4,NA,https://abc.austintexas.gov/web/permit/public-search-other?t_detail=1&t_selected_folderrsn=12351179,1300 MC KIE DRIVE UNIT 111,NA,Austin,Texas,United States,2
1203 DELONEY ST,Expedited Review - New Construction of a 2-Story SF Res. [3 bed 3.5 bath] w/ attached 2-Car Garage and Roof Deck,2022-03-25,1,2,1203 DELONEY ST,78721,1,NA,https://abc.austintexas.gov/web/permit/public-search-other?t_detail=1&t_selected_folderrsn=12892659,1203 DELONEY STREET,NA,Austin,Texas,United States,2
1300 MC KIE DR BLDG 10,Unit 102 Building 10. New 2 story townhome residence in a 3 unit structure.  Covered porch attached garage 2 bedroom 2.5 bedroom.,2022-03-15,1,2,1300 MC KIE DR BLDG 10,78752,4,NA,https://abc.austintexas.gov/web/permit/public-search-other?t_detail=1&t_selected_folderrsn=12351231,1300 MC KIE DRIVE BLDG 10,NA,Austin,Texas,United States,2
1300 MC KIE DR UNIT 114,Unit 114 Building 11.  New 2 story townhome in 4-unit structure.  Covered porch attached garage 3 bedroom 2.5 bathroom.,2022-03-15,1,2,1300 MC KIE DR UNIT 114,78752,4,NA,https://abc.austintexas.gov/web/permit/public-search-other?t_detail=1&t_selected_folderrsn=12351182,1300 MC KIE DRIVE UNIT 114,NA,Austin,Texas,United States,2
6820 BLUE DAWN TRL BLDG 3,UNIT A NEW 2 STORY SINGLE FAMILY TOWNHOME 4 UNIT PER BUILDING UNIT 3A COVERED ENTRY COVERED PATIO PLAN TYPE 1-1216 L BUILDING HEIGHT 30 MAXIMAM HEIGHT 35FT PARKING: 2 FFE: 649.85 SITE DEVELOPMENT IS APPROVED # SP-2018-0160C EXPIRE 11/21/2022.,2022-02-03,1,2,6820 BLUE DAWN TRL BLDG 3,78744,2,NA,https://abc.austintexas.gov/web/permit/public-search-other?t_detail=1&t_selected_folderrsn=12759388,6820 BLUE DAWN TRAIL BLDG 3,NA,Austin,Texas,United States,2
6820 BLUE DAWN TRL BLDG 3,UNIT B NEW 2 STORY SINGLE FAMILY TOWNHOME 4 UNIT PER BUILDING UNIT 3B COVERED ENTRY COVERED PATIO PLAN TYPE 1-1210 L BUILDING HEIGHT 30 MAXIMAM HEIGHT 35FT PARKING: 2 FFE: 649.85 SITE DEVELOPMENT IS APPROVED # SP-2018-0160C EXPIRE 11/21/2022.,2022-02-03,1,2,6820 BLUE DAWN TRL BLDG 3,78744,2,NA,https://abc.austintexas.gov/web/permit/public-search-other?t_detail=1&t_selected_folderrsn=12759389,6820 BLUE DAWN TRAIL BLDG 3,NA,Austin,Texas,United States,2
8408 BELL MOUNTAIN DR,New 1-story guest house  with attached garage 1/1.5,2022-01-28,1,1,8408 BELL MOUNTAIN DR,78730,10,NA,https://abc.austintexas.gov/web/permit/public-search-other?t_detail=1&t_selected_folderrsn=12745308,8408 BELL MOUNTAIN DRIVE,NA,Austin,Texas,United States,2
2412 VISTA LN,Building 1 New Two Story Single Family House,2022-01-31,2,2,2412 VISTA LN,78703,10,NA,https://abc.austintexas.gov/web/permit/public-search-other?t_detail=1&t_selected_folderrsn=12861727,2412 VISTA LANE,NA,Austin,Texas,United States,2
4505 COOL GRAY CV,Estonian 3316 C Right New - 2 Story SFR w/ 4 bedrooms 3 bathrooms attached 2 car garage covered entry porch and patio loft required parking: 2.,2022-02-02,1,2,4505 COOL GRAY CV,78747,5,NA,https://abc.austintexas.gov/web/permit/public-search-other?t_detail=1&t_selected_folderrsn=12869223,4505 COOL GRAY CV,NA,Austin,Texas,United States,2
906 E 53RD HALF ST,New construction two family residential secondary apartment 2-story 1 bedroom 1 bath with loft 2nd floor balcony and covered front porch.,2022-02-22,1,1,906 E 53RD HALF ST,78751,4,NA,https://abc.austintexas.gov/web/permit/public-search-other?t_detail=1&t_selected_folderrsn=12864848,906 EAST 53RD HALF STREET,NA,Austin,Texas,United States,2
5705 TOSCANA AVE,New 2-story SFR 4 bedrooms 3 bathrooms attached garage and patio,2022-02-17,1,2,5705 TOSCANA AVE,78724,1,NA,https://abc.austintexas.gov/web/permit/public-search-other?t_detail=1&t_selected_folderrsn=12878833,5705 TOSCANA AVE,NA,Austin,Texas,United States,2
5709 TOSCANA AVE,New Two SFR 3 Bed 2.5 Bath,2022-02-18,1,2,5709 TOSCANA AVE,78724,1,NA,https://abc.austintexas.gov/web/permit/public-search-other?t_detail=1&t_selected_folderrsn=12880017,5709 TOSCANA AVE,NA,Austin,Texas,United States,2
4414 BANISTER LN Secondary,New 2-story 1 bedroom 2 bathroom secondary dwelling unit w/ attached carport covered front porch and 2nd floor uncovered balcony.,2022-02-02,1,2,4414 BANISTER LN,78745,5,NA,https://abc.austintexas.gov/web/permit/public-search-other?t_detail=1&t_selected_folderrsn=12869857,4414 BANISTER LANE,NA,Austin,Texas,United States,2
2409 Keating Lane,Building 2 New 2 Story Secondary Apartment over detached Garage/Carport,2022-01-31,1,2,2409 KEATING LN,78703,10,NA,https://abc.austintexas.gov/web/permit/public-search-other?t_detail=1&t_selected_folderrsn=12861728,2409 KEATING LANE,NA,Austin,Texas,United States,2
5701 TOSCANA AVE,New Two Story SFR 3 Bed 2.5 Bath,2022-02-18,1,2,5701 TOSCANA AVE,78724,1,NA,https://abc.austintexas.gov/web/permit/public-search-other?t_detail=1&t_selected_folderrsn=12880011,5701 TOSCANA AVE,NA,Austin,Texas,United States,2
5801 TOSCANA AVE,New SFR 2 Story 3 Bed and 3.5 Baths,2022-01-31,1,2,5801 TOSCANA AVE,78724,1,NA,https://abc.austintexas.gov/web/permit/public-search-other?t_detail=1&t_selected_folderrsn=12868309,5801 TOSCANA AVE,NA,Austin,Texas,United States,2
6820 BLUE DAWN TRL BLDG 3,"UNIT D NEW 2 STORY SINGLE FAMILY TOWNHOME 4 UNIT PER BUILDING UNIT 3D COVERED ENTRY COVERED PATIO PLAN TYPE 1-1216 R BUILDING HEIGHT 30 MAXIMAM HEIGHT 35FT PARKING: 2 FFE: 
649.85 SITE DEVELOPMENT IS APPROVED # SP-2018-0160C EXPAIR 11/21/2022.",2022-02-03,1,2,6820 BLUE DAWN TRL BLDG 3,78744,2,NA,https://abc.austintexas.gov/web/permit/public-search-other?t_detail=1&t_selected_folderrsn=12759391,6820 BLUE DAWN TRAIL BLDG 3,NA,Austin,Texas,United States,2
612 HIGHLAND AVE,"New 3 level Single Family House with detached garage and covered porch

REVISION: This permit did not have two features that need a PP attached. This pool is adding a gas heater and autofill. We will need to get a PP activated to continue. Thanks!

The permit was created by a home builder and no scope for the pool had been completed. It has since grown and the features have been added.",2022-02-22,1,1,612 HIGHLAND AVE,78703,9,NA,https://abc.austintexas.gov/web/permit/public-search-other?t_detail=1&t_selected_folderrsn=12870954,612 HIGHLAND AVE,NA,Austin,Texas,United States,2
6820 BLUE DAWN TRL BLDG 3,UNIT C NEW 2 STORY SINGLE FAMILY TOWNHOME 4 UNIT PER BUILDING UNIT 3C COVERED ENTRY COVERED PATIO PLAN TYPE 1-1210 R BUILDING HEIGHT 30 MAXIMAM HEIGHT 35FT PARKING: 2 FFE: 649.85 SITE DEVELOPMENT IS APPROVED # SP-2018-0160C EXPAIR 11/21/2022.,2022-02-03,1,2,6820 BLUE DAWN TRL BLDG 3,78744,2,NA,https://abc.austintexas.gov/web/permit/public-search-other?t_detail=1&t_selected_folderrsn=12759390,6820 BLUE DAWN TRAIL BLDG 3,NA,Austin,Texas,United States,2
5721 TOSCANA AVE,New 2-Story SFH with porch/patio,2022-01-06,1,2,5721 TOSCANA AVE,78724,1,NA,https://abc.austintexas.gov/web/permit/public-search-other?t_detail=1&t_selected_folderrsn=12856041,5721 TOSCANA AVE,NA,Austin,Texas,United States,2
1209 AZIE MORTON RD,New 3 story single family residence with 4 bedrooms 3 full bathrooms 2 half bathrooms attached garage covered porches and covered roof terrace.,2022-01-05,1,3,1209 AZIE MORTON RD,78704,5,NA,https://abc.austintexas.gov/web/permit/public-search-other?t_detail=1&t_selected_folderrsn=12662847,1209 AZIE MORTON ROAD,NA,Austin,Texas,United States,2
5305 SENDERO HILLS PKWY,New 2-story SFR with 4 bedrooms X bathrooms,2022-01-13,1,2,5305 SENDERO HILLS PKWY,78724,1,NA,https://abc.austintexas.gov/web/permit/public-search-other?t_detail=1&t_selected_folderrsn=12859820,5305 SENDERO HILLS PKWY,NA,Austin,Texas,United States,2
3807 E 51ST ST BLDG 9,Plan Type: BARTON - 1569-L - New two (2) Story Single Family Condominium - single family residence with (2) bedrooms (2.5) bathrooms attached 2 car covered carport covered entry porch and patio,2021-12-23,1,2,3807 E 51ST ST BLDG 9,78723,1,NA,https://abc.austintexas.gov/web/permit/public-search-other?t_detail=1&t_selected_folderrsn=12670361,3807 EAST 51ST STREET BLDG 9,NA,Austin,Texas,United States,2
107 W O DELL ST,New 2-story 2 bedroom 2 bathroom secondary dwelling unit with attached garage and covered patio.,2021-12-30,1,2,107 W O DELL ST,78752,4,NA,https://abc.austintexas.gov/web/permit/public-search-other?t_detail=1&t_selected_folderrsn=12837894,107 WEST O DELL STREET,NA,Austin,Texas,United States,2
3807 E 51ST ST BLDG 4,Plan Type: TRAVIS 2190-L - New Three (3) Story Single Family Detached Condominium - Single Family Residence with (3) Bedrooms Attached 2 car garage Covered Entry Porch and Patio.  Building Height: 38 4-3/4 Max Height: 60 Req Parking 2  FFE 550.50,2021-12-23,1,3,3807 E 51ST ST BLDG 4,78723,1,NA,https://abc.austintexas.gov/web/permit/public-search-other?t_detail=1&t_selected_folderrsn=12667107,3807 EAST 51ST STREET BLDG 4,NA,Austin,Texas,United States,2
510 SUNNY LN,Expedited Review - New Construction of a 2-Story Duplex [6bed 7bath] with Habitable Attics and 2 Detached 1-car Garages,2021-12-29,2,2,510 SUNNY LN,78704,9,NA,https://abc.austintexas.gov/web/permit/public-search-other?t_detail=1&t_selected_folderrsn=12799837,510 SUNNY LANE,NA,Austin,Texas,United States,2
3807 E 51ST ST BLDG 14,Plan Type: DOMAIN - 1960-L - New two (2) Story Single Family Condominium - single family residence with (2) bedrooms (2.5) bathrooms attached 2 car garage covered entry porch and patio,2021-12-23,1,2,3807 E 51ST ST BLDG 14,78723,1,NA,https://abc.austintexas.gov/web/permit/public-search-other?t_detail=1&t_selected_folderrsn=12670346,3807 EAST 51ST STREET BLDG 14,NA,Austin,Texas,United States,2
6000 PERLITA DR,New 2-story SFR with 3 bedrooms 2.5 bathrooms,2022-01-10,1,2,6000 PERLITA DR,78724,1,NA,https://abc.austintexas.gov/web/permit/public-search-other?t_detail=1&t_selected_folderrsn=12857043,6000 PERLITA DRIVE,NA,Austin,Texas,United States,2
6224 SENDERO HILLS PKWY,New 1 story SFR with 3 bedrooms 3.5 bathrooms Game room,2022-01-07,1,2,6224 SENDERO HILLS PKWY,78724,1,NA,https://abc.austintexas.gov/web/permit/public-search-other?t_detail=1&t_selected_folderrsn=12856149,6224 SENDERO HILLS PKWY,NA,Austin,Texas,United States,2
5520 AGATHA CIR,"New SFR 4 bedrooms 3 baths 
Completed application sent 11/12/21.",2022-01-13,1,2,5520 AGATHA CIR,78724,1,NA,https://abc.austintexas.gov/web/permit/public-search-other?t_detail=1&t_selected_folderrsn=12857810,5520 AGATHA CIR,NA,Austin,Texas,United States,2
5729 TOSCANA AVE,New SFR 3 bed 2.5 bath 2 car garage Completed application sent 11/8/21.,2022-01-04,1,2,5729 TOSCANA AVE,78724,1,NA,https://abc.austintexas.gov/web/permit/public-search-other?t_detail=1&t_selected_folderrsn=12854013,5729 TOSCANA AVE,NA,Austin,Texas,United States,2
3807 E 51ST ST BLDG 12,Plan Type: Llano - 2214-L - New Three (3) Story Single Family Condominium -  single family residence with (3) bedrooms (3) bathrooms attached 2 car covered carport covered entry porch and patio,2021-12-23,1,3,3807 E 51ST ST BLDG 12,78723,1,NA,https://abc.austintexas.gov/web/permit/public-search-other?t_detail=1&t_selected_folderrsn=12670350,3807 EAST 51ST STREET BLDG 12,NA,Austin,Texas,United States,2
3807 E 51ST ST BLDG 10,Plan Type: TRAVIS - 2190-L - New Three (3) Story Single Family Condominium  - single family residence with (3) bedrooms (3) bathrooms attached 2 car garage covered entry porch and patio,2021-12-23,1,3,3807 E 51ST ST BLDG 10,78723,1,NA,https://abc.austintexas.gov/web/permit/public-search-other?t_detail=1&t_selected_folderrsn=12670355,3807 EAST 51ST STREET BLDG 10,NA,Austin,Texas,United States,2
3807 E 51ST ST BLDG 15,Plan Type: FRANKLIN - 1770-L - New two (2) Story Single Family Condominium - single family residence with (2) bedrooms (2.5) bathrooms attached 2 car covered carport covered entry porch and patio,2021-12-23,1,2,3807 E 51ST ST BLDG 15,78723,1,NA,https://abc.austintexas.gov/web/permit/public-search-other?t_detail=1&t_selected_folderrsn=12670342,3807 EAST 51ST STREET BLDG 15,NA,Austin,Texas,United States,2
3807 E 51ST ST BLDG 8,Plan Type: SOCO - 1398-L New two (2) Story Single Family Condominium - single family residence with (2) bedrooms (2.5) bathrooms attached 2 car covered carport covered entry porch and patio,2021-12-23,1,2,3807 E 51ST ST BLDG 8,78723,1,NA,https://abc.austintexas.gov/web/permit/public-search-other?t_detail=1&t_selected_folderrsn=12670365,3807 EAST 51ST STREET BLDG 8,NA,Austin,Texas,United States,2
3807 E 51ST ST BLDG 16,Plan Type: BONNELL - 1666-L - New two (2) Story Single Family Condominium - single family residence with (3) bedrooms (2.5) bathrooms attached 2 car covered carport covered entry porch and patio,2021-12-23,1,2,3807 E 51ST ST BLDG 16,78723,1,NA,https://abc.austintexas.gov/web/permit/public-search-other?t_detail=1&t_selected_folderrsn=12670338,3807 EAST 51ST STREET BLDG 16,NA,Austin,Texas,United States,2
602 HIGHLAND AVE,New construction secondary apartment 2-story 2 bedroom 2 bath with covered deck.,2022-01-24,1,2,602 HIGHLAND AVE,78703,9,NA,https://abc.austintexas.gov/web/permit/public-search-other?t_detail=1&t_selected_folderrsn=12405966,602 HIGHLAND AVE,NA,Austin,Texas,United States,2
3807 E 51ST ST BLDG 17,Plan Type: SIXTH - 1920-L - New two (2) Story Single Family Condominium - single family residence with (2) bedrooms (2.5) bathrooms attached 2 car covered carport covered entry porch and patio,2021-12-23,1,2,3807 E 51ST ST BLDG 17,78723,1,NA,https://abc.austintexas.gov/web/permit/public-search-other?t_detail=1&t_selected_folderrsn=12670333,3807 EAST 51ST STREET BLDG 17,NA,Austin,Texas,United States,2
5512 AGATHA CIR,New SFR 2-story,2022-01-10,1,2,5512 AGATHA CIR,78724,1,NA,https://abc.austintexas.gov/web/permit/public-search-other?t_detail=1&t_selected_folderrsn=12857515,5512 AGATHA CIR,NA,Austin,Texas,United States,2
5401 AGATHA CIR,New 2-story SFR with 3 bedrooms 2.5 bathrooms,2021-11-16,1,2,5401 AGATHA CIR,78724,1,NA,https://abc.austintexas.gov/web/permit/public-search-other?t_detail=1&t_selected_folderrsn=12827965,5401 AGATHA CIR,NA,Austin,Texas,United States,2
2801 RAE DELL AVE,New 2-story Single Family Home with Accessory Office,2021-11-23,1,2,2801 RAE DELL AVE,78704,5,NA,https://abc.austintexas.gov/web/permit/public-search-other?t_detail=1&t_selected_folderrsn=12400576,2801 RAE DELL AVE,NA,Austin,Texas,United States,2
7309 AVA LN,New 2 story sfr with 4 bedrooms 3 bathrooms game room 2 car garage and covered patio/balcony,2021-12-01,1,2,7309 AVA LN,78724,1,NA,https://abc.austintexas.gov/web/permit/public-search-other?t_detail=1&t_selected_folderrsn=12838000,7309 AVA LANE,NA,Austin,Texas,United States,2
12911 STANFORD DR,Randall 3314 C Left New - 2 Story SFR CONDOMINUM w/ 3 bedrooms 2.5 bathrooms attached 2 car garage covered entry porch and patio loft FFE: 710.14 Site Plan: SP-2018-0326C Site Plan Exp.: 12/02/22 Max Bld height: 31 Actual Bld height: 30-9 required parking: 2.,2021-12-07,1,2,12911 STANFORD DR,78652,5,NA,https://abc.austintexas.gov/web/permit/public-search-other?t_detail=1&t_selected_folderrsn=12835543,12911 STANFORD DRIVE,NA,Austin,Texas,United States,2
2909 BRONX DR,2909 Bronx Drive: Cantata-2635-F-Left New 2-Story Single Family Home 4 Bedrooms 2.5 Baths attached 2-Car Garage and Extended Covered Patio,2021-12-06,1,2,2909 BRONX DR,78660,1,NA,https://abc.austintexas.gov/web/permit/public-search-other?t_detail=1&t_selected_folderrsn=12834015,2909 BRONX DRIVE,NA,Austin,Texas,United States,2
5713 TOSCANA AVE,New 2-story SFR,2021-12-13,1,2,5713 TOSCANA AVE,78724,1,NA,https://abc.austintexas.gov/web/permit/public-search-other?t_detail=1&t_selected_folderrsn=12843704,5713 TOSCANA AVE,NA,Austin,Texas,United States,2
6228 SENDERO HILLS PKWY,New 2-story SFR with 3 bedrooms 2.5 bathrooms 2 car garage,2021-12-06,1,2,6228 SENDERO HILLS PKWY,78724,1,NA,https://abc.austintexas.gov/web/permit/public-search-other?t_detail=1&t_selected_folderrsn=12839937,6228 SENDERO HILLS PKWY,NA,Austin,Texas,United States,2
6404 WILBUR DR,Expedited Review - New Construction of a 2-Story SF Res [5bed 5.5bath] with attached 3-car Garage,2021-11-01,1,2,6404 WILBUR DR,78757,7,NA,https://abc.austintexas.gov/web/permit/public-search-other?t_detail=1&t_selected_folderrsn=12808531,6404 WILBUR DRIVE,NA,Austin,Texas,United States,2
1710 HASKELL ST,BLDG 1: New 2-story SFR w/ covered porches balcony terrace and attached carport. 3/3,2021-10-20,1,2,1710 HASKELL ST,78702,3,NA,https://abc.austintexas.gov/web/permit/public-search-other?t_detail=1&t_selected_folderrsn=12683567,1710 HASKELL STREET,NA,Austin,Texas,United States,2
11516 SPICEWOOD PKWY,New construction of a 3-Story home.,2021-10-21,1,3,11516 SPICEWOOD PKWY,78750,6,NA,https://abc.austintexas.gov/web/permit/public-search-other?t_detail=1&t_selected_folderrsn=12805289,11516 SPICEWOOD PKWY,NA,Austin,Texas,United States,2
418 KEMP ST,New 2-story SFR with attached garage and covered porch and patio    2/3.5,2021-10-25,1,2,418 KEMP ST,78741,3,NA,https://abc.austintexas.gov/web/permit/public-search-other?t_detail=1&t_selected_folderrsn=12637130,418 KEMP STREET,NA,Austin,Texas,United States,2
5345 AGATHA CIR,New 2-story SFR with 4 bedrooms 4 bathrooms,2021-10-18,1,2,5345 AGATHA CIR,78724,1,NA,https://abc.austintexas.gov/web/permit/public-search-other?t_detail=1&t_selected_folderrsn=12802090,5345 AGATHA CIR,NA,Austin,Texas,United States,2
910 POPLAR ST BLDG 2,ePlan: Expedited Review -  New Construction Multi-Family Res. Building 2 -  Contains a unit on each floor (3x)  and a Roof Terrace.,2021-11-09,3,3,910 POPLAR ST BLDG 2,78705,9,NA,https://abc.austintexas.gov/web/permit/public-search-other?t_detail=1&t_selected_folderrsn=12818263,910 POPLAR STREET BLDG 2,NA,Austin,Texas,United States,2
1710 HASKELL ST,BLDG 2: New 2 story 1025 sqft secondary dwelling unit with balcony on 2nd floor (not permitted to be enclosed). 2/2.5,2021-10-20,1,2,1710 HASKELL ST,78702,3,NA,https://abc.austintexas.gov/web/permit/public-search-other?t_detail=1&t_selected_folderrsn=12683568,1710 HASKELL STREET,NA,Austin,Texas,United States,2
910 POPLAR ST BLDG 1,ePlan: Expedited Review - New Construction  Multi-Family Bldgs.  [BLDG. 1 - Below Grade Parking permitted separately]  includes (2x) Multi-Family Units Roof Deck and Outdoor Bar.,2021-11-09,2,2,910 POPLAR ST BLDG 1,78705,9,NA,https://abc.austintexas.gov/web/permit/public-search-other?t_detail=1&t_selected_folderrsn=12818262,910 POPLAR STREET BLDG 1,NA,Austin,Texas,United States,2
4610 LYONS RD,New construction secondary apartment 2-story 2 bedroom 2 bath with attached 1-car carport covered front porch uncovered rear wood deck and uncovered roof top deck.,2021-10-06,1,2,4610 LYONS RD,78702,3,NA,https://abc.austintexas.gov/web/permit/public-search-other?t_detail=1&t_selected_folderrsn=12784211,4610 LYONS ROAD,NA,Austin,Texas,United States,2
2304 MAXWELL LN,Expedited Review - New construction of a 2-story secondary apartment [2bed 2.5bath] with attached 1-car garage.,2021-09-27,1,2,2304 MAXWELL LN,78741,3,NA,https://abc.austintexas.gov/web/permit/public-search-other?t_detail=1&t_selected_folderrsn=12788441,2304 MAXWELL LANE,NA,Austin,Texas,United States,2
207 LAGO VERDE DR,Expedited Review - New Construction of a 2-Story SF Res [2bed 2bath],2021-10-04,1,2,207 LAGO VERDE DR,78734,10,NA,https://abc.austintexas.gov/web/permit/public-search-other?t_detail=1&t_selected_folderrsn=12792802,207 LAGO VERDE DRIVE,NA,Austin,Texas,United States,2
6501 BERKMAN DR BLDG 2 (ADU),New 2-story ADU 2br/2bath w/garage covered porches and balcony,2021-10-11,1,2,6501 BERKMAN DR BLDG 2,78723,4,NA,https://abc.austintexas.gov/web/permit/public-search-other?t_detail=1&t_selected_folderrsn=12693166,6501 BERKMAN DRIVE BLDG 2,NA,Austin,Texas,United States,2
2304 MAXWELL LN,Expedited Review - New construction of a 2-story SF Res [3bed 2.5bath] with attached 1-car garage,2021-09-27,1,2,2304 MAXWELL LN,78741,3,NA,https://abc.austintexas.gov/web/permit/public-search-other?t_detail=1&t_selected_folderrsn=12788440,2304 MAXWELL LANE,NA,Austin,Texas,United States,2
7228 SPOTTED LEAF WAY,2310 A-R  New 2 Story  SFR 3 Bed 2.5 Bath covered porch and patio with 2 car garage,2021-09-28,1,2,7228 SPOTTED LEAF WAY,78617,2,NA,https://abc.austintexas.gov/web/permit/public-search-other?t_detail=1&t_selected_folderrsn=12782570,7228 SPOTTED LEAF WAY,NA,Austin,Texas,United States,2
1010 E 49TH ST BLDG 2,New 2 Story Secondary Dwelling to the rear of main house with attached garage and cover porches. 2/2.5,2021-09-24,1,NA,1010 E 49TH ST BLDG 2,78751,9,NA,https://abc.austintexas.gov/web/permit/public-search-other?t_detail=1&t_selected_folderrsn=12782162,1010 EAST 49TH STREET BLDG 2,NA,Austin,Texas,United States,2
6612 MIRA LOMA LN,New single story secondary dwelling unit with 1 bedroom 1 bathroom covered porch and attached garage.,2021-10-05,1,1,6612 MIRA LOMA LN,78723,4,NA,https://abc.austintexas.gov/web/permit/public-search-other?t_detail=1&t_selected_folderrsn=12706708,6612 MIRA LOMA LANE,NA,Austin,Texas,United States,2
6810 OASIS PASS,New construction of a single family residence with an accessory apartment for staff. 6 bedrooms 6.5 baths.  Accessory apartment 2 bedroom 2.5 bath.,2021-10-08,1,3,6810 OASIS PASS,78732,10,NA,https://abc.austintexas.gov/web/permit/public-search-other?t_detail=1&t_selected_folderrsn=12528151,6810 OASIS PASS,NA,Austin,Texas,United States,2
309 OERTLI LN BLDG 2,Expedited Review - New construction of a 2-story secondary apartment with 2-car garage and porch.,2021-09-17,1,1,309 OERTLI LN BLDG 2,78753,4,NA,https://abc.austintexas.gov/web/permit/public-search-other?t_detail=1&t_selected_folderrsn=12770670,309 OERTLI LANE BLDG 2,NA,Austin,Texas,United States,2
6215 CLUB TER,2-story secondary apartment with garage.,2021-09-03,1,2,6215 CLUB TER,78741,3,NA,https://abc.austintexas.gov/web/permit/public-search-other?t_detail=1&t_selected_folderrsn=12774210,6215 CLUB TER,NA,Austin,Texas,United States,2
907 KAREN AVE,"Expedited Review - New Construction of a 2-Story Single Family Res. [4bed 3bath] with attached 2-Car Garage 
Revision 1: add rear covered patio",2021-08-19,1,2,907 KAREN AVE,78757,7,NA,https://abc.austintexas.gov/web/permit/public-search-other?t_detail=1&t_selected_folderrsn=12751789,907 KAREN AVE,NA,Austin,Texas,United States,2
3117 MARY ST,"New 3 bedroom 2 bathroom manufactured home with front and rear covered wood decks. 
Revision 1: Install Type III driveway approach. Sidewalk waiver granted.",2021-08-04,1,1,3117 MARY ST,78617,2,NA,https://abc.austintexas.gov/web/permit/public-search-other?t_detail=1&t_selected_folderrsn=12581743,3117 MARY STREET,NA,Austin,Texas,United States,2
1032 SPRINGDALE RD UNIT 104,"New construction of a  three-story townhouse with attached garage and balcony.
Note: expiration date extended to Dec. 31 2021 in compliance with mayors COVID-19 orders.",2021-07-30,1,3,1032 SPRINGDALE RD UNIT 104,78721,1,NA,https://abc.austintexas.gov/web/permit/public-search-other?t_detail=1&t_selected_folderrsn=12379679,1032 SPRINGDALE ROAD UNIT 104,NA,Austin,Texas,United States,2
3707 RIVERCREST DR,Expedited Review - New Construction of a 3-Story Single Family Res. with attached 2-car Garage (4 Beds 4.5 Baths) and Pool/spa,2021-08-06,1,2,3707 RIVERCREST DR,78746,10,NA,https://abc.austintexas.gov/web/permit/public-search-other?t_detail=1&t_selected_folderrsn=12755412,3707 RIVERCREST DRIVE,NA,Austin,Texas,United States,2
1032 SPRINGDALE RD UNIT 103,"New construction of a  three-story townhouse with attached garage and balcony.
Note: expiration date extended to Dec. 31 2021 in compliance with mayors COVID-19 orders.",2021-07-30,1,3,1032 SPRINGDALE RD UNIT 103,78721,1,NA,https://abc.austintexas.gov/web/permit/public-search-other?t_detail=1&t_selected_folderrsn=12379678,1032 SPRINGDALE ROAD UNIT 103,NA,Austin,Texas,United States,2
3112 SACBE CV,New 2-story SFR,2021-08-06,1,1,3112 SACBE CV,78745,5,NA,https://abc.austintexas.gov/web/permit/public-search-other?t_detail=1&t_selected_folderrsn=12713128,3112 SACBE CV,NA,Austin,Texas,United States,2
900 PITTSBURGH DR,Galloway 3312 A Left New - 1 Story SFR CONDOMINUM w/ 3 bedrooms 2 bathrooms attached 2 car garage covered entry porch and extended patio loft FFE: 730.73 Site Plan: SP-2018-0326C Site Plan Exp.: 12/02/22 Max Bld height: 22 Actual Bld height: 21-10 required parking: 2.,2021-07-06,1,2,900 PITTSBURGH DR,78652,5,NA,https://abc.austintexas.gov/web/permit/public-search-other?t_detail=1&t_selected_folderrsn=12733399,900 PITTSBURGH DRIVE,NA,Austin,Texas,United States,2
4608 KITTY AVE,New construction of a 2-Story Secondary Apartment with covered porch patio balcony and attached carport.,2021-07-02,1,2,4608 KITTY AVE,78721,1,NA,https://abc.austintexas.gov/web/permit/public-search-other?t_detail=1&t_selected_folderrsn=12731627,4608 KITTY AVE,NA,Austin,Texas,United States,2
4215 SHOALWOOD AVE,"Building #2 New 2 Story Secondary Dwelling 2/2
38 Pecan center; 21 Cedar Elm front",2021-06-23,1,2,4215 SHOALWOOD AVE,78756,10,NA,https://abc.austintexas.gov/web/permit/public-search-other?t_detail=1&t_selected_folderrsn=12693219,4215 SHOALWOOD AVE,NA,Austin,Texas,United States,2
3402 DUVAL ST,New detached garage with second floor secondary dwelling unit. 1 bedroom 1 bathroom.,2021-07-12,1,2,3402 DUVAL ST,78705,9,NA,https://abc.austintexas.gov/web/permit/public-search-other?t_detail=1&t_selected_folderrsn=12429766,3402 DUVAL STREET,NA,Austin,Texas,United States,2
6409 ARDEN FALLS DR,Gibson-1667CR-New 2-Story Single Family Residence w/ 3 bedrooms 2.5 bathrooms attached 2 car garage covered entry porch & patio,2021-07-14,1,2,6409 ARDEN FALLS DR,78747,2,NA,https://abc.austintexas.gov/web/permit/public-search-other?t_detail=1&t_selected_folderrsn=12739290,6409 ARDEN FALLS DRIVE,NA,Austin,Texas,United States,2
4910 PLUM PEACH BND,"1940 Zilker E2 Left Single Family 2-Story Condominium 3-Bdrm 2.5Bath 2-Car Garage. Building Height: 24-6 21/64
Maximum Height: 30. Required Parking: 2. Required FFE: 597.50 Site Plan SP-2014-0508C Site Plan Exp: 03-15- 2025",2021-06-23,1,2,4910 PLUM PEACH BND,78723,1,NA,https://abc.austintexas.gov/web/permit/public-search-other?t_detail=1&t_selected_folderrsn=12725028,4910 PLUM PEACH BND,NA,Austin,Texas,United States,2
2011 MAXWELL LN,New construction of a two-story secondary apartment 2/2.5 with attached carport balcony and covered porch.,2021-06-24,1,2,2011 MAXWELL LN,78741,3,NA,https://abc.austintexas.gov/web/permit/public-search-other?t_detail=1&t_selected_folderrsn=12551520,2011 MAXWELL LANE,NA,Austin,Texas,United States,2
5102 MARSHALL FORD RD,"*COC* New 1-story modular home 2 bedrooms. 2 bathrooms attached 2 car garage and wood decks 
Note: Not in Austin Water service area",2021-06-10,1,1,5102 MARSHALL FORD RD,78732,10,NA,https://abc.austintexas.gov/web/permit/public-search-other?t_detail=1&t_selected_folderrsn=12612806,5102 MARSHALL FORD ROAD,NA,Austin,Texas,United States,2
8807 BESTRIDE BND,PUD  New 2-story SFR with attached garage and covered porch   4/3.5,2021-05-25,1,2,8807 BESTRIDE BND,78744,2,NA,https://abc.austintexas.gov/web/permit/public-search-other?t_detail=1&t_selected_folderrsn=12705106,8807 BESTRIDE BND,NA,Austin,Texas,United States,2
4504 PIVOT ST,4504 Pivot St Unit 296; New 3-story Townhouse 3br/3.5bath w/garage,2021-05-25,1,3,4504 PIVOT ST,78731,10,NA,https://abc.austintexas.gov/web/permit/public-search-other?t_detail=1&t_selected_folderrsn=12704756,4504 PIVOT STREET,NA,Austin,Texas,United States,2
4506 PIVOT ST,4506 Pivot St Unit 297; New 3-story Townhouse 3br/3.5bath w/garage,2021-05-25,1,3,4506 PIVOT ST,78731,10,NA,https://abc.austintexas.gov/web/permit/public-search-other?t_detail=1&t_selected_folderrsn=12704757,4506 PIVOT STREET,NA,Austin,Texas,United States,2
4500 PIVOT ST,4500 Pivot St Unit 294; New 3-story Townhouse 3br/3.5bath w/garage,2021-05-25,1,3,4500 PIVOT ST,78731,10,NA,https://abc.austintexas.gov/web/permit/public-search-other?t_detail=1&t_selected_folderrsn=12704754,4500 PIVOT STREET,NA,Austin,Texas,United States,2
2804 SEBRING CIR,Bradford 3315 C Right New - 2 Story SFR CONDOMINUM w/ 3 bedrooms 2.5 bathrooms attached 2 car garage covered entry porch and patio loft FFE: 603.00 Site Plan: SP-2018-0390C Site Plan Exp.: 01/03/23 Max Bld height: 27 Actual Bld height: 26-9 required parking: 2.,2021-05-24,1,2,2804 SEBRING CIR,78747,5,NA,https://abc.austintexas.gov/web/permit/public-search-other?t_detail=1&t_selected_folderrsn=12703207,2804 SEBRING CIR,NA,Austin,Texas,United States,2
4502 PIVOT ST,4502 Pivot St Unit 295; New 3-story Townhouse 3br/3.5bath w/garage,2021-05-25,1,3,4502 PIVOT ST,78731,10,NA,https://abc.austintexas.gov/web/permit/public-search-other?t_detail=1&t_selected_folderrsn=12704755,4502 PIVOT STREET,NA,Austin,Texas,United States,2
9500 ARGYLE DR,Add new uncovered deck,2021-06-08,1,2,9500 ARGYLE DR,78749,8,NA,https://abc.austintexas.gov/web/permit/public-search-other?t_detail=1&t_selected_folderrsn=12707971,9500 ARGYLE DRIVE,NA,Austin,Texas,United States,2
4508 PIVOT ST,4508 Pivot St Unit 298; New 3-story Townhouse 3br/3.5bath w/garage,2021-05-25,1,3,4508 PIVOT ST,78731,10,NA,https://abc.austintexas.gov/web/permit/public-search-other?t_detail=1&t_selected_folderrsn=12704758,4508 PIVOT STREET,NA,Austin,Texas,United States,2
7804 SKYTREE DR,New construction single family residential 1-story 4 bedroom 2.5 bath with attached 3-car garage covered front porch covered side patio and attached secondary apartment above garage: 1 bedroom 1 bath.,2021-04-29,2,2,7804 SKYTREE DR,78744,2,NA,https://abc.austintexas.gov/web/permit/public-search-other?t_detail=1&t_selected_folderrsn=12687486,7804 SKYTREE DRIVE,NA,Austin,Texas,United States,2
8116 SKYTEX ST,3412-E-1/two story new residential dwelling/4 bedroom/3 bathroom/3 car covered garage/right swing/3412/,2021-05-10,1,2,8116 SKYTEX ST,78744,2,NA,https://abc.austintexas.gov/web/permit/public-search-other?t_detail=1&t_selected_folderrsn=12693346,8116 SKYTEX STREET,NA,Austin,Texas,United States,2
9600 ELOQUENCE DR,STEVENSON- 2150 C-R SINGLE FAMILY RESIDENCE 2 STORY 4 BEDROOM  2.5 BATHROOM 2 CAR GARAGE COVERED ENTRY;  PATIO 1,2021-04-15,1,2,9600 ELOQUENCE DR,78653,1,NA,https://abc.austintexas.gov/web/permit/public-search-other?t_detail=1&t_selected_folderrsn=12676823,9600 ELOQUENCE DRIVE,NA,Austin,Texas,United States,2
2311 WESTROCK DR,New construction 2 story single family house.  5 bedrooms 4.5 baths 3 car garage.  Change of use for existing residence to guest house.,2021-04-21,1,2,2311 WESTROCK DR,78704,5,NA,https://abc.austintexas.gov/web/permit/public-search-other?t_detail=1&t_selected_folderrsn=11532751,2311 WESTROCK DRIVE,NA,Austin,Texas,United States,2
5912 HAROLD COURT Unit 103,New 3-story townhome condominium residential building with 8 units. 5 units permitted under this plan review. Unit 103 with (3) bedrooms (3.5) bathrooms attached garage loft and covered patios.,2021-03-16,1,3,5912 HAROLD CT UNIT 103,78721,1,NA,https://abc.austintexas.gov/web/permit/public-search-other?t_detail=1&t_selected_folderrsn=12629556,5912 HAROLD CT UNIT 103,NA,Austin,Texas,United States,2
9701 ELOQUENCE DR,STEVENSON - 2150 C-L SINGLE FAMILY RESIDENCE 2 STORY 4 BEDROOM 3.5.BATHROOM 3  CAR GARAGE COVERED ENTRY; PATIO 2,2021-03-24,1,2,9701 ELOQUENCE DR,78653,1,NA,https://abc.austintexas.gov/web/permit/public-search-other?t_detail=1&t_selected_folderrsn=12662426,9701 ELOQUENCE DRIVE,NA,Austin,Texas,United States,2
1205 TAYLOR ST,New 2-story SFR with attached garage covered porch and patio    3/3,2021-03-09,1,2,1205 TAYLOR ST,78702,3,NA,https://abc.austintexas.gov/web/permit/public-search-other?t_detail=1&t_selected_folderrsn=12625508,1205 TAYLOR STREET,NA,Austin,Texas,United States,2
909 PITTSBURGH DR,Randall 3314 C Left New - 2 Story SFR CONDOMINUM w/ 3 bedrooms 2.5 bathrooms attached 2 car garage covered entry porch and patio loft FFE: 722.40 Site Plan: SP-2018-0326C Site Plan Exp.: 12/02/22 Max Bld height: 31 Actual Bld height: 30-9 required parking: 2.,2021-03-08,1,2,909 PITTSBURGH DR,78652,5,NA,https://abc.austintexas.gov/web/permit/public-search-other?t_detail=1&t_selected_folderrsn=12648204,909 PITTSBURGH DRIVE,NA,Austin,Texas,United States,2
5912 HAROLD COURT Unit 104,New 3-story townhome condominium residential building with 8 units. 5 units permitted under this plan review. Unit 104 with (2) bedrooms (2.5) bathrooms attached garage and covered patios.,2021-03-16,1,3,5912 HAROLD CT UNIT 104,78721,1,NA,https://abc.austintexas.gov/web/permit/public-search-other?t_detail=1&t_selected_folderrsn=12629557,5912 HAROLD CT UNIT 104,NA,Austin,Texas,United States,2
5912 HAROLD COURT Unit 105,New 3-story townhome condominium residential building with 8 units. 5 units permitted under this plan review. Unit 105 with (3) bedrooms (3.5) bathrooms attached garage loft and covered patios.,2021-03-16,1,3,5912 HAROLD CT UNIT 105,78721,1,NA,https://abc.austintexas.gov/web/permit/public-search-other?t_detail=1&t_selected_folderrsn=12629558,5912 HAROLD CT UNIT 105,NA,Austin,Texas,United States,2
3205 FUNSTON ST,New 1-story ADU 0br/1bath w/uncovered deck,2021-03-23,1,1,3205 FUNSTON ST,78703,10,NA,https://abc.austintexas.gov/web/permit/public-search-other?t_detail=1&t_selected_folderrsn=12654757,3205 FUNSTON STREET,NA,Austin,Texas,United States,2
911 E 3RD ST,New 3-story SFR w/ accessory apartment and attached garage  2/2,2021-03-11,1,3,911 E 3RD ST,78702,3,NA,https://abc.austintexas.gov/web/permit/public-search-other?t_detail=1&t_selected_folderrsn=12599847,911 EAST 3RD STREET,NA,Austin,Texas,United States,2
1020 LINDEN ST,New construction of single story single family residence made from a shipping container with 1 bedroom and 1 bath.,2021-03-25,1,1,1020 LINDEN ST,78702,3,NA,https://abc.austintexas.gov/web/permit/public-search-other?t_detail=1&t_selected_folderrsn=10828382,1020 LINDEN STREET,NA,Austin,Texas,United States,2
9620 GRAPEVINE LEAF DR,New 2 story single family residence with 4 bedrooms 3 bathrooms covered porches and attached garage.,2021-02-25,1,2,9620 GRAPEVINE LEAF DR,78653,1,NA,https://abc.austintexas.gov/web/permit/public-search-other?t_detail=1&t_selected_folderrsn=12638182,9620 GRAPEVINE LEAF DRIVE,NA,Austin,Texas,United States,2
900 PITTSBURGH DR,Highland 3313 B Left New - 1 Story SFR CONDOMINUM w/ 3 bedrooms 2 bathrooms attached 2 car garage covered entry porch and extended patio loft FFE: 730.73 Site Plan: SP-2018-0326C Site Plan Exp.: 12/02/22 Max Bld height: 22 Actual Bld height: 21-10 required parking: 2.,2021-02-01,1,1,900 PITTSBURGH DR,78652,5,NA,https://abc.austintexas.gov/web/permit/public-search-other?t_detail=1&t_selected_folderrsn=12629151,900 PITTSBURGH DRIVE,NA,Austin,Texas,United States,2
801 GAINESVILLE DR,Estonian 3316 B Right New - 2 Story SFR CONDOMINUM w/ 3 bedrooms 2.5 bathrooms attached 2 car garage covered entry porch and patio loft FFE: 696.32 Site Plan: SP-2018-0326C Site Plan Exp.: 12/02/22 Max Bld height: 31 Actual Bld height: 30-4 required parking: 2.,2021-02-09,1,2,801 GAINESVILLE DR,78652,5,NA,https://abc.austintexas.gov/web/permit/public-search-other?t_detail=1&t_selected_folderrsn=12637103,801 GAINESVILLE DRIVE,NA,Austin,Texas,United States,2
5111 ROB SCOTT ST,New 2-story SFR with attached garage and  covered porch    3/2.5,2021-02-24,1,2,5111 ROB SCOTT ST,78721,1,NA,https://abc.austintexas.gov/web/permit/public-search-other?t_detail=1&t_selected_folderrsn=12642276,5111 ROB SCOTT STREET,NA,Austin,Texas,United States,2
1803 PALMA PLZ Bldg #2,New construction secondary apartment 1-story 1 bedroom 1 bath.,2021-02-24,1,1,1803 PALMA PLZ,78703,9,NA,https://abc.austintexas.gov/web/permit/public-search-other?t_detail=1&t_selected_folderrsn=12629026,1803 PALMA PLZ,NA,Austin,Texas,United States,2
12718 BLOOMINGTON DR,Estonian 3316 C Right New - 2 Story SFR CONDOMINUM w/ 4 bedrooms 3 bathrooms attached 2 car garage covered entry porch and patio loft FFE: 711.16 Site Plan: SP-2018-0326C Site Plan Exp.: 12/02/22 Max Bld height: 27 Actual Bld height: 26-11 required parking: 2.,2021-02-09,1,2,12718 BLOOMINGTON DR,78652,5,NA,https://abc.austintexas.gov/web/permit/public-search-other?t_detail=1&t_selected_folderrsn=12637537,12718 BLOOMINGTON DRIVE,NA,Austin,Texas,United States,2
806 GAINESVILLE DR,Estonian 3316 C Right New - 2 Story SFR CONDOMINUM w/ 4 bedrooms 3 bathrooms attached 2 car garage covered entry porch and extended patio loft FFE: 705.31 Site Plan: SP-2018-0326C Site Plan Exp.: 12/02/22 Max Bld height: 27 Actual Bld height: 26-11 required parking: 2.,2021-02-09,1,2,806 GAINESVILLE DR,78652,5,NA,https://abc.austintexas.gov/web/permit/public-search-other?t_detail=1&t_selected_folderrsn=12637154,806 GAINESVILLE DRIVE,NA,Austin,Texas,United States,2
2905 NIAGARA DR,New 2 story single family residence with 4 bedrooms 3.5 bathrooms office and covered porches.,2021-01-25,1,2,2905 NIAGARA DR,78733,10,NA,https://abc.austintexas.gov/web/permit/public-search-other?t_detail=1&t_selected_folderrsn=12620998,2905 NIAGARA DRIVE,NA,Austin,Texas,United States,2
7609 GAULT ST,New 2 story primary residence with 3 bedrooms 2.5 bathrooms covered porch and attached garage.,2021-01-29,1,2,7609 GAULT ST,78757,7,NA,https://abc.austintexas.gov/web/permit/public-search-other?t_detail=1&t_selected_folderrsn=12602457,7609 GAULT STREET,NA,Austin,Texas,United States,2
809 CUMBERLAND RD,Building 1 New 2 Story Single Family House with attached carport,2021-01-20,1,2,809 CUMBERLAND RD,78704,3,NA,https://abc.austintexas.gov/web/permit/public-search-other?t_detail=1&t_selected_folderrsn=12619862,809 CUMBERLAND ROAD,NA,Austin,Texas,United States,2
2702 OAK PARK DR,"Expedited Review - New Construction of a 2-Story Single Family Res. [5bed 4.5bath] with attached 2 Car Garage
Prereq Cycle: 1 
Fire flow is sufficient. Sprinklers are not required.",2020-12-30,1,2,2702 OAK PARK DR,78704,5,NA,https://abc.austintexas.gov/web/permit/public-search-other?t_detail=1&t_selected_folderrsn=12607699,2702 OAK PARK DRIVE,NA,Austin,Texas,United States,2
7609 GAULT ST,New 2 story secondary dwelling unit with 2 bedrooms 2 bathrooms and attached carport.,2021-01-29,1,2,7609 GAULT ST,78757,7,NA,https://abc.austintexas.gov/web/permit/public-search-other?t_detail=1&t_selected_folderrsn=12602458,7609 GAULT STREET,NA,Austin,Texas,United States,2
7200 DANCING WIND LN,(B) Crosswell 2200CL 2 Story Single Family Home 3 bedroom 2.5 bathroom covd entry attached 1 car garage,2020-12-02,1,2,7200 DANCING WIND LN,78617,2,NA,https://abc.austintexas.gov/web/permit/public-search-other?t_detail=1&t_selected_folderrsn=12568749,7200 DANCING WIND LANE,NA,Austin,Texas,United States,2
2905 GREENLEE DR,Building #2 New 1 Story Secondary Dwelling with covered porch 2/2,2020-12-07,1,1,2905 GREENLEE DR,78703,10,NA,https://abc.austintexas.gov/web/permit/public-search-other?t_detail=1&t_selected_folderrsn=12580391,2905 GREENLEE DRIVE,NA,Austin,Texas,United States,2
2905 GREENLEE DR,New 2-story SFR with attached garage covered porch and patio,2020-12-07,1,2,2905 GREENLEE DR,78703,10,NA,https://abc.austintexas.gov/web/permit/public-search-other?t_detail=1&t_selected_folderrsn=12580390,2905 GREENLEE DRIVE,NA,Austin,Texas,United States,2
2011 UPHILL LN,New 3 bedroom 2 bathroom manufactured home with front and rear wood decks.,2020-11-16,1,1,2011 UPHILL LN,78741,3,NA,https://abc.austintexas.gov/web/permit/public-search-other?t_detail=1&t_selected_folderrsn=12585331,2011 UPHILL LANE,NA,Austin,Texas,United States,2
2200 INDIAN TRL,New detached garage w/ garage apartment: 2nd story secondary apartment to include office/kitchen 1 bedroom/living room and 1 bath. New exterior stairs leading to 2nd story apartment.,2020-11-03,1,2,2200 INDIAN TRL,78703,10,NA,https://abc.austintexas.gov/web/permit/public-search-other?t_detail=1&t_selected_folderrsn=12106373,2200 INDIAN TRAIL,NA,Austin,Texas,United States,2
7102 LILAC LN,New construction secondary apartment 2-story 1 bedroom 1.5 bath with attached 1-car garage office covered porch exterior stairs and covered 2nd story porch.,2020-11-02,1,2,7102 LILAC LN,78745,5,NA,https://abc.austintexas.gov/web/permit/public-search-other?t_detail=1&t_selected_folderrsn=12570696,7102 LILAC LANE,NA,Austin,Texas,United States,2
7300 DAN PASS,New construction of a modular home with (2) bedrooms and (2) bathrooms.,2020-10-12,1,1,7300 DAN PASS,78744,2,NA,https://abc.austintexas.gov/web/permit/public-search-other?t_detail=1&t_selected_folderrsn=11740676,7300 DAN PASS,NA,Austin,Texas,United States,2
2218 RIVERVIEW ST,"New 2-story SFR w/ front porch. 3/2.5
*see conditions*",2020-10-13,1,2,2218 RIVERVIEW ST,78702,3,NA,https://abc.austintexas.gov/web/permit/public-search-other?t_detail=1&t_selected_folderrsn=12407381,2218 RIVERVIEW STREET,NA,Austin,Texas,United States,2
11833 BUCKNER RD,New 1 story metal prefab SFR with 1 bedroom and 1 bathroom.,2020-08-31,1,1,11833 BUCKNER RD,78726,6,NA,https://abc.austintexas.gov/web/permit/public-search-other?t_detail=1&t_selected_folderrsn=12534848,11833 BUCKNER ROAD,NA,Austin,Texas,United States,2
2906 ALLISON DR,New 2-story SFR with attached garage and wood deck 4/3.5,2020-08-24,1,2,2906 ALLISON DR,78741,3,NA,https://abc.austintexas.gov/web/permit/public-search-other?t_detail=1&t_selected_folderrsn=12428520,2906 ALLISON DRIVE,NA,Austin,Texas,United States,2
7116 DANCING WIND LN,"(B) - Haywood 2220 C L New 2 Story Attached Single Family Residence 4 Bedroom 2.5 Bathrooms attached 1 Car Garage Covd Entry
Revision: Change plan type. 
(B) 2300 B L New 2-story attached single family residence 3 bedrooms 2.5 bathrooms attached 1 car garage covered entry and covered patio.",2020-08-19,1,2,7116 DANCING WIND LN,78617,2,NA,https://abc.austintexas.gov/web/permit/public-search-other?t_detail=1&t_selected_folderrsn=12529280,7116 DANCING WIND LANE,NA,Austin,Texas,United States,2
7112 DANCING WIND LN,"(A) - Haywood 2230 C R New 2 Story Attached Single Family Residence 4 Bedroom 2.5 Bathrooms attached 1 Car Garage Covd Entry Porch
Revision: Change plan type. 
(A) 2310 B R New 2-story attached single family residence 3 bedroom 2.5 bathrooms attached 1 car garage covered entry and covered patio.",2020-08-19,1,2,7112 DANCING WIND LN,78617,2,NA,https://abc.austintexas.gov/web/permit/public-search-other?t_detail=1&t_selected_folderrsn=12529279,7112 DANCING WIND LANE,NA,Austin,Texas,United States,2
8101 PETRONAS PASS,"New one-story Single Family Res.3/2.5  with attached garage covered porch and patio.
Green Building",2020-08-27,1,1,8101 PETRONAS PASS,78744,2,NA,https://abc.austintexas.gov/web/permit/public-search-other?t_detail=1&t_selected_folderrsn=12533155,8101 PETRONAS PASS,NA,Austin,Texas,United States,2
1406 W 9TH ST BLDG 8,"ePlan: Expedited Review - New Construction 3 Unit / 2 level Multi-Family Res. (BLDG 8 - 8556 sf) *REVIEWED PER IBC*

***AFD - A full residential sprinkler system designed installed and tested in accordance with the 2016 NFPA 13D or the 2015 IRC P2904 standards will be installed in this property.  The plans for the sprinkler system must be designed and installed by a Texas Licensed Sprinkler contractor for NFPA 13D systems or a Texas Licensed Plumber with the Multipurpose Residential Fire Protection Sprinkler Specialist (MRFPSS) endorsement.  The Sprinkler plans must be submitted reviewed approved tested and inspected by AFD prior to covering the walls and ceilings.  A flow test of the most demanding area will be required.",2020-08-10,3,2,1406 W 9TH ST BLDG 8,78703,9,NA,https://abc.austintexas.gov/web/permit/public-search-other?t_detail=1&t_selected_folderrsn=12521406,1406 WEST 9TH STREET BLDG 8,NA,Austin,Texas,United States,2
4621 MENCHACA RD,new 2-story 4br/3ba SFR with garage and attic,2020-07-28,1,3,4621 MENCHACA RD,78745,5,NA,https://abc.austintexas.gov/web/permit/public-search-other?t_detail=1&t_selected_folderrsn=12467319,4621 MENCHACA ROAD,NA,Austin,Texas,United States,2
4621 MENCHACA RD,new 2-story 2br/2.5ba ADU with garage,2020-07-29,1,2,4621 MENCHACA RD,78745,5,NA,https://abc.austintexas.gov/web/permit/public-search-other?t_detail=1&t_selected_folderrsn=12467320,4621 MENCHACA ROAD,NA,Austin,Texas,United States,2
1406 W 9TH ST BLDG 5,"ePlan: Expedited Review - New Construction 4 Unit / 3 level Multi-Family Res. (BLDG 5 - 9710 sf.)  *REVIEWED PER IBC*

***AFD - A full residential sprinkler system designed installed and tested in accordance with the 2016 NFPA 13D or the 2015 IRC P2904 standards will be installed in this property.  The plans for the sprinkler system must be designed and installed by a Texas Licensed Sprinkler contractor for NFPA 13D systems or a Texas Licensed Plumber with the Multipurpose Residential Fire Protection Sprinkler Specialist (MRFPSS) endorsement.  The Sprinkler plans must be submitted reviewed approved tested and inspected by AFD prior to covering the walls and ceilings.  A flow test of the most demanding area will be required.",2020-08-10,4,3,1406 W 9TH ST BLDG 5,78703,9,NA,https://abc.austintexas.gov/web/permit/public-search-other?t_detail=1&t_selected_folderrsn=12521405,1406 WEST 9TH STREET BLDG 5,NA,Austin,Texas,United States,2
5308 AVENUE F,Build#2 New 1 Story Secondary Dwelling Residence 1/1,2020-08-13,1,1,5308 AVENUE F,78751,9,NA,https://abc.austintexas.gov/web/permit/public-search-other?t_detail=1&t_selected_folderrsn=12464566,5308 AVENUE F,NA,Austin,Texas,United States,2
1406 W 9TH ST BLDG 1,ePlan: Expedited Review - New Construction 2 Unit / 3 level Multi-Family Res.  (BLDG 1  - 7488 sf.) *REVIEWED PER IBC*,2020-08-10,2,3,1406 W 9TH ST BLDG 1,78703,9,NA,https://abc.austintexas.gov/web/permit/public-search-other?t_detail=1&t_selected_folderrsn=12521399,1406 WEST 9TH STREET BLDG 1,NA,Austin,Texas,United States,2
1406 W 9TH ST BLDG 4,ePlan: Expedited Review - New Construction 2 Unit / 3 level Multi-Family Res.  (BLDG 4 - 7487 sf)*REVIEWED PER IBC*,2020-08-10,2,3,1406 W 9TH ST BLDG 4,78703,9,NA,https://abc.austintexas.gov/web/permit/public-search-other?t_detail=1&t_selected_folderrsn=12521400,1406 WEST 9TH STREET BLDG 4,NA,Austin,Texas,United States,2
1612 NEWTON ST,New 2 story single family residence with 2 bedrooms 2 bathrooms and uncovered wood decks.,2020-07-31,1,2,1612 NEWTON ST,78704,9,NA,https://abc.austintexas.gov/web/permit/public-search-other?t_detail=1&t_selected_folderrsn=12509836,1612 NEWTON STREET,NA,Austin,Texas,United States,2
1406 W 9TH ST BLDG 6,"ePlan: Expedited Review - New Construction 2 Unit / 3 level Multi-Family Res.  (BLDG 6 - 7344 sf.) *REVIEWED PER IBC*

***AFD - A full residential sprinkler system designed installed and tested in accordance with the 2016 NFPA 13D or the 2015 IRC P2904 standards will be installed in this property.  The plans for the sprinkler system must be designed and installed by a Texas Licensed Sprinkler contractor for NFPA 13D systems or a Texas Licensed Plumber with the Multipurpose Residential Fire Protection Sprinkler Specialist (MRFPSS) endorsement.  The Sprinkler plans must be submitted reviewed approved tested and inspected by AFD prior to covering the walls and ceilings.  A flow test of the most demanding area will be required.",2020-08-10,2,3,1406 W 9TH ST BLDG 6,78703,9,NA,https://abc.austintexas.gov/web/permit/public-search-other?t_detail=1&t_selected_folderrsn=12521401,1406 WEST 9TH STREET BLDG 6,NA,Austin,Texas,United States,2
11929 ARCHHILL DR,New 2-story single family residence covered porch and patio 5 bedroom 4 bathroom.,2020-07-28,1,2,11929 ARCHHILL DR,78750,6,NA,https://abc.austintexas.gov/web/permit/public-search-other?t_detail=1&t_selected_folderrsn=12513601,11929 ARCHHILL DRIVE,NA,Austin,Texas,United States,2
16529 SUMMERY ST,New 1-story SFR w/ covered porch patio and attached garage. 4/2 (4122 I right),2020-06-29,1,1,16529 SUMMERY ST,78653,1,NA,https://abc.austintexas.gov/web/permit/public-search-other?t_detail=1&t_selected_folderrsn=12495603,16529 SUMMERY STREET,NA,Austin,Texas,United States,2
902 DANIEL DR,New construction of a two-story Duplex 6/7 with exempt attic covered porch balcony rooftop deck and attached carport and garage,2020-06-18,2,2,902 DANIEL DR,78704,9,NA,https://abc.austintexas.gov/web/permit/public-search-other?t_detail=1&t_selected_folderrsn=12489401,902 DANIEL DRIVE,NA,Austin,Texas,United States,2
2008 RUNDELL PL,[BETA] Expedited Review. New construction of a 2-story residence with habitable attic (5 beds 5 bath) attached 1 car garage and a pool.,2020-07-01,1,3,2008 RUNDELL PL,78704,5,NA,https://abc.austintexas.gov/web/permit/public-search-other?t_detail=1&t_selected_folderrsn=12261869,2008 RUNDELL PLACE,NA,Austin,Texas,United States,2
12509 SIMMENTAL DR,Mesa 3529-C-R new 2-story single family condominium residence with (5) bedrooms (3.5) bathrooms attached 2-car garage and covered entry porch patio and deck.,2020-06-25,1,2,12509 SIMMENTAL DR,78732,10,NA,https://abc.austintexas.gov/web/permit/public-search-other?t_detail=1&t_selected_folderrsn=12495325,12509 SIMMENTAL DRIVE,NA,Austin,Texas,United States,2
1300 MC KIE DR UNIT 132,Unit 132 Building 13 New 2 story townhome residence part of a 4 unit structure covered porch attached garage 2 bedroom 2.5 bath.,2020-05-28,1,2,1300 MC KIE DR UNIT 132,78752,4,NA,https://abc.austintexas.gov/web/permit/public-search-other?t_detail=1&t_selected_folderrsn=12352367,1300 MC KIE DRIVE UNIT 132,NA,Austin,Texas,United States,2
1320 E APPLEGATE DR,New 2 story single family residence with covered porch and patio 4 bedroom 3.5 bathroom,2020-05-26,1,2,1320 E APPLEGATE DR,78753,1,NA,https://abc.austintexas.gov/web/permit/public-search-other?t_detail=1&t_selected_folderrsn=12464084,1320 EAST APPLEGATE DRIVE,NA,Austin,Texas,United States,2
1300 MC KIE DR UNIT 133,Unit 133 Building 13 New 2 story townhome residence part of a 4 unit structure covered porch attached garage 2 bedroom 2.5 bath.,2020-05-28,1,2,1300 MC KIE DR UNIT 133,78752,4,NA,https://abc.austintexas.gov/web/permit/public-search-other?t_detail=1&t_selected_folderrsn=12352368,1300 MC KIE DRIVE UNIT 133,NA,Austin,Texas,United States,2
1300 MC KIE DR UNIT 44,Unit 44 Building 4 .  New 2 story townhome residence attached 2 car garage  covered porch and patio 2 bedroom 2.5 bathroom.,2020-05-28,1,2,1300 MC KIE DR UNIT 44,78752,4,NA,https://abc.austintexas.gov/web/permit/public-search-other?t_detail=1&t_selected_folderrsn=12351268,1300 MC KIE DRIVE UNIT 44,NA,Austin,Texas,United States,2
1300 MC KIE DR UNIT 82,Unit 82 Building 8.  New 2 story townhome residence part of a 4 unit structure.  Covered porch attached garage 2 bedroom 2.5 bathroom.,2020-05-29,1,2,1300 MC KIE DR UNIT 82,78752,4,NA,https://abc.austintexas.gov/web/permit/public-search-other?t_detail=1&t_selected_folderrsn=12354111,1300 MC KIE DRIVE UNIT 82,NA,Austin,Texas,United States,2
1300 MC KIE DR UNIT 141,Unit 141 Building 14.  New 2 story townhome residence covered porch attached garage 2 bedroom 2.5 bathroom.,2020-05-28,1,2,1300 MC KIE DR UNIT 141,78752,4,NA,https://abc.austintexas.gov/web/permit/public-search-other?t_detail=1&t_selected_folderrsn=12351321,1300 MC KIE DRIVE UNIT 141,NA,Austin,Texas,United States,2
1300 MC KIE DR UNIT 134,Unit 134 Building 13 New 2 story townhome residence part of a 4 unit structure covered porch attached garage 3 bedroom 2.5 bath.,2020-05-28,1,2,1300 MC KIE DR UNIT 134,78752,4,NA,https://abc.austintexas.gov/web/permit/public-search-other?t_detail=1&t_selected_folderrsn=12352369,1300 MC KIE DRIVE UNIT 134,NA,Austin,Texas,United States,2
1318 E APPLEGATE DR,New 2 story single family residence with covered porch and patio 3 bedroom 2 bathroom.,2020-05-26,1,2,1318 E APPLEGATE DR,78753,1,NA,https://abc.austintexas.gov/web/permit/public-search-other?t_detail=1&t_selected_folderrsn=12464219,1318 EAST APPLEGATE DRIVE,NA,Austin,Texas,United States,2
1300 MC KIE DR UNIT 84,Unit 84 Building 8.  New 2 story townhome residence part of a 4 unit structure.  Covered porch attached garage 2 bedroom 2.5 bathroom.,2020-05-29,1,2,1300 MC KIE DR UNIT 84,78752,4,NA,https://abc.austintexas.gov/web/permit/public-search-other?t_detail=1&t_selected_folderrsn=12354113,1300 MC KIE DRIVE UNIT 84,NA,Austin,Texas,United States,2
1300 MC KIE DR UNIT 31,"Unit 31 building 3.  New two story condominium townhome residence covered porch 2 bedroom 2.5 bathroom.

***AFD - A full residential sprinkler system designed installed and tested in accordance with the 2016 NFPA 13D or the 2015 IRC P2904 standards will be installed in each unit of this building.  The plans for the sprinkler system must be designed and installed by a Texas Licensed Sprinkler contractor for NFPA 13D systems or a Texas Licensed Plumber with the Multipurpose Residential Fire Protection Sprinkler Specialist (MRFPSS",2020-05-28,1,2,1300 MC KIE DR UNIT 31,78752,4,NA,https://abc.austintexas.gov/web/permit/public-search-other?t_detail=1&t_selected_folderrsn=12351296,1300 MC KIE DRIVE UNIT 31,NA,Austin,Texas,United States,2
1300 MC KIE DR UNIT 32,"Unit 32 building 3.  New two story condominium townhome residence covered porch 2 bedroom 2.5 bathroom.

***AFD - A full residential sprinkler system designed installed and tested in accordance with the 2016 NFPA 13D or the 2015 IRC P2904 standards will be installed in each unit of this building.  The plans for the sprinkler system must be designed and installed by a Texas Licensed Sprinkler contractor for NFPA 13D systems or a Texas Licensed Plumber with the Multipurpose Residential Fire Protection Sprinkler Specialist (MRFPSS",2020-05-28,1,2,1300 MC KIE DR UNIT 32,78752,4,NA,https://abc.austintexas.gov/web/permit/public-search-other?t_detail=1&t_selected_folderrsn=12351295,1300 MC KIE DRIVE UNIT 32,NA,Austin,Texas,United States,2
13460 LYNDHURST ST,EPLAN- Expedited Review: New Construction Multi-Family Res. (1 Story / 2 units / 1893 sf.) TH D,2020-06-04,2,1,13460 LYNDHURST ST,78717,6,NA,https://abc.austintexas.gov/web/permit/public-search-other?t_detail=1&t_selected_folderrsn=12467490,13460 LYNDHURST STREET,NA,Austin,Texas,United States,2
1300 MC KIE DR UNIT 144,Unit 144 Building 14.  New 2 story townhome residence covered porch attached garage 2 bedroom 2.5 bathroom.,2020-05-28,1,2,1300 MC KIE DR UNIT 144,78752,4,NA,https://abc.austintexas.gov/web/permit/public-search-other?t_detail=1&t_selected_folderrsn=12351324,1300 MC KIE DRIVE UNIT 144,NA,Austin,Texas,United States,2
1300 MC KIE DR UNIT 81,Unit 81 Building 8.  New 2 story townhome residence part of a 4 unit structure.  Covered porch attached garage 2 bedroom 2.5 bathroom.,2020-05-29,1,2,1300 MC KIE DR UNIT 81,78752,4,NA,https://abc.austintexas.gov/web/permit/public-search-other?t_detail=1&t_selected_folderrsn=12354110,1300 MC KIE DRIVE UNIT 81,NA,Austin,Texas,United States,2
1300 MC KIE DR UNIT 34,Unit 34 building 3.  New two story condominium townhome residence covered porch 2 bedroom 2.5 bathroom,2020-05-28,1,2,1300 MC KIE DR UNIT 34,78752,4,NA,https://abc.austintexas.gov/web/permit/public-search-other?t_detail=1&t_selected_folderrsn=12351293,1300 MC KIE DRIVE UNIT 34,NA,Austin,Texas,United States,2
1300 MC KIE DR UNIT 142,Unit 142 Building 14.  New 2 story townhome residence covered porch attached garage 2 bedroom 2.5 bathroom.,2020-05-28,1,2,1300 MC KIE DR UNIT 142,78752,4,NA,https://abc.austintexas.gov/web/permit/public-search-other?t_detail=1&t_selected_folderrsn=12351322,1300 MC KIE DRIVE UNIT 142,NA,Austin,Texas,United States,2
1300 MC KIE DR UNIT 143,Unit 143 Building 14.  New 2 story townhome residence covered porch attached garage 2 bedroom 2.5 bathroom.,2020-05-28,1,2,1300 MC KIE DR UNIT 143,78752,4,NA,https://abc.austintexas.gov/web/permit/public-search-other?t_detail=1&t_selected_folderrsn=12351323,1300 MC KIE DRIVE UNIT 143,NA,Austin,Texas,United States,2
1300 MC KIE DR UNIT 131,Unit 131 Building 13 New 2 story townhome residence part of a 4 unit structure covered porch attached garage,2020-05-28,1,2,1300 MC KIE DR UNIT 131,78752,4,NA,https://abc.austintexas.gov/web/permit/public-search-other?t_detail=1&t_selected_folderrsn=12352366,1300 MC KIE DRIVE UNIT 131,NA,Austin,Texas,United States,2
1300 MC KIE DR UNIT 43,Unit 43 Building 4.  New 2 story townhome residence attached 2 car garage  covered porch and patio 2 bedroom 2.5 bathroom.,2020-05-28,1,2,1300 MC KIE DR UNIT 43,78752,4,NA,https://abc.austintexas.gov/web/permit/public-search-other?t_detail=1&t_selected_folderrsn=12351267,1300 MC KIE DRIVE UNIT 43,NA,Austin,Texas,United States,2
1300 MC KIE DR UNIT 83,Unit 83 Building 8.  New 2 story townhome residence part of a 4 unit structure.  Covered porch attached garage 2 bedroom 2.5 bathroom.,2020-05-29,1,2,1300 MC KIE DR UNIT 83,78752,4,NA,https://abc.austintexas.gov/web/permit/public-search-other?t_detail=1&t_selected_folderrsn=12354112,1300 MC KIE DRIVE UNIT 83,NA,Austin,Texas,United States,2
1300 MC KIE DR UNIT 41 Unit 41,"Unit 41 Building 4.  New 2 story townhome residence attached 2 car garage  covered porch and patio 2 bedroom 2.5 bathroom.
***AFD - A full residential sprinkler system designed installed and tested in accordance with the 2016 NFPA 13D or the 2015 IRC P2904 standards will be installed in each unit of this building.  The plans for the sprinkler system must be designed and installed by a Texas Licensed Sprinkler contractor for NFPA 13D systems or a Texas Licensed Plumber with the Multipurpose Residential Fire Protection Sprinkler Specialist (MRFPSS",2020-05-28,1,2,1300 MC KIE DR UNIT 41,78752,4,NA,https://abc.austintexas.gov/web/permit/public-search-other?t_detail=1&t_selected_folderrsn=12351265,1300 MC KIE DRIVE UNIT 41,NA,Austin,Texas,United States,2
12507 CEDAR ST,New 2-story SFR w 3 bedrooms 2.5 bathrooms w covered patio,2020-05-04,1,2,12507 CEDAR ST,78732,10,NA,https://abc.austintexas.gov/web/permit/public-search-other?t_detail=1&t_selected_folderrsn=12447946,12507 CEDAR STREET,NA,Austin,Texas,United States,2
8712 APOGEE BLVD,Lania Q52116 Elev B Right Swing New 1 Story Single Family Home with 3 bedrooms and 3  bathrooms  (including guest suite) 2 car garage covered patio and grilling patio. 2nd floor unit AKA (ADU per plan) w/ 1 bedroom 1 bathroom and a kitchen over attached garage.,2020-04-20,1,1,8712 APOGEE BLVD,78744,2,NA,https://abc.austintexas.gov/web/permit/public-search-other?t_detail=1&t_selected_folderrsn=12458650,8712 APOGEE BOULEVARD,NA,Austin,Texas,United States,2
8305 PETRONAS PASS,Court Q51912 Elev A Right Swing New 1 Story Single Family Home with 3 bedrooms 2 bathrooms 2  car attached garage and extended covered patio. 2nd Floor unit AKA (ADU per plan) w/ 1 bedroom 1 bath and a kitchen above 2 car garage.,2020-04-17,1,2,8305 PETRONAS PASS,78744,2,NA,https://abc.austintexas.gov/web/permit/public-search-other?t_detail=1&t_selected_folderrsn=12457629,8305 PETRONAS PASS,NA,Austin,Texas,United States,2
8412 APOGEE BLVD,Veranda II Q62899 Elev A Left Swing New 2 Story Single Family Home with 5 bedrooms 4.5 bathrooms (including opt in-law suite ilo study) 2 car attached garage and grilling patio.,2020-04-17,1,2,8412 APOGEE BLVD,78744,2,NA,https://abc.austintexas.gov/web/permit/public-search-other?t_detail=1&t_selected_folderrsn=12457595,8412 APOGEE BOULEVARD,NA,Austin,Texas,United States,2
8113 PETRONAS PASS,Court Q51912 Elev A Right Swing 1 Story Single Family Home w/ 3 bedrooms and 2 bathrooms 2 car garage and covered patio. 2nd Floor Unit AKA (ADU per plan) w/ 1 bedroom 1 bathroom and a kitchen above attached,2020-04-17,1,2,8113 PETRONAS PASS,78744,2,NA,https://abc.austintexas.gov/web/permit/public-search-other?t_detail=1&t_selected_folderrsn=12457641,8113 PETRONAS PASS,NA,Austin,Texas,United States,2
2007 LAKESHORE DRIVE,New 3 story sf-residence to include new tasting room and storage at first floor; main living area (entrance kitchen dining) and attached guest house at second floor; media room sleeping rooms and attached 4 car garage at third floor; with outdoor space to include sun deck outdoor dining and outdoor living.   Trade permits as required for work above. Revision 1: Entry revised - gate and entry steps relocated grading from street and at dw modified guardrail at driveway removed. Interior revised - stairs from garage and elevator relocated guest suite reconfigured.,2020-05-06,1,3,2007 LAKESHORE DR,78746,8,NA,https://abc.austintexas.gov/web/permit/public-search-other?t_detail=1&t_selected_folderrsn=12274684,2007 LAKESHORE DRIVE,NA,Austin,Texas,United States,2
8416 APOGEE BLVD,Lanai Q52116 Elev A Right Swing New 1 Story Single Family Home w/ 3 bedrooms and 3 bathrooms (including opt guest suite) 2 car attached garage porch and covered patio.,2020-04-24,1,1,8416 APOGEE BLVD,78744,2,NA,https://abc.austintexas.gov/web/permit/public-search-other?t_detail=1&t_selected_folderrsn=12461029,8416 APOGEE BOULEVARD,NA,Austin,Texas,United States,2
3308 STONERIDGE RD BLDG 3,Expedited Review - New Construction of a 3-Story Single Family Res. [4bed 5.5bath] with attached 2-car Garage,2020-04-06,1,3,3308 STONERIDGE RD BLDG 3,78746,8,NA,https://abc.austintexas.gov/web/permit/public-search-other?t_detail=1&t_selected_folderrsn=12449089,3308 STONERIDGE ROAD BLDG 3,NA,Austin,Texas,United States,2
8500 BESTRIDE BND,New 1 story single family residence with covered porch and patio attached garage 4 bedroom 3 bathroom  ***GREEN BUILDING REQUIRED***,2020-04-02,1,1,8500 BESTRIDE BND,78744,2,NA,https://abc.austintexas.gov/web/permit/public-search-other?t_detail=1&t_selected_folderrsn=12440858,8500 BESTRIDE BND,NA,Austin,Texas,United States,2
8213 PETRONAS PASS,Lanai Q52116 Elev B Left Swing New 1 Story Single Family Home w/ 3 bedrooms and 3 bathrooms (including opt guest suite) 2 car attached garage grilling patio and covered patio.,2020-04-17,1,1,8213 PETRONAS PASS,78744,2,NA,https://abc.austintexas.gov/web/permit/public-search-other?t_detail=1&t_selected_folderrsn=12457648,8213 PETRONAS PASS,NA,Austin,Texas,United States,2
7912 HILLOCK TER,Lanai Q52116 Elev C Right Swing New 1 Story Single Family Home with 3 bedrooms and 3 bathrooms (including guest suite) 2 car attached garage and covered patio. 2nd Floor unit AKA (ADU per plan) w/ 1 bedroom 1 bathroom and a kitchen above 2 car garage.,2020-04-17,1,2,7912 HILLOCK TER,78744,2,NA,https://abc.austintexas.gov/web/permit/public-search-other?t_detail=1&t_selected_folderrsn=12457662,7912 HILLOCK TER,NA,Austin,Texas,United States,2
8004 HILLOCK TER,Piazza II Q62655 Elev A Left Swing New 2 Story Single Family Home with 4 bedrooms and 3.5 bathrooms (including opt 4th bed/3rd bath) 2 car attached garage and grilling patio. 2nd floor unit AKA (ADU per plan) with 1 bedroom 1 bathroom and a kitchen above 2 car garage.,2020-03-24,1,2,8004 HILLOCK TER,78744,2,NA,https://abc.austintexas.gov/web/permit/public-search-other?t_detail=1&t_selected_folderrsn=12444092,8004 HILLOCK TER,NA,Austin,Texas,United States,2
2801 CEDARVIEW DR,New 2-story 3br/3ba ADU w/garage,2020-03-10,1,2,2801 CEDARVIEW DR,78704,5,NA,https://abc.austintexas.gov/web/permit/public-search-other?t_detail=1&t_selected_folderrsn=12431952,2801 CEDARVIEW DRIVE,NA,Austin,Texas,United States,2
1907 OAK MOTTE LN,New 3 bedroom 2 bathroom manufactured home w/ wood stairs and landing.,2020-03-20,1,1,1907 OAK MOTTE LN,78744,2,NA,https://abc.austintexas.gov/web/permit/public-search-other?t_detail=1&t_selected_folderrsn=12442255,1907 OAK MOTTE LANE,NA,Austin,Texas,United States,2
1600 WHELESS LN,New 3 bedroom 21/2 bath 2 story single family house with attached garage.  SECONDARY STRUCTURE,2020-03-04,1,2,1600 WHELESS LN,78723,4,NA,https://abc.austintexas.gov/web/permit/public-search-other?t_detail=1&t_selected_folderrsn=12325298,1600 WHELESS LANE,NA,Austin,Texas,United States,2
5509 CLAY AVE BLDG 1,Expedited Review - New Construction of a 3-Story Single Family Res. [3bed 3.5bath] with attached 1-car Garage,2020-02-11,1,3,5509 CLAY AVE BLDG 1,78756,7,NA,https://abc.austintexas.gov/web/permit/public-search-other?t_detail=1&t_selected_folderrsn=12407609,5509 CLAY AVE BLDG 1,NA,Austin,Texas,United States,2
10601 HARWOOD OVERLOOK CV,Hamlin-2159AL-New 1-Story Single Family Residence w/ 4 bedrooms 3 bathrooms attached 2 car garage covered entry porch & patio,2020-02-20,1,1,10601 HARWOOD OVERLOOK CV,78747,2,NA,https://abc.austintexas.gov/web/permit/public-search-other?t_detail=1&t_selected_folderrsn=12185956,10601 HARWOOD OVERLOOK CV,NA,Austin,Texas,United States,2
2204 MATTHEWS DR,Expedited Review - New Construction of a 2-Story Single Family Res. [4bed 4.5bath] with attached Garage,2020-02-27,1,2,2204 MATTHEWS DR,78703,10,NA,https://abc.austintexas.gov/web/permit/public-search-other?t_detail=1&t_selected_folderrsn=12426358,2204 MATTHEWS DRIVE,NA,Austin,Texas,United States,2
3000 FUNSTON ST,*SMART Housing* *Green Bldg* New 2-story 3 Bedroom 2.5 Bathroom with Ramp in front,2020-01-31,1,2,3000 FUNSTON ST,78703,10,NA,https://abc.austintexas.gov/web/permit/public-search-other?t_detail=1&t_selected_folderrsn=12374052,3000 FUNSTON STREET,NA,Austin,Texas,United States,2
1103 CLERMONT AVE,**SMART HOUSING 100%** Secondary dwelling with 2 bedroom and 2 bath. Revision #1: Front setback is now 12.5 and rear is now 2.5 due to ord. 20190509-027,2020-01-27,1,1,1103 CLERMONT AVE,78702,3,NA,https://abc.austintexas.gov/web/permit/public-search-other?t_detail=1&t_selected_folderrsn=12378246,1103 CLERMONT AVE,NA,Austin,Texas,United States,2
2004 ROMERIA DR,New construction of two-story duplex with covered porch patio and attached garage.,2020-01-13,2,2,2004 ROMERIA DR,78757,7,NA,https://abc.austintexas.gov/web/permit/public-search-other?t_detail=1&t_selected_folderrsn=12383214,2004 ROMERIA DRIVE,NA,Austin,Texas,United States,2
1103 CLERMONT AVE,**SMART HOUSING 100%** New sfr 3 bedroom and 2 bath. Revision #1: Front setback is now 12.5 and rear is now 2.5 due to ord. 20190509-027,2020-01-27,1,2,1103 CLERMONT AVE,78702,3,NA,https://abc.austintexas.gov/web/permit/public-search-other?t_detail=1&t_selected_folderrsn=12378245,1103 CLERMONT AVE,NA,Austin,Texas,United States,2
606 ALLENDE BND,New 2 story single family residence,2020-01-22,1,2,606 ALLENDE BND,78748,5,NA,https://abc.austintexas.gov/web/permit/public-search-other?t_detail=1&t_selected_folderrsn=12395924,606 ALLENDE BND,NA,Austin,Texas,United States,2
919 E 53RD ST  SECONDARY,New secondary dwelling unit with 1 bedroom 1 bathroom and unconditioned storage room.,2020-01-16,1,1,919 E 53RD ST,78751,9,NA,https://abc.austintexas.gov/web/permit/public-search-other?t_detail=1&t_selected_folderrsn=12395536,919 EAST 53RD STREET,NA,Austin,Texas,United States,2
4808 BRIDWELL LN,New construction of 2 story SFR,2026-04-30,1,2,4808 BRIDWELL LN,78754,1,NA,https://abc.austintexas.gov/web/permit/public-search-other?t_detail=1&t_selected_folderrsn=13695409,4808 BRIDWELL LANE,NA,Austin,Texas,United States,2
9304 FURMAN DR,Boone S413 B Left New - 1 Story SFR w/ 4 bedrooms 2 bathrooms attached 2 car garage covered entry porch and patio required parking: 2.,2026-05-15,1,1,9304 FURMAN DR,78747,2,NA,https://abc.austintexas.gov/web/permit/public-search-other?t_detail=1&t_selected_folderrsn=13702688,9304 FURMAN DRIVE,NA,Austin,Texas,United States,2
8215 ELIJAH CRAIG WAY,"New construction of single family dwelling with 4 bedrooms and 3.5 baths 2 car garage rear patio and front porch

PUD",2026-04-30,1,2,8215 ELIJAH CRAIG WAY,78744,2,NA,https://abc.austintexas.gov/web/permit/public-search-other?t_detail=1&t_selected_folderrsn=13695489,8215 ELIJAH CRAIG WAY,NA,Austin,Texas,United States,2
9004 BINNEWATER WAY,New 2-story single family residence 5 bed/5.5 bath attached garage covered porch and patio green building,2026-05-05,1,2,9004 BINNEWATER WAY,78744,2,NA,https://abc.austintexas.gov/web/permit/public-search-other?t_detail=1&t_selected_folderrsn=13698566,9004 BINNEWATER WAY,NA,Austin,Texas,United States,2
7303 STITZEL WELLER DR,New 2-story single family residence 3 bed/2.5 bath attached garage covered porch and patio green building,2026-04-29,1,2,7303 STITZEL WELLER DR,78744,2,NA,https://abc.austintexas.gov/web/permit/public-search-other?t_detail=1&t_selected_folderrsn=13694059,7303 STITZEL WELLER DRIVE,NA,Austin,Texas,United States,2
5001 PECAN SPRINGS RD,New 3 story single family residence with 2 car garage,2026-05-08,1,3,5001 PECAN SPRINGS RD,78723,1,NA,https://abc.austintexas.gov/web/permit/public-search-other?t_detail=1&t_selected_folderrsn=13690533,5001 PECAN SPRINGS ROAD,NA,Austin,Texas,United States,2
6908 FROG POND BND,NEW 1 STORY 4 bed 2 bath SINGLE-FAMILY RESIDENCE ATTACHED GARAGE COVERED PORCH AND PATIO,2026-06-03,1,1,6908 FROG POND BND,78617,2,NA,https://abc.austintexas.gov/web/permit/public-search-other?t_detail=1&t_selected_folderrsn=13713721,6908 FROG POND BND,NA,Austin,Texas,United States,2
12908 STAYWELL WAY,2458BR NEW 2 STORY 4 BEDROOM 3 1/2 BATH SINGLE FAMILY RESIDENTIAL HOME WITH ATTACHED GARAGE COVERED FRONT PORCH AND REAR PATIO,2026-05-29,1,2,12908 STAYWELL WAY,78617,2,NA,https://abc.austintexas.gov/web/permit/public-search-other?t_detail=1&t_selected_folderrsn=13712185,12908 STAYWELL WAY,NA,Austin,Texas,United States,2
1504 SYLVAN GLADE UNIT B,ePlan: Residential Expedited Review - New construction of a 2-Story Duplex [4bed 3bath]. Unit B,2026-05-04,1,2,1504 SYLVAN GLADE UNIT B,78745,5,NA,https://abc.austintexas.gov/web/permit/public-search-other?t_detail=1&t_selected_folderrsn=13696956,1504 SYLVAN GLADE UNIT B,NA,Austin,Texas,United States,2
1704 MIRIAM AVE BLDG 2,Bldg 2: New construction three-unit use single-family residential 2-story 3 bedroom 3 bath with attached 1-car carport covered front porch covered rear patio and 2nd story balcony.,2026-05-20,1,2,1704 MIRIAM AVE BLDG 2,78702,1,NA,https://abc.austintexas.gov/web/permit/public-search-other?t_detail=1&t_selected_folderrsn=13704073,1704 MIRIAM AVE BLDG 2,NA,Austin,Texas,United States,2
9120 GOLDEN LION DR,New 1-story single family residence 4 bed/3.5 bath attached garage covered porch and covered patio green building,2026-05-15,1,1,9120 GOLDEN LION DR,78744,2,NA,https://abc.austintexas.gov/web/permit/public-search-other?t_detail=1&t_selected_folderrsn=13702273,9120 GOLDEN LION DRIVE,NA,Austin,Texas,United States,2
3202 EANES CIR,ePlan: Residential Expedited Review - New Construction of a 2-Story SF Res [4bed 6bath] with attached garage,2026-06-03,1,2,3202 EANES CIR,78746,8,NA,https://abc.austintexas.gov/web/permit/public-search-other?t_detail=1&t_selected_folderrsn=13713716,3202 EANES CIR,NA,Austin,Texas,United States,2
9309 FURMAN DR,Boone S413 C Right New - 1 Story SFR w/ 4 bedrooms 2 bathrooms attached 2 car garage covered entry porch and patio required parking: 2.,2026-05-30,1,1,9309 FURMAN DR,78747,2,NA,https://abc.austintexas.gov/web/permit/public-search-other?t_detail=1&t_selected_folderrsn=13711547,9309 FURMAN DRIVE,NA,Austin,Texas,United States,2
1504 SYLVAN GLADE UNIT A,ePlan: Residential Expedited Review - New construction of a 2-Story Duplex [4bed 3bath] with attached Carport. Unit A,2026-05-04,1,2,1504 SYLVAN GLADE UNIT A,78745,5,NA,https://abc.austintexas.gov/web/permit/public-search-other?t_detail=1&t_selected_folderrsn=13696955,1504 SYLVAN GLADE UNIT A,NA,Austin,Texas,United States,2
8102 BIRD SONG CIR,New construction of 2 story Duplex Condo each with 3 beds 2.5 baths and attached garage (8100 and 8102 bird song) - Unit B,2026-05-12,1,2,8102 BIRD SONG CIR,78745,5,NA,https://abc.austintexas.gov/web/permit/public-search-other?t_detail=1&t_selected_folderrsn=13701075,8102 BIRD SONG CIR,NA,Austin,Texas,United States,2
12404 SAINT THOMAS DR,Hughes 841-O-R Is a New one-story single-family residence with (4) bedrooms (3) bathrooms an attached two-car garage and a covered entry porch and patio.,2026-05-15,1,1,12404 SAINT THOMAS DR,78617,2,NA,https://abc.austintexas.gov/web/permit/public-search-other?t_detail=1&t_selected_folderrsn=13702638,12404 SAINT THOMAS DRIVE,NA,Austin,Texas,United States,2
1174 OAK GROVE AVE--BLDG 3,ePlan: Residential Expedited Review - New construction of a 3-Story Single Family Res. [3bed 2.5bath] with Attached Carport. Bldg 3,2026-05-07,1,3,1174 OAK GROVE AVE BLDG 3,78702,1,NA,https://abc.austintexas.gov/web/permit/public-search-other?t_detail=1&t_selected_folderrsn=13679230,1174 OAK GROVE AVE BLDG 3,NA,Austin,Texas,United States,2
1012 VARGAS RD,2-Unit use: New single-family residential 1-story manufactured home 3 bedroom 2 bath.,2026-05-05,1,1,1012 VARGAS RD,78741,3,NA,https://abc.austintexas.gov/web/permit/public-search-other?t_detail=1&t_selected_folderrsn=13697750,1012 VARGAS ROAD,NA,Austin,Texas,United States,2
17220 RADIANT DR,"New construction of 1 story SFR 4 beds 2 baths

PUD",2026-05-08,1,1,17220 RADIANT DR,78653,1,NA,https://abc.austintexas.gov/web/permit/public-search-other?t_detail=1&t_selected_folderrsn=13615956,17220 RADIANT DRIVE,NA,Austin,Texas,United States,2
1704 MIRIAM AVE UNIT 1A,Unit 1A: New construction three-unit use duplex residential: Unit 1A: 2-story 3 bedroom 3 bath.,2026-05-20,1,2,1704 MIRIAM AVE UNIT 1A,78702,1,NA,https://abc.austintexas.gov/web/permit/public-search-other?t_detail=1&t_selected_folderrsn=13704071,1704 MIRIAM AVE UNIT 1A,NA,Austin,Texas,United States,2
714 BOLEY DR,Brahman 3318 C Right New - 2 Story SFR CONDOMINUM w/ 4 bedrooms 2.5 bathrooms attached 2 car garage covered entry porch and patio FFE: 683.58 Site Plan: SP-2021-0328C Site Plan Exp.: 01/09/27 Max Bld height: 29-10 Actual Bld height: 29-10 required parking: 2.,2026-05-27,1,2,714 BOLEY DR,78652,5,NA,https://abc.austintexas.gov/web/permit/public-search-other?t_detail=1&t_selected_folderrsn=13710163,714 BOLEY DRIVE,NA,Austin,Texas,United States,2
8100 BIRD SONG CIR,New construction of 2 story Duplex Condo each with 3 beds 2.5 baths and attached garage (8100 and 8102 bird song) - Unit A,2026-05-12,1,2,8100 BIRD SONG CIR,78745,5,NA,https://abc.austintexas.gov/web/permit/public-search-other?t_detail=1&t_selected_folderrsn=13701074,8100 BIRD SONG CIR,NA,Austin,Texas,United States,2
9425 BUCKSTITCH SADDLE DR,New single-story SFR (4br/3ba) with attached garage covered patio and covered porch *PRODUCTION BUILDER- GREEN BUILDING*,2026-05-05,1,1,9425 BUCKSTITCH SADDLE DR,78724,1,NA,https://abc.austintexas.gov/web/permit/public-search-other?t_detail=1&t_selected_folderrsn=13695749,9425 BUCKSTITCH SADDLE DRIVE,NA,Austin,Texas,United States,2
2602 WOOLDRIDGE DR,ePlan: Residential Expedited Review - New Second Unit: Existing Single Family Res to Remain As Is. New construction of 2-story SF Res [1bed 1bath],2026-05-21,1,2,2602 WOOLDRIDGE DR,78703,10,NA,https://abc.austintexas.gov/web/permit/public-search-other?t_detail=1&t_selected_folderrsn=13695841,2602 WOOLDRIDGE DRIVE,NA,Austin,Texas,United States,2
1102 1/2 BRASS ST,Expedited Review. New construction of a 2-story Additional Dwelling Unit (2 beds 2.5 baths) with an attached 1-car garage.,2019-11-01,1,2,1102 1/2 BRASS ST,78702,3,NA,https://abc.austintexas.gov/web/permit/public-search-other?t_detail=1&t_selected_folderrsn=12332487,1102 1/2 BRASS STREET,NA,Austin,Texas,United States,2
2108 BLUE MEADOW DR,New manufactured home,2019-10-29,1,1,2108 BLUE MEADOW DR,78744,2,NA,https://abc.austintexas.gov/web/permit/public-search-other?t_detail=1&t_selected_folderrsn=12331244,2108 BLUE MEADOW DRIVE,NA,Austin,Texas,United States,2
6512 GRAYMONT DR,Discovery 2587 C/L New 2 Story Single Family Residence (4) Bedrooms (2.5) Baths Covered Entry Uncovered Patio Attached Garage,2019-10-24,1,2,6512 GRAYMONT DR,78754,1,NA,https://abc.austintexas.gov/web/permit/public-search-other?t_detail=1&t_selected_folderrsn=12344776,6512 GRAYMONT DRIVE,NA,Austin,Texas,United States,2
15401 SOLSTICE CV,PLAN 2040AL / SFD / 4 BED / 2.5 BATH / 2 CAR ATTACHED GARAGE / FRONT COVERED PORCH,2019-10-22,1,2,15401 SOLSTICE CV,78617,2,NA,https://abc.austintexas.gov/web/permit/public-search-other?t_detail=1&t_selected_folderrsn=12346446,15401 SOLSTICE CV,NA,Austin,Texas,United States,2
7901 YOKOHAMA TER,New 2-story single family residence covered porch and patio 5 bedroom 4 bathroom. *GREEN BUILDING REQUIRED*,2019-10-04,1,2,7901 YOKOHAMA TER,78744,2,NA,https://abc.austintexas.gov/web/permit/public-search-other?t_detail=1&t_selected_folderrsn=12332083,7901 YOKOHAMA TER,NA,Austin,Texas,United States,2
7606 NORTHCREST BLVD BLDG 2,new secondary 1br/1ba rear dwelling unit,2019-10-21,1,1,7606 NORTHCREST BLVD BLDG 2,78752,4,NA,https://abc.austintexas.gov/web/permit/public-search-other?t_detail=1&t_selected_folderrsn=12320347,7606 NORTHCREST BOULEVARD BLDG 2,NA,Austin,Texas,United States,2
4819 N CAPITAL OF TEXAS HWY NB BLDG F,"New Three Story Condo W/Att Garage & Covered Porch
Permit voided 1/27/2020 All inspection approved under duplicate permit 2003-006233

************************Reference permit 2003-006233 Final passed at that time*********************************",2019-09-24,NA,3,4819 N CAPITAL OF TEXAS HWY NB BLDG F,78746,8,NA,https://abc.austintexas.gov/web/permit/public-search-other?t_detail=1&t_selected_folderrsn=683361,4819 NORTH CAPITAL OF TEXAS HIGHWAY NB BLDG F,NA,Austin,Texas,United States,2
7453 SPARKLING LIGHT DR,Plan# 2200/2210 A/2 story multi-family duplex/6 Bed/5 Bath/ 2 car attached garage/SP-2010-0159D/FFE-497.55,2019-08-12,2,4,7453 SPARKLING LIGHT DR,78617,2,NA,https://abc.austintexas.gov/web/permit/public-search-other?t_detail=1&t_selected_folderrsn=12297223,7453 SPARKLING LIGHT DRIVE,NA,Austin,Texas,United States,2
208 SAN JOSE ST,New 1-story 4 bedroom 2 bathroom manufactured home.,2019-08-19,1,1,208 SAN JOSE ST,78753,4,NA,https://abc.austintexas.gov/web/permit/public-search-other?t_detail=1&t_selected_folderrsn=12301596,208 SAN JOSE STREET,NA,Austin,Texas,United States,2
15425 JAZZBERRY WAY,*Green Building* Single story single family residence with attached two car garage and covered patios 3 bedroom 2 bathroom.,2019-08-23,1,1,15425 JAZZBERRY WAY,78617,2,NA,https://abc.austintexas.gov/web/permit/public-search-other?t_detail=1&t_selected_folderrsn=12304930,15425 JAZZBERRY WAY,NA,Austin,Texas,United States,2
8305 RIVERSTONE DR,New Manufactured Home W/Wd Deck,2019-08-26,NA,NA,8305 RIVERSTONE DR,78724,1,NA,https://abc.austintexas.gov/web/permit/public-search-other?t_detail=1&t_selected_folderrsn=681537,8305 RIVERSTONE DRIVE,NA,Austin,Texas,United States,2
7111 VALBURN DR,New construction of a Single Family Res. 5/4.5 with basement and attached garage.,2019-09-03,1,2,7111 VALBURN DR,78731,10,NA,https://abc.austintexas.gov/web/permit/public-search-other?t_detail=1&t_selected_folderrsn=12269746,7111 VALBURN DRIVE,NA,Austin,Texas,United States,2
9113 GEORGIAN DR,New 2-story 989 sqft secondary dwelling unit w/ attached garage and attached carport. 1/1 and studio on the 2nd floor.,2019-08-19,1,2,9113 GEORGIAN DR,78753,4,NA,https://abc.austintexas.gov/web/permit/public-search-other?t_detail=1&t_selected_folderrsn=12100986,9113 GEORGIAN DRIVE,NA,Austin,Texas,United States,2
7437 SPARKLING LIGHT DR,Plan# 2200/2210 A/2 story multi-family duplex/6 Bed/5 Bath/ 2 car attached garage/SP-2010-0159D/FFE-501.90,2019-08-12,2,4,7437 SPARKLING LIGHT DR,78617,2,NA,https://abc.austintexas.gov/web/permit/public-search-other?t_detail=1&t_selected_folderrsn=12297228,7437 SPARKLING LIGHT DRIVE,NA,Austin,Texas,United States,2
7449 SPARKLING LIGHT DR,Plan# 2240/2250 /2 story multi-family duplex/6 Bed/5 Bath/ 4 car attached garages/Rear covered patios/SP-2010-0159D/FFE-499.17,2019-08-13,2,4,7449 SPARKLING LIGHT DR,78617,2,NA,https://abc.austintexas.gov/web/permit/public-search-other?t_detail=1&t_selected_folderrsn=12298478,7449 SPARKLING LIGHT DRIVE,NA,Austin,Texas,United States,2
209 SAN JOSE ST,Install manufactured home on lot with 3 bedrooms and 2 baths,2019-07-23,1,1,209 SAN JOSE ST,78753,4,NA,https://abc.austintexas.gov/web/permit/public-search-other?t_detail=1&t_selected_folderrsn=12283704,209 SAN JOSE STREET,NA,Austin,Texas,United States,2
11621 AMERICAN MUSTANG LOOP,New single family residential construction covered porch and patio 4 bedroom 3 bathroom. *Green Building*,2019-07-18,1,1,11621 AMERICAN MUSTANG LOOP,78724,1,NA,https://abc.austintexas.gov/web/permit/public-search-other?t_detail=1&t_selected_folderrsn=12154495,11621 AMERICAN MUSTANG LOOP,NA,Austin,Texas,United States,2
4520 RIMROCK TRL,New 2 story primary single family residence with attached garage front porch balcony and trellis.,2019-07-08,1,2,4520 RIMROCK TRL,78723,1,NA,https://abc.austintexas.gov/web/permit/public-search-other?t_detail=1&t_selected_folderrsn=12271255,4520 RIMROCK TRAIL,NA,Austin,Texas,United States,2
4416 BANISTER LN,New construction secondary apartment 1-story 2 bedroom. 2 bath with attached 1-car garage and covered front porch.,2019-07-11,1,1,4416 BANISTER LN,78745,5,NA,https://abc.austintexas.gov/web/permit/public-search-other?t_detail=1&t_selected_folderrsn=12274508,4416 BANISTER LANE,NA,Austin,Texas,United States,2
4520 RIMROCK TRL,New 2 story secondary apartment with covered patios front porch and balcony.,2019-07-08,1,2,4520 RIMROCK TRL,78723,1,NA,https://abc.austintexas.gov/web/permit/public-search-other?t_detail=1&t_selected_folderrsn=12271256,4520 RIMROCK TRAIL,NA,Austin,Texas,United States,2
11609 AMERICAN MUSTANG LOOP,New 1-story single family residence to have (4) bedrooms (3) bathrooms attached garage covered front porch and rear covered patio. *Green Building*WILDHORSE PUD*,2019-06-24,1,1,11609 AMERICAN MUSTANG LOOP,78724,1,NA,https://abc.austintexas.gov/web/permit/public-search-other?t_detail=1&t_selected_folderrsn=12264145,11609 AMERICAN MUSTANG LOOP,NA,Austin,Texas,United States,2
1308 LIMELIGHT LN,New single family condominium residence covered porch & patio attached 1 car garage with tandem parking in driveway 3 bedroom 2.5 bath.,2019-06-03,1,2,1308 LIMELIGHT LN,78660,7,NA,https://abc.austintexas.gov/web/permit/public-search-other?t_detail=1&t_selected_folderrsn=12209526,1308 LIMELIGHT LANE,NA,Austin,Texas,United States,2
3718 MENCHACA RD,"UNIT 303 - New 3 story with attached garage office and roof top. 3/3.5 
Revision 1: Revisions to exterior building materials.",2022-06-29,1,3,3718 MENCHACA RD,78704,5,NA,https://abc.austintexas.gov/web/permit/public-search-other?t_detail=1&t_selected_folderrsn=12942316,3718 MENCHACA ROAD,NA,Austin,Texas,United States,2
7920 MULLEN DR,Building 1 Unit 5 new 3-story townhouses  with attached garage 3/3,2022-06-28,1,3,7920 MULLEN DR,78757,4,NA,https://abc.austintexas.gov/web/permit/public-search-other?t_detail=1&t_selected_folderrsn=12950083,7920 MULLEN DRIVE,NA,Austin,Texas,United States,2
7920 MULLEN DR,Building #2  Unit 8 New 3 Story Single Family House with attached garage  3/3,2022-06-28,1,3,7920 MULLEN DR,78757,4,NA,https://abc.austintexas.gov/web/permit/public-search-other?t_detail=1&t_selected_folderrsn=12950140,7920 MULLEN DRIVE,NA,Austin,Texas,United States,2
7920 MULLEN DR,Building #2  Unit 4 New 3 Story Single Family House with attached garage  3/3,2022-06-28,1,3,7920 MULLEN DR,78757,4,NA,https://abc.austintexas.gov/web/permit/public-search-other?t_detail=1&t_selected_folderrsn=12950138,7920 MULLEN DRIVE,NA,Austin,Texas,United States,2
3718 MENCHACA RD,UNIT 401 - New 3 story with attached garage office and roof top. 2/2.5,2022-06-28,1,3,3718 MENCHACA RD,78704,5,NA,https://abc.austintexas.gov/web/permit/public-search-other?t_detail=1&t_selected_folderrsn=12925948,3718 MENCHACA ROAD,NA,Austin,Texas,United States,2
1002 GLEN OAKS CT,New ADU 1 Story 1/1,2022-07-18,1,1,1002 GLEN OAKS CT,78702,1,NA,https://abc.austintexas.gov/web/permit/public-search-other?t_detail=1&t_selected_folderrsn=12917913,1002 GLEN OAKS CT,NA,Austin,Texas,United States,2
7920 MULLEN DR,Building 1 Unit 7 new 3-story townhouses  with attached garage 3/3,2022-06-28,1,3,7920 MULLEN DR,78757,4,NA,https://abc.austintexas.gov/web/permit/public-search-other?t_detail=1&t_selected_folderrsn=12950084,7920 MULLEN DRIVE,NA,Austin,Texas,United States,2
5105 LANSING DR BLDG 2,New construction secondary apartment above detached 2-car garage; SDU consists of 1 bedroom 1 bath with exterior stairs and covered landing. Detached garage has utility room and storage.,2019-05-22,1,2,5105 LANSING DR BLDG 2,78745,3,NA,https://abc.austintexas.gov/web/permit/public-search-other?t_detail=1&t_selected_folderrsn=12203280,5105 LANSING DRIVE BLDG 2,NA,Austin,Texas,United States,2
16412 ENAMORADO RD,Hudson 2094-F-L New 2 story single family residence with (4) bedroom (3.5) bathrooms attached 2 car garage covered entry and patio,2019-05-06,1,2,16412 ENAMORADO RD,78653,1,NA,https://abc.austintexas.gov/web/permit/public-search-other?t_detail=1&t_selected_folderrsn=12192402,16412 ENAMORADO ROAD,NA,Austin,Texas,United States,2
7809 BESTRIDE BND,New 1-story single family residence to have (3) bedrooms (2) bathrooms attached garage covered front porch and rear covered patio. *GREEN BUILDING*PILOT KNOB PUD*,2019-05-01,1,2,7809 BESTRIDE BND,78744,2,NA,https://abc.austintexas.gov/web/permit/public-search-other?t_detail=1&t_selected_folderrsn=12186475,7809 BESTRIDE BND,NA,Austin,Texas,United States,2
9912 COMELY BND,Hudson 2094-F-L New 2 story single family residence with (4) bedroom (3.5) bathrooms attached 2 car garage covered entry and patio,2019-05-06,1,2,9912 COMELY BND,78653,1,NA,https://abc.austintexas.gov/web/permit/public-search-other?t_detail=1&t_selected_folderrsn=12192391,9912 COMELY BND,NA,Austin,Texas,United States,2
1406 E APPLEGATE DR,New 2-story 4 bedroom 3 bathroom single family residence w/ attached garage covered porch and covered patio.,2019-05-01,1,2,1406 E APPLEGATE DR,78753,1,NA,https://abc.austintexas.gov/web/permit/public-search-other?t_detail=1&t_selected_folderrsn=12188070,1406 EAST APPLEGATE DRIVE,NA,Austin,Texas,United States,2
16420 ENAMORADO RD,Raleigh 1658-D-R New 1 story single family residence with (3) bedroom (2) bathrooms attached 2 car garage covered entry and patio,2019-05-06,1,1,16420 ENAMORADO RD,78653,1,NA,https://abc.austintexas.gov/web/permit/public-search-other?t_detail=1&t_selected_folderrsn=12192449,16420 ENAMORADO ROAD,NA,Austin,Texas,United States,2
11913 ROSCOMMON TRL,New 1 story sfr 4 beds 2 baths with attached garage,2019-05-07,1,1,11913 ROSCOMMON TRL,78754,1,NA,https://abc.austintexas.gov/web/permit/public-search-other?t_detail=1&t_selected_folderrsn=12188899,11913 ROSCOMMON TRAIL,NA,Austin,Texas,United States,2
16416 ENAMORADO RD,Washington 1725-B-L 1-story single family residence (3) bedroom (2) bathrooms attached 2 car garage covered entry patio,2019-05-06,1,1,16416 ENAMORADO RD,78653,1,NA,https://abc.austintexas.gov/web/permit/public-search-other?t_detail=1&t_selected_folderrsn=12192468,16416 ENAMORADO ROAD,NA,Austin,Texas,United States,2
9816 BECOMING ST,Washington 1725-B-L New (1) story single family residence (3) bdrms (2) baths attached 2car garage with cvrd entry and rear patio,2019-05-06,1,1,9816 BECOMING ST,78653,1,NA,https://abc.austintexas.gov/web/permit/public-search-other?t_detail=1&t_selected_folderrsn=12192424,9816 BECOMING STREET,NA,Austin,Texas,United States,2
6301 ARBOR CREST LN,Bexar 51399 DL New 1 Story Single Family Residence with (3) bed (2) bath attached 2 car garage covered entry flatwork patio,2019-05-10,1,1,6301 ARBOR CREST LN,78747,2,NA,https://abc.austintexas.gov/web/permit/public-search-other?t_detail=1&t_selected_folderrsn=12195832,6301 ARBOR CREST LANE,NA,Austin,Texas,United States,2
4518 RIMROCK TRL,Secondary dwelling unit with 2 bedrooms and 3 baths,2019-04-02,1,2,4518 RIMROCK TRL,78723,1,NA,https://abc.austintexas.gov/web/permit/public-search-other?t_detail=1&t_selected_folderrsn=12154354,4518 RIMROCK TRAIL,NA,Austin,Texas,United States,2
4522 RIMROCK TRL,Secondary dwelling unit with 2 bedrooms and 3 baths,2019-04-02,1,2,4522 RIMROCK TRL,78723,1,NA,https://abc.austintexas.gov/web/permit/public-search-other?t_detail=1&t_selected_folderrsn=12159781,4522 RIMROCK TRAIL,NA,Austin,Texas,United States,2
4518 RIMROCK TRL,New SFR with 3 bedrooms and 3 baths and attached garage,2019-04-02,1,2,4518 RIMROCK TRL,78723,1,NA,https://abc.austintexas.gov/web/permit/public-search-other?t_detail=1&t_selected_folderrsn=12154353,4518 RIMROCK TRAIL,NA,Austin,Texas,United States,2
1404 LIMELIGHT LN,Unit #20. New 2 story single-family condominium residence 3 bedroom 2.5 bath. Attached 1 car garage with 1 tandem parking spot in driveway.,2019-03-25,1,2,1404 LIMELIGHT LN,78660,7,NA,https://abc.austintexas.gov/web/permit/public-search-other?t_detail=1&t_selected_folderrsn=12160860,1404 LIMELIGHT LANE,NA,Austin,Texas,United States,2
4522 RIMROCK TRL,SFR with 3 bedrooms 3 baths and attached garage,2019-04-02,1,2,4522 RIMROCK TRL,78723,1,NA,https://abc.austintexas.gov/web/permit/public-search-other?t_detail=1&t_selected_folderrsn=12159780,4522 RIMROCK TRAIL,NA,Austin,Texas,United States,2
1016 MORNING MOON CIR,**BP Withdrawn- See comment tab for additional information-JC**Irvine 7046 -D-L New 2 Story Single Family Residence with 7 bedrooms 4 1/2 bathrooms attached 3 car garage covered entry porch & patio,2019-04-01,1,2,1016 MORNING MOON CIR,78732,10,NA,https://abc.austintexas.gov/web/permit/public-search-other?t_detail=1&t_selected_folderrsn=12166362,1016 MORNING MOON CIR,NA,Austin,Texas,United States,2
1202 LIMELIGHT LN,Unit 31.  Construction of new 2-story single family detached condominium covered porch and patio 1 car garage with tandem parking in driveway.,2019-04-01,1,2,1202 LIMELIGHT LN,78660,7,NA,https://abc.austintexas.gov/web/permit/public-search-other?t_detail=1&t_selected_folderrsn=12165406,1202 LIMELIGHT LANE,NA,Austin,Texas,United States,2
409 W 35TH ST,"Expedited Review: New construction 2 story ADU (2 bath / 2 bed) with attached garage and covered patio. 
5/9/19 MW Pre-con Failed no tree protection in place for two (2) heritage pecans on the adjacent lot impacts to the CRZs of both trees. Email martin.wise@austintexas.gov if you have questions.",2019-04-11,1,2,409 W 35TH ST,78705,9,NA,https://abc.austintexas.gov/web/permit/public-search-other?t_detail=1&t_selected_folderrsn=12172633,409 WEST 35TH STREET,NA,Austin,Texas,United States,2
10120 FOREST GROVE DR,Opus-1592BR-New 1-Story Single Family Residence w/ 3 bedrooms 2 bathrooms attached 2 car garage covered entry porch & patio,2019-03-07,1,1,10120 FOREST GROVE DR,78747,2,NA,https://abc.austintexas.gov/web/permit/public-search-other?t_detail=1&t_selected_folderrsn=12150964,10120 FOREST GROVE DRIVE,NA,Austin,Texas,United States,2
6600 HERGOTZ LN,New 2 story SF res w/ Front Covered Porch Rear Covered Patio Balcony  (3) Bedrooms (3.5) Bathrooms & Flex Room.,2019-03-18,1,2,6600 HERGOTZ LN,78742,3,NA,https://abc.austintexas.gov/web/permit/public-search-other?t_detail=1&t_selected_folderrsn=12145793,6600 HERGOTZ LANE,NA,Austin,Texas,United States,2
1815 KERR ST,"new 2 story sfr 5 bedrooms 4.5 baths 2 car garage
Cycle: 1 - Adequate fire flow available.",2019-03-01,1,2,1815 KERR ST,78704,5,NA,https://abc.austintexas.gov/web/permit/public-search-other?t_detail=1&t_selected_folderrsn=12145632,1815 KERR STREET,NA,Austin,Texas,United States,2
12100 SCARLET SLEEVE WAY,12100 Scarlet Sleeve Way: New 2-story SFR with 3 bedrooms 2.5 bathrooms covered porch attached garage,2021-10-07,1,2,12100 SCARLET SLEEVE WAY,78617,2,NA,https://abc.austintexas.gov/web/permit/public-search-other?t_detail=1&t_selected_folderrsn=12793134,12100 SCARLET SLEEVE WAY,NA,Austin,Texas,United States,2
12104 SCARLET SLEEVE WAY,12104 Scarlet Sleeve Way: New 2-story SFR with 3 bedrooms 2.5 bathrooms covered porch attached garage,2021-10-07,1,2,12104 SCARLET SLEEVE WAY,78617,2,NA,https://abc.austintexas.gov/web/permit/public-search-other?t_detail=1&t_selected_folderrsn=12793136,12104 SCARLET SLEEVE WAY,NA,Austin,Texas,United States,2
10200 FOREST GROVE DR,Crescendo-1546AR-New 1-Story Single Family Residence w/ 3 bedrooms 2 bathrooms attached 2 car garage covered entry porch & patio,2019-03-11,1,1,10200 FOREST GROVE DR,78747,2,NA,https://abc.austintexas.gov/web/permit/public-search-other?t_detail=1&t_selected_folderrsn=12153334,10200 FOREST GROVE DRIVE,NA,Austin,Texas,United States,2
1302 PALO DURO RD,Two family residential duplex new construction 2-story 3/3 bedroom 3.5/3 bath with attached 1-car carport (Unit A) attached 1-car garage (Unit B) covered front porch (both units) and covered rear patio (both units).,2019-03-13,2,2,1302 PALO DURO RD,78757,7,NA,https://abc.austintexas.gov/web/permit/public-search-other?t_detail=1&t_selected_folderrsn=12149892,1302 PALO DURO ROAD,NA,Austin,Texas,United States,2
2810 GONZALES ST  SECONDARY,New construction of 1092 sqft  2-story secondary dwelling unit. 3/2.5,2019-03-04,1,2,2810 GONZALES ST,78702,3,NA,https://abc.austintexas.gov/web/permit/public-search-other?t_detail=1&t_selected_folderrsn=12142904,2810 GONZALES STREET,NA,Austin,Texas,United States,2
8207 CHRYSLER BND,2275E-E1-2 story new single family residence 3/bdr/2bath/2 car covered garage/2275/left swing,2019-02-19,1,2,8207 CHRYSLER BND,78744,2,NA,https://abc.austintexas.gov/web/permit/public-search-other?t_detail=1&t_selected_folderrsn=12132578,8207 CHRYSLER BND,NA,Austin,Texas,United States,2
8113 DONNELLEY DR,2150E-E1-R  1 story new single family residence 3 bdr/2 bath/2 car covered garage,2019-01-30,1,1,8113 DONNELLEY DR,78744,2,NA,https://abc.austintexas.gov/web/permit/public-search-other?t_detail=1&t_selected_folderrsn=12110495,8113 DONNELLEY DRIVE,NA,Austin,Texas,United States,2
7808 DONNELLEY DR,2287E-E2-1 story new single family residence 4bdr/3bath/2 car covered garage 2287/right swing,2019-02-12,1,1,7808 DONNELLEY DR,78744,2,NA,https://abc.austintexas.gov/web/permit/public-search-other?t_detail=1&t_selected_folderrsn=12131245,7808 DONNELLEY DRIVE,NA,Austin,Texas,United States,2
2607 RIVER HILLS RD BLDG G,"Expedited Review: New 4/6 2 story sing fam res with theatre exercise room game room attached garages and attached pool house
9/10/19 MW Pass tree protection for the area near the boat dock has been installed no work is to be done beyond that until more protection is installed. Met with Monte Goertz and Wes Buckner on site. Contact: martin.wise@austintexas.gov",2019-01-30,1,2,2607 RIVER HILLS RD BLDG G,78733,10,NA,https://abc.austintexas.gov/web/permit/public-search-other?t_detail=1&t_selected_folderrsn=12126960,2607 RIVER HILLS ROAD BLDG G,NA,Austin,Texas,United States,2
2225 THRASHER LN UNIT B,New Single Family Dwelling,2019-01-15,1,2,2225 THRASHER LN BLDG 2,78741,3,NA,https://abc.austintexas.gov/web/permit/public-search-other?t_detail=1&t_selected_folderrsn=12105348,2225 THRASHER LANE BLDG 2,NA,Austin,Texas,United States,2
7816 BESTRIDE BND,New 2-story single-family residence attached garage covered entry porch and patio. *GREEN BUILDING*,2019-01-16,1,2,7816 BESTRIDE BND,78744,2,NA,https://abc.austintexas.gov/web/permit/public-search-other?t_detail=1&t_selected_folderrsn=12119027,7816 BESTRIDE BND,NA,Austin,Texas,United States,2
800 MORNING MOON CIR,Burbank-F-R-New 2 - story single-family residence attached garage covered porches covered entry porch and covered rear patio w/above balcony.  *PRODUCTION BUILDER*,2019-01-03,1,2,800 MORNING MOON CIR,78732,10,NA,https://abc.austintexas.gov/web/permit/public-search-other?t_detail=1&t_selected_folderrsn=12110155,800 MORNING MOON CIR,NA,Austin,Texas,United States,2
12511 CEDAR ST,New 2 story SF res -Front Covered Porch Foyer Stairwell Great Rm Rear attached Covered Patio Dining Rm Kitchen Powder Rm Mud Rm Laundry Rm 2-car Garage; 2nd FL -Stairwell Loft Bedrm #3 Bathroom #2 Bedrm #2 Master Bedroom Covered Balcony Master Bathroom & Master Walk-in Closet,2018-11-02,1,2,12511 CEDAR ST,78732,10,NA,https://abc.austintexas.gov/web/permit/public-search-other?t_detail=1&t_selected_folderrsn=12078314,12511 CEDAR STREET,NA,Austin,Texas,United States,2
704 SCREECH OWL DR *VOLUME BUILDER*,2495FJR NEW SINGLE FAMILY TWO STORY HOME WITH ATTACHED GARAGE AND COVERED PATIO,2018-11-19,1,2,704 SCREECH OWL DR,78660,7,NA,https://abc.austintexas.gov/web/permit/public-search-other?t_detail=1&t_selected_folderrsn=12083167,704 SCREECH OWL DRIVE,NA,Austin,Texas,United States,2
9302 BAYSHORE BND,New 2-story Condominium Residence with attached garage covered porch and patio.  *CONDOMINIUM RESIDENCE*,2018-12-05,1,2,9302 BAYSHORE BND,78726,10,NA,https://abc.austintexas.gov/web/permit/public-search-other?t_detail=1&t_selected_folderrsn=12049134,9302 BAYSHORE BND,NA,Austin,Texas,United States,2
702 N COMMONS FORD RD,"New two story SFR with 4 car attached garage.
4 bed/6 bath",2018-12-03,1,2,702 N COMMONS FORD RD,78733,NA,NA,https://abc.austintexas.gov/web/permit/public-search-other?t_detail=1&t_selected_folderrsn=11971752,702 NORTH COMMONS FORD ROAD,NA,Austin,Texas,United States,2
1006 LORRAIN ST,New 2 story SFR with habitable attic exemptions and attached carport 4 beds/3.5 bath,2018-11-28,1,2,1006 LORRAIN ST,78703,9,NA,https://abc.austintexas.gov/web/permit/public-search-other?t_detail=1&t_selected_folderrsn=11900242,1006 LORRAIN STREET,NA,Austin,Texas,United States,2
16517 SUMMERY ST,New 2-story single-family residence covered entry porch and patio *VOLUME BUILDER*,2018-11-15,1,2,16517 SUMMERY ST,78653,1,NA,https://abc.austintexas.gov/web/permit/public-search-other?t_detail=1&t_selected_folderrsn=12085565,16517 SUMMERY STREET,NA,Austin,Texas,United States,2
4211 PREVAIL LN,New Construction of Multi Family 2 units with Attached Garage,2018-11-26,2,4,4211 PREVAIL LN,78731,10,NA,https://abc.austintexas.gov/web/permit/public-search-other?t_detail=1&t_selected_folderrsn=12089041,4211 PREVAIL LANE,NA,Austin,Texas,United States,2
9300 MARGARET JEWEL LN,New 2-story single family residence attached garage covered porch and patio.,2018-10-26,1,2,9300 MARGARET JEWEL LN,78748,5,NA,https://abc.austintexas.gov/web/permit/public-search-other?t_detail=1&t_selected_folderrsn=12070560,9300 MARGARET JEWEL LANE,NA,Austin,Texas,United States,2
4526 UNITY CIR,*Smart housing* Green building* 3 unit building: New construction single family residential attached condominium 3-story 3 bedroom 3.5 bath with attached 2-car garage covered front porch and covered 3rd story balcony. Unit 266,2018-10-02,1,3,4526 UNITY CIR,78731,10,NA,https://abc.austintexas.gov/web/permit/public-search-other?t_detail=1&t_selected_folderrsn=12042056,4526 UNITY CIR,NA,Austin,Texas,United States,2
13005 FORESTON DR,2281- VOYAGER1DL,2018-09-28,1,2,13005 FORESTON DR,78754,1,NA,https://abc.austintexas.gov/web/permit/public-search-other?t_detail=1&t_selected_folderrsn=12042289,13005 FORESTON DRIVE,NA,Austin,Texas,United States,2
1402 S 5TH ST,"Expedited Review: New 2/2 1 story secondary apt
12/28/18 DD Admin. Hold placed due to site non compliance with the Tree Permit issued.
Out standing re inspection fee is owed for ECV 2018- 188027 issued in October.
1/15/20 DD Admin. Hold remains in place until all Tree Compliance issues have been resolved.
1/5/20 DD New ECV Written for paint / stain impacts to the Heritage Trees in the backyard.  contact douglas.dear@austin.gov",2018-10-25,1,1,1402 S 5TH ST,78704,9,NA,https://abc.austintexas.gov/web/permit/public-search-other?t_detail=1&t_selected_folderrsn=12073365,1402 SOUTH 5TH STREET,NA,Austin,Texas,United States,2
4326 ATTRA ST,4326 Attra Street. New 3-story single-family Row House in a 4 unit structure attached garage *SMART HOUSING* 62.5% FEES WAIVED*,2018-09-28,1,3,4326 ATTRA ST,78723,9,NA,https://abc.austintexas.gov/web/permit/public-search-other?t_detail=1&t_selected_folderrsn=12042090,4326 ATTRA STREET,NA,Austin,Texas,United States,2
1402 S 5TH ST,"Expedited Review: New 5/4 2 story Res with attached garage
12/28/18 DD Admin. Hold placed due to site non compliance with the Tree Permit issued.
Out standing re inspection fee is owed for ECV 2018- 188027 issued in October.",2018-10-25,1,2,1402 S 5TH ST,78704,9,NA,https://abc.austintexas.gov/web/permit/public-search-other?t_detail=1&t_selected_folderrsn=12073364,1402 SOUTH 5TH STREET,NA,Austin,Texas,United States,2
7600 WILLIAMSON CREEK DR,New Single Wide Manufactured Home,2018-09-04,1,1,7600 WILLIAMSON CREEK DR,78736,8,NA,https://abc.austintexas.gov/web/permit/public-search-other?t_detail=1&t_selected_folderrsn=12023558,7600 WILLIAMSON CREEK DRIVE,NA,Austin,Texas,United States,2
1825 BITTER CREEK DR,New manufactured home.,2018-09-12,1,1,1825 BITTER CREEK DR,78744,2,NA,https://abc.austintexas.gov/web/permit/public-search-other?t_detail=1&t_selected_folderrsn=12031748,1825 BITTER CREEK DRIVE,NA,Austin,Texas,United States,2
1313 WOOTEN DR,New construction secondary apartment 2-story 2 bedroom 2 bath with covered front porch.,2018-09-21,1,2,1313 WOOTEN DR,78757,4,NA,https://abc.austintexas.gov/web/permit/public-search-other?t_detail=1&t_selected_folderrsn=11843366,1313 WOOTEN DRIVE,NA,Austin,Texas,United States,2
9309 MARGARET JEWEL LN,New 1-story single-family residence attached garage covered entry porch and patio.  *PRODUCTION BUILDER*,2018-09-04,1,1,9309 MARGARET JEWEL LN,78748,5,NA,https://abc.austintexas.gov/web/permit/public-search-other?t_detail=1&t_selected_folderrsn=12023851,9309 MARGARET JEWEL LANE,NA,Austin,Texas,United States,2
2017 THRASHER LN,Relocated 1 story SF res: Front Covered Porch Living Room Dining Room Kitchen Utility Room Rear attached Uncovered Wood Deck Bedroom #3 Bathroom Bedroom #2 Master Bedroom & Master Bathroom.,2018-08-17,1,1,2017 THRASHER LN,78741,3,NA,https://abc.austintexas.gov/web/permit/public-search-other?t_detail=1&t_selected_folderrsn=12006651,2017 THRASHER LANE,NA,Austin,Texas,United States,2
810 THERESA AVE,Secondary dwelling unit,2018-07-30,1,2,810 THERESA AVE,78703,9,NA,https://abc.austintexas.gov/web/permit/public-search-other?t_detail=1&t_selected_folderrsn=11991578,810 THERESA AVE,NA,Austin,Texas,United States,2
812 THERESA AVE,Secondary Dwelling,2018-07-30,1,2,812 THERESA AVE,78703,9,NA,https://abc.austintexas.gov/web/permit/public-search-other?t_detail=1&t_selected_folderrsn=11991055,812 THERESA AVE,NA,Austin,Texas,United States,2
3218 SMOKY RIDGE,New SFR with attached two car garage 3 bed/2.5 bath,2018-07-31,1,1,3218 SMOKY RIDGE,78730,10,NA,https://abc.austintexas.gov/web/permit/public-search-other?t_detail=1&t_selected_folderrsn=11993706,3218 SMOKY RIDGE,NA,Austin,Texas,United States,2
812 THERESA AVE,SF residence,2018-07-30,1,2,812 THERESA AVE,78703,9,NA,https://abc.austintexas.gov/web/permit/public-search-other?t_detail=1&t_selected_folderrsn=11991054,812 THERESA AVE,NA,Austin,Texas,United States,2
810 THERESA AVE,SF residence with 3 bedrooms attached garage,2018-07-30,1,2,810 THERESA AVE,78703,9,NA,https://abc.austintexas.gov/web/permit/public-search-other?t_detail=1&t_selected_folderrsn=11991577,810 THERESA AVE,NA,Austin,Texas,United States,2
16508 SUMMERY ST,New 2-story single-family residence covered entry porch and patio *VOLUME BUILDER*,2018-07-24,1,2,16508 SUMMERY ST,78653,1,NA,https://abc.austintexas.gov/web/permit/public-search-other?t_detail=1&t_selected_folderrsn=11989976,16508 SUMMERY STREET,NA,Austin,Texas,United States,2
7401 SPRING RAY DR,New 1-story single-family residence attached garage covered porch and patio.  *PRODUCTION BUILDER *,2018-07-17,1,1,7401 SPRING RAY DR,78617,2,NA,https://abc.austintexas.gov/web/permit/public-search-other?t_detail=1&t_selected_folderrsn=11984669,7401 SPRING RAY DRIVE,NA,Austin,Texas,United States,2
1705 E 38TH ST,*Partial Demo.* 1st and 2nd story 2083.28 sqft addition to existing 1-story SFR. Interior remodel the existing SFR to become proposed duplex residence.,2018-07-16,2,2,1705 E 38TH ST,78722,9,NA,https://abc.austintexas.gov/web/permit/public-search-other?t_detail=1&t_selected_folderrsn=11836825,1705 EAST 38TH STREET,NA,Austin,Texas,United States,2
16512 SUMMERY ST,New 2-story single-family residence covered entry porch and patio *VOLUME BUILDER*,2018-07-24,1,2,16512 SUMMERY ST,78653,1,NA,https://abc.austintexas.gov/web/permit/public-search-other?t_detail=1&t_selected_folderrsn=11990010,16512 SUMMERY STREET,NA,Austin,Texas,United States,2
6116 BELGRAVE DR,New 2-story single-family residence attached garage entry porch and covered rear patio.  *PRODUCTION BUILDER*,2018-07-06,1,2,6116 BELGRAVE DR,78747,2,NA,https://abc.austintexas.gov/web/permit/public-search-other?t_detail=1&t_selected_folderrsn=11977326,6116 BELGRAVE DRIVE,NA,Austin,Texas,United States,2
16520 SUMMERY ST,New 1-story single-family residence covered entry porch and patio *PRODUCTION BUILDER*,2018-07-24,1,1,16520 SUMMERY ST,78653,1,NA,https://abc.austintexas.gov/web/permit/public-search-other?t_detail=1&t_selected_folderrsn=11989924,16520 SUMMERY STREET,NA,Austin,Texas,United States,2
15416 SUMMER RAY DR,New 2-story single-family residence attached garage covered porch and patio.  *PRODUCTION BUILDER *,2018-07-19,1,2,15416 SUMMER RAY DR,78617,2,NA,https://abc.austintexas.gov/web/permit/public-search-other?t_detail=1&t_selected_folderrsn=11986839,15416 SUMMER RAY DRIVE,NA,Austin,Texas,United States,2
10309 LAURIE LN,"New 2-story single-family residence attached garage covered entry porch and patio.
*VOLUME BUILDER",2018-07-17,1,1,10309 LAURIE LN,78747,2,NA,https://abc.austintexas.gov/web/permit/public-search-other?t_detail=1&t_selected_folderrsn=11982447,10309 LAURIE LANE,NA,Austin,Texas,United States,2
3220 SMOKY RIDGE,New SFR with basement and attached garage. 4 bed/4.5 bath,2018-07-18,1,2,3220 SMOKY RIDGE,78730,10,NA,https://abc.austintexas.gov/web/permit/public-search-other?t_detail=1&t_selected_folderrsn=11984681,3220 SMOKY RIDGE,NA,Austin,Texas,United States,2
16516 SUMMERY ST,New 2-story single-family residence covered entry porch and patio *VOLUME BUILDER*,2018-07-24,1,2,16516 SUMMERY ST,78653,1,NA,https://abc.austintexas.gov/web/permit/public-search-other?t_detail=1&t_selected_folderrsn=11990026,16516 SUMMERY STREET,NA,Austin,Texas,United States,2
2810 OAK SPRINGS DR,New secondary dweling unit.  2 bedroom 2.5 baths 1 car garage.,2018-06-22,1,2,2810 OAK SPRINGS DR,78702,1,NA,https://abc.austintexas.gov/web/permit/public-search-other?t_detail=1&t_selected_folderrsn=11900262,2810 OAK SPRINGS DRIVE,NA,Austin,Texas,United States,2
1618 PALMA PLZ,New Construction of Multi-Family Bldg,2018-06-04,4,3,1618 PALMA PLZ,78703,9,NA,https://abc.austintexas.gov/web/permit/public-search-other?t_detail=1&t_selected_folderrsn=11911725,1618 PALMA PLZ,NA,Austin,Texas,United States,2
913 SOLITUDE DR,New 2-story single-family residence attached garage covered entry porch and patio.  *PRODUCTION BUILDER*,2018-06-05,1,2,913 SOLITUDE DR,78660,7,NA,https://abc.austintexas.gov/web/permit/public-search-other?t_detail=1&t_selected_folderrsn=11957085,913 SOLITUDE DRIVE,NA,Austin,Texas,United States,2
2704 ZACH SCOTT ST,New 2-story single-family house with a side zero-lot line  attached garage covered front porch and rear patio.  *SMART -PRODUCTION BUILDER*FEES WAIVED at 62.5 %*,2018-05-16,1,2,2704 ZACH SCOTT ST,78723,9,NA,https://abc.austintexas.gov/web/permit/public-search-other?t_detail=1&t_selected_folderrsn=11945543,2704 ZACH SCOTT STREET,NA,Austin,Texas,United States,2
6105 STEEP CACTUS TRL Unit A,UNIT # 48 - New 2-story duplex condominium Residence with attached garage covered porch and deck.  *2 UNITS* *CONDOMINIUM-DUPLEX RESIDENCE*,2018-05-03,1,2,6105 STEEP CACTUS TRL UNIT A,78735,8,NA,https://abc.austintexas.gov/web/permit/public-search-other?t_detail=1&t_selected_folderrsn=11937357,6105 CACTUS TRAIL UNIT A, STEEP,Austin,Texas,United States,2
16504 SUMMERY ST,New 2-story single-family residence covered entry porch and patio *VOLUME BUILDER*,2018-05-24,1,2,16504 SUMMERY ST,78653,1,NA,https://abc.austintexas.gov/web/permit/public-search-other?t_detail=1&t_selected_folderrsn=11951026,16504 SUMMERY STREET,NA,Austin,Texas,United States,2
6117 CHARIS CT,New single family residence with main level habitable basement  clerestory space 4 bedrooms 6.5 bathrooms attached garage and covered patio.,2018-05-14,1,2,6117 CHARIS CT,78735,8,NA,https://abc.austintexas.gov/web/permit/public-search-other?t_detail=1&t_selected_folderrsn=11941939,6117 CHARIS CT,NA,Austin,Texas,United States,2
2300 ENFIELD RD UNIT 305,Unit #305 New 3-story Condominium Residence with attached garage covered porch and patio.  *CONDOMINIUM RESIDENCE,2018-04-02,2,3,2300 ENFIELD RD UNIT 305,78703,10,NA,https://abc.austintexas.gov/web/permit/public-search-other?t_detail=1&t_selected_folderrsn=11852917,2300 ENFIELD ROAD UNIT 305,NA,Austin,Texas,United States,2
5307 HARMON AVE,New 2 story SDU 2 bed/1.5 bath,2018-04-11,1,2,5307 HARMON AVE,78751,4,NA,https://abc.austintexas.gov/web/permit/public-search-other?t_detail=1&t_selected_folderrsn=11918809,5307 HARMON AVE,NA,Austin,Texas,United States,2
2300 ENFIELD RD UNIT 303,Unit #303 New 3-story Condominium Residence with attached garage covered porch and patio.  *CONDOMINIUM RESIDENCE,2018-04-02,2,3,2300 ENFIELD RD UNIT 303,78703,10,NA,https://abc.austintexas.gov/web/permit/public-search-other?t_detail=1&t_selected_folderrsn=11852766,2300 ENFIELD ROAD UNIT 303,NA,Austin,Texas,United States,2
2300 ENFIELD RD UNIT 206,"Unit #206 New 3-story Duplex Condominium Residence with attached garages covered balconies. *DUPLEX CONDOMINIUM RESIDENCE*

3/30/26 SM - Per Marvin Lewis a Fire suppression system is not required for this unit per the site plan.",2018-04-02,2,3,2300 ENFIELD RD UNIT 206,78703,10,NA,https://abc.austintexas.gov/web/permit/public-search-other?t_detail=1&t_selected_folderrsn=11852581,2300 ENFIELD ROAD UNIT 206,NA,Austin,Texas,United States,2
1303 E 3RD ST,New construction secondary apartment 1-story 1 bedroom 1 bath with deck landing.,2018-04-23,1,1,1303 E 3RD ST,78702,3,NA,https://abc.austintexas.gov/web/permit/public-search-other?t_detail=1&t_selected_folderrsn=11930815,1303 EAST 3RD STREET,NA,Austin,Texas,United States,2
2300 ENFIELD RD UNIT 203,"Unit #203 New 3-story Duplex Condominium Residence with attached garages covered balconies. *DUPLEX CONDOMINIUM RESIDENCE*

3/30/26 SM - Per Marvin Lewis a Fire suppression system is not required for this unit per the site plan.",2018-04-02,2,3,2300 ENFIELD RD UNIT 203,78703,10,NA,https://abc.austintexas.gov/web/permit/public-search-other?t_detail=1&t_selected_folderrsn=11852592,2300 ENFIELD ROAD UNIT 203,NA,Austin,Texas,United States,2
2300 ENFIELD RD UNIT 301,Unit# 301 New 3-story Condominium Residence with attached garage covered porch and patio.  *CONDOMINIUM RESIDENCE,2018-04-02,1,3,2300 ENFIELD RD UNIT 301,78703,10,NA,https://abc.austintexas.gov/web/permit/public-search-other?t_detail=1&t_selected_folderrsn=11852751,2300 ENFIELD ROAD UNIT 301,NA,Austin,Texas,United States,2
2300 ENFIELD RD UNIT 207,"Unit #207 New 3-story Duplex Condominium Residence with attached garages covered balconies. *DUPLEX CONDOMINIUM RESIDENCE*

3/30/26 SM - Per Marvin Lewis a Fire suppression system is not required for this unit per the site plan.",2018-04-02,2,3,2300 ENFIELD RD UNIT 207,78703,10,NA,https://abc.austintexas.gov/web/permit/public-search-other?t_detail=1&t_selected_folderrsn=11852593,2300 ENFIELD ROAD UNIT 207,NA,Austin,Texas,United States,2
213 VIRTUS BND,UNIT # 25 New 1-story Condominium Residence with attached garage covered porch.  *VOL BUILD PROJECT* *CONDOMINIUM RESIDENCE*,2018-04-11,1,2,213 VIRTUS BND,78748,2,NA,https://abc.austintexas.gov/web/permit/public-search-other?t_detail=1&t_selected_folderrsn=11923751,213 VIRTUS BND,NA,Austin,Texas,United States,2
2300 ENFIELD RD UNIT 204,Unit #204 New 3-story Duplex Condominium Residence with attached garages covered balconies. *DUPLEX CONDOMINIUM RESIDENCE*,2018-04-02,2,3,2300 ENFIELD RD UNIT 204,78703,10,NA,https://abc.austintexas.gov/web/permit/public-search-other?t_detail=1&t_selected_folderrsn=11852952,2300 ENFIELD ROAD UNIT 204,NA,Austin,Texas,United States,2
2300 ENFIELD RD UNIT 304,Unit #304 New 3-story Condominium Residence with attached garage covered porch and patio.  *CONDOMINIUM RESIDENCE,2018-04-02,2,3,2300 ENFIELD RD UNIT 304,78703,10,NA,https://abc.austintexas.gov/web/permit/public-search-other?t_detail=1&t_selected_folderrsn=11852767,2300 ENFIELD ROAD UNIT 304,NA,Austin,Texas,United States,2
2300 ENFIELD RD UNIT 205,"Unit #205 New 3-story Duplex Condominium Residence with attached garages covered balconies. *DUPLEX CONDOMINIUM RESIDENCE*

3/30/26 SM - Per Marvin Lewis a Fire suppression system is not required for this unit per the site plan.",2018-04-02,2,3,2300 ENFIELD RD UNIT 205,78703,10,NA,https://abc.austintexas.gov/web/permit/public-search-other?t_detail=1&t_selected_folderrsn=11852569,2300 ENFIELD ROAD UNIT 205,NA,Austin,Texas,United States,2
7610 PROVIDENCE AVE,Expedited Review: New 3/2.5 2 story res with attached carport,2018-03-01,1,2,7610 PROVIDENCE AVE,78752,4,NA,https://abc.austintexas.gov/web/permit/public-search-other?t_detail=1&t_selected_folderrsn=11876746,7610 PROVIDENCE AVE,NA,Austin,Texas,United States,2
3901 BROOKVIEW RD,New construction single family residential 2-story 4 bedroom 3.5 bath with attached 3 car garage covered front porch covered patio of master bedroom uncovered wood deck and covered rear patio/outdoor kitchen.,2019-11-26,1,2,3901 BROOKVIEW RD,78722,9,NA,https://abc.austintexas.gov/web/permit/public-search-other?t_detail=1&t_selected_folderrsn=12369843,3901 BROOKVIEW ROAD,NA,Austin,Texas,United States,2
5705 COOLBROOK DR,New 2-story 4 bedroom 2.5 bathroom single family residence w/ attached garage and covered porch.,2019-11-06,1,2,5705 COOLBROOK DR,78724,1,NA,https://abc.austintexas.gov/web/permit/public-search-other?t_detail=1&t_selected_folderrsn=12353642,5705 COOLBROOK DRIVE,NA,Austin,Texas,United States,2
515 W CROSLIN ST,new construction of a two level residence,2018-02-21,1,2,515 W CROSLIN ST,78752,4,NA,https://abc.austintexas.gov/web/permit/public-search-other?t_detail=1&t_selected_folderrsn=11729307,515 WEST CROSLIN STREET,NA,Austin,Texas,United States,2
4401 BERKMAN DR,New 2-story Condominium Residence with attached garage and covered porch.  *CONDOMINIUM RESIDENCE*,2018-01-25,1,2,4401 BERKMAN DR,78723,9,NA,https://abc.austintexas.gov/web/permit/public-search-other?t_detail=1&t_selected_folderrsn=11855085,4401 BERKMAN DRIVE,NA,Austin,Texas,United States,2
4602 PACK SADDLE PASS,New 2 story SDU. 2 bed/2.5 bath,2018-02-01,1,2,4602 PACK SADDLE PASS,78745,5,NA,https://abc.austintexas.gov/web/permit/public-search-other?t_detail=1&t_selected_folderrsn=11858722,4602 PACK SADDLE PASS,NA,Austin,Texas,United States,2
515 W CROSLIN ST,new SDU,2018-02-21,1,1,515 W CROSLIN ST,78752,4,NA,https://abc.austintexas.gov/web/permit/public-search-other?t_detail=1&t_selected_folderrsn=11729308,515 WEST CROSLIN STREET,NA,Austin,Texas,United States,2
5103 COPPERBEND BLVD,New 2 story 5 bedroom 3 bathroom single family residence with attached 2 car garage and covered porch,2017-12-22,1,2,5103 COPPERBEND BLVD,78744,2,NA,https://abc.austintexas.gov/web/permit/public-search-other?t_detail=1&t_selected_folderrsn=11837374,5103 COPPERBEND BOULEVARD,NA,Austin,Texas,United States,2
408 W 38TH HALF ST BLDG 4,Unit 4A/4B  New 2-story Condominium Residence with covered porches  *CONDOMINIUM RESIDENCE*,2017-12-21,1,2,408 W 38TH HALF ST BLDG 4,78751,9,NA,https://abc.austintexas.gov/web/permit/public-search-other?t_detail=1&t_selected_folderrsn=11839370,408 WEST 38TH HALF STREET BLDG 4,NA,Austin,Texas,United States,2
6913 MEADOR AVE,New 1 story SF res w/ front Covered Porch att. 2-car Garage and Rear Covered Patio,2018-01-05,1,1,6913 MEADOR AVE,78752,4,NA,https://abc.austintexas.gov/web/permit/public-search-other?t_detail=1&t_selected_folderrsn=11825442,6913 MEADOR AVE,NA,Austin,Texas,United States,2
4913 AVENUE G,Interior remodel to existing single family residence.,2018-01-22,1,1,4913 AVENUE G,78751,9,NA,https://abc.austintexas.gov/web/permit/public-search-other?t_detail=1&t_selected_folderrsn=11853724,4913 AVENUE G,NA,Austin,Texas,United States,2
8517 MOCCASIN PATH,New 2-story single-family residence attached garage covered entry porch and rear covered porch.  *VOLUME BUILDER*,2018-01-10,1,1,8517 MOCCASIN PATH,78736,8,NA,https://abc.austintexas.gov/web/permit/public-search-other?t_detail=1&t_selected_folderrsn=11848619,8517 MOCCASIN PATH,NA,Austin,Texas,United States,2
408 W 38TH HALF ST BLDG 1,UNIT 1A/1B New 2-story Condominium Residence with covered porch.  *CONDOMINIUM RESIDENCE*,2017-12-21,1,2,408 W 38TH HALF ST BLDG 1,78751,9,NA,https://abc.austintexas.gov/web/permit/public-search-other?t_detail=1&t_selected_folderrsn=11839386,408 WEST 38TH HALF STREET BLDG 1,NA,Austin,Texas,United States,2
408 W 38TH HALF ST BLDG 2,UNIT 2A/2B New 2-story Condominium Residence with covered porch.  *CONDOMINIUM RESIDENCE*,2017-12-21,1,2,408 W 38TH HALF ST BLDG 2,78751,9,NA,https://abc.austintexas.gov/web/permit/public-search-other?t_detail=1&t_selected_folderrsn=11839380,408 WEST 38TH HALF STREET BLDG 2,NA,Austin,Texas,United States,2
408 W 38TH HALF ST BLDG 3,UNIT 3 - New 2-story Single Family Residence with  covered porch.  *CONDOMINIUM RESIDENCE*,2017-12-21,1,2,408 W 38TH HALF ST BLDG 3,78751,9,NA,https://abc.austintexas.gov/web/permit/public-search-other?t_detail=1&t_selected_folderrsn=11823068,408 WEST 38TH HALF STREET BLDG 3,NA,Austin,Texas,United States,2
5924 S CONGRESS AVE BLDG 15,New Construction of a Multi-Family Building,2017-11-16,3,3,5924 S CONGRESS AVE BLDG 15,78745,2,NA,https://abc.austintexas.gov/web/permit/public-search-other?t_detail=1&t_selected_folderrsn=11814702,5924 SOUTH CONGRESS AVE BLDG 15,NA,Austin,Texas,United States,2
5924 S CONGRESS AVE BLDG 11,New Construction of a Multi-Family Building,2017-11-16,4,3,5924 S CONGRESS AVE BLDG 11,78745,2,NA,https://abc.austintexas.gov/web/permit/public-search-other?t_detail=1&t_selected_folderrsn=11814699,5924 SOUTH CONGRESS AVE BLDG 11,NA,Austin,Texas,United States,2
5924 S CONGRESS AVE BLDG 13,New Construction of a Multi-Family Building,2017-11-16,4,3,5924 S CONGRESS AVE BLDG 13,78745,2,NA,https://abc.austintexas.gov/web/permit/public-search-other?t_detail=1&t_selected_folderrsn=11814701,5924 SOUTH CONGRESS AVE BLDG 13,NA,Austin,Texas,United States,2
5820 HARPER PARK DR UNIT 18,"New 2-story Condominium Residence with attached garage covered porch and patio.  *CONDOMINIUM RESIDENCE*

Void reference 2018-062549",2017-12-13,1,2,5820 HARPER PARK DR UNIT 18,78735,8,NA,https://abc.austintexas.gov/web/permit/public-search-other?t_detail=1&t_selected_folderrsn=11831941,5820 HARPER PARK DRIVE UNIT 18,NA,Austin,Texas,United States,2
9504 BAYSHORE BND,New 2-story Condominium Residence with attached garage covered porch and patio.  *CONDOMINIUM RESIDENCE*,2017-12-01,1,2,9504 BAYSHORE BND,78726,10,NA,https://abc.austintexas.gov/web/permit/public-search-other?t_detail=1&t_selected_folderrsn=11828681,9504 BAYSHORE BND,NA,Austin,Texas,United States,2
5924 S CONGRESS AVE BLDG 1,New Construction of a Multi-Family Building,2017-11-16,4,3,5924 S CONGRESS AVE BLDG 1,78745,2,NA,https://abc.austintexas.gov/web/permit/public-search-other?t_detail=1&t_selected_folderrsn=11814695,5924 SOUTH CONGRESS AVE BLDG 1,NA,Austin,Texas,United States,2
1101 HOLLY ST,new 2/2 2 story secondary apt,2017-11-16,1,2,1101 HOLLY ST,78702,3,NA,https://abc.austintexas.gov/web/permit/public-search-other?t_detail=1&t_selected_folderrsn=11820892,1101 HOLLY STREET,NA,Austin,Texas,United States,2
11906 DEERING PL,New 2-story Condominium Residence with attached garage covered porch and patio.  *CONDOMINIUM RESIDENCE*,2017-11-30,1,2,11906 DEERING PL,78726,10,NA,https://abc.austintexas.gov/web/permit/public-search-other?t_detail=1&t_selected_folderrsn=11829568,11906 DEERING PLACE,NA,Austin,Texas,United States,2
506 EL PASO ST,2 story 1/1,2017-11-20,1,2,506 EL PASO ST,78704,3,NA,https://abc.austintexas.gov/web/permit/public-search-other?t_detail=1&t_selected_folderrsn=11810246,506 EL PASO STREET,NA,Austin,Texas,United States,2
1103 MATTHEWS LN,New single story 3 bedroom 2 bathroom single family house with attached garage and covered porch,2017-11-15,1,1,1103 MATTHEWS LN,78745,5,NA,https://abc.austintexas.gov/web/permit/public-search-other?t_detail=1&t_selected_folderrsn=11823643,1103 MATTHEWS LANE,NA,Austin,Texas,United States,2
5924 S CONGRESS AVE BLDG 4,New Construction of a Multi-Family Building,2017-11-16,2,3,5924 S CONGRESS AVE BLDG 4,78745,2,NA,https://abc.austintexas.gov/web/permit/public-search-other?t_detail=1&t_selected_folderrsn=11814710,5924 SOUTH CONGRESS AVE BLDG 4,NA,Austin,Texas,United States,2
5924 S CONGRESS AVE BLDG 9,New Construction of a Multi-Family Building,2017-11-16,4,3,5924 S CONGRESS AVE BLDG 9,78745,2,NA,https://abc.austintexas.gov/web/permit/public-search-other?t_detail=1&t_selected_folderrsn=11814698,5924 SOUTH CONGRESS AVE BLDG 9,NA,Austin,Texas,United States,2
5924 S CONGRESS AVE BLDG 16,New Construction of a Multi-Family Building,2017-11-16,4,3,5924 S CONGRESS AVE BLDG 16,78745,2,NA,https://abc.austintexas.gov/web/permit/public-search-other?t_detail=1&t_selected_folderrsn=11814703,5924 SOUTH CONGRESS AVE BLDG 16,NA,Austin,Texas,United States,2
4302 ACROPOLIS CT,"Relocate 1 story SF res onto lot new front porch and rear covered patio new driveway existing approach to remain.
Note: This permit had incorrectly expired on 3/30/2021 and was thus reactivated in order to extend its expiration date to Dec. 31 2021 in compliance with the mayors COVID-19 orders.",2017-12-11,1,1,4302 ACROPOLIS CT,78759,6,NA,https://abc.austintexas.gov/web/permit/public-search-other?t_detail=1&t_selected_folderrsn=11831019,4302 ACROPOLIS CT,NA,Austin,Texas,United States,2
5924 S CONGRESS AVE BLDG 2,New Construction of a Multi-Family Building,2017-11-16,3,3,5924 S CONGRESS AVE BLDG 2,78745,2,NA,https://abc.austintexas.gov/web/permit/public-search-other?t_detail=1&t_selected_folderrsn=11814696,5924 SOUTH CONGRESS AVE BLDG 2,NA,Austin,Texas,United States,2
5924 S CONGRESS AVE BLDG 12,New Construction of a Multi-Family Building,2017-11-16,4,3,5924 S CONGRESS AVE BLDG 12,78745,2,NA,https://abc.austintexas.gov/web/permit/public-search-other?t_detail=1&t_selected_folderrsn=11814700,5924 SOUTH CONGRESS AVE BLDG 12,NA,Austin,Texas,United States,2
506 EL PASO ST,SF 2 story house with 3 bedrooms & 2.5 baths,2017-11-20,1,2,506 EL PASO ST,78704,3,NA,https://abc.austintexas.gov/web/permit/public-search-other?t_detail=1&t_selected_folderrsn=11810245,506 EL PASO STREET,NA,Austin,Texas,United States,2
5924 S CONGRESS AVE BLDG 7,New Construction of a Multi-Family Building,2017-11-16,4,3,5924 S CONGRESS AVE BLDG 7,78745,2,NA,https://abc.austintexas.gov/web/permit/public-search-other?t_detail=1&t_selected_folderrsn=11814697,5924 SOUTH CONGRESS AVE BLDG 7,NA,Austin,Texas,United States,2
10111 DOBBIN DR,New 2 story 5 bedroom 4.5 bath single family residence with attached garage. Pool to be permitted separately. COC.,2017-10-31,1,2,10111 DOBBIN DR,78748,5,NA,https://abc.austintexas.gov/web/permit/public-search-other?t_detail=1&t_selected_folderrsn=11813849,10111 DOBBIN DRIVE,NA,Austin,Texas,United States,2
7629 RIO PASS,New 2-story single-family residence attached garage covered entry porch and patio.,2017-10-27,1,2,7629 RIO PASS,78724,1,NA,https://abc.austintexas.gov/web/permit/public-search-other?t_detail=1&t_selected_folderrsn=11810607,7629 RIO PASS,NA,Austin,Texas,United States,2
2603 E 3RD ST,new 2/2 2 story secondary apt,2017-10-13,1,2,2603 E 3RD ST,78702,3,NA,https://abc.austintexas.gov/web/permit/public-search-other?t_detail=1&t_selected_folderrsn=11802151,2603 EAST 3RD STREET,NA,Austin,Texas,United States,2
10913 ROME AVE,New 1-story single-family residence attached garage covered porch and patio.   *VOLUME BUILDER*,2017-11-09,1,1,10913 ROME AVE,78747,2,NA,https://abc.austintexas.gov/web/permit/public-search-other?t_detail=1&t_selected_folderrsn=11821082,10913 ROME AVE,NA,Austin,Texas,United States,2
1204 REAGAN TER,new 2/2.5 2 story secondary apt,2017-09-25,1,2,1204 REAGAN TER,78704,9,NA,https://abc.austintexas.gov/web/permit/public-search-other?t_detail=1&t_selected_folderrsn=11674997,1204 REAGAN TER,NA,Austin,Texas,United States,2
1206 E 2ND ST,"New SDU: Manufactured home and covered porch. 
Increase  in allowable impervious coverage on lot by 5.66% and building coverage by 1.3%.
Contact Jose Roig Building Official.",2017-09-14,1,1,1206 E 2ND ST,78702,3,NA,https://abc.austintexas.gov/web/permit/public-search-other?t_detail=1&t_selected_folderrsn=11788118,1206 EAST 2ND STREET,NA,Austin,Texas,United States,2
10205 JACKSBORO TRL,New 3-story Condominium Residence with attached garage covered porch *CONDOMINIUM RESIDENCE*,2017-09-21,1,3,10205 JACKSBORO TRL,78717,6,NA,https://abc.austintexas.gov/web/permit/public-search-other?t_detail=1&t_selected_folderrsn=11793627,10205 JACKSBORO TRAIL,NA,Austin,Texas,United States,2
1204 REAGAN TER,new 3 bedroom/2.5 bathroom 2 story res,2017-09-25,1,2,1204 REAGAN TER,78704,9,NA,https://abc.austintexas.gov/web/permit/public-search-other?t_detail=1&t_selected_folderrsn=11674996,1204 REAGAN TER,NA,Austin,Texas,United States,2
11114 GOLF CV,New construction single family residential 1-story 4 bedroom 3 bath with attached garage covered front porch and covered back patio.,2017-09-25,1,1,11114 GOLF CV,78747,5,NA,https://abc.austintexas.gov/web/permit/public-search-other?t_detail=1&t_selected_folderrsn=11769469,11114 GOLF CV,NA,Austin,Texas,United States,2
1004 E 14TH ST,New primary residence 3 bedrooms 3 baths.,2017-09-12,1,2,1004 E 14TH ST,78702,1,NA,https://abc.austintexas.gov/web/permit/public-search-other?t_detail=1&t_selected_folderrsn=11735944,1004 EAST 14TH STREET,NA,Austin,Texas,United States,2
4622 VAUGHAN ST,4622 Vaughan St. Lot 11 - New 3-story single-family Row House attached garage covered front porch and upper-floor terraces.  **SMART HOUSE- ROW HOUSE- VOL BUILD**,2017-08-29,1,3,4622 VAUGHAN ST,78723,9,NA,https://abc.austintexas.gov/web/permit/public-search-other?t_detail=1&t_selected_folderrsn=11777107,4622 VAUGHAN STREET,NA,Austin,Texas,United States,2
3505 RIVERCREST DR,New 4 bedroom 3.5 bathroom 3-story SFR in LA,2017-07-26,1,3,3505 RIVERCREST DR,78746,10,NA,https://abc.austintexas.gov/web/permit/public-search-other?t_detail=1&t_selected_folderrsn=11744064,3505 RIVERCREST DRIVE,NA,Austin,Texas,United States,2
1603 SINGLETON AVE,new 3 bedroom 4 bathroom sing fam res,2017-06-12,1,2,1603 SINGLETON AVE,78702,1,NA,https://abc.austintexas.gov/web/permit/public-search-other?t_detail=1&t_selected_folderrsn=11732492,1603 SINGLETON AVE,NA,Austin,Texas,United States,2
8813 SLATER DR,New 1-story single-family residence attached garage covered entry porch and patio.,2017-06-29,1,1,8813 SLATER DR,78747,2,NA,https://abc.austintexas.gov/web/permit/public-search-other?t_detail=1&t_selected_folderrsn=11748015,8813 SLATER DRIVE,NA,Austin,Texas,United States,2
7614 BLUFF SPRINGS RD,new 4 bedroom 3.5 bathroom sing fam res,2017-06-13,1,1,7614 BLUFF SPRINGS RD,78744,2,NA,https://abc.austintexas.gov/web/permit/public-search-other?t_detail=1&t_selected_folderrsn=11736088,7614 BLUFF SPRINGS ROAD,NA,Austin,Texas,United States,2
3700 FAR VIEW DR,New construction single family residential 2-story 6 berdroom 6.5 bath with attached 3-car garage covered porch and covered outdoor living.,2017-06-21,1,2,3700 FAR VIEW DR,78730,10,NA,https://abc.austintexas.gov/web/permit/public-search-other?t_detail=1&t_selected_folderrsn=11741142,3700 FAR VIEW DRIVE,NA,Austin,Texas,United States,2
3004 MICHOACAN DR,New Manufactured Home single family residential 3 bedroom 2 bath with covered patio.,2017-07-05,1,1,3004 MICHOACAN DR,78617,2,NA,https://abc.austintexas.gov/web/permit/public-search-other?t_detail=1&t_selected_folderrsn=11750372,3004 MICHOACAN DRIVE,NA,Austin,Texas,United States,2
7701 CRYSTALBROOK WEST,New 1-story single-family residence attached garage covered entry porch and patio.,2017-06-14,1,1,7701 CRYSTALBROOK WEST,78724,1,NA,https://abc.austintexas.gov/web/permit/public-search-other?t_detail=1&t_selected_folderrsn=11739115,7701 CRYSTALBROOK WEST,NA,Austin,Texas,United States,2
5717 LOST HORIZON DR UNIT 13,UNIT 13 New 3-story Condominium Residence with attached garage covered entry porch and rear terrace with integral pool.  An upper floor balcony is included.  **CONDOMINIUM RESIDENCE**,2017-05-18,1,3,5717 LOST HORIZON DR,78759,10,NA,https://abc.austintexas.gov/web/permit/public-search-other?t_detail=1&t_selected_folderrsn=11722019,5717 LOST HORIZON DRIVE,NA,Austin,Texas,United States,2
12302 CHALCO ST,New 2-story Condominium Residence with attached garage covered porch and patio.  *CONDOMINIUM RESIDENCE*,2017-05-24,1,2,12302 CHALCO ST,78748,5,NA,https://abc.austintexas.gov/web/permit/public-search-other?t_detail=1&t_selected_folderrsn=11727022,12302 CHALCO STREET,NA,Austin,Texas,United States,2
5301 BLUFFSTONE LN,New 2-story single-family residence attached garage covered porch and patio.,2017-05-31,1,2,5301 BLUFFSTONE LN,78759,10,NA,https://abc.austintexas.gov/web/permit/public-search-other?t_detail=1&t_selected_folderrsn=11723839,5301 BLUFFSTONE LANE,NA,Austin,Texas,United States,2
7300 COIT RD,New 2-story single-family residence attached garage covered entry porch.,2017-06-01,1,2,7300 COIT RD,78744,2,NA,https://abc.austintexas.gov/web/permit/public-search-other?t_detail=1&t_selected_folderrsn=11730612,7300 COIT ROAD,NA,Austin,Texas,United States,2
4508 KOCUREK ST,New 2-story single-family residence attached garage covered entry porch and patio.  **SMART HOUSE**,2017-04-15,1,2,4508 KOCUREK ST,78723,9,NA,https://abc.austintexas.gov/web/permit/public-search-other?t_detail=1&t_selected_folderrsn=11704447,4508 KOCUREK STREET,NA,Austin,Texas,United States,2
8001 FOREST WOOD RD,New construction/placement  single family residential 1-story 4 bedroom 2 bath mobile home.,2017-04-28,1,1,8001 FOREST WOOD RD,78745,5,NA,https://abc.austintexas.gov/web/permit/public-search-other?t_detail=1&t_selected_folderrsn=11713135,8001 FOREST WOOD ROAD,NA,Austin,Texas,United States,2
10401 TURNBULL LOOP,New 2-story Condominium Residence with attached garage covered porch.  **CONDOMINIUM RESIDENCE**,2017-05-06,1,2,10401 TURNBULL LOOP,78717,6,NA,https://abc.austintexas.gov/web/permit/public-search-other?t_detail=1&t_selected_folderrsn=11715844,10401 TURNBULL LOOP,NA,Austin,Texas,United States,2
6306 EL MIRANDO ST,New construction/placement single family residential 1-story 3 bedroom 2 bath manufactured home.,2017-03-22,1,1,6306 EL MIRANDO ST,78741,3,NA,https://abc.austintexas.gov/web/permit/public-search-other?t_detail=1&t_selected_folderrsn=11692947,6306 EL MIRANDO STREET,NA,Austin,Texas,United States,2
2021 SURREY HILL DR,New construction single family residential 1-story 4 bedroom 2 bath with attached 2-car garage covered front porch covered back porch and uncovered wood deck. Revision #1: Eliminate 2nd floor from project; modify first floor within previously built slab. New uncovered viewing deck; garage relocated.,2017-03-13,1,2,2021 SURREY HILL DR,78746,8,NA,https://abc.austintexas.gov/web/permit/public-search-other?t_detail=1&t_selected_folderrsn=11685560,2021 SURREY HILL DRIVE,NA,Austin,Texas,United States,2
6716 RANCHITO DR,New 1-story single-family residence attached garage covered entry porch and patio.,2017-04-07,1,1,6716 RANCHITO DR,78744,2,NA,https://abc.austintexas.gov/web/permit/public-search-other?t_detail=1&t_selected_folderrsn=11701126,6716 RANCHITO DRIVE,NA,Austin,Texas,United States,2
13025 KEARNS DR,New 1-story single-family residence attached garage covered entry porch.  **PRODUCTION BUILDER**,2017-03-27,1,1,13025 KEARNS DR,78660,1,NA,https://abc.austintexas.gov/web/permit/public-search-other?t_detail=1&t_selected_folderrsn=11694751,13025 KEARNS DRIVE,NA,Austin,Texas,United States,2
600 E 49TH ST,The project consists of the following new construction; an enclosed garage/accessory storage building and one attached Accessory Dwelling Unit.  All new structures are one-story.,2017-04-03,1,1,600 E 49TH ST,78751,9,NA,https://abc.austintexas.gov/web/permit/public-search-other?t_detail=1&t_selected_folderrsn=11697135,600 EAST 49TH STREET,NA,Austin,Texas,United States,2
13021 KEARNS DR,New 1-story single-family residence attached garage covered entry porch and patio.  **PRODUCTION BUILDER**,2017-03-27,1,1,13021 KEARNS DR,78660,1,NA,https://abc.austintexas.gov/web/permit/public-search-other?t_detail=1&t_selected_folderrsn=11694746,13021 KEARNS DRIVE,NA,Austin,Texas,United States,2
1009 WILLOW ST Building 2,New 2 story 2nd dwelling two car garage with living space on the 2nd floor alley access.,2017-04-06,1,2,1009 WILLOW ST BLDG 2,78702,3,NA,https://abc.austintexas.gov/web/permit/public-search-other?t_detail=1&t_selected_folderrsn=11700474,1009 WILLOW STREET BLDG 2,NA,Austin,Texas,United States,2
3113 BRAGG PL,New 1-story single-family residence attached garage covered entry porch and patio.  **PRODUCTION BUILDER REG FEE**,2017-03-28,1,1,3113 BRAGG PL,78660,1,NA,https://abc.austintexas.gov/web/permit/public-search-other?t_detail=1&t_selected_folderrsn=11694684,3113 BRAGG PLACE,NA,Austin,Texas,United States,2
12524 CARDINAL FLOWER DR,New 2-story single-family residence attached garage covered entry porch and rear patio.  **PRODUCTION BUILDER REG FEE**,2017-03-27,1,2,12524 CARDINAL FLOWER DR,78739,8,NA,https://abc.austintexas.gov/web/permit/public-search-other?t_detail=1&t_selected_folderrsn=11694716,12524 CARDINAL FLOWER DRIVE,NA,Austin,Texas,United States,2
6521 RANCHITO DR,New 2-story single-family residence attached garage covered entry porch and patio.  **PRODUCTION BUILDER REG FEE**,2017-02-16,1,2,6521 RANCHITO DR,78744,2,NA,https://abc.austintexas.gov/web/permit/public-search-other?t_detail=1&t_selected_folderrsn=11674040,6521 RANCHITO DRIVE,NA,Austin,Texas,United States,2
3200 PEARLMAN DR,New 2-story single-family residence attached garage covered entry porch and patio.  **PRODUCTION BUILDER REG FEE**,2017-02-04,1,1,3200 PEARLMAN DR,78660,1,NA,https://abc.austintexas.gov/web/permit/public-search-other?t_detail=1&t_selected_folderrsn=11666438,3200 PEARLMAN DRIVE,NA,Austin,Texas,United States,2
6520 RANCHITO DR,New 2-story single-family residence attached garage covered entry porch and patio.  **PRODUCTION BUILDER REG FEE**,2017-02-16,1,2,6520 RANCHITO DR,78744,2,NA,https://abc.austintexas.gov/web/permit/public-search-other?t_detail=1&t_selected_folderrsn=11674028,6520 RANCHITO DRIVE,NA,Austin,Texas,United States,2
8818 MOCCASIN PATH,New 2-story single-family residence attached garage covered entry porch and patio.  **VOLUME BUILDER**,2017-02-03,1,2,8818 MOCCASIN PATH,78736,8,NA,https://abc.austintexas.gov/web/permit/public-search-other?t_detail=1&t_selected_folderrsn=11667039,8818 MOCCASIN PATH,NA,Austin,Texas,United States,2
6617 RANCHITO DR,New 1-story single-family residence attached garage covered entry porch and patio.  **PRODUCTION BUILDER REG FEE**,2017-02-16,1,1,6617 RANCHITO DR,78744,2,NA,https://abc.austintexas.gov/web/permit/public-search-other?t_detail=1&t_selected_folderrsn=11674047,6617 RANCHITO DRIVE,NA,Austin,Texas,United States,2
1617 CONSTANTA DR,New 2-story single-family residence attached garage covered entry porch and patio.,2017-02-28,1,2,1617 CONSTANTA DR,78753,1,NA,https://abc.austintexas.gov/web/permit/public-search-other?t_detail=1&t_selected_folderrsn=11678738,1617 CONSTANTA DRIVE,NA,Austin,Texas,United States,2
3800 BRECKENRIDGE DR,New 2-story single-family residence attached garage covered entry porch and rear patio.,2017-02-08,1,2,3800 BRECKENRIDGE DR,78744,2,NA,https://abc.austintexas.gov/web/permit/public-search-other?t_detail=1&t_selected_folderrsn=11669265,3800 BRECKENRIDGE DRIVE,NA,Austin,Texas,United States,2
7801 DOWNING ST,Replace exterior door (1) on existing single-family residence.  No other changes authorized under this permit.,2017-02-10,1,1,7801 DOWNING ST,78759,10,NA,https://abc.austintexas.gov/web/permit/public-search-other?t_detail=1&t_selected_folderrsn=11671484,7801 DOWNING STREET,NA,Austin,Texas,United States,2
6716 RANCHITO DR,New 1-story single-family residence attached garage covered entry porch and patio.,2017-02-15,1,1,6716 RANCHITO DR,78744,2,NA,https://abc.austintexas.gov/web/permit/public-search-other?t_detail=1&t_selected_folderrsn=11672206,6716 RANCHITO DRIVE,NA,Austin,Texas,United States,2
1704 ARIAL DR,New 2-story single-family residence attached garage covered entry porch and patio.,2017-02-28,1,2,1704 ARIAL DR,78753,1,NA,https://abc.austintexas.gov/web/permit/public-search-other?t_detail=1&t_selected_folderrsn=11678656,1704 ARIAL DRIVE,NA,Austin,Texas,United States,2
6708 RANCHITO DR,New 2-story single-family residence attached garage covered entry porch and patio.,2017-02-15,1,2,6708 RANCHITO DR,78744,2,NA,https://abc.austintexas.gov/web/permit/public-search-other?t_detail=1&t_selected_folderrsn=11672223,6708 RANCHITO DRIVE,NA,Austin,Texas,United States,2
2404 ROBERT BROWNING ST,New 2-story single-family residence attached garage covered entry porch and patio covered balcony.  **SMART HOUSE**  **VOL BUILD PROJECT**,2017-03-02,1,2,2404 ROBERT BROWNING ST,78723,9,NA,https://abc.austintexas.gov/web/permit/public-search-other?t_detail=1&t_selected_folderrsn=11680290,2404 ROBERT BROWNING STREET,NA,Austin,Texas,United States,2
13208 KEARNS DR,New 2-story single-family residence attached garage covered entry porch and patio.  **PRODUCTION BUILDER**,2017-02-18,1,2,13208 KEARNS DR,78660,1,NA,https://abc.austintexas.gov/web/permit/public-search-other?t_detail=1&t_selected_folderrsn=11674413,13208 KEARNS DRIVE,NA,Austin,Texas,United States,2
6609 RANCHITO DR,New 2-story single-family residence attached garage covered entry porch and patio.  **PRODUCTION BUILDER REG FEE**,2017-02-16,1,2,6609 RANCHITO DR,78744,2,NA,https://abc.austintexas.gov/web/permit/public-search-other?t_detail=1&t_selected_folderrsn=11674022,6609 RANCHITO DRIVE,NA,Austin,Texas,United States,2
6515 DAVIS LN BLDG 1,New 2-story Duplex Condominium Residence with attached garages covered porches and patios. **DUPLEX CONDOMINIUM RESIDENCE**,2017-02-01,2,2,6515 DAVIS LN UNIT 1,78749,8,NA,https://abc.austintexas.gov/web/permit/public-search-other?t_detail=1&t_selected_folderrsn=11665506,6515 DAVIS LANE UNIT 1,NA,Austin,Texas,United States,2
3313 STEVENSON AVENUE,new construction of 2 story 3 bedroom 3.5 bathroom SFR,2017-02-03,1,2,3313 STEVENSON AVE,78703,10,NA,https://abc.austintexas.gov/web/permit/public-search-other?t_detail=1&t_selected_folderrsn=11667227,3313 AVE, STEVENSON,Austin,Texas,United States,2
1524 FORT DESSAU RD,New 1-story single-family residence attached garage covered entry porch and patio.  **VOLUME BUILDER**,2017-01-31,1,1,1524 FORT DESSAU RD,78660,7,NA,https://abc.austintexas.gov/web/permit/public-search-other?t_detail=1&t_selected_folderrsn=11665325,1524 FORT DESSAU ROAD,NA,Austin,Texas,United States,2
6512 LORETTA WHITE LN,New 1-story single-family residence attached garage covered entry porch and patio. **PRODUCTION BUILDER**,2017-01-30,1,1,6512 LORETTA WHITE LN,78744,2,NA,https://abc.austintexas.gov/web/permit/public-search-other?t_detail=1&t_selected_folderrsn=11664405,6512 LORETTA WHITE LANE,NA,Austin,Texas,United States,2
1413 PEREZ ST,New secondary dwelling. 2 bedrooms 2 bath.,2017-01-11,1,2,1413 PEREZ ST,78721,1,NA,https://abc.austintexas.gov/web/permit/public-search-other?t_detail=1&t_selected_folderrsn=11644991,1413 PEREZ STREET,NA,Austin,Texas,United States,2
6728 SWAMP MALLOW DR,New 2-story single-family residence attached garage covered entry porch. **PRODUCTION BUILDER**,2017-01-30,1,2,6728 SWAMP MALLOW DR,78744,2,NA,https://abc.austintexas.gov/web/permit/public-search-other?t_detail=1&t_selected_folderrsn=11664415,6728 SWAMP MALLOW DRIVE,NA,Austin,Texas,United States,2
6517 RANCHITO DR,New 1-story single-family residence attached garage covered entry porch and patio.  **PRODUCTION BUILDER REG FEE**,2017-01-30,1,1,6517 RANCHITO DR,78744,2,NA,https://abc.austintexas.gov/web/permit/public-search-other?t_detail=1&t_selected_folderrsn=11664427,6517 RANCHITO DRIVE,NA,Austin,Texas,United States,2
3313 STEVENSON AVENUE,new 1/1 secondary apt over a detached garage exempted from FAR,2017-02-03,1,2,3313 STEVENSON AVE,78703,10,NA,https://abc.austintexas.gov/web/permit/public-search-other?t_detail=1&t_selected_folderrsn=11667228,3313 AVE, STEVENSON,Austin,Texas,United States,2
6104 TOSCANA AVE,New 2-story single-family residence covered entry porch covered 2nd-floor deck.   **VOL BUILD PROJECT**,2017-01-03,1,2,6104 TOSCANA AVE,78724,1,NA,https://abc.austintexas.gov/web/permit/public-search-other?t_detail=1&t_selected_folderrsn=11651978,6104 TOSCANA AVE,NA,Austin,Texas,United States,2
13709 HARRISGLENN DR,New 2-story single-family residence attached garage covered entry porch and patio.  **PRODUCTION BUILDER REG FEE**,2017-01-23,1,2,13709 HARRISGLENN DR,78660,7,NA,https://abc.austintexas.gov/web/permit/public-search-other?t_detail=1&t_selected_folderrsn=11660028,13709 HARRISGLENN DRIVE,NA,Austin,Texas,United States,2
7317 CORDOBA DR,New 2-story single-family residence covered entry porch and patio covered deck covered balcony.   **VOL BUILD PROJECT**,2017-01-03,1,2,7317 CORDOBA DR,78724,1,NA,https://abc.austintexas.gov/web/permit/public-search-other?t_detail=1&t_selected_folderrsn=11651936,7317 CORDOBA DRIVE,NA,Austin,Texas,United States,2
11902 VISCAYA WAY,New 1-story Condominium Residence with attached garage and covered porches.  **CONDOMINIUM RESIDENCE**,2017-01-28,1,1,11902 VISCAYA WAY,78726,10,NA,https://abc.austintexas.gov/web/permit/public-search-other?t_detail=1&t_selected_folderrsn=11663944,11902 VISCAYA WAY,NA,Austin,Texas,United States,2
6509 LORETTA WHITE LN,New 1-story single-family residence attached garage covered entry porch and patio.  **PRODUCTION BUILDER**,2017-01-30,1,1,6509 LORETTA WHITE LN,78744,2,NA,https://abc.austintexas.gov/web/permit/public-search-other?t_detail=1&t_selected_folderrsn=11664390,6509 LORETTA WHITE LANE,NA,Austin,Texas,United States,2
3009 KUHLMAN AVE,New secondary dwelling 1 bedroom 1 bath 1 car parking.,2016-12-16,1,1,3009 KUHLMAN AVE,78702,1,NA,https://abc.austintexas.gov/web/permit/public-search-other?t_detail=1&t_selected_folderrsn=11635677,3009 KUHLMAN AVE,NA,Austin,Texas,United States,2
16404 ENAMORADO RD,New 1-story single-family residence attached garage covered entry porch and patio.,2016-11-22,1,1,16404 ENAMORADO RD,78653,1,NA,https://abc.austintexas.gov/web/permit/public-search-other?t_detail=1&t_selected_folderrsn=11635136,16404 ENAMORADO ROAD,NA,Austin,Texas,United States,2
3304 STONERIDGE RD,New SF Res - 2-story 5 bed 5.5 bath detached 4-car garage connected by breezeway and detached 2-story guest house connected by breezeway (1 bed 1 bath),2016-12-27,1,2,3304 STONERIDGE RD,78746,8,NA,https://abc.austintexas.gov/web/permit/public-search-other?t_detail=1&t_selected_folderrsn=11625009,3304 STONERIDGE ROAD,NA,Austin,Texas,United States,2
1140 NORTHWESTERN AVE,new 2 bedroom 2.5 bathroom 2 story secondary apt,2016-12-20,1,2,1140 NORTHWESTERN AVE,78702,1,NA,https://abc.austintexas.gov/web/permit/public-search-other?t_detail=1&t_selected_folderrsn=11647383,1140 NORTHWESTERN AVE,NA,Austin,Texas,United States,2
7429 GROUNDHOG WAY,New 1-story single-family residence attached garage covered porch and patio uncovered balcony.,2016-12-08,1,1,7429 GROUNDHOG WAY,78744,2,NA,https://abc.austintexas.gov/web/permit/public-search-other?t_detail=1&t_selected_folderrsn=11642569,7429 GROUNDHOG WAY,NA,Austin,Texas,United States,2
6325 FLORENCIA LN,New 2-story single-family residence attached garage covered entry porch and covered roof deck.   **VOL BUILD PROJECT**,2016-12-22,1,2,6325 FLORENCIA LN,78724,1,NA,https://abc.austintexas.gov/web/permit/public-search-other?t_detail=1&t_selected_folderrsn=11648648,6325 FLORENCIA LANE,NA,Austin,Texas,United States,2
7501 NUNSLAND DR,New 2-story single-family residence attached garage covered entry porch and patio.,2016-12-15,1,2,7501 NUNSLAND DR,78744,2,NA,https://abc.austintexas.gov/web/permit/public-search-other?t_detail=1&t_selected_folderrsn=11644829,7501 NUNSLAND DRIVE,NA,Austin,Texas,United States,2
1140 NORTHWESTERN AVE,new 3 bedroom 2.5 bathroom 2 story res,2016-12-20,1,2,1140 NORTHWESTERN AVE,78702,1,NA,https://abc.austintexas.gov/web/permit/public-search-other?t_detail=1&t_selected_folderrsn=11647382,1140 NORTHWESTERN AVE,NA,Austin,Texas,United States,2
1500 FORT DESSAU RD,New 2-story single-family residence attached garage covered entry porch and patio.  **PRODUCTION BUILDER REG FEE**,2016-10-18,1,1,1500 FORT DESSAU RD,78660,7,NA,https://abc.austintexas.gov/web/permit/public-search-other?t_detail=1&t_selected_folderrsn=11615974,1500 FORT DESSAU ROAD,NA,Austin,Texas,United States,2
2000 E 18TH ST,New 2 story single family dwelling with one car garage.,2016-10-28,1,2,2000 E 18TH ST,78702,1,NA,https://abc.austintexas.gov/web/permit/public-search-other?t_detail=1&t_selected_folderrsn=11621450,2000 EAST 18TH STREET,NA,Austin,Texas,United States,2
213 LESSIN LN,New 2-story duplex with covered porch and patio.,2016-10-18,2,2,213 LESSIN LN,78704,3,NA,https://abc.austintexas.gov/web/permit/public-search-other?t_detail=1&t_selected_folderrsn=11616894,213 LESSIN LANE,NA,Austin,Texas,United States,2
16508 FETCHING AVE,New 2-Story single-family residence covered entry porch and patio.,2016-10-31,1,2,16508 FETCHING AVE,78653,1,NA,https://abc.austintexas.gov/web/permit/public-search-other?t_detail=1&t_selected_folderrsn=11623863,16508 FETCHING AVE,NA,Austin,Texas,United States,2
16511 SUMPTUOUS DR,New 2-story single-family residence covered entry porch and patio,2016-11-10,1,2,16511 SUMPTUOUS DR,78653,1,NA,https://abc.austintexas.gov/web/permit/public-search-other?t_detail=1&t_selected_folderrsn=11630095,16511 SUMPTUOUS DRIVE,NA,Austin,Texas,United States,2
13124 MERIDIAN PARK BLVD,New construction of 1 story home 2 bedroom 2.5 baths 3 car garage.,2016-10-31,1,1,13124 MERIDIAN PARK BLVD,78652,8,NA,https://abc.austintexas.gov/web/permit/public-search-other?t_detail=1&t_selected_folderrsn=11620481,13124 MERIDIAN PARK BOULEVARD,NA,Austin,Texas,United States,2
1808 NILES RD,"Build new two story single family residence with attached garage.
  Void see new P/R 2018-003802 and associated permits",2016-11-03,1,2,1808 NILES RD,78703,10,NA,https://abc.austintexas.gov/web/permit/public-search-other?t_detail=1&t_selected_folderrsn=11626397,1808 NILES ROAD,NA,Austin,Texas,United States,2
7708 OLD BEE CAVES RD,new mobile home.,2016-10-21,1,1,7708 OLD BEE CAVES RD,78735,8,NA,https://abc.austintexas.gov/web/permit/public-search-other?t_detail=1&t_selected_folderrsn=11619741,7708 OLD BEE CAVES ROAD,NA,Austin,Texas,United States,2
2714 E 3RD ST BLDG 2,New secondary dwelling unit.  2 bedrooms 2 baths.,2016-10-17,1,2,2714 E 3RD ST BLDG 2,78702,3,NA,https://abc.austintexas.gov/web/permit/public-search-other?t_detail=1&t_selected_folderrsn=11615608,2714 EAST 3RD STREET BLDG 2,NA,Austin,Texas,United States,2
5717 LOST HORIZON DR UNIT 2,New 3-story Condominium Residence with attached garage covered entry porch and wood deck.  **CONDOMINIUM RESIDENCE** Unit 2.,2016-11-08,1,3,5717 LOST HORIZON DR BLDG 2,78759,10,NA,https://abc.austintexas.gov/web/permit/public-search-other?t_detail=1&t_selected_folderrsn=11626630,5717 LOST HORIZON DRIVE BLDG 2,NA,Austin,Texas,United States,2
3109 PEARLMAN DR,New 2-story single-family residence attached garage covered entry porch and patio.   **PRODUCTION BUILDER REG FEE**,2016-10-08,1,2,3109 PEARLMAN DR,78660,1,NA,https://abc.austintexas.gov/web/permit/public-search-other?t_detail=1&t_selected_folderrsn=11604802,3109 PEARLMAN DRIVE,NA,Austin,Texas,United States,2
8816 SLATER DR,New 2-story single-family residence attached garage covered entry porch and patio.  **SMART HOUSE** **VOL BUILD PROJECT**,2016-09-15,1,2,8816 SLATER DR,78747,2,NA,https://abc.austintexas.gov/web/permit/public-search-other?t_detail=1&t_selected_folderrsn=11599311,8816 SLATER DRIVE,NA,Austin,Texas,United States,2
3002 STROUD PATH,New 2-story Condominium Residence with attached garage.  **CONDOMINIUM RESIDENCE**,2016-09-14,1,2,3002 STROUD PATH,78723,1,NA,https://abc.austintexas.gov/web/permit/public-search-other?t_detail=1&t_selected_folderrsn=11597951,3002 STROUD PATH,NA,Austin,Texas,United States,2
13408 BAUHAUS BND,New 2-story single- family residence attached garage covered porch and patio uncovered balcony.,2016-09-17,1,2,13408 BAUHAUS BND,78660,7,NA,https://abc.austintexas.gov/web/permit/public-search-other?t_detail=1&t_selected_folderrsn=11600598,13408 BAUHAUS BND,NA,Austin,Texas,United States,2
1524 FORT DESSAU RD,New 1-story single-family residence attached garage covered entry porch and patio.,2016-09-17,1,1,1524 FORT DESSAU RD,78660,7,NA,https://abc.austintexas.gov/web/permit/public-search-other?t_detail=1&t_selected_folderrsn=11600751,1524 FORT DESSAU ROAD,NA,Austin,Texas,United States,2
1708 GARAMOND LN,New 1-story single-family residence attached garage covered entry porch and rear patio.  **VOL BUILD PROJECT**,2016-09-27,1,1,1708 GARAMOND LN,78753,1,NA,https://abc.austintexas.gov/web/permit/public-search-other?t_detail=1&t_selected_folderrsn=11605914,1708 GARAMOND LANE,NA,Austin,Texas,United States,2
7116 CARDINAL BLOOM LOOP,new 1 story home,2016-09-13,1,1,7116 CARDINAL BLOOM LOOP,78744,2,NA,https://abc.austintexas.gov/web/permit/public-search-other?t_detail=1&t_selected_folderrsn=11595829,7116 CARDINAL BLOOM LOOP,NA,Austin,Texas,United States,2
1100 RENO DR,New manufactured home with covered patio. (patio not covered) see permit 2016-156324,2016-08-24,1,1,1100 RENO DR,78745,5,NA,https://abc.austintexas.gov/web/permit/public-search-other?t_detail=1&t_selected_folderrsn=11586981,1100 RENO DRIVE,NA,Austin,Texas,United States,2
3004 STROUD PATH,New 2-story Condominium Residence with attached garage.  **CONDOMINIUM RESIDENCE**,2016-09-14,1,2,3004 STROUD PATH,78723,1,NA,https://abc.austintexas.gov/web/permit/public-search-other?t_detail=1&t_selected_folderrsn=11597955,3004 STROUD PATH,NA,Austin,Texas,United States,2
4804 SPRINGDALE RD,New 2-story Condominium Residence with attached garage covered porch and patio.  **CONDOMINIUM RESIDENCE**,2016-08-31,1,2,4804 SPRINGDALE RD,78723,1,NA,https://abc.austintexas.gov/web/permit/public-search-other?t_detail=1&t_selected_folderrsn=11590364,4804 SPRINGDALE ROAD,NA,Austin,Texas,United States,2
1615 CANTERBURY ST,New Construction of ADU in back of property - 2 story with attached garage and 1 covered porch - driveway tie-in at alley,2016-08-25,1,2,1615 CANTERBURY ST,78702,3,NA,https://abc.austintexas.gov/web/permit/public-search-other?t_detail=1&t_selected_folderrsn=11586047,1615 CANTERBURY STREET,NA,Austin,Texas,United States,2
5705 TAUNTON DR,New 3-story Condominium Residence w/attached garage and covered porches. **CONDOMINIUM RESIDENCE**,2016-09-14,1,3,5705 TAUNTON DR,78723,1,NA,https://abc.austintexas.gov/web/permit/public-search-other?t_detail=1&t_selected_folderrsn=11594154,5705 TAUNTON DRIVE,NA,Austin,Texas,United States,2
4806 SPRINGDALE RD,New 2-story Condominium Residence with attached garage covered porch and patio.  **CONDOMINIUM RESIDENCE**,2016-08-31,1,2,4806 SPRINGDALE RD,78723,1,NA,https://abc.austintexas.gov/web/permit/public-search-other?t_detail=1&t_selected_folderrsn=11590402,4806 SPRINGDALE ROAD,NA,Austin,Texas,United States,2
6305 FLORENCIA LN,New 2-story single-family residence attached garage covered entry porch and patio covered balcony.  **VOL BUILD PROJECT**,2016-08-15,1,2,6305 FLORENCIA LN,78724,1,NA,https://abc.austintexas.gov/web/permit/public-search-other?t_detail=1&t_selected_folderrsn=11580769,6305 FLORENCIA LANE,NA,Austin,Texas,United States,2
6329 FLORENCIA LN,New 2-story single-family residence attached garage covered entry porch and patio.  **VOL BUILD PROJECT**,2016-08-12,1,2,6329 FLORENCIA LN,78724,1,NA,https://abc.austintexas.gov/web/permit/public-search-other?t_detail=1&t_selected_folderrsn=11580774,6329 FLORENCIA LANE,NA,Austin,Texas,United States,2
8901 EDWARDSON LN,New 2-story single-family residence attached garage covered entry porch and rear patio.  **PRODUCTION BUILDER REG FEE**,2016-08-31,1,2,8901 EDWARDSON LN,78749,8,NA,https://abc.austintexas.gov/web/permit/public-search-other?t_detail=1&t_selected_folderrsn=11591221,8901 EDWARDSON LANE,NA,Austin,Texas,United States,2
8402 RIVERSTONE DR,New construction; 3 bedrms 2 bathrms uncovered wood deck. (Manufactured Home),2016-08-19,1,1,8402 RIVERSTONE DR,78724,1,NA,https://abc.austintexas.gov/web/permit/public-search-other?t_detail=1&t_selected_folderrsn=11585216,8402 RIVERSTONE DRIVE,NA,Austin,Texas,United States,2
5500 AGATHA CIR,New 2-story single-family residence attached garage covered porch and patio uncovered roof decks.  **PRODUCTION BUILDER REG FEE**,2016-09-14,1,2,5500 AGATHA CIR,78724,1,NA,https://abc.austintexas.gov/web/permit/public-search-other?t_detail=1&t_selected_folderrsn=11598820,5500 AGATHA CIR,NA,Austin,Texas,United States,2
5703 TAUNTON DR,New 3-story Condominium Residence with attached garage covered porch.  **CONDOMINIUM RESIDENCE**,2016-09-14,1,3,5703 TAUNTON DR,78723,1,NA,https://abc.austintexas.gov/web/permit/public-search-other?t_detail=1&t_selected_folderrsn=11587416,5703 TAUNTON DRIVE,NA,Austin,Texas,United States,2
4326 OLENICK ST,**SMART HOUSE** **VOL BUILD PROJECT**  New 2-story single-family Row House attached garage covered entry porch and rear patio.,2016-08-08,1,2,4326 OLENICK ST,78723,9,NA,https://abc.austintexas.gov/web/permit/public-search-other?t_detail=1&t_selected_folderrsn=11578511,4326 OLENICK STREET,NA,Austin,Texas,United States,2
1304 BENTWOOD RD,New 1 story secondary apartment (1bdrm/1bth) w/ covered porch and storage.,2016-08-04,1,1,1304 BENTWOOD RD,78722,9,NA,https://abc.austintexas.gov/web/permit/public-search-other?t_detail=1&t_selected_folderrsn=11575264,1304 BENTWOOD ROAD,NA,Austin,Texas,United States,2
4610 SANTA ANNA ST,New home relocating existing structure 3 bedrms 2 bathrms.,2016-08-05,1,1,4610 SANTA ANNA ST,78721,1,NA,https://abc.austintexas.gov/web/permit/public-search-other?t_detail=1&t_selected_folderrsn=11577330,4610 SANTA ANNA STREET,NA,Austin,Texas,United States,2
5002 PECAN SPRINGS RD BLDG 9,New 3-story Condominium Residence with attached garage covered entry porch.  **CONDOMINIUM RESIDENCE**,2016-08-05,1,3,5002 PECAN SPRINGS RD BLDG 9,78723,1,NA,https://abc.austintexas.gov/web/permit/public-search-other?t_detail=1&t_selected_folderrsn=11572715,5002 PECAN SPRINGS ROAD BLDG 9,NA,Austin,Texas,United States,2
7005 GARNET MILL LN,New 2-story single-family residence attached garage covered entry porch and patio.  **VOL BUILD PROJECT**,2016-08-10,1,2,7005 GARNET MILL LN,78744,2,NA,https://abc.austintexas.gov/web/permit/public-search-other?t_detail=1&t_selected_folderrsn=11579942,7005 GARNET MILL LANE,NA,Austin,Texas,United States,2
1506 ROMERIA DR,new construction of secondary apartment 1-story 1 bedroom 1 bath with screened porch.,2016-08-08,1,1,1506 ROMERIA DR,78757,7,NA,https://abc.austintexas.gov/web/permit/public-search-other?t_detail=1&t_selected_folderrsn=11577308,1506 ROMERIA DRIVE,NA,Austin,Texas,United States,2
5900 BAYTHORNE DR,New 2-story single-family residence attached garage covered entry porch and patio.  **VOL BUILD PROJECT** **RESOLUTION #20071129-100 WAIVES FEES FOR THIS SMART HOUSING PROJECT**.,2016-07-25,1,2,5900 BAYTHORNE DR,78747,2,NA,https://abc.austintexas.gov/web/permit/public-search-other?t_detail=1&t_selected_folderrsn=11570002,5900 BAYTHORNE DRIVE,NA,Austin,Texas,United States,2
3709 BLACK GRANITE DR,New 2-story single-family residence attached garage covered entry porch and rear patio.  **SMART HOUSE**  **PRODUCTION BUILDER**,2016-08-01,1,2,3709 BLACK GRANITE DR,78744,2,NA,https://abc.austintexas.gov/web/permit/public-search-other?t_detail=1&t_selected_folderrsn=11574554,3709 BLACK GRANITE DRIVE,NA,Austin,Texas,United States,2
1127 1/2 GUNTER ST,New secondary apartment 2 bedroom; 2.5 bath,2016-08-03,1,2,1127 1/2 GUNTER ST,78702,3,NA,https://abc.austintexas.gov/web/permit/public-search-other?t_detail=1&t_selected_folderrsn=11487376,1127 1/2 GUNTER STREET,NA,Austin,Texas,United States,2
327 BRIDGEFORD DR,327 Bridgeford Drive - New 2-story Condominium Residence with attached garage covered entry porch and covered patio.  **CONDOMINIUM RESIDENCE**,2016-07-14,1,2,327 BRIDGEFORD DR,78745,2,NA,https://abc.austintexas.gov/web/permit/public-search-other?t_detail=1&t_selected_folderrsn=11564170,327 BRIDGEFORD DRIVE,NA,Austin,Texas,United States,2
4802 SPRINGDALE RD,New 2-story Condominium Residence with attached garage covered porch and balcony. **CONDOMINIUM RESIDENCE**,2016-07-19,1,2,4802 SPRINGDALE RD,78723,1,NA,https://abc.austintexas.gov/web/permit/public-search-other?t_detail=1&t_selected_folderrsn=11565123,4802 SPRINGDALE ROAD,NA,Austin,Texas,United States,2
1127 1/2 GUNTER ST,New Single family residential 3 bedroom 2.5 bath,2016-08-03,1,2,1127 1/2 GUNTER ST,78702,3,NA,https://abc.austintexas.gov/web/permit/public-search-other?t_detail=1&t_selected_folderrsn=11487375,1127 1/2 GUNTER STREET,NA,Austin,Texas,United States,2
7100 AUBURN BLAZE LN,New 2-story single-family residence attached garage covered entry porch and rear patio.  **VOL BUILD PROJECT**,2016-06-17,1,2,7100 AUBURN BLAZE LN,78744,2,NA,https://abc.austintexas.gov/web/permit/public-search-other?t_detail=1&t_selected_folderrsn=11551036,7100 AUBURN BLAZE LANE,NA,Austin,Texas,United States,2
5807 CITY PARK RD UNIT 9,New 2-story Condominium Residence with attached garage covered entry porch and rear patio two covered balconies. Guest suite includes a kitchen.  **CONDOMINIUM RESIDENCE**,2016-06-20,1,2,5807 CITY PARK RD UNIT 9,78730,10,NA,https://abc.austintexas.gov/web/permit/public-search-other?t_detail=1&t_selected_folderrsn=11550871,5807 CITY PARK ROAD UNIT 9,NA,Austin,Texas,United States,2
4409 ISLAND CV,New 2-story single family residence to have (3) bedrooms; (5) bathrooms; (2) 1/2 bathrooms; ground level billiards room office hearth room utility rm kitchen great room; 2nd floor media room exercise room and study and 3-car attached garage.,2016-05-24,1,2,4409 ISLAND CV,78731,10,NA,https://abc.austintexas.gov/web/permit/public-search-other?t_detail=1&t_selected_folderrsn=11536773,4409 ISLAND CV,NA,Austin,Texas,United States,2
7205 ARMAGH DR,New 2-story single-family residence attached garage covered entry porch.  **NOT VOLUME BUILDER**,2016-06-01,1,2,7205 ARMAGH DR,78754,1,NA,https://abc.austintexas.gov/web/permit/public-search-other?t_detail=1&t_selected_folderrsn=11538941,7205 ARMAGH DRIVE,NA,Austin,Texas,United States,2
1711 FUTURE DR BLDG 2,New 1-story 3 bedroom 2 bathroom manufactured home.,2019-05-30,1,1,1711 FUTURE DR BLDG 2,78754,1,NA,https://abc.austintexas.gov/web/permit/public-search-other?t_detail=1&t_selected_folderrsn=12207748,1711 FUTURE DRIVE BLDG 2,NA,Austin,Texas,United States,2
1403 W 30TH ST,New detached secondary dwelling unit with one full bathroom.,2019-05-24,1,1,1403 W 30TH ST,78703,10,NA,https://abc.austintexas.gov/web/permit/public-search-other?t_detail=1&t_selected_folderrsn=12194762,1403 WEST 30TH STREET,NA,Austin,Texas,United States,2
10221 FOREST GROVE DR,Opus-1592AL-New 1-Story Single Family Residence w/ 3 bedrooms 2 bathrooms attached 2 car garage covered entry porch & patio,2019-03-07,1,1,10221 FOREST GROVE DR,78747,2,NA,https://abc.austintexas.gov/web/permit/public-search-other?t_detail=1&t_selected_folderrsn=12150975,10221 FOREST GROVE DRIVE,NA,Austin,Texas,United States,2
3131 MARY ST,New manufactured home with 2 bedrooms 2 bathrooms and uncovered wood entry decks.,2018-10-04,1,1,3131 MARY ST,78617,2,NA,https://abc.austintexas.gov/web/permit/public-search-other?t_detail=1&t_selected_folderrsn=12044443,3131 MARY STREET,NA,Austin,Texas,United States,2
403 W O DELL ST,Build a new detached garage apt in rear of residence. 2 bedrooms 2 baths 2 car garage.,2016-04-14,1,2,403 W O DELL ST,78752,4,NA,https://abc.austintexas.gov/web/permit/public-search-other?t_detail=1&t_selected_folderrsn=11483913,403 WEST O DELL STREET,NA,Austin,Texas,United States,2
616 DENSON DR,New 2-story secondary apartment to have (2) bedrooms (2) bathrooms covered front porch 2nd floor deck and an attached 2-car garage.,2016-04-14,1,2,616 DENSON DR,78752,4,NA,https://abc.austintexas.gov/web/permit/public-search-other?t_detail=1&t_selected_folderrsn=11514747,616 DENSON DRIVE,NA,Austin,Texas,United States,2
12515 CEDAR ST,New 2story sf res with basement attached garage covd porches balconies uncovd decks. Building permit to address Code violation CV-2015-110190 due to an advanced phase of construction of unpermitted 3-story Single Family Residence / DO NOT REACTIVATE PERMIT STRUCTURE IS IN ZONING VIOLATIONS  Tony Hernandez 01-08-18,2016-04-21,1,3,12515 CEDAR ST,78732,6,NA,https://abc.austintexas.gov/web/permit/public-search-other?t_detail=1&t_selected_folderrsn=11520164,12515 CEDAR STREET,NA,Austin,Texas,United States,2
5903 RUBICON RUN,New 2-story Condominium Residence with attached garage covered entry porch. **CONDOMINIUM RESIDENCE**,2016-03-30,1,2,5903 RUBICON RUN,78745,2,NA,https://abc.austintexas.gov/web/permit/public-search-other?t_detail=1&t_selected_folderrsn=11507954,5903 RUBICON RUN,NA,Austin,Texas,United States,2
12513 GRAY CAMLET LN,New 2-story Condominium Residence with attached garage covered entry porch and patio. **CONDOMINIUM RESIDENCE**,2016-03-17,1,2,12513 GRAY CAMLET LN,78748,8,NA,https://abc.austintexas.gov/web/permit/public-search-other?t_detail=1&t_selected_folderrsn=11486266,12513 GRAY CAMLET LANE,NA,Austin,Texas,United States,2
400 LAGO VERDE DR,New single family residential 2-story 3 bedroom 2.5 bath attached garage.,2016-03-23,1,2,400 LAGO VERDE DR,78734,10,NA,https://abc.austintexas.gov/web/permit/public-search-other?t_detail=1&t_selected_folderrsn=11496147,400 LAGO VERDE DRIVE,NA,Austin,Texas,United States,2
"5006 PECAN SPRINGS RD, Unit #1, A&B  **DUPLEX CONDOMINIUM RESIDENCE**",New 3-story Condominium Residence with attached garage covered entry porch and patio covered terrace and uncovered wood deck. **DUPLEX CONDOMINIUM RESIDENCE**,2016-02-04,1,3,5006 PECAN SPRINGS RD BLDG 1,78723,1,NA,https://abc.austintexas.gov/web/permit/public-search-other?t_detail=1&t_selected_folderrsn=11473517,5006 PECAN SPRINGS ROAD BLDG 1,NA,Austin,Texas,United States,2
1101 EBERT AVE,New sf Manufacture res 3 bedrms 2 bathrms uncovered deck/steps.,2016-03-03,1,1,1101 EBERT AVE,78721,3,NA,https://abc.austintexas.gov/web/permit/public-search-other?t_detail=1&t_selected_folderrsn=11493648,1101 EBERT AVE,NA,Austin,Texas,United States,2
2310 E 14TH ST,New 2story secondary dwelling with garage and workshop on first floor,2016-02-18,1,2,2310 E 14TH ST,78702,1,NA,https://abc.austintexas.gov/web/permit/public-search-other?t_detail=1&t_selected_folderrsn=11485212,2310 EAST 14TH STREET,NA,Austin,Texas,United States,2
7912 NASHFARA CV,New single family residential 2-story 4 bedroom 4 bath,2016-02-08,1,2,7912 NASHFARA CV,78759,10,NA,https://abc.austintexas.gov/web/permit/public-search-other?t_detail=1&t_selected_folderrsn=11481057,7912 NASHFARA CV,NA,Austin,Texas,United States,2
12300 STONEY RIDGE BND,New 2-story single-family residence attached garage covered entry porch and rear patio.,2016-02-12,1,2,12300 STONEY RIDGE BND,78617,2,NA,https://abc.austintexas.gov/web/permit/public-search-other?t_detail=1&t_selected_folderrsn=11483271,12300 STONEY RIDGE BND,NA,Austin,Texas,United States,2
204 CANEY ST,New 2-story single family residential to have (3) bedrooms (3) bathrooms covered front porch rear covered patio 2nd floor media room 2nd floor uncovered deck with spiral staircase to roof deck and an attached 1-car garage.,2016-02-12,1,2,204 CANEY ST,78702,3,NA,https://abc.austintexas.gov/web/permit/public-search-other?t_detail=1&t_selected_folderrsn=11483739,204 CANEY STREET,NA,Austin,Texas,United States,2
1225 ELEANOR ST,New 2-story single-family residence attached garage covered porch and patio.,2015-12-28,1,2,1225 ELEANOR ST,78721,1,NA,https://abc.austintexas.gov/web/permit/public-search-other?t_detail=1&t_selected_folderrsn=11455077,1225 ELEANOR STREET,NA,Austin,Texas,United States,2
4800 SPRINGDALE RD,New 2-story Condominium Residence with attached garage covered entry porch and patio. **CONDOMINIUM RESIDENCE**,2016-01-13,1,2,4800 SPRINGDALE RD,78723,1,NA,https://abc.austintexas.gov/web/permit/public-search-other?t_detail=1&t_selected_folderrsn=11470600,4800 SPRINGDALE ROAD,NA,Austin,Texas,United States,2
9532 HUNTER LN,*NOT VOLUME BUILDER**New 2-story single-family residence attached garage covered entry porch and patio. **model home/office.**,2016-01-29,1,2,9532 HUNTER LN,78748,5,NA,https://abc.austintexas.gov/web/permit/public-search-other?t_detail=1&t_selected_folderrsn=11477456,9532 HUNTER LANE,NA,Austin,Texas,United States,2
2125 MAXWELL LN,New 2-story single-family residence attached 3 car garage covered porch and patio.,2016-01-06,1,2,2125 MAXWELL LN,78741,3,NA,https://abc.austintexas.gov/web/permit/public-search-other?t_detail=1&t_selected_folderrsn=11465542,2125 MAXWELL LANE,NA,Austin,Texas,United States,2
1310 CEDAR AVE,New 2-story single family residence to have (3) bedrooms (2.5) bathrooms attached 1-car garage with deck above and a covered front & rear porch.,2016-01-07,1,2,1310 CEDAR AVE,78702,1,NA,https://abc.austintexas.gov/web/permit/public-search-other?t_detail=1&t_selected_folderrsn=11463942,1310 CEDAR AVE,NA,Austin,Texas,United States,2
4209 NITSCHKE ST,New 2-story single-family residence attached garage covered entry porch and rear patio.,2015-12-07,1,2,4209 NITSCHKE ST,78723,9,NA,https://abc.austintexas.gov/web/permit/public-search-other?t_detail=1&t_selected_folderrsn=11455985,4209 NITSCHKE STREET,NA,Austin,Texas,United States,2
7004 MIRANDA DR,New construction of a one-story second dwelling unit per LDC 25-2-774,2015-12-11,1,1,7004 MIRANDA DR,78752,4,NA,https://abc.austintexas.gov/web/permit/public-search-other?t_detail=1&t_selected_folderrsn=11455298,7004 MIRANDA DRIVE,NA,Austin,Texas,United States,2
10821 BALLARD PATH,New 2-story single-family residence attached garage covered entry porch and rear patio.,2015-11-20,1,2,10821 BALLARD PATH,78717,6,NA,https://abc.austintexas.gov/web/permit/public-search-other?t_detail=1&t_selected_folderrsn=11448398,10821 BALLARD PATH,NA,Austin,Texas,United States,2
1310 DELONEY ST,New 2-story single family residence to have (3) bedrooms (2.5) bathrooms covered front porch and side stoop.,2015-12-11,1,2,1310 DELONEY ST,78721,1,NA,https://abc.austintexas.gov/web/permit/public-search-other?t_detail=1&t_selected_folderrsn=11457176,1310 DELONEY STREET,NA,Austin,Texas,United States,2
1213 ELEANOR ST,New SFR 2160SF two story with one car garage of 262 SF.  Wood construction with asphalt roof & slab on grade foundation.,2015-12-08,1,2,1213 ELEANOR ST,78721,1,NA,https://abc.austintexas.gov/web/permit/public-search-other?t_detail=1&t_selected_folderrsn=11453233,1213 ELEANOR STREET,NA,Austin,Texas,United States,2
505 TILLERY ST UNIT 7,UNIT 7.  New 1-story townhome/row home units.   Each building contains 4 units on the same building lot.  3-story townhome with attached garage covered entry porch covered patio and covered balcony.,2015-10-29,1,1,505 TILLERY ST UNIT 6,78702,3,NA,https://abc.austintexas.gov/web/permit/public-search-other?t_detail=1&t_selected_folderrsn=11436981,505 TILLERY STREET UNIT 6,NA,Austin,Texas,United States,2
12624 ONDARA DR,"**NOT VOLUME BUILDER**
New 2-story single-family residence attached garage with 3 garage extension covered entry porch and rear patio.",2015-10-28,1,2,12624 ONDARA DR,78739,8,NA,https://abc.austintexas.gov/web/permit/public-search-other?t_detail=1&t_selected_folderrsn=11433778,12624 ONDARA DRIVE,NA,Austin,Texas,United States,2
505 TILLERY ST UNIT 2,Unit 2.  New 3-story townhome/row home units.   Each building contains 4 units on the same building lot.  3-story townhome with attached garage covered entry porch covered patio and covered balcony.,2015-10-29,1,3,505 TILLERY ST UNIT 1,78702,3,NA,https://abc.austintexas.gov/web/permit/public-search-other?t_detail=1&t_selected_folderrsn=11436976,505 TILLERY STREET UNIT 1,NA,Austin,Texas,United States,2
505 TILLERY ST UNIT 12,UNIT 12.  New 1-story townhome/row home units.   Each building contains 4 units on the same building lot.  3-story townhome with attached garage covered entry porch covered patio and covered balcony.,2015-10-29,1,3,505 TILLERY ST UNIT 9,78702,3,NA,https://abc.austintexas.gov/web/permit/public-search-other?t_detail=1&t_selected_folderrsn=11436987,505 TILLERY STREET UNIT 9,NA,Austin,Texas,United States,2
505 TILLERY ST UNIT 5,UNIT 5 - New 3-story townhome/row home units.   Each building contains 4 units on the same building lot.  3-story townhome with attached garage covered entry porch covered patio and covered balcony.,2015-10-29,1,3,505 TILLERY ST UNIT 6,78702,3,NA,https://abc.austintexas.gov/web/permit/public-search-other?t_detail=1&t_selected_folderrsn=11436979,505 TILLERY STREET UNIT 6,NA,Austin,Texas,United States,2
505 TILLERY ST UNIT 6,UNIT 6.  New 1-story townhome/row home units.   Each building contains 4 units on the same building lot.  3-story townhome with attached garage covered entry porch covered patio and covered balcony.,2015-10-29,1,1,505 TILLERY ST UNIT 6,78702,3,NA,https://abc.austintexas.gov/web/permit/public-search-other?t_detail=1&t_selected_folderrsn=11436980,505 TILLERY STREET UNIT 6,NA,Austin,Texas,United States,2
505 TILLERY ST UNIT 1,New 3-story townhome/row home units.   Each building contains 4 units on the same building lot.  3-story townhome with attached garage covered entry porch covered patio and covered balcony.,2015-10-29,1,3,505 TILLERY ST UNIT 1,78702,3,NA,https://abc.austintexas.gov/web/permit/public-search-other?t_detail=1&t_selected_folderrsn=11436975,505 TILLERY STREET UNIT 1,NA,Austin,Texas,United States,2
7009 CUT PLAINS TRL,New 1-story Condominium Residence with attached garage covered entry porch and rear patio. **CONDOMINIUM PROJECT**,2015-11-12,1,1,7009 CUT PLAINS TRL,78726,10,NA,https://abc.austintexas.gov/web/permit/public-search-other?t_detail=1&t_selected_folderrsn=11443737,7009 CUT PLAINS TRAIL,NA,Austin,Texas,United States,2
505 TILLERY ST UNIT 3,Unit 3.  New 3-story townhome/row home units.   Each building contains 4 units on the same building lot.  3-story townhome with attached garage covered entry porch covered patio and covered balcony.,2015-10-29,1,3,505 TILLERY ST UNIT 1,78702,3,NA,https://abc.austintexas.gov/web/permit/public-search-other?t_detail=1&t_selected_folderrsn=11436977,505 TILLERY STREET UNIT 1,NA,Austin,Texas,United States,2
505 TILLERY ST UNIT 9,Unit 9 - New 1-story townhome/row home units.   Each building contains 4 units on the same building lot.  3-story townhome with attached garage covered entry porch covered patio and covered balcony.,2015-10-29,1,1,505 TILLERY ST UNIT 9,78702,3,NA,https://abc.austintexas.gov/web/permit/public-search-other?t_detail=1&t_selected_folderrsn=11436984,505 TILLERY STREET UNIT 9,NA,Austin,Texas,United States,2
505 TILLERY ST UNIT 8,UNIT 8.  New 1-story townhome/row home units.   Each building contains 4 units on the same building lot.  3-story townhome with attached garage covered entry porch covered patio and covered balcony.,2015-10-29,1,1,505 TILLERY ST UNIT 6,78702,3,NA,https://abc.austintexas.gov/web/permit/public-search-other?t_detail=1&t_selected_folderrsn=11436982,505 TILLERY STREET UNIT 6,NA,Austin,Texas,United States,2
505 TILLERY ST UNIT 11,UNIT 11.  New 1-story townhome/row home units.   Each building contains 4 units on the same building lot.  3-story townhome with attached garage covered entry porch covered patio and covered balcony.,2015-10-29,1,3,505 TILLERY ST UNIT 9,78702,3,NA,https://abc.austintexas.gov/web/permit/public-search-other?t_detail=1&t_selected_folderrsn=11436986,505 TILLERY STREET UNIT 9,NA,Austin,Texas,United States,2
505 TILLERY ST UNIT 10,UNIT 10.  New 1-story townhome/row home units.   Each building contains 4 units on the same building lot.  3-story townhome with attached garage covered entry porch covered patio and covered balcony.,2015-10-29,1,3,505 TILLERY ST UNIT 9,78702,3,NA,https://abc.austintexas.gov/web/permit/public-search-other?t_detail=1&t_selected_folderrsn=11436985,505 TILLERY STREET UNIT 9,NA,Austin,Texas,United States,2
9121 SOUTHWICK DR,New 2-story single-family residence attached garage covered entry porch and patio.  **VOL BUILD PROJECT**,2015-11-04,1,2,9121 SOUTHWICK DR,78724,1,NA,https://abc.austintexas.gov/web/permit/public-search-other?t_detail=1&t_selected_folderrsn=11440792,9121 SOUTHWICK DRIVE,NA,Austin,Texas,United States,2
505 TILLERY ST UNIT 4,UNIT 4. New 3-story townhome/row home units.   Each building contains 4 units on the same building lot.  3-story townhome with attached garage covered entry porch covered patio and covered balcony.,2015-10-29,1,3,505 TILLERY ST UNIT 1,78702,3,NA,https://abc.austintexas.gov/web/permit/public-search-other?t_detail=1&t_selected_folderrsn=11436978,505 TILLERY STREET UNIT 1,NA,Austin,Texas,United States,2
3013 GUERRERO DR,New 4 bedroom 2 bathroom manufactured home replacing existing mobile home,2018-03-26,1,1,3013 GUERRERO DR,78617,2,NA,https://abc.austintexas.gov/web/permit/public-search-other?t_detail=1&t_selected_folderrsn=11870339,3013 GUERRERO DRIVE,NA,Austin,Texas,United States,2
6203 BERKMAN DR,New construction of 1-story 3 bedroom 2 bath single family residential,2015-09-16,1,1,6203 BERKMAN DR,78723,4,NA,https://abc.austintexas.gov/web/permit/public-search-other?t_detail=1&t_selected_folderrsn=11416290,6203 BERKMAN DRIVE,NA,Austin,Texas,United States,2
10418 TURNBULL LOOP,New 2-story Condominium Residence with attached garage covered porch and patio. **CONDOMINIUM RESIDENCE**,2015-09-28,1,2,10418 TURNBULL LOOP,78717,6,NA,https://abc.austintexas.gov/web/permit/public-search-other?t_detail=1&t_selected_folderrsn=11422617,10418 TURNBULL LOOP,NA,Austin,Texas,United States,2
3310 WINDSOR RD,New 2 story sf res (4 bdrm 4 bth). Att 2 car garage uncovd wood deck covd 2nd level decks.,2015-09-15,1,2,3310 WINDSOR RD,78703,10,NA,https://abc.austintexas.gov/web/permit/public-search-other?t_detail=1&t_selected_folderrsn=11413516,3310 WINDSOR ROAD,NA,Austin,Texas,United States,2
7408 BUCHHOLZ ST,New 2-story Condominium Residence with attached garage covered entry porch and patio. **CONDOMINIUM RESIDENCE**,2015-09-16,1,2,7408 BUCHHOLZ ST,78745,2,NA,https://abc.austintexas.gov/web/permit/public-search-other?t_detail=1&t_selected_folderrsn=11416264,7408 BUCHHOLZ STREET,NA,Austin,Texas,United States,2
5502 AVENUE F,**COC**new secondary apartment with attached carport - Unit B,2015-08-19,1,2,5502 AVENUE F,78751,4,NA,https://abc.austintexas.gov/web/permit/public-search-other?t_detail=1&t_selected_folderrsn=11401015,5502 AVENUE F,NA,Austin,Texas,United States,2
11121 ZIMMERMAN LN,new 2 story duplex w/ 2 attached two-car garages covd front porches rear uncovd decks.,2015-07-27,2,2,11121 ZIMMERMAN LN,78726,10,NA,https://abc.austintexas.gov/web/permit/public-search-other?t_detail=1&t_selected_folderrsn=11378829,11121 ZIMMERMAN LANE,NA,Austin,Texas,United States,2
405 W MILTON ST,Secondary residence 1 bedroom 1.5 baths.   Refer 2016-085049 BP.,2015-07-20,1,2,405 W MILTON ST,78704,9,NA,https://abc.austintexas.gov/web/permit/public-search-other?t_detail=1&t_selected_folderrsn=11370199,405 WEST MILTON STREET,NA,Austin,Texas,United States,2
405 W MILTON ST,New 2 story single family 3 bedrooms 2.5 baths & carport.,2015-07-20,1,2,405 W MILTON ST,78704,9,NA,https://abc.austintexas.gov/web/permit/public-search-other?t_detail=1&t_selected_folderrsn=11370198,405 WEST MILTON STREET,NA,Austin,Texas,United States,2
8018 MULEY DR,New 4 bedroom 4.5 bathroom  two story res. with pool,2015-07-09,1,2,8018 MULEY DR,78759,6,NA,https://abc.austintexas.gov/web/permit/public-search-other?t_detail=1&t_selected_folderrsn=11378984,8018 MULEY DRIVE,NA,Austin,Texas,United States,2
1203 COMETA ST,"Secondary residence 2 bedrooms 1 bath.
Permit voided 5/23/18 See new BP17-068713",2015-06-30,1,1,1203 COMETA ST,78721,1,NA,https://abc.austintexas.gov/web/permit/public-search-other?t_detail=1&t_selected_folderrsn=11369141,1203 COMETA STREET,NA,Austin,Texas,United States,2
10601 PORTICO LN,New 2-story Condominium Residence with attached garage covered porch and patio. **CONDOMINIUM RESIDENCE**,2015-06-25,1,2,10601 PORTICO LN,78748,5,NA,https://abc.austintexas.gov/web/permit/public-search-other?t_detail=1&t_selected_folderrsn=11370998,10601 PORTICO LANE,NA,Austin,Texas,United States,2
9303 LOST BRIDGE LN,New 2-story Condominium Residence with attached garage covered porch and patio.  **CONDOMINIUM RESIDENCE**,2015-06-22,1,2,9303 LOST BRIDGE LN,78748,5,NA,https://abc.austintexas.gov/web/permit/public-search-other?t_detail=1&t_selected_folderrsn=11373421,9303 LOST BRIDGE LANE,NA,Austin,Texas,United States,2
4709 ISLAND CV,New construction of a two-story single-family residence with attached garage and porches.,2015-06-11,1,2,4709 ISLAND CV,78731,10,NA,https://abc.austintexas.gov/web/permit/public-search-other?t_detail=1&t_selected_folderrsn=11354653,4709 ISLAND CV,NA,Austin,Texas,United States,2
2116 BITTER CREEK DR,New 3 bedroom 2 bathroom mobile home on property.,2015-06-25,1,1,2116 BITTER CREEK DR,78744,2,NA,https://abc.austintexas.gov/web/permit/public-search-other?t_detail=1&t_selected_folderrsn=11374008,2116 BITTER CREEK DRIVE,NA,Austin,Texas,United States,2
4102 NITSCHKE ST,New 2-story single-family residence attached garage covered entry porch and patio.  **VOL BUILD PROJECT** **RESOLUTION #20071129-100 WAIVES FEES FOR THIS SMART HOUSING PROJECT**.,2015-06-04,1,2,4102 NITSCHKE ST,78723,9,NA,https://abc.austintexas.gov/web/permit/public-search-other?t_detail=1&t_selected_folderrsn=11364838,4102 NITSCHKE STREET,NA,Austin,Texas,United States,2
2510 E 17TH ST,new 2 story sf with attached garage,2015-06-04,1,2,2510 E 17TH ST,78702,1,NA,https://abc.austintexas.gov/web/permit/public-search-other?t_detail=1&t_selected_folderrsn=11313503,2510 EAST 17TH STREET,NA,Austin,Texas,United States,2
2505 E CESAR CHAVEZ ST,new secondary apartment two story with attached garage,2015-05-15,1,2,2505 E CESAR CHAVEZ ST,78702,3,NA,https://abc.austintexas.gov/web/permit/public-search-other?t_detail=1&t_selected_folderrsn=11350692,2505 EAST CESAR CHAVEZ STREET,NA,Austin,Texas,United States,2
5204 CORNFLOWER DR,New 2-story single-family residence attached garage covered entry porch and patio.  **VOL BUILD PROJECT**,2015-05-08,1,2,5204 CORNFLOWER DR,78739,8,NA,https://abc.austintexas.gov/web/permit/public-search-other?t_detail=1&t_selected_folderrsn=11347247,5204 CORNFLOWER DRIVE,NA,Austin,Texas,United States,2
13800 BAUHAUS BND,New 1-story single-family residence attached garage covered entry porch and patio. **VOL BUILD PROJECT**,2015-05-08,1,1,13800 BAUHAUS BND,78660,7,NA,https://abc.austintexas.gov/web/permit/public-search-other?t_detail=1&t_selected_folderrsn=11347371,13800 BAUHAUS BND,NA,Austin,Texas,United States,2
6205 GARDEN ROSE PATH,New 2-story single-family residence attached garage covered entry porch.  **VOL BUILD PROJECT** **RESOLUTION #20071129-100 WAIVES FEES FOR THIS SMART HOUSING PROJECT**.,2015-05-08,1,2,6205 GARDEN ROSE PATH,78754,1,NA,https://abc.austintexas.gov/web/permit/public-search-other?t_detail=1&t_selected_folderrsn=11346400,6205 GARDEN ROSE PATH,NA,Austin,Texas,United States,2
2322 SANTA MARIA ST,New 2-story single family residence to have (3) bedrooms (2.5) bathrooms an attached 1-car garage and a front porch.,2015-05-18,1,2,2322 SANTA MARIA ST,78702,3,NA,https://abc.austintexas.gov/web/permit/public-search-other?t_detail=1&t_selected_folderrsn=11339595,2322 SANTA MARIA STREET,NA,Austin,Texas,United States,2
4010 TEAFF ST,New 2-story single-family Row House attached garage covered front porch 2 bedroom 2.5 bath.  **VOL BUILD PROJECT**,2015-05-11,1,2,4010 TEAFF ST,78723,9,NA,https://abc.austintexas.gov/web/permit/public-search-other?t_detail=1&t_selected_folderrsn=11348108,4010 TEAFF STREET,NA,Austin,Texas,United States,2
3108 HANDSOME DR,New 2-story single-family residence attached garage covered entry porch and patio.  **VOL BUILD PROJECT**,2015-04-03,1,2,3108 HANDSOME DR,78660,1,NA,https://abc.austintexas.gov/web/permit/public-search-other?t_detail=1&t_selected_folderrsn=11324029,3108 HANDSOME DRIVE,NA,Austin,Texas,United States,2
11017 KIRKOSWALD RD,New 2-story single-family residence attached garage covered entry porch and rear patio.  **VOL BUILD PROJECT** **RESOLUTION #20071129-100 WAIVES FEES FOR THIS SMART HOUSING PROJECT**.,2015-03-30,1,2,11017 KIRKOSWALD RD,78754,1,NA,https://abc.austintexas.gov/web/permit/public-search-other?t_detail=1&t_selected_folderrsn=11319097,11017 KIRKOSWALD ROAD,NA,Austin,Texas,United States,2
13412 KEARNS DR,New 1-story single-family residence attached garage covered porch and patio.  **VOL BUILD PROJECT**,2015-03-30,1,1,13412 KEARNS DR,78660,1,NA,https://abc.austintexas.gov/web/permit/public-search-other?t_detail=1&t_selected_folderrsn=11318314,13412 KEARNS DRIVE,NA,Austin,Texas,United States,2
13512 KEARNS DR,New 2-story single-family residence attached garage covered entry porch.  **VOL BUILD PROJECT**,2015-03-30,1,2,13512 KEARNS DR,78660,1,NA,https://abc.austintexas.gov/web/permit/public-search-other?t_detail=1&t_selected_folderrsn=11317409,13512 KEARNS DRIVE,NA,Austin,Texas,United States,2
1318 DELANO ST,new duplex w attached garages,2015-03-02,2,2,1318 DELANO ST,78721,1,NA,https://abc.austintexas.gov/web/permit/public-search-other?t_detail=1&t_selected_folderrsn=11300996,1318 DELANO STREET,NA,Austin,Texas,United States,2
7805 COOPER LN unit 301,Cooper Villas Unit 301.  New 2-story Condominium Residence (4 units in this building Building 300).  **CONDOMINIUM RESIDENCE**,2015-02-18,1,2,7805 COOPER LN,78745,2,NA,https://abc.austintexas.gov/web/permit/public-search-other?t_detail=1&t_selected_folderrsn=11285894,7805 COOPER LANE,NA,Austin,Texas,United States,2
7805 COOPER LN unit  206,Cooper Villas Unit 206.  New 2-story Condominium Residence (total of 9 units in this building Building 200).,2015-02-18,1,2,7805 COOPER LN,78745,2,NA,https://abc.austintexas.gov/web/permit/public-search-other?t_detail=1&t_selected_folderrsn=11285723,7805 COOPER LANE,NA,Austin,Texas,United States,2
3105 HANDSOME DR,New 2-story single-family residence attached garage covered porch and patio. **VOLUME BUILDER**,2015-03-03,1,2,3105 HANDSOME DR,78660,1,NA,https://abc.austintexas.gov/web/permit/public-search-other?t_detail=1&t_selected_folderrsn=11303002,3105 HANDSOME DRIVE,NA,Austin,Texas,United States,2
3009 MC CURDY ST,New 1-story single-family residence attached garage covered porch and patio.  **VOL BUILD PROJECT** **RESOLUTION #20071129-100 WAIVES FEES FOR THIS SMART HOUSING PROJECT**.,2015-02-20,1,1,3009 MC CURDY ST,78723,9,NA,https://abc.austintexas.gov/web/permit/public-search-other?t_detail=1&t_selected_folderrsn=11294991,3009 MC CURDY STREET,NA,Austin,Texas,United States,2
3005 MC CURDY ST,New 1-story single-family residence attached garage covered porch and patio.  **VOL BUILD PROJECT** **RESOLUTION #20071129-100 WAIVES FEES FOR THIS SMART HOUSING PROJECT**.,2015-03-02,1,1,3005 MC CURDY ST,78723,9,NA,https://abc.austintexas.gov/web/permit/public-search-other?t_detail=1&t_selected_folderrsn=11297123,3005 MC CURDY STREET,NA,Austin,Texas,United States,2
13416 KEARNS DR,New 2-story single-family residence attached garage covered entry porch and rear patio.  **VOL BUILD PROJECT**,2015-02-25,1,2,13416 KEARNS DR,78660,1,NA,https://abc.austintexas.gov/web/permit/public-search-other?t_detail=1&t_selected_folderrsn=11299882,13416 KEARNS DRIVE,NA,Austin,Texas,United States,2
13504 KEARNS DR,New 1-story single-family residence attached garage covered porch and patio.  **VOL BUILD PROJECT**,2015-02-26,1,1,13504 KEARNS DR,78660,1,NA,https://abc.austintexas.gov/web/permit/public-search-other?t_detail=1&t_selected_folderrsn=11300371,13504 KEARNS DRIVE,NA,Austin,Texas,United States,2
7805 COOPER LN unit 209,Cooper Villas Unit 209.  New 2-story Condominium Residence (total of 9 units in this building Building 200).,2015-02-18,1,2,7805 COOPER LN,78745,2,NA,https://abc.austintexas.gov/web/permit/public-search-other?t_detail=1&t_selected_folderrsn=11285726,7805 COOPER LANE,NA,Austin,Texas,United States,2
3017 MC CURDY ST,New 2-story single-family residence attached garage covered entry porch and rear patio.  **VOL BUILD PROJECT** **RESOLUTION #20071129-100 WAIVES FEES FOR THIS SMART HOUSING PROJECT**.,2015-03-18,1,2,3017 MC CURDY ST,78723,9,NA,https://abc.austintexas.gov/web/permit/public-search-other?t_detail=1&t_selected_folderrsn=11313020,3017 MC CURDY STREET,NA,Austin,Texas,United States,2
3101 HANDSOME DR,New 2-story single-family residence attached garage covered entry porch and rear patio.  **VOL BUILD PROJECT**,2015-02-04,1,2,3101 HANDSOME DR,78660,1,NA,https://abc.austintexas.gov/web/permit/public-search-other?t_detail=1&t_selected_folderrsn=11288994,3101 HANDSOME DRIVE,NA,Austin,Texas,United States,2
3109 HANDSOME DR,New 2-story single-family residence attached garage covered entry porch.  **VOL BUILD PROJECT**,2015-02-04,1,2,3109 HANDSOME DR,78660,1,NA,https://abc.austintexas.gov/web/permit/public-search-other?t_detail=1&t_selected_folderrsn=11289029,3109 HANDSOME DRIVE,NA,Austin,Texas,United States,2
13525 KEARNS DR,New 2-story single-family residence attached garage covered porch,2015-01-26,1,1,13525 KEARNS DR,78660,1,NA,https://abc.austintexas.gov/web/permit/public-search-other?t_detail=1&t_selected_folderrsn=11282519,13525 KEARNS DRIVE,NA,Austin,Texas,United States,2
13517 KEARNS DR,New 2-story single-family residence attached garage covered porch and patio.,2015-01-26,1,2,13517 KEARNS DR,78660,1,NA,https://abc.austintexas.gov/web/permit/public-search-other?t_detail=1&t_selected_folderrsn=11282490,13517 KEARNS DRIVE,NA,Austin,Texas,United States,2
2109 DEER RUN DR,New mobile home; 2 bedrms 2 bathrms covered porch deck.,2015-01-08,1,1,2109 DEER RUN DR,78744,2,NA,https://abc.austintexas.gov/web/permit/public-search-other?t_detail=1&t_selected_folderrsn=11270927,2109 DEER RUN DRIVE,NA,Austin,Texas,United States,2
3104 ORTMAN DR,New 2-story single-family residence attached garage covered porch and patio.,2015-02-10,1,2,3104 ORTMAN DR,78660,1,NA,https://abc.austintexas.gov/web/permit/public-search-other?t_detail=1&t_selected_folderrsn=11291767,3104 ORTMAN DRIVE,NA,Austin,Texas,United States,2
13300 CANTARRA DR,New 2-story single-family residence attached garage covered entry porch.  **VOL BUILD PROJECT**,2015-01-12,1,2,13300 CANTARRA DR,78660,1,NA,https://abc.austintexas.gov/web/permit/public-search-other?t_detail=1&t_selected_folderrsn=11274276,13300 CANTARRA DRIVE,NA,Austin,Texas,United States,2
14112 TYBURN TRL,**VOL BUILD PROJECT**  New 1-story single-family residence attached garage covered entry porch and rear patio.,2014-12-08,1,1,14112 TYBURN TRL,78717,6,NA,https://abc.austintexas.gov/web/permit/public-search-other?t_detail=1&t_selected_folderrsn=11259939,14112 TYBURN TRAIL,NA,Austin,Texas,United States,2
9828 FALLOW RUN  **MODEL HOME**,New 1-story single-family residence attached garage covered entry porch and rear patio.  **MODEL HOME**,2014-12-26,1,1,9828 FALLOW RUN,78736,8,NA,https://abc.austintexas.gov/web/permit/public-search-other?t_detail=1&t_selected_folderrsn=11263963,9828 FALLOW RUN,NA,Austin,Texas,United States,2
11201 HARLYN BAY RD,New 2-story single-family residence attached garage covered entry porch and rear patio.  **VOL BUILD PROJECT** **RESOLUTION #20071129-100 WAIVES FEES FOR THIS SMART HOUSING PROJECT**.,2014-10-28,1,2,11201 HARLYN BAY RD,78754,1,NA,https://abc.austintexas.gov/web/permit/public-search-other?t_detail=1&t_selected_folderrsn=11241261,11201 HARLYN BAY ROAD,NA,Austin,Texas,United States,2
629 W DITTMAR RD,Single fam res; Electrical power meter & panel w/connection to AE existing pole drop new wiring & boxes for electrical & fixtures new insulation sheetrock connection to existing w&ww taps plumbing for kitchen & bathrm new bathrm fitures smoke/fire & carbon monoxide detectors and alarms per code structural reinforement per engineers letter.Interior remodel to create existing storage into living room bedroom and 1 bathroom. Includes expired BP 2003-011334,2014-11-19,1,1,629 W DITTMAR RD,78748,2,NA,https://abc.austintexas.gov/web/permit/public-search-other?t_detail=1&t_selected_folderrsn=11249773,629 WEST DITTMAR ROAD,NA,Austin,Texas,United States,2
5200 BRUNING AVE,New 2-story single-family residence covered porch and patio.,2014-11-05,1,2,5200 BRUNING AVE,78751,9,NA,https://abc.austintexas.gov/web/permit/public-search-other?t_detail=1&t_selected_folderrsn=11244000,5200 BRUNING AVE,NA,Austin,Texas,United States,2
5807 CITY PARK RD UNIT 3,New 2-story Condominium Residence with attached garage covered porch and patio.,2014-11-18,1,2,5807 CITY PARK RD UNIT 3,78730,10,NA,https://abc.austintexas.gov/web/permit/public-search-other?t_detail=1&t_selected_folderrsn=11248608,5807 CITY PARK ROAD UNIT 3,NA,Austin,Texas,United States,2
8416 RIVERSTONE DR,new 4 bedroom 2 bathroom single family manufactored res,2014-10-03,1,1,8416 RIVERSTONE DR,78724,1,NA,https://abc.austintexas.gov/web/permit/public-search-other?t_detail=1&t_selected_folderrsn=11225898,8416 RIVERSTONE DRIVE,NA,Austin,Texas,United States,2
5809 MINCH RD,**VOL BUILD PROJECT** New 1-story single-family residence attached garage covered porch and patio.,2014-09-12,1,1,5809 MINCH RD,78754,1,NA,https://abc.austintexas.gov/web/permit/public-search-other?t_detail=1&t_selected_folderrsn=11214952,5809 MINCH ROAD,NA,Austin,Texas,United States,2
5704 CASS CT,New 2-story single-family residence attached garage covered entry porch and rear patio.  **VOL BUILD PROJECT**,2014-09-12,1,2,5704 CASS CT,78754,1,NA,https://abc.austintexas.gov/web/permit/public-search-other?t_detail=1&t_selected_folderrsn=11214221,5704 CASS CT,NA,Austin,Texas,United States,2
3006 NORTHEAST DR,New construction of two-story single-family residence having 4 bedrooms and 2.5 bathrooms with attached garage and porches.,2014-09-15,1,2,3006 NORTHEAST DR,78723,1,NA,https://abc.austintexas.gov/web/permit/public-search-other?t_detail=1&t_selected_folderrsn=11208315,3006 NORTHEAST DRIVE,NA,Austin,Texas,United States,2
10309 CRESCENDO LN,**VOL BUILD PROJECT** **RESOLUTION #20071129-100 WAIVES FEES FOR THIS SMART HOUSING PROJECT**.  **SMART HOUSE** New 1-story single-family residence attached garage covered entry porch and rear patio.,2014-09-14,1,1,10309 CRESCENDO LN,78747,2,NA,https://abc.austintexas.gov/web/permit/public-search-other?t_detail=1&t_selected_folderrsn=11213559,10309 CRESCENDO LANE,NA,Austin,Texas,United States,2
2408 SANTA MARIA ST,New 2 story single family residence - 3 bedroom 2.5 bath attached garage.,2014-10-08,1,2,2408 SANTA MARIA ST,78702,3,NA,https://abc.austintexas.gov/web/permit/public-search-other?t_detail=1&t_selected_folderrsn=11229164,2408 SANTA MARIA STREET,NA,Austin,Texas,United States,2
13001 HYMEADOW DR UNIT 9,New 2-story Condominium Residence with attached garage covered porch.,2014-09-05,1,2,13001 HYMEADOW DR UNIT 9,78729,6,NA,https://abc.austintexas.gov/web/permit/public-search-other?t_detail=1&t_selected_folderrsn=11211351,13001 HYMEADOW DRIVE UNIT 9,NA,Austin,Texas,United States,2
3001 DEL CURTO RD UNIT 11,New 2-story Condominium Residence with attached garage covered porch.,2014-08-25,1,2,3001 DEL CURTO RD UNIT 11,78704,5,NA,https://abc.austintexas.gov/web/permit/public-search-other?t_detail=1&t_selected_folderrsn=11203764,3001 DEL CURTO ROAD UNIT 11,NA,Austin,Texas,United States,2
1514 W 29TH ST,New construction of a two-story second dwelling unit per LDC 25-2-774 having a kitchen living area 1 full bathroom and balcony on the 2nd floor above the 1st floor 2-car garage.  Access to the 2nd floor via exterior stairs.,2014-08-20,1,2,1514 W 29TH ST,78703,10,NA,https://abc.austintexas.gov/web/permit/public-search-other?t_detail=1&t_selected_folderrsn=11198287,1514 WEST 29TH STREET,NA,Austin,Texas,United States,2
9308 CAPITOL VIEW DR,A building permit for a temporary residential use in a mobile structure allowed by 25-2-921(D) A single dwelling located in a mobile structure on a construction site may be permitted as a temporary use under this division if the building official determines that the dwelling is required to provide security against nighttime theft or vandalism. The building official may allow the use for a period of up to 6 months and if requested by the applicant may extend that period for an additional 6 months. An applicant may appeal to the board of adjustment a denial of the use by the building official.,2014-09-05,0,1,9308 CAPITOL VIEW DR,78747,2,NA,https://abc.austintexas.gov/web/permit/public-search-other?t_detail=1&t_selected_folderrsn=11211995,9308 CAPITOL VIEW DRIVE,NA,Austin,Texas,United States,2
1415 BERENE AVE,New secondary apartment to have (2) bedrooms (2) bathrooms front stoop & attached 2-car garage.,2014-09-03,1,1,1415 BERENE AVE,78721,1,NA,https://abc.austintexas.gov/web/permit/public-search-other?t_detail=1&t_selected_folderrsn=11208047,1415 BERENE AVE,NA,Austin,Texas,United States,2
301 W STASSNEY LN UNIT 32,New 2-story Condominium Residence with attached garage covered porch.,2014-07-28,1,2,301 W STASSNEY LN UNIT 32,78745,2,NA,https://abc.austintexas.gov/web/permit/public-search-other?t_detail=1&t_selected_folderrsn=11178685,301 WEST STASSNEY LANE UNIT 32,NA,Austin,Texas,United States,2
6216 ADAIR DR,New 1-story single-family residence attached garage covered porch and patio. **VOL BUILD PROJECT**,2014-07-31,1,1,6216 ADAIR DR,78754,1,NA,https://abc.austintexas.gov/web/permit/public-search-other?t_detail=1&t_selected_folderrsn=11188032,6216 ADAIR DRIVE,NA,Austin,Texas,United States,2
14221 TYBURN TRL,New 2-story single-family residence attached garage covered entry porch and rear patio. **VOL BUILD PROJECT**,2014-07-15,1,2,14221 TYBURN TRL,78717,6,NA,https://abc.austintexas.gov/web/permit/public-search-other?t_detail=1&t_selected_folderrsn=11181926,14221 TYBURN TRAIL,NA,Austin,Texas,United States,2
607 PROVINES DR,new 3 bedroom 2 bathroom 1 story pre-fabricated sf residence,2014-07-10,1,1,607 PROVINES DR,78753,4,NA,https://abc.austintexas.gov/web/permit/public-search-other?t_detail=1&t_selected_folderrsn=11175285,607 PROVINES DRIVE,NA,Austin,Texas,United States,2
10245 CRESCENDO LN,New 2-story single-family residence attached garage covered entry porch and rear patio. **VOL BUILD PROJECT** **RESOLUTION #20071129-100 WAIVES FEES FOR THIS SMART HOUSING PROJECT**.  **SMART HOUSE**,2014-07-08,1,2,10245 CRESCENDO LN,78747,2,NA,https://abc.austintexas.gov/web/permit/public-search-other?t_detail=1&t_selected_folderrsn=11175822,10245 CRESCENDO LANE,NA,Austin,Texas,United States,2
4013 TEAFF ST,New 2-story single-family residence attached garage covered entry porch.  **VOL BUILD PROJECT** **RESOLUTION #20071129-100 WAIVES FEES FOR THIS SMART HOUSING PROJECT**.,2014-08-04,1,2,4013 TEAFF ST,78723,9,NA,https://abc.austintexas.gov/web/permit/public-search-other?t_detail=1&t_selected_folderrsn=11191157,4013 TEAFF STREET,NA,Austin,Texas,United States,2
605 PROVINES DR,new 4 bedroom 2 bathroom manufuactured home,2014-07-10,1,1,605 PROVINES DR,78753,4,NA,https://abc.austintexas.gov/web/permit/public-search-other?t_detail=1&t_selected_folderrsn=11175183,605 PROVINES DRIVE,NA,Austin,Texas,United States,2
1160 LOTT AVE,new single family residence,2014-07-30,1,2,1160 LOTT AVE,78721,1,NA,https://abc.austintexas.gov/web/permit/public-search-other?t_detail=1&t_selected_folderrsn=11189304,1160 LOTT AVE,NA,Austin,Texas,United States,2
2011 UPHILL LN,New SF manufactured home; 3 bedrms 2bathrms front and rear wood deck.,2014-06-26,1,1,2011 UPHILL LN,78741,3,NA,https://abc.austintexas.gov/web/permit/public-search-other?t_detail=1&t_selected_folderrsn=11171467,2011 UPHILL LANE,NA,Austin,Texas,United States,2
5513 AVENUE G,new 2 story garage  apartment,2014-06-04,1,2,5513 AVENUE G,78751,4,NA,https://abc.austintexas.gov/web/permit/public-search-other?t_detail=1&t_selected_folderrsn=11143579,5513 AVENUE G,NA,Austin,Texas,United States,2
10244 CRESCENDO LN,New 1-story single-family residence attached garage covered porch and patio. **VOL BUILD PROJECT** **RESOLUTION #20071129-100 WAIVES FEES FOR THIS SMART HOUSING PROJECT**.  **SMART HOUSE**,2014-07-02,1,1,10244 CRESCENDO LN,78747,2,NA,https://abc.austintexas.gov/web/permit/public-search-other?t_detail=1&t_selected_folderrsn=11174548,10244 CRESCENDO LANE,NA,Austin,Texas,United States,2
2109 RIVERVIEW ST,new 1 bedroom 1 bathroom 1 story secondary dwelling,2018-03-20,1,1,2109 RIVERVIEW ST,78702,3,NA,https://abc.austintexas.gov/web/permit/public-search-other?t_detail=1&t_selected_folderrsn=11903827,2109 RIVERVIEW STREET,NA,Austin,Texas,United States,2
6217 ADAIR DR,New 1-story single-family residence attached garage covered porch and patio.  **VOL BUILD PROJECT**,2014-06-11,1,1,6217 ADAIR DR,78754,1,NA,https://abc.austintexas.gov/web/permit/public-search-other?t_detail=1&t_selected_folderrsn=11161764,6217 ADAIR DRIVE,NA,Austin,Texas,United States,2
15712 JEFFS LN,New 1-story single-family residence attached garage covered porch and patio.  **VOL BUILD PROJECT**,2014-06-30,1,1,15712 JEFFS LN,78717,6,NA,https://abc.austintexas.gov/web/permit/public-search-other?t_detail=1&t_selected_folderrsn=11171711,15712 JEFFS LANE,NA,Austin,Texas,United States,2
1142 LOST CREEK BLVD,New 3-story Condominium Residence with attached garage(s) covered entry porch and covered balcony/terrace.,2014-06-03,1,3,1142 LOST CREEK BLVD,78746,8,NA,https://abc.austintexas.gov/web/permit/public-search-other?t_detail=1&t_selected_folderrsn=11156269,1142 LOST CREEK BOULEVARD,NA,Austin,Texas,United States,2
2205 CURTIS AVE,New 2-story duplex.  Each unit to have (3) bedrooms first floor study (3) bathrooms covered front porch and rear yard deck.,2014-06-09,2,2,2205 CURTIS AVE,78722,1,NA,https://abc.austintexas.gov/web/permit/public-search-other?t_detail=1&t_selected_folderrsn=11161018,2205 CURTIS AVE,NA,Austin,Texas,United States,2
10305 CRESCENDO LN,New 1-story single-family residence attached garage covered porch and patio. **VOL BUILD PROJECT** **RESOLUTION #20071129-100 WAIVES FEES FOR THIS SMART HOUSING PROJECT**.  **SMART HOUSE**,2014-07-02,1,1,10305 CRESCENDO LN,78747,2,NA,https://abc.austintexas.gov/web/permit/public-search-other?t_detail=1&t_selected_folderrsn=11174590,10305 CRESCENDO LANE,NA,Austin,Texas,United States,2
6329 ANTIGO LN,* MODEL HOME** **VOL BUILD PROJECT** New 2-story single-family residence 4 bedrooms 3.5 baths attached garage covered entry porch and rear patioTHIS UNIT IS PERMITTED AND WILL BE USED ORIGINALLY AS A MODEL HOME.  IT IS UNDERSTOOD THAT ANY SALES OFFICES WITHIN THE STRUCTURE OR ANY LANDSCAPING SITUATED IN THE AREA WHERE THE DRIVEWAY MUST BE LOCATED WILL BE CONVERTED TO FINAL FORM PRIOR TO RELEASING THIS DWELLING TO THE EVENTUAL BUYER.  REMODEL PERMIT(S) WILL NOT BE REQUIRED FOR THESE CONVERSIONS AS THE MODIFICATIONS ARE AN INTEGRAL PART OF THIS APPROVAL.,2014-05-22,1,2,6329 ANTIGO LN,78739,8,NA,https://abc.austintexas.gov/web/permit/public-search-other?t_detail=1&t_selected_folderrsn=11150254,6329 ANTIGO LANE,NA,Austin,Texas,United States,2
10008 EPIC KNOLL DR,New 1-story single-family residence attached garage covered porch and patio.  **VOL BUILD PROJECT** **RESOLUTION #20071129-100 WAIVES FEES FOR THIS SMART HOUSING PROJECT**.  refer#2015-107765-BP,2014-05-23,1,1,10008 EPIC KNOLL DR,78747,2,NA,https://abc.austintexas.gov/web/permit/public-search-other?t_detail=1&t_selected_folderrsn=11152844,10008 EPIC KNOLL DRIVE,NA,Austin,Texas,United States,2
1106 LOTT AVE,New 2-story single-family residence with terrace covered porch and patio.,2014-05-23,1,2,1106 LOTT AVE,78721,1,NA,https://abc.austintexas.gov/web/permit/public-search-other?t_detail=1&t_selected_folderrsn=11152921,1106 LOTT AVE,NA,Austin,Texas,United States,2
11520 GAELIC DR,New 1-story single-family residence attached garage covered porch.  **VOL BUILD PROJECT**,2014-05-06,1,1,11520 GAELIC DR,78754,1,NA,https://abc.austintexas.gov/web/permit/public-search-other?t_detail=1&t_selected_folderrsn=11141019,11520 GAELIC DRIVE,NA,Austin,Texas,United States,2
5409 SHOALWOOD AVE,New 2 story SF residence with attached garage covered porch wood deck and shared driveway,2014-05-23,1,2,5409 SHOALWOOD AVE,78756,7,NA,https://abc.austintexas.gov/web/permit/public-search-other?t_detail=1&t_selected_folderrsn=11139924,5409 SHOALWOOD AVE,NA,Austin,Texas,United States,2
1708 E M FRANKLIN AVE,New 2-story single family residence to have (3) bedrooms (3) bathrooms covered front porch covered rear patio (1) second story covered balcony (1) second story uncovered balcony and an attached 2-car garage.,2014-05-19,1,2,1708 E M FRANKLIN AVE,78721,1,NA,https://abc.austintexas.gov/web/permit/public-search-other?t_detail=1&t_selected_folderrsn=11150201,1708 EAST M FRANKLIN AVE,NA,Austin,Texas,United States,2
6304 ADAIR DR,New 1-story single-family residence attached garage covered porch.  **VOL BUILD PROJECT**,2014-05-30,1,1,6304 ADAIR DR,78754,1,NA,https://abc.austintexas.gov/web/permit/public-search-other?t_detail=1&t_selected_folderrsn=11156407,6304 ADAIR DRIVE,NA,Austin,Texas,United States,2
3305 STIRRAT ST,**VOL BUILD PROJECT** New 2-story single-family residence 4 bedroom 2.5 bath attached garage covered entry porch and rear patio,2014-05-19,1,2,3305 STIRRAT ST,78660,1,NA,https://abc.austintexas.gov/web/permit/public-search-other?t_detail=1&t_selected_folderrsn=11150042,3305 STIRRAT STREET,NA,Austin,Texas,United States,2
10004 EPIC KNOLL DR,New 2-story single-family residence attached garage covered entry porch and rear patio.  **VOL BUILD PROJECT** **RESOLUTION #20071129-100 WAIVES FEES FOR THIS SMART HOUSING PROJECT**.,2014-04-29,1,2,10004 EPIC KNOLL DR,78747,2,NA,https://abc.austintexas.gov/web/permit/public-search-other?t_detail=1&t_selected_folderrsn=11130201,10004 EPIC KNOLL DRIVE,NA,Austin,Texas,United States,2
1708 E M FRANKLIN AVE,New second dwelling unit to have ((2) bedrooms (2) bathrooms rear screened patio second story covered roof deck and a 1-car attached garage.,2014-05-19,1,2,1708 E M FRANKLIN AVE,78721,1,NA,https://abc.austintexas.gov/web/permit/public-search-other?t_detail=1&t_selected_folderrsn=11150202,1708 EAST M FRANKLIN AVE,NA,Austin,Texas,United States,2
3706 E 12TH ST,New construction of a two-story single-family residence having 3 bedrooms and 2.5 bathrooms with covered porch.,2014-04-25,1,2,3706 E 12TH ST,78721,1,NA,https://abc.austintexas.gov/web/permit/public-search-other?t_detail=1&t_selected_folderrsn=11128831,3706 EAST 12TH STREET,NA,Austin,Texas,United States,2
5713 CASS CT,New 2-story single-family residence attached garage covered entry porch and rear patio.  **VOL BUILD PROJECT**,2014-04-08,1,2,5713 CASS CT,78754,1,NA,https://abc.austintexas.gov/web/permit/public-search-other?t_detail=1&t_selected_folderrsn=11118569,5713 CASS CT,NA,Austin,Texas,United States,2
6312 ADAIR DR,New 1-story single-family residence attached garage covered porch.  **VOL BUILD PROJECT**,2014-04-15,1,1,6312 ADAIR DR,78754,1,NA,https://abc.austintexas.gov/web/permit/public-search-other?t_detail=1&t_selected_folderrsn=11122817,6312 ADAIR DRIVE,NA,Austin,Texas,United States,2
4709 PAGE ST,New 2-story single-family Row House attached garage covered front porch.  **VOL BUILD PROJECT** **RESOLUTION #20071129-100 WAIVES FEES FOR THIS SMART HOUSING PROJECT**.,2014-02-27,1,2,4709 PAGE ST,78723,9,NA,https://abc.austintexas.gov/web/permit/public-search-other?t_detail=1&t_selected_folderrsn=11095257,4709 PAGE STREET,NA,Austin,Texas,United States,2
3202 THREE RIVERS DR,new single family residence with attached garage,2014-03-13,1,2,3202 THREE RIVERS DR,78746,8,NA,https://abc.austintexas.gov/web/permit/public-search-other?t_detail=1&t_selected_folderrsn=11005543,3202 THREE RIVERS DRIVE,NA,Austin,Texas,United States,2
8304 BELL MOUNTAIN DR,new 2 story SF residence with upstairs balcony and wooden deck,2014-03-19,1,2,8304 BELL MOUNTAIN DR,78730,10,NA,https://abc.austintexas.gov/web/permit/public-search-other?t_detail=1&t_selected_folderrsn=11108406,8304 BELL MOUNTAIN DRIVE,NA,Austin,Texas,United States,2
12600 MC CALLEN PASS BLDG V,New Multi-Family Res Apts - BLDG V,2014-01-10,4,2,12600 MC CALLEN PASS BLDG V,78753,1,NA,https://abc.austintexas.gov/web/permit/public-search-other?t_detail=1&t_selected_folderrsn=11069236,12600 MC CALLEN PASS BLDG V,NA,Austin,Texas,United States,2
12600 MC CALLEN PASS BLDG S,New Multi-Family Res Apts - BLDG S,2014-01-10,4,2,12600 MC CALLEN PASS BLDG S,78753,1,NA,https://abc.austintexas.gov/web/permit/public-search-other?t_detail=1&t_selected_folderrsn=11069234,12600 MC CALLEN PASS BLDG SOUTH,NA,Austin,Texas,United States,2
12600 MC CALLEN PASS BLDG H,New Multi-Family Res Apts - BLDG H,2014-01-10,2,2,12600 MC CALLEN PASS BLDG H,78753,1,NA,https://abc.austintexas.gov/web/permit/public-search-other?t_detail=1&t_selected_folderrsn=11069240,12600 MC CALLEN PASS BLDG H,NA,Austin,Texas,United States,2
12600 MC CALLEN PASS BLDG A,New Multi-Family Res Apts - BLDG A,2014-01-10,4,2,12600 MC CALLEN PASS BLDG A,78753,1,NA,https://abc.austintexas.gov/web/permit/public-search-other?t_detail=1&t_selected_folderrsn=11069231,12600 MC CALLEN PASS BLDG A,NA,Austin,Texas,United States,2
12600 MC CALLEN PASS BLDG B,New Multi-Family Res Apts - BLDG B,2014-01-10,2,2,12600 MC CALLEN PASS BLDG B,78753,1,NA,https://abc.austintexas.gov/web/permit/public-search-other?t_detail=1&t_selected_folderrsn=11069238,12600 MC CALLEN PASS BLDG B,NA,Austin,Texas,United States,2
5309 HARMON AVE,New two-story single-family residence will have 3 bedrooms and 2.5 bathrooms and attached porches.      **refer to pmt # 2014-111123 for new const**,2014-01-13,1,2,5309 HARMON AVE,78751,4,NA,https://abc.austintexas.gov/web/permit/public-search-other?t_detail=1&t_selected_folderrsn=11074651,5309 HARMON AVE,NA,Austin,Texas,United States,2
5309 HARMON AVE,New second dwelling unit per LDC 25-2-774 will have 1 bedroom and 1 bathroom above a 2-car garage with uncovered wood stairs for entrance to second dwelling unit.   **refer to pmt # 2014-111123 for new const**,2014-01-13,1,2,5309 HARMON AVE,78751,4,NA,https://abc.austintexas.gov/web/permit/public-search-other?t_detail=1&t_selected_folderrsn=11074652,5309 HARMON AVE,NA,Austin,Texas,United States,2
12600 MC CALLEN PASS BLDG D,New Multi-Family Res Apts - BLDG D,2014-01-10,2,2,12600 MC CALLEN PASS BLDG D,78753,1,NA,https://abc.austintexas.gov/web/permit/public-search-other?t_detail=1&t_selected_folderrsn=11069239,12600 MC CALLEN PASS BLDG D,NA,Austin,Texas,United States,2
12600 MC CALLEN PASS BLDG W,New Multi-Family Res Apts - BLDG W,2014-01-10,4,2,12600 MC CALLEN PASS BLDG W,78753,1,NA,https://abc.austintexas.gov/web/permit/public-search-other?t_detail=1&t_selected_folderrsn=11069237,12600 MC CALLEN PASS BLDG WEST,NA,Austin,Texas,United States,2
12600 MC CALLEN PASS BLDG Q,New Multi-Family Res Apts - BLDG Q,2014-01-10,2,2,12600 MC CALLEN PASS BLDG Q,78753,1,NA,https://abc.austintexas.gov/web/permit/public-search-other?t_detail=1&t_selected_folderrsn=11069242,12600 MC CALLEN PASS BLDG Q,NA,Austin,Texas,United States,2
12600 MC CALLEN PASS BLDG Z,New Multi-Family Res Apts - BLDG Z,2014-01-10,2,2,12600 MC CALLEN PASS BLDG Z,78753,1,NA,https://abc.austintexas.gov/web/permit/public-search-other?t_detail=1&t_selected_folderrsn=11069243,12600 MC CALLEN PASS BLDG Z,NA,Austin,Texas,United States,2
12600 MC CALLEN PASS BLDG J,New Multi-Family Res Apts - BLDG J,2014-01-10,2,2,12600 MC CALLEN PASS BLDG J,78753,1,NA,https://abc.austintexas.gov/web/permit/public-search-other?t_detail=1&t_selected_folderrsn=11069241,12600 MC CALLEN PASS BLDG J,NA,Austin,Texas,United States,2
12600 MC CALLEN PASS BLDG T,New Multi-Family Res Apts - BLDG T,2014-01-10,4,2,12600 MC CALLEN PASS BLDG T,78753,1,NA,https://abc.austintexas.gov/web/permit/public-search-other?t_detail=1&t_selected_folderrsn=11069235,12600 MC CALLEN PASS BLDG T,NA,Austin,Texas,United States,2
12600 MC CALLEN PASS BLDG N,New Multi-Family Res Apts - BLDG N,2014-01-10,4,2,12600 MC CALLEN PASS BLDG N,78753,1,NA,https://abc.austintexas.gov/web/permit/public-search-other?t_detail=1&t_selected_folderrsn=11069233,12600 MC CALLEN PASS BLDG NORTH,NA,Austin,Texas,United States,2
12600 MC CALLEN PASS BLDG C,New Multi-Family Res Apts - BLDG C,2014-01-10,4,2,12600 MC CALLEN PASS BLDG C,78753,1,NA,https://abc.austintexas.gov/web/permit/public-search-other?t_detail=1&t_selected_folderrsn=11069232,12600 MC CALLEN PASS BLDG C,NA,Austin,Texas,United States,2
3600 GOVALLE AVE,New single-story single-family; 3 bedrooms 2 bathroom kitchen livingrm laundry closet3 closet2 master walkincloset 2 covered porch areas.,2013-11-13,1,1,3600 GOVALLE AVE,78702,3,NA,https://abc.austintexas.gov/web/permit/public-search-other?t_detail=1&t_selected_folderrsn=11028505,3600 GOVALLE AVE,NA,Austin,Texas,United States,2
1601 WEST LYNN ST,single family home: 2 story with basement,2013-10-29,1,3,1601 WEST LYNN ST,78703,9,NA,https://abc.austintexas.gov/web/permit/public-search-other?t_detail=1&t_selected_folderrsn=11035996,1601 WEST LYNN STREET,NA,Austin,Texas,United States,2
2710 SCENIC DR,"New SFR - 2-story; 2 bed; 2.0 bath; attached two-car garage.
11/6/13 Tree Permit for pool approved with conditions.  New Tree Permit required for new home and boat house construction.",2013-10-17,1,2,2710 SCENIC DR,78703,10,NA,https://abc.austintexas.gov/web/permit/public-search-other?t_detail=1&t_selected_folderrsn=11021345,2710 SCENIC DRIVE,NA,Austin,Texas,United States,2
12829 BLACK HILLS DR,New single family 1-story house with 3 bed/3bath attached garage and covered porches,2013-10-17,1,1,12829 BLACK HILLS DR,78748,8,NA,https://abc.austintexas.gov/web/permit/public-search-other?t_detail=1&t_selected_folderrsn=11013934,12829 BLACK HILLS DRIVE,NA,Austin,Texas,United States,2
2601 ARION CIR,New 2-story single-family residence attached garage covered entry porch and rear patio.  **VOL BUILD PROJECT**   **refer to pmt # 2015-055362**,2013-10-08,1,2,2601 ARION CIR,78730,10,NA,https://abc.austintexas.gov/web/permit/public-search-other?t_detail=1&t_selected_folderrsn=11029052,2601 ARION CIR,NA,Austin,Texas,United States,2
1519 ALAMEDA DR,new two story single family home,2013-09-18,1,1,1519 ALAMEDA DR,78704,9,NA,https://abc.austintexas.gov/web/permit/public-search-other?t_detail=1&t_selected_folderrsn=11014299,1519 ALAMEDA DRIVE,NA,Austin,Texas,United States,2
2500 BEAR SPRINGS TRL,New construction of a 2-story single-family residence; 3 bdrm 3 bthrm attached 2 car garage covd patio.  Approved through COC program,2013-07-10,1,2,2500 BEAR SPRINGS TRL,78748,8,NA,https://abc.austintexas.gov/web/permit/public-search-other?t_detail=1&t_selected_folderrsn=10979066,2500 BEAR SPRINGS TRAIL,NA,Austin,Texas,United States,2
11609 GAELIC DR,New 1-story single-family residence attached garage covered porch and patio.  **VOL BUILD PROJECT**,2013-07-24,1,1,11609 GAELIC DR,78754,1,NA,https://abc.austintexas.gov/web/permit/public-search-other?t_detail=1&t_selected_folderrsn=10988529,11609 GAELIC DRIVE,NA,Austin,Texas,United States,2
10509 CANNON MARK WAY,New 2-story single-family residence attached garage covered entry porch and rear patio. **VOL BUILD PROJECT**,2013-07-23,1,2,10509 CANNON MARK WAY,78717,6,NA,https://abc.austintexas.gov/web/permit/public-search-other?t_detail=1&t_selected_folderrsn=10987657,10509 CANNON MARK WAY,NA,Austin,Texas,United States,2
205 E FAWNRIDGE DR,new manufactured home with attached decks (relocate existing dw approach) SW required per ordinance 20080214-096,2013-06-17,1,1,205 E FAWNRIDGE DR,78753,4,NA,https://abc.austintexas.gov/web/permit/public-search-other?t_detail=1&t_selected_folderrsn=10963444,205 EAST FAWNRIDGE DRIVE,NA,Austin,Texas,United States,2
11824 ROSARIO CV,New 1-story single-family residence attached garage covered porch and patio.  **VOL BUILD PROJECT**,2013-06-28,1,1,11824 ROSARIO CV,78739,8,NA,https://abc.austintexas.gov/web/permit/public-search-other?t_detail=1&t_selected_folderrsn=10973261,11824 ROSARIO CV,NA,Austin,Texas,United States,2
606 W GRADY DR,New manufactured home; 5 bdrm 2.5 bthrm w/deck,2013-06-14,1,1,606 W GRADY DR,78753,4,NA,https://abc.austintexas.gov/web/permit/public-search-other?t_detail=1&t_selected_folderrsn=10963630,606 WEST GRADY DRIVE,NA,Austin,Texas,United States,2
13417 CANTARRA DR,New 1-story sf res with covered patio and porch and attached garage ***VOL BUILDER***,2013-05-13,1,1,13417 CANTARRA DR,78660,1,NA,https://abc.austintexas.gov/web/permit/public-search-other?t_detail=1&t_selected_folderrsn=10946937,13417 CANTARRA DRIVE,NA,Austin,Texas,United States,2
1704 ASTOR PL,New 1 story SF res w/ att. front covered porch. **RESOLUTION #20071129-100 WAIVES FEES FOR THIS SMART HOUSING PROJECT**.,2013-04-29,1,1,1704 ASTOR PL,78721,1,NA,https://abc.austintexas.gov/web/permit/public-search-other?t_detail=1&t_selected_folderrsn=10924905,1704 ASTOR PLACE,NA,Austin,Texas,United States,2
11501 ARBROATH LN,New 1-story single-family residence attached garage covered porch and patio.  **VOL BUILD PROJECT**,2013-04-23,1,1,11501 ARBROATH LN,78754,1,NA,https://abc.austintexas.gov/web/permit/public-search-other?t_detail=1&t_selected_folderrsn=10935807,11501 ARBROATH LANE,NA,Austin,Texas,United States,2
2909 LYONS RD,New construction of single family res.,2013-05-01,1,1,2909 LYONS RD,78702,3,NA,https://abc.austintexas.gov/web/permit/public-search-other?t_detail=1&t_selected_folderrsn=10939599,2909 LYONS ROAD,NA,Austin,Texas,United States,2
6506 HERGOTZ LN,New 1 story manufactured home,2013-04-24,1,1,6506 HERGOTZ LN,78742,3,NA,https://abc.austintexas.gov/web/permit/public-search-other?t_detail=1&t_selected_folderrsn=10924230,6506 HERGOTZ LANE,NA,Austin,Texas,United States,2
2307 ENFIELD RD,New Single Family Residence. 2 Car Garage. 3 Bedrooms. 4 Bathrooms. Covered Porch and Patio. New Construction.,2013-04-03,1,2,2307 ENFIELD RD,78703,10,NA,https://abc.austintexas.gov/web/permit/public-search-other?t_detail=1&t_selected_folderrsn=10921483,2307 ENFIELD ROAD,NA,Austin,Texas,United States,2
1708 ASTOR PL,New 1-story single-family residence covered porch.  **RESOLUTION #20071129-100 WAIVES FEES FOR THIS SMART HOUSING PROJECT**.,2013-04-29,1,1,1708 ASTOR PL,78721,1,NA,https://abc.austintexas.gov/web/permit/public-search-other?t_detail=1&t_selected_folderrsn=10923149,1708 ASTOR PLACE,NA,Austin,Texas,United States,2
2420 WEBBERVILLE RD,New 2-story 2 bedroom/2.5 bathroom sf res on vacant lot. ***APPROVED BY COC PROGRAM***,2013-03-26,1,2,2420 WEBBERVILLE RD,78702,1,NA,https://abc.austintexas.gov/web/permit/public-search-other?t_detail=1&t_selected_folderrsn=10918732,2420 WEBBERVILLE ROAD,NA,Austin,Texas,United States,2
8309 TRIPOD DR,New 1-story single-family residence attached garage covered porch.  **VOL BUILD PROJECT**  **RESOLUTION #20071129-100 WAIVES FEES FOR THIS SMART HOUSING PROJECT**.,2013-02-05,1,1,8309 TRIPOD DR,78747,2,NA,https://abc.austintexas.gov/web/permit/public-search-other?t_detail=1&t_selected_folderrsn=10892364,8309 TRIPOD DRIVE,NA,Austin,Texas,United States,2
13509 COOMER PATH,New 1-story single-family residence attached garage covered porch and patio.  **VOL BUILD PROJECT**,2013-02-13,1,1,13509 COOMER PATH,78660,1,NA,https://abc.austintexas.gov/web/permit/public-search-other?t_detail=1&t_selected_folderrsn=10889242,13509 COOMER PATH,NA,Austin,Texas,United States,2
10400 NICOLET WAY,New 2-story single-family residence attached garage covered entry porch and patio.  **VOL BUILD PROJECT**  (See 2013-030007-Revision created new permit),2013-02-07,1,2,10400 NICOLET WAY,78717,6,NA,https://abc.austintexas.gov/web/permit/public-search-other?t_detail=1&t_selected_folderrsn=10887913,10400 NICOLET WAY,NA,Austin,Texas,United States,2
4501 WESTLAKE DR BLDG 9,new 2 sty sf residence with an attached garage condo,2013-01-28,1,2,4501 WESTLAKE DR BLDG 9,78746,10,NA,https://abc.austintexas.gov/web/permit/public-search-other?t_detail=1&t_selected_folderrsn=10887133,4501 WESTLAKE DRIVE BLDG 9,NA,Austin,Texas,United States,2
3212 HANDSOME DR,New 2-story single-family residence attached garage covered entry porch and rear patio.  **VOL BUILD PROJECT**,2013-02-13,1,2,3212 HANDSOME DR,78660,1,NA,https://abc.austintexas.gov/web/permit/public-search-other?t_detail=1&t_selected_folderrsn=10892219,3212 HANDSOME DRIVE,NA,Austin,Texas,United States,2
2101 RIVERS EDGE WAY BLDG 16,New 2-story Condominium Residence attached garage covered porch and patio.,2013-01-15,1,2,2101 RIVERS EDGE WAY BLDG 16,78741,3,NA,https://abc.austintexas.gov/web/permit/public-search-other?t_detail=1&t_selected_folderrsn=10874759,2101 RIVERS EDGE WAY BLDG 16,NA,Austin,Texas,United States,2
5805 COOLBROOK DR,New 1-story sf res w/ att 2 car garage covd front porch uncovd rear patio.,2013-01-07,1,1,5805 COOLBROOK DR,78724,1,NA,https://abc.austintexas.gov/web/permit/public-search-other?t_detail=1&t_selected_folderrsn=10867381,5805 COOLBROOK DRIVE,NA,Austin,Texas,United States,2
3801 JACKSON AVE,New 2 story duplex with 5 bed and 6 bath 2 attached garages. Applicant has decide not to construct a duplex at this address. JMM 5-22-2013,2013-01-03,2,2,3801 JACKSON AVE,78731,10,NA,https://abc.austintexas.gov/web/permit/public-search-other?t_detail=1&t_selected_folderrsn=10830720,3801 JACKSON AVE,NA,Austin,Texas,United States,2
3205 CHURCHILL DR,new two story single family residence   **refer to pmt # 2014-036434**,2013-01-02,1,2,3205 CHURCHILL DR,78703,10,NA,https://abc.austintexas.gov/web/permit/public-search-other?t_detail=1&t_selected_folderrsn=10868243,3205 CHURCHILL DRIVE,NA,Austin,Texas,United States,2
9920 MILLA CIR,new 1 story construction with an attached garage.,2012-11-28,1,1,9920 MILLA CIR,78748,5,NA,https://abc.austintexas.gov/web/permit/public-search-other?t_detail=1&t_selected_folderrsn=10863177,9920 MILLA CIR,NA,Austin,Texas,United States,2
1904 E 13TH ST,New 2 story sf res w att garage and uncovered patio,2012-10-26,1,2,1904 E 13TH ST,78702,1,NA,https://abc.austintexas.gov/web/permit/public-search-other?t_detail=1&t_selected_folderrsn=10840378,1904 EAST 13TH STREET,NA,Austin,Texas,United States,2
11608 MURRON DR,New 1-story single-family residence attached garage covered porch and patio.  **VOL BUILD PROJECT**,2012-10-18,1,1,11608 MURRON DR,78754,1,NA,https://abc.austintexas.gov/web/permit/public-search-other?t_detail=1&t_selected_folderrsn=10844679,11608 MURRON DRIVE,NA,Austin,Texas,United States,2
4500 BERKMAN DR  **SMART HOUSE**  **MODEL HOME**,New 2-story single-family Row House.  Covered breezeway to attached garage covered front porch.  **VOL BUILD PROJECT**  **RESOLUTION #20071129-100 WAIVES FEES FOR THIS SMART HOUSING PROJECT**  **MODEL HOME**,2012-10-18,1,2,4500 BERKMAN DR,78723,9,NA,https://abc.austintexas.gov/web/permit/public-search-other?t_detail=1&t_selected_folderrsn=10842570,4500 BERKMAN DRIVE,NA,Austin,Texas,United States,2
2204 CANONERO DR,Detached garage on first floor and bedroom living room and kitchen on the second floor,2012-10-05,1,2,2204 CANONERO DR,78746,8,NA,https://abc.austintexas.gov/web/permit/public-search-other?t_detail=1&t_selected_folderrsn=10837418,2204 CANONERO DRIVE,NA,Austin,Texas,United States,2
7713 LAZY RIVER CV,new residential construction 2 story with covered porch and covered patio,2012-09-20,1,2,7713 LAZY RIVER CV,78730,10,NA,https://abc.austintexas.gov/web/permit/public-search-other?t_detail=1&t_selected_folderrsn=10813212,7713 LAZY RIVER CV,NA,Austin,Texas,United States,2
903 OLIVE ST,Rebuild single story single family residence with exact same footprint and size as previous sf residence.  This sf residence had previously come in for a remodel but the damage to the home was so extensive they had to complete a total demolition go to board of adjustment for several variances so that they could rebuild the home with the exact same footprint as the previous sf residence. Single story two  bedroom two bath single family residence with uncovered wood deck and stairs. Change of use from duplex (two family) to single family residence.,2012-09-14,1,1,903 OLIVE ST,78702,1,NA,https://abc.austintexas.gov/web/permit/public-search-other?t_detail=1&t_selected_folderrsn=10827752,903 OLIVE STREET,NA,Austin,Texas,United States,2
10008 PAULINES WAY,New 1-story single-family residence attached garage covered porch and patio.  **VOL BUILD PROJECT**,2012-10-09,1,1,10008 PAULINES WAY,78717,6,NA,https://abc.austintexas.gov/web/permit/public-search-other?t_detail=1&t_selected_folderrsn=10840051,10008 PAULINES WAY,NA,Austin,Texas,United States,2
7337 MANCHACA RD BLDG 24,new 2 sty sf residence condo with attached garage,2012-09-21,1,2,7337 MENCHACA RD BLDG 24,78745,5,NA,https://abc.austintexas.gov/web/permit/public-search-other?t_detail=1&t_selected_folderrsn=10830440,7337 MENCHACA ROAD BLDG 24,NA,Austin,Texas,United States,2
4501 WESTLAKE DR BLDG 7,"VOID - REFER TO 2013-042208PR refer# 2013-042227-BP
New 2-story Condominium/Townhome Residence attached garage covered porch and patio.",2012-08-28,1,2,4501 WESTLAKE DR BLDG 7,78746,10,NA,https://abc.austintexas.gov/web/permit/public-search-other?t_detail=1&t_selected_folderrsn=10818125,4501 WESTLAKE DRIVE BLDG 7,NA,Austin,Texas,United States,2
9929 MILLA CIR,New 2-story Condominium/Townhome Residence attached garage covered porch and patio.,2012-08-30,1,2,9929 MILLA CIR,78748,5,NA,https://abc.austintexas.gov/web/permit/public-search-other?t_detail=1&t_selected_folderrsn=10819485,9929 MILLA CIR,NA,Austin,Texas,United States,2
2509 LARK GLEN LN,New 1 story sf res w attached garage and covered patio,2012-08-08,1,1,2509 LARK GLEN LN,78748,5,NA,https://abc.austintexas.gov/web/permit/public-search-other?t_detail=1&t_selected_folderrsn=10803064,2509 LARK GLEN LANE,NA,Austin,Texas,United States,2
1917 DAVID ST,This application has been witdrawn because a new application has been filed under 2013-008696 PR JMM 1-29-2013 New two story Duplex with 6 bedrooms 6 bathrooms attached covered porches. No parking structures included.,2012-08-28,2,2,1917 DAVID ST,78705,9,NA,https://abc.austintexas.gov/web/permit/public-search-other?t_detail=1&t_selected_folderrsn=10816448,1917 DAVID STREET,NA,Austin,Texas,United States,2
1412 MIDDLEFIELD CT,New 2-story single-family residence attached garage covered porch and patio.  **VOL BUILD PROJECT**,2012-08-07,1,2,1412 MIDDLEFIELD CT,78748,5,NA,https://abc.austintexas.gov/web/permit/public-search-other?t_detail=1&t_selected_folderrsn=10808746,1412 MIDDLEFIELD CT,NA,Austin,Texas,United States,2
1322 MORGAN LN,new single family house to be moved on to site with existing guest house creating a two family use.,2012-08-03,2,1,1322 MORGAN LN,78704,5,NA,https://abc.austintexas.gov/web/permit/public-search-other?t_detail=1&t_selected_folderrsn=10782305,1322 MORGAN LANE,NA,Austin,Texas,United States,2
901 PHILCO DR Unit B,new apartment,2012-09-04,2,1,901 PHILCO DR UNIT B,78745,5,NA,https://abc.austintexas.gov/web/permit/public-search-other?t_detail=1&t_selected_folderrsn=10819257,901 PHILCO DRIVE UNIT B,NA,Austin,Texas,United States,2
2207 RIDDLE RD,New Construction of two story single family residence with 3 bedrooms 2.5 bathrooms attached two car garage attached front covered porch.,2012-08-14,1,2,2207 RIDDLE RD,78748,5,NA,https://abc.austintexas.gov/web/permit/public-search-other?t_detail=1&t_selected_folderrsn=10797127,2207 RIDDLE ROAD,NA,Austin,Texas,United States,2
11240 LOST MAPLES TRL,New Multi-Family Res Townhomes (Fourplex) -  Permitting each unit individually (11228/11232/11236 /11240) REPLACES EXP PMTS #2008-025445/44/43/42,2012-07-02,1,2,11240 LOST MAPLES TRL,78748,5,NA,https://abc.austintexas.gov/web/permit/public-search-other?t_detail=1&t_selected_folderrsn=10787821,11240 LOST MAPLES TRAIL,NA,Austin,Texas,United States,2
404 W STASSNEY LN,New manufactured home.,2012-07-30,1,1,404 W STASSNEY LN,78745,3,NA,https://abc.austintexas.gov/web/permit/public-search-other?t_detail=1&t_selected_folderrsn=10803245,404 WEST STASSNEY LANE,NA,Austin,Texas,United States,2
7337 MANCHACA RD BLDG 9,New 2 sty sf condo w/attached garage.,2012-07-10,1,2,7337 MENCHACA RD BLDG 9,78745,5,NA,https://abc.austintexas.gov/web/permit/public-search-other?t_detail=1&t_selected_folderrsn=10794171,7337 MENCHACA ROAD BLDG 9,NA,Austin,Texas,United States,2
7337 MANCHACA RD BLDG 28,New 1 Story Condo W/Att Garage,2012-07-09,1,1,7337 MENCHACA RD BLDG 28,78745,5,NA,https://abc.austintexas.gov/web/permit/public-search-other?t_detail=1&t_selected_folderrsn=10793784,7337 MENCHACA ROAD BLDG 28,NA,Austin,Texas,United States,2
2001 AMUR DR,New 2 story construction with an attached garage,2012-05-24,1,2,2001 AMUR DR,78745,5,NA,https://abc.austintexas.gov/web/permit/public-search-other?t_detail=1&t_selected_folderrsn=10767690,2001 AMUR DRIVE,NA,Austin,Texas,United States,2
4617 LYONS RD,Modifying an existing accessory building to create a new single story secondary apartment with one bathroom kitchen bedroom living area and attached two car garage. Also permit a detached single story storage shed. Change of use from accessory structure to secondary apartment.,2012-06-01,2,1,4617 LYONS RD,78702,3,NA,https://abc.austintexas.gov/web/permit/public-search-other?t_detail=1&t_selected_folderrsn=10774925,4617 LYONS ROAD,NA,Austin,Texas,United States,2
2216 BITTER CREEK DR,Move mobile home from 6600 Elm creek Dr. to 2216 Bitter Creek Dr.,2012-06-05,1,1,2216 BITTER CREEK DR,78744,2,NA,https://abc.austintexas.gov/web/permit/public-search-other?t_detail=1&t_selected_folderrsn=10777126,2216 BITTER CREEK DRIVE,NA,Austin,Texas,United States,2
2417 ARION CIR,"New 2-story single-family residence attached garage covered porch and patio covered balconies.  **VOL BUILD PROJECT**   **MODEL HOME** 
((((NEW BP 2013-126777)))))",2012-06-25,1,2,2417 ARION CIR,78730,10,NA,https://abc.austintexas.gov/web/permit/public-search-other?t_detail=1&t_selected_folderrsn=10784635,2417 ARION CIR,NA,Austin,Texas,United States,2
7216 COLINA VISTA LOOP,New 2 Sty Duplex Condo W/ Attached Garage & Covd Patio-Porch.  THIS UNIT IS PERMITTED AND WILL BE USED ORIGINALLY AS A MODEL HOME.  IT IS UNDERSTOOD THAT ANY SALES OFFICES WITHIN THE STRUCTURE OR ANY LANDSCAPING SITUATED IN THE AREA WHERE THE DRIVEWAY MUST BE LOCATED WILL BE CONVERTED TO FINAL FORM PRIOR TO RELEASING THIS DWELLING TO THE EVENTUAL BUYER.,2012-04-17,2,2,7216 COLINA VISTA LOOP UNIT B,78750,10,NA,https://abc.austintexas.gov/web/permit/public-search-other?t_detail=1&t_selected_folderrsn=10750424,7216 COLINA VISTA LOOP UNIT B,NA,Austin,Texas,United States,2
11627 Q RANCH RD,New 2-story single-family residence attached garage covered porch and patio.  **VOL BUILD PROJECT**,2012-04-19,1,2,11627 Q RANCH RD,78759,10,NA,https://abc.austintexas.gov/web/permit/public-search-other?t_detail=1&t_selected_folderrsn=10747227,11627 Q RANCH ROAD,NA,Austin,Texas,United States,2
10813 DESERT WILLOW LOOP,New 1-story single-family residence attached garage covered porch and patio.   **VOL BUILD PROJECT**,2012-03-22,1,1,10813 DESERT WILLOW LOOP,78748,5,NA,https://abc.austintexas.gov/web/permit/public-search-other?t_detail=1&t_selected_folderrsn=10738153,10813 DESERT WILLOW LOOP,NA,Austin,Texas,United States,2
301 WYE OAK ST,"New 2-story single-family residence attached garage covered porch and patio.  **VOL BUILD PROJECT**  
NEW BP 2013-096743",2012-03-23,1,2,301 WYE OAK ST,78748,5,NA,https://abc.austintexas.gov/web/permit/public-search-other?t_detail=1&t_selected_folderrsn=10738623,301 WYE OAK STREET,NA,Austin,Texas,United States,2
6009 WILCOTT CT,New 1 sty sf condo w/attached garage.,2012-03-12,1,1,6009 WILCOTT CT,78745,5,NA,https://abc.austintexas.gov/web/permit/public-search-other?t_detail=1&t_selected_folderrsn=10733707,6009 WILCOTT CT,NA,Austin,Texas,United States,2
2001 FARO DR BLDG 4,New 2 sty sf condo w/attached garage  inspected as a model home will need to return to permitting for change of use when converting back to a single family home,2012-02-01,1,2,2001 FARO DR BLDG 4,78741,3,NA,https://abc.austintexas.gov/web/permit/public-search-other?t_detail=1&t_selected_folderrsn=10713457,2001 FARO DRIVE BLDG 4,NA,Austin,Texas,United States,2
1017 S QUINLAN PARK RD,new construction - single story 4/2.5 sfres with 2 car attach garage and frnt cov porch,2012-02-15,1,2,1017 S QUINLAN PARK RD,78732,10,NA,https://abc.austintexas.gov/web/permit/public-search-other?t_detail=1&t_selected_folderrsn=10716281,1017 SOUTH QUINLAN PARK ROAD,NA,Austin,Texas,United States,2
9607 SWANSONS RANCH RD,new manufactured home on foundation - single story 3/2 with front and rear deck private drive.,2012-02-21,1,1,9607 SWANSONS RANCH RD,78748,5,NA,https://abc.austintexas.gov/web/permit/public-search-other?t_detail=1&t_selected_folderrsn=10719983,9607 SWANSONS RANCH ROAD,NA,Austin,Texas,United States,2
7206 STONLEIGH PL UNIT D,New 1-story single-family manufactured home.,2012-01-19,1,1,7206 STONLEIGH PL UNIT D,78744,2,NA,https://abc.austintexas.gov/web/permit/public-search-other?t_detail=1&t_selected_folderrsn=10705119,7206 STONLEIGH PLACE UNIT D,NA,Austin,Texas,United States,2
2401 AMUR DR,New 1 Stry SF Condo w/attached garage,2011-11-18,1,1,2401 AMUR DR,78745,5,NA,https://abc.austintexas.gov/web/permit/public-search-other?t_detail=1&t_selected_folderrsn=10683846,2401 AMUR DRIVE,NA,Austin,Texas,United States,2
3203 MC CALL LN,new manufactured home install on foundation,2011-11-04,1,1,3203 MC CALL LN,78744,2,NA,https://abc.austintexas.gov/web/permit/public-search-other?t_detail=1&t_selected_folderrsn=10670744,3203 MC CALL LANE,NA,Austin,Texas,United States,2
508 BOWERY TRL,New 2-story single-family residence attached garage covered porch and patio.  **VOL BUILD PROJECT**,2011-10-24,1,2,508 BOWERY TRL,78753,1,NA,https://abc.austintexas.gov/web/permit/public-search-other?t_detail=1&t_selected_folderrsn=10663535,508 BOWERY TRAIL,NA,Austin,Texas,United States,2
504 BOWERY TRL,New 1-story single-family residence attached garage covered porch and patio.  **VOL BUILD PROJECT**,2011-10-24,1,1,504 BOWERY TRL,78753,1,NA,https://abc.austintexas.gov/web/permit/public-search-other?t_detail=1&t_selected_folderrsn=10668723,504 BOWERY TRAIL,NA,Austin,Texas,United States,2
6100 TOSCANA AVE,New 2 Story Single Family Home. 1 Car Garage. 3 Bedroom 3 Bathroom. Covered Porch Uncovered Roof Top Patio. New Construction.,2011-11-03,1,2,6100 TOSCANA AVE,78724,1,NA,https://abc.austintexas.gov/web/permit/public-search-other?t_detail=1&t_selected_folderrsn=10633842,6100 TOSCANA AVE,NA,Austin,Texas,United States,2
34 CHICON ST,Repermit for Expired Permit  # 2011 - 001737 BPEPPP ***new 2 story accessory dwelling unit to rear of property ^^^^see expired permit 08-042372-bp^^^^ New secondary apartment.,2011-11-30,2,2,34 CHICON ST,78702,3,NA,https://abc.austintexas.gov/web/permit/public-search-other?t_detail=1&t_selected_folderrsn=10686222,34 CHICON STREET,NA,Austin,Texas,United States,2
1333 CENTRAL PARK CT,New 2-story single-family-attached residence (LDC 25-2-772) attached garage covered porch and patio connecting breezeway/attachment structure between the two units (each with separate lot).,2011-09-19,1,2,1333 CENTRAL PARK CT,78745,2,NA,https://abc.austintexas.gov/web/permit/public-search-other?t_detail=1&t_selected_folderrsn=10649012,1333 CENTRAL PARK CT,NA,Austin,Texas,United States,2
3210 STEVENSON AVE,**VOID see PR 2014-083812**New 2 story sf res w covered porch and patio.,2011-09-30,1,2,3210 STEVENSON AVE,78703,10,NA,https://abc.austintexas.gov/web/permit/public-search-other?t_detail=1&t_selected_folderrsn=10658147,3210 AVE, STEVENSON,Austin,Texas,United States,2
9904 HUNDRED YEAR OAK DR,**MODEL HOME**   New 2-story single-family residence attached garage covered porch and patio.  **VOL BUILD PROJECT**,2011-09-26,1,2,9904 ALY MAY DR,78748,5,NA,https://abc.austintexas.gov/web/permit/public-search-other?t_detail=1&t_selected_folderrsn=10655809,9904 ALY MAY DRIVE,NA,Austin,Texas,United States,2
1329 CENTRAL PARK CT,New 2-story single-family-attached residence (LDC 25-2-772) attached garage covered porch and patio connecting breezeway/attachment structure between the two units (each with separate lot).  refer #2011-104121-BP,2011-09-19,1,2,1329 CENTRAL PARK CT,78745,2,NA,https://abc.austintexas.gov/web/permit/public-search-other?t_detail=1&t_selected_folderrsn=10649000,1329 CENTRAL PARK CT,NA,Austin,Texas,United States,2
2501 AMUR DR,New 2 Stry SF Condo w/att garage.,2011-10-10,1,2,2501 AMUR DR,78745,5,NA,https://abc.austintexas.gov/web/permit/public-search-other?t_detail=1&t_selected_folderrsn=10662822,2501 AMUR DRIVE,NA,Austin,Texas,United States,2
2106 INDIAN TRL,"new construction 4 bed 4 bath 3 stry sfres with basement front covered porch rear screened porch
Permit voided 7/29/14 Project abandonned Kelly S.",2011-10-21,1,4,2106 INDIAN TRL,78703,10,NA,https://abc.austintexas.gov/web/permit/public-search-other?t_detail=1&t_selected_folderrsn=10668797,2106 INDIAN TRAIL,NA,Austin,Texas,United States,2
804 PRESSLER ST,New pool and spa for sf-res with required enclosure devices.   **refer to pmt# 2012-049690**,2011-08-24,1,2,804 PRESSLER ST,78703,9,NA,https://abc.austintexas.gov/web/permit/public-search-other?t_detail=1&t_selected_folderrsn=10635969,804 PRESSLER STREET,NA,Austin,Texas,United States,2
13617 HYMEADOW CIR,New 1-story single-family residence attached garage covered porch and patio.  **VOL BUILD PROJECT**,2011-08-03,1,1,13617 HYMEADOW CIR,78729,6,NA,https://abc.austintexas.gov/web/permit/public-search-other?t_detail=1&t_selected_folderrsn=10626969,13617 HYMEADOW CIR,NA,Austin,Texas,United States,2
3617 PENNSYLVANIA AVE,New construction of a one-story sf res (704 sq ft)  which includes 1 bedroom 1 bathroom living room dinning room kitchen and a covered porch (280sq ft).,2011-08-24,1,1,3617 PENNSYLVANIA AVE,78721,1,NA,https://abc.austintexas.gov/web/permit/public-search-other?t_detail=1&t_selected_folderrsn=10640033,3617 PENNSYLVANIA AVE,NA,Austin,Texas,United States,2
1202 TERJO LN,New 2 Story Single Family Home. 2 Car Garage. 4 Bedroom 3.5 Bathroom. Covered Porch Covered Patio. New Construction.,2011-08-26,1,2,1202 TERJO LN,78732,10,NA,https://abc.austintexas.gov/web/permit/public-search-other?t_detail=1&t_selected_folderrsn=10641384,1202 TERJO LANE,NA,Austin,Texas,United States,2
1123 3/4 HENNINGER ST,2 bed 2 bath garage apt with two attached one car garages.,2011-07-20,2,2,1123 3/4 HENNINGER ST,78702,3,NA,https://abc.austintexas.gov/web/permit/public-search-other?t_detail=1&t_selected_folderrsn=10582995,1123 3/4 HENNINGER STREET,NA,Austin,Texas,United States,2
1123 3/4 HENNINGER ST,new 3 bed 3 bath sfres with attached 2 car garage,2011-07-20,2,2,1123 3/4 HENNINGER ST,78702,3,NA,https://abc.austintexas.gov/web/permit/public-search-other?t_detail=1&t_selected_folderrsn=10582994,1123 3/4 HENNINGER STREET,NA,Austin,Texas,United States,2
5312 SENDERO HILLS PKWY,new construction - 2 story 3 bed two bath with attached two car garage,2011-07-15,1,2,5312 SENDERO HILLS PKWY,78724,1,NA,https://abc.austintexas.gov/web/permit/public-search-other?t_detail=1&t_selected_folderrsn=10612846,5312 SENDERO HILLS PKWY,NA,Austin,Texas,United States,2
5004 INTERLACHEN LN,new 1 sty single family residence with attached garage covered porch-patio (3 off street parking spaces required)   **refer to pmt# 2012-065877**,2011-05-24,1,1,5004 INTERLACHEN LN,78747,5,NA,https://abc.austintexas.gov/web/permit/public-search-other?t_detail=1&t_selected_folderrsn=10595665,5004 INTERLACHEN LANE,NA,Austin,Texas,United States,2
5210 PINE PL,new manufactured home (from dealer) on lot.,2011-06-03,1,1,5210 PINE PL,78744,2,NA,https://abc.austintexas.gov/web/permit/public-search-other?t_detail=1&t_selected_folderrsn=10599836,5210 PINE PLACE,NA,Austin,Texas,United States,2
1905 GARDEN ST,permitting the two family use in the accessory building (built as garage in 37) behind existing sfres.  in addition to change of use from sfres to two family this bp is for the full interior remodel of the accessory apartment - wallboard new elec outlets plumbing and hvac system.  secondary apartment allowed in holly np w small lot amnesty.  legally noncompliant structure - int remodel only no addition.,2011-05-25,2,1,1905 GARDEN ST,78702,3,NA,https://abc.austintexas.gov/web/permit/public-search-other?t_detail=1&t_selected_folderrsn=10595777,1905 GARDEN STREET,NA,Austin,Texas,United States,2
1501 BEEBRUSH LN,New Temporary Construction Trailer. (Limited to 6 months),2011-05-19,1,1,1501 BEEBRUSH LN,78748,5,NA,https://abc.austintexas.gov/web/permit/public-search-other?t_detail=1&t_selected_folderrsn=10593017,1501 BEEBRUSH LANE,NA,Austin,Texas,United States,2
2521 LIGHTFOOT TRL,New 2 sty sf condo w/attached garage.,2011-05-03,1,2,2521 LIGHTFOOT TRL,78745,5,NA,https://abc.austintexas.gov/web/permit/public-search-other?t_detail=1&t_selected_folderrsn=10584583,2521 LIGHTFOOT TRAIL,NA,Austin,Texas,United States,2
515 MONTOPOLIS DR,detached dwelling unit behind existing sfres - living kitchen and bath.  already constructed not permitted,2011-05-11,2,1,515 MONTOPOLIS DR,78741,3,NA,https://abc.austintexas.gov/web/permit/public-search-other?t_detail=1&t_selected_folderrsn=10589329,515 MONTOPOLIS DRIVE,NA,Austin,Texas,United States,2
2724 TOM MILLER ST,New 3-story single-family residence attached garage covered porch (designated in the Mueller Development as a Garden Yard Home).  **VOL BUILD PROJECT**  **RESOLUTION #20071129-100 WAIVES FEES FOR THIS SMART HOUSING PROJECT**.,2011-05-16,1,3,2724 TOM MILLER ST,78723,9,NA,https://abc.austintexas.gov/web/permit/public-search-other?t_detail=1&t_selected_folderrsn=10590606,2724 TOM MILLER STREET,NA,Austin,Texas,United States,2
7233 MANCHACA RD BLDG 24,New 1Stry SF Townhome w/attached garage porch patio,2011-03-23,1,2,7233 MENCHACA RD BLDG 24,78745,5,NA,https://abc.austintexas.gov/web/permit/public-search-other?t_detail=1&t_selected_folderrsn=10539906,7233 MENCHACA ROAD BLDG 24,NA,Austin,Texas,United States,2
2009 DEER RUN DR,new Manufactured home in a M/H zoned lot with covered steps and deck,2011-03-03,1,1,2009 DEER RUN DR,78744,2,NA,https://abc.austintexas.gov/web/permit/public-search-other?t_detail=1&t_selected_folderrsn=10554344,2009 DEER RUN DRIVE,NA,Austin,Texas,United States,2
3900 THREADGILL ST UNIT 20,New 2-story single-family residence attached garage covered porch.  **VOL BUILD PROJECT**  **RESOLUTION #20071129-100 WAIVES FEES FOR THIS SMART HOUSING PROJECT**.,2011-02-28,1,2,3900 THREADGILL ST UNIT 20,78723,9,NA,https://abc.austintexas.gov/web/permit/public-search-other?t_detail=1&t_selected_folderrsn=10550718,3900 THREADGILL STREET UNIT 20,NA,Austin,Texas,United States,2
13605 MONTVIEW DR,New Construction Single Family Home 2 stry with attached 2 car garage 4 bedrooms and 3.5 baths,2011-03-02,1,2,13605 MONTVIEW DR,78732,10,NA,https://abc.austintexas.gov/web/permit/public-search-other?t_detail=1&t_selected_folderrsn=10552078,13605 MONTVIEW DRIVE,NA,Austin,Texas,United States,2
8401 FM 2222 RD,New Construction sf residence with 2 separate and attached garages and covered porch.,2011-04-04,1,2,8401 FM 2222 RD,78730,10,NA,https://abc.austintexas.gov/web/permit/public-search-other?t_detail=1&t_selected_folderrsn=10536757,8401 FM 2222 ROAD,NA,Austin,Texas,United States,2
10717 DESERT WILLOW LOOP,New single story residential dwelling with attached 2 car garage,2011-02-10,1,1,10717 DESERT WILLOW LOOP,78748,5,NA,https://abc.austintexas.gov/web/permit/public-search-other?t_detail=1&t_selected_folderrsn=10484346,10717 DESERT WILLOW LOOP,NA,Austin,Texas,United States,2
2321 RIVINA DR,New 1-story single-family residence attached garage covered porch and patio.  **VOL BUILD PROJECT**,2011-01-14,1,1,2321 RIVINA DR,78733,NA,NA,https://abc.austintexas.gov/web/permit/public-search-other?t_detail=1&t_selected_folderrsn=10535464,2321 RIVINA DRIVE,NA,Austin,Texas,United States,2
6902 COMANCHE TRL,New two story SF Res covd porch and covd patio w/ 3 baths 1 car garage.,2011-02-08,1,2,6902 COMANCHE TRL,78732,10,NA,https://abc.austintexas.gov/web/permit/public-search-other?t_detail=1&t_selected_folderrsn=10523520,6902 COMANCHE TRAIL,NA,Austin,Texas,United States,2
NA,New 1-story single-family residence with covered porch.   100%smart housing waived,2011-01-10,1,1,2410 TOWBRIDGE CIR BLDG D,78723,4,NA,https://abc.austintexas.gov/web/permit/public-search-other?t_detail=1&t_selected_folderrsn=10529382,2410 TOWBRIDGE CIR BLDG D,NA,Austin,Texas,United States,2
1709 MILAGRO DR,New 2-story single-family residence attached garage covered porch and patio.  **VOL BUILD PROJECT**,2011-01-19,1,2,1709 MILAGRO DR,78733,NA,NA,https://abc.austintexas.gov/web/permit/public-search-other?t_detail=1&t_selected_folderrsn=10536323,1709 MILAGRO DRIVE,NA,Austin,Texas,United States,2
34 CHICON ST,new 2 story accessory dwelling unit to rear of property ^^^^see expired permit 08-042372-bp^^^^ New secondary apartment.  (See 2011-107259),2011-01-10,1,2,34 CHICON ST,78702,3,NA,https://abc.austintexas.gov/web/permit/public-search-other?t_detail=1&t_selected_folderrsn=10533741,34 CHICON STREET,NA,Austin,Texas,United States,2
2003 E 11TH ST,Re-Permit for Expired Permits 2008 - 080002 BP MP PP DS ***New 2 story SF res uncovd wood decks rear covd porch uncovd balcony,2011-01-20,1,2,2003 E 11TH ST,78702,1,NA,https://abc.austintexas.gov/web/permit/public-search-other?t_detail=1&t_selected_folderrsn=10538327,2003 EAST 11TH STREET,NA,Austin,Texas,United States,2
1522 FRONTIER VALLEY DR,New 2-story single-family residence attached garage covered entry porch and rear patio.  **NOT VOLUME BUILDER**,2016-05-24,1,2,1522 FRONTIER VALLEY DR,78741,3,NA,https://abc.austintexas.gov/web/permit/public-search-other?t_detail=1&t_selected_folderrsn=11536760,1522 FRONTIER VALLEY DRIVE,NA,Austin,Texas,United States,2
7233 MANCHACA RD BLDG 6,New 2 Stry SF Townhome w/attached garage porch patio,2010-12-14,1,2,7233 MENCHACA RD BLDG 6,78745,5,NA,https://abc.austintexas.gov/web/permit/public-search-other?t_detail=1&t_selected_folderrsn=10525598,7233 MENCHACA ROAD BLDG 6,NA,Austin,Texas,United States,2
9550 SAVANNAH RIDGE DR BLDG 11,New 2 Stry Condo w/ atted garage & covrd porch.,2010-12-20,1,2,9550 SAVANNAH RIDGE DR BLDG 11,78726,6,NA,https://abc.austintexas.gov/web/permit/public-search-other?t_detail=1&t_selected_folderrsn=10528474,9550 SAVANNAH RIDGE DRIVE BLDG 11,NA,Austin,Texas,United States,2
902 SOUTH CENTER ST BLDG 2,New 2 story 3 bath single-family residential structure with attached 2 car carport screened porch and balcony.    **refer to pmt # 2011-084922**,2010-11-24,1,2,902 SOUTH CENTER ST BLDG 2,78704,3,NA,https://abc.austintexas.gov/web/permit/public-search-other?t_detail=1&t_selected_folderrsn=10513137,902 SOUTH CENTER STREET BLDG 2,NA,Austin,Texas,United States,2
902 SOUTH CENTER ST BLDG 1,New 2 story duplex with attached carport and garage and covered porches and patios   **refer to pmt # 2011-086792**,2010-11-24,2,2,902 SOUTH CENTER ST BLDG 1,78704,3,NA,https://abc.austintexas.gov/web/permit/public-search-other?t_detail=1&t_selected_folderrsn=10519085,902 SOUTH CENTER STREET BLDG 1,NA,Austin,Texas,United States,2
3900 THREADGILL ST UNIT 30,New 2-story single-family residence attached garage covered porch.   **RESOLUTION #20071129-100 WAIVES FEES FOR THIS SMART HOUSING PROJECT**.62.5% Fee Waived Smart House,2010-12-10,1,2,3900 THREADGILL ST UNIT 30,78723,9,NA,https://abc.austintexas.gov/web/permit/public-search-other?t_detail=1&t_selected_folderrsn=10522625,3900 THREADGILL STREET UNIT 30,NA,Austin,Texas,United States,2
1905 HELIOTROPE CT,New 2-story single-family residence attached garage covered porch and patio.  **VOL BUILD PROJECT**,2010-10-11,1,2,1905 HELIOTROPE CT,78733,NA,NA,https://abc.austintexas.gov/web/permit/public-search-other?t_detail=1&t_selected_folderrsn=10500653,1905 HELIOTROPE CT,NA,Austin,Texas,United States,2
2002 WILLOW ST,New 2 story secondary apartment w/ carport on 1st floor. Ext stairs to uncovd balcony to access 2nd floor apartment.  (See 2013-044476),2010-11-18,1,2,2002 WILLOW ST,78702,3,NA,https://abc.austintexas.gov/web/permit/public-search-other?t_detail=1&t_selected_folderrsn=10516707,2002 WILLOW STREET,NA,Austin,Texas,United States,2
11617 ARROWMOUND PASS,New 1-story single-family residence attached garage covered porch.,2010-10-20,1,1,11617 ARROWMOUND PASS,78617,2,NA,https://abc.austintexas.gov/web/permit/public-search-other?t_detail=1&t_selected_folderrsn=10503927,11617 ARROWMOUND PASS,NA,Austin,Texas,United States,2
3700 GILBERT ST,New 2 story sf res w attached garage covered porch and  refer# 2012-035693-BP,2010-10-13,1,2,3700 GILBERT ST,78703,10,NA,https://abc.austintexas.gov/web/permit/public-search-other?t_detail=1&t_selected_folderrsn=10502072,3700 GILBERT STREET,NA,Austin,Texas,United States,2
3310 ELIJA ST,New 2sty Sf Res W/Attached Garage CovD Porch & UncovD Patio,2010-10-25,1,2,3310 ELIJA ST,78745,8,NA,https://abc.austintexas.gov/web/permit/public-search-other?t_detail=1&t_selected_folderrsn=10503606,3310 ELIJA STREET,NA,Austin,Texas,United States,2
2304 E 16TH ST,New Secondary Apartment to Rear of Property.  2 Story 1 Bedroom 1.5 Bathroom. Interior and Exterior Stairwells.  Covered Porch and Covered Balcony.,2010-11-16,1,2,2304 E 16TH ST,78702,1,NA,https://abc.austintexas.gov/web/permit/public-search-other?t_detail=1&t_selected_folderrsn=10515038,2304 EAST 16TH STREET,NA,Austin,Texas,United States,2
7226 COMANCHE TRL,1 Primary Single Family Residence - 2 Story 1 Carport Covered Porch and Covered Patio. (See 2012-035584),2010-11-04,1,2,7226 COMANCHE TRL,78732,10,NA,https://abc.austintexas.gov/web/permit/public-search-other?t_detail=1&t_selected_folderrsn=10511339,7226 COMANCHE TRAIL,NA,Austin,Texas,United States,2
11836 MORNING VIEW DR,New 1-story single-family residence attached garage covered porch.,2010-11-03,1,1,11836 MORNING VIEW DR,78617,2,NA,https://abc.austintexas.gov/web/permit/public-search-other?t_detail=1&t_selected_folderrsn=10508361,11836 MORNING VIEW DRIVE,NA,Austin,Texas,United States,2
10604 DESERT WILLOW LOOP,New 1-story single-family residence attached garage covered porch.  **VOL BUILD PROJECT**,2010-09-27,1,1,10604 DESERT WILLOW LOOP,78748,5,NA,https://abc.austintexas.gov/web/permit/public-search-other?t_detail=1&t_selected_folderrsn=10495408,10604 DESERT WILLOW LOOP,NA,Austin,Texas,United States,2
10502 BROWNIE DR,New 1 story single family home. Manufactured Home to be placed on peir and beam Foundation. Approx. 2128 sqft.  4 Bedroom 2 Bathrooms. Two covered Landings w/ stairs at both ends of the structure (approx. 120 sqft.).  Covered Wooden Deck w/ stairs on the front of the home ( approx. 200sqft.),2010-10-07,1,1,10502 BROWNIE DR,78753,4,NA,https://abc.austintexas.gov/web/permit/public-search-other?t_detail=1&t_selected_folderrsn=10500344,10502 BROWNIE DRIVE,NA,Austin,Texas,United States,2
11808 HARTLEY CV,**ref permit#2011-034076**New 2-story single-family residence attached garage covered porch and uncovered wood deck.,2010-09-21,1,2,11808 HARTLEY CV,78748,5,NA,https://abc.austintexas.gov/web/permit/public-search-other?t_detail=1&t_selected_folderrsn=10493064,11808 HARTLEY CV,NA,Austin,Texas,United States,2
6306 EL MIRANDO ST,new sf manufactured home with covered decks (no mechanical window units),2010-10-01,1,1,6306 EL MIRANDO ST,78741,NA,NA,https://abc.austintexas.gov/web/permit/public-search-other?t_detail=1&t_selected_folderrsn=10496703,6306 EL MIRANDO STREET,NA,Austin,Texas,United States,2
1901 HELIOTROPE CT,New 2-story single-family residence attached garage covered porch and patio covered balcony.  **VOL BUILD PROJECT**,2010-09-22,1,2,1901 HELIOTROPE CT,78733,NA,NA,https://abc.austintexas.gov/web/permit/public-search-other?t_detail=1&t_selected_folderrsn=10492978,1901 HELIOTROPE CT,NA,Austin,Texas,United States,2
2313 GILIA DR,Re-permitting for expired permit number 2008-093718-BP.  NEW CONSTRUCTION.  Volume Builder.New 2-story single-family residence attached garage covered patio.  **VOL BUILD PROJECT**,2010-09-07,1,2,2313 GILIA DR,78733,NA,NA,https://abc.austintexas.gov/web/permit/public-search-other?t_detail=1&t_selected_folderrsn=10486679,2313 GILIA DRIVE,NA,Austin,Texas,United States,2
4401 DEEPWOODS DR,New 2 story sf res with attached carport covered porch uncovered patios wood deck and loggia  (refer #2011-061265-BP),2010-08-19,1,2,4401 DEEPWOODS DR,78731,10,NA,https://abc.austintexas.gov/web/permit/public-search-other?t_detail=1&t_selected_folderrsn=10480439,4401 DEEPWOODS DRIVE,NA,Austin,Texas,United States,2
2616 LIGHTFOOT TRL,New 2 story construction w/ att garage,2010-08-20,1,2,2616 LIGHTFOOT TRL,78745,5,NA,https://abc.austintexas.gov/web/permit/public-search-other?t_detail=1&t_selected_folderrsn=10481302,2616 LIGHTFOOT TRAIL,NA,Austin,Texas,United States,2
4301 WALHILL LN,New 2 story sf res with basement att garage covered porch uncovered patio and wood decks,2010-07-20,1,2,4301 WALHILL LN,78759,10,NA,https://abc.austintexas.gov/web/permit/public-search-other?t_detail=1&t_selected_folderrsn=10467843,4301 WALHILL LANE,NA,Austin,Texas,United States,2
12109 BRYONY DR,New 2-story single-family residence attached garage covered porch and patio.  **VOL BUILD PROJECT**     **Bldg waived 100% Per Stratus Bank**,2010-07-14,1,2,12109 BRYONY DR,78739,8,NA,https://abc.austintexas.gov/web/permit/public-search-other?t_detail=1&t_selected_folderrsn=10459311,12109 BRYONY DRIVE,NA,Austin,Texas,United States,2
2501 AMUR DR,New 2 story Condo with attached garage  refer# 2011-091176,2010-08-18,1,2,2501 AMUR DR,78745,5,NA,https://abc.austintexas.gov/web/permit/public-search-other?t_detail=1&t_selected_folderrsn=10479659,2501 AMUR DRIVE,NA,Austin,Texas,United States,2
2133 AMUR DR,New 1 story construction w/att garage,2010-08-20,1,1,2133 AMUR DR,78745,5,NA,https://abc.austintexas.gov/web/permit/public-search-other?t_detail=1&t_selected_folderrsn=10481279,2133 AMUR DRIVE,NA,Austin,Texas,United States,2
6005 WILCOTT CT,New 1 Stry Condo w/ atted garage.,2010-08-23,1,1,6005 WILCOTT CT,78745,5,NA,https://abc.austintexas.gov/web/permit/public-search-other?t_detail=1&t_selected_folderrsn=10481983,6005 WILCOTT CT,NA,Austin,Texas,United States,2
2521 AMUR DR,New 2 sty sf residence w/attached garage.,2010-08-19,1,2,2521 AMUR DR,78745,5,NA,https://abc.austintexas.gov/web/permit/public-search-other?t_detail=1&t_selected_folderrsn=10480760,2521 AMUR DRIVE,NA,Austin,Texas,United States,2
6024 WHIPPLE WAY,New 2 story construction w/ att garage,2010-08-20,1,2,6024 WHIPPLE WAY,78745,5,NA,https://abc.austintexas.gov/web/permit/public-search-other?t_detail=1&t_selected_folderrsn=10481335,6024 WHIPPLE WAY,NA,Austin,Texas,United States,2
2620 LIGHTFOOT TRL,New 1 Stry Condo w/ atted garage.,2010-08-18,1,1,2620 LIGHTFOOT TRL,78745,5,NA,https://abc.austintexas.gov/web/permit/public-search-other?t_detail=1&t_selected_folderrsn=10480212,2620 LIGHTFOOT TRAIL,NA,Austin,Texas,United States,2
516 SAN JOSE ST,New  mobile home  with electrical mech and plumbing,2010-08-23,1,1,516 SAN JOSE ST,78753,4,NA,https://abc.austintexas.gov/web/permit/public-search-other?t_detail=1&t_selected_folderrsn=10481741,516 SAN JOSE STREET,NA,Austin,Texas,United States,2
2321 INDEPENDENCE DR,New 2 sty sf condo w. attached garage.    **refer to pmt # 2011-018694**,2010-08-18,1,2,2321 INDEPENDENCE DR,78745,5,NA,https://abc.austintexas.gov/web/permit/public-search-other?t_detail=1&t_selected_folderrsn=10480286,2321 INDEPENDENCE DRIVE,NA,Austin,Texas,United States,2
2612 LIGHTFOOT TRL,New 2 Story Condo w/attached garage (See 2012-040613),2010-08-18,1,2,2612 LIGHTFOOT TRL,78745,5,NA,https://abc.austintexas.gov/web/permit/public-search-other?t_detail=1&t_selected_folderrsn=10480239,2612 LIGHTFOOT TRAIL,NA,Austin,Texas,United States,2
9501 SYDNEY MARILYN LN,New Construction.  Volume Builder. New 1-story single-family residence attached garage covered porch and patio.,2010-06-03,1,1,9501 SYDNEY MARILYN LN,78748,5,NA,https://abc.austintexas.gov/web/permit/public-search-other?t_detail=1&t_selected_folderrsn=10447090,9501 SYDNEY MARILYN LANE,NA,Austin,Texas,United States,2
6919 GREENSHORES DR UNIT 1,New 2 story sf res w att garage covered porch balcony and uncovered wood deck;  (See 2011-015273 for repermit),2010-07-07,1,2,6919 GREENSHORES DR UNIT 1,78730,10,NA,https://abc.austintexas.gov/web/permit/public-search-other?t_detail=1&t_selected_folderrsn=10462761,6919 GREENSHORES DRIVE UNIT 1,NA,Austin,Texas,United States,2
2002 BITTER CREEK DR,new mobile home with porch and patio,2010-06-24,1,1,2002 BITTER CREEK DR,78744,2,NA,https://abc.austintexas.gov/web/permit/public-search-other?t_detail=1&t_selected_folderrsn=10457360,2002 BITTER CREEK DRIVE,NA,Austin,Texas,United States,2
12105 CHERISSE DR,New 2 story sf res w att garage and cov porch/patio. **Bldg waived 100% for Stratus Bank**,2010-06-11,1,2,12105 CHERISSE DR,78739,8,NA,https://abc.austintexas.gov/web/permit/public-search-other?t_detail=1&t_selected_folderrsn=10449594,12105 CHERISSE DRIVE,NA,Austin,Texas,United States,2
5602 JIM HOGG AVE,New 2 Stry Sf Res - Condo duplex (C & D) w/ atted garage,2010-06-14,2,2,5602 JIM HOGG AVE,78756,7,NA,https://abc.austintexas.gov/web/permit/public-search-other?t_detail=1&t_selected_folderrsn=10452072,5602 JIM HOGG AVE,NA,Austin,Texas,United States,2
5605 TERRAVISTA DR,New 2-story single-family residence attached garage covered porch and patio covered balcony porto-cochere.  **VOL BUILD PROJECT**  **STRATUS CREDIT BANK Program** (See 2012-030745),2010-05-26,1,2,5605 TERRAVISTA DR,78735,8,NA,https://abc.austintexas.gov/web/permit/public-search-other?t_detail=1&t_selected_folderrsn=10442320,5605 TERRAVISTA DRIVE,NA,Austin,Texas,United States,2
2320 RIVINA DR,New Construction.  Volume Builder. New 1-story single-family residence attached garage basement balcony wood deck and covered porch.,2010-05-12,1,2,2320 RIVINA DR,78733,NA,NA,https://abc.austintexas.gov/web/permit/public-search-other?t_detail=1&t_selected_folderrsn=10438575,2320 RIVINA DRIVE,NA,Austin,Texas,United States,2
4605 AVENUE B,Withdrawn per JMM 8-6-2010 This building permit was appealed on the July 29 2010 New 2-story duplex w/ att carports and covered porches.,2010-05-19,2,2,4605 AVENUE B,78751,9,NA,https://abc.austintexas.gov/web/permit/public-search-other?t_detail=1&t_selected_folderrsn=10441139,4605 AVENUE B,NA,Austin,Texas,United States,2
1708 ROCKLAND DR,New 2 Story Condo w/attached garage covered patio and porch,2010-04-23,1,2,1708 ROCKLAND DR,78748,5,NA,https://abc.austintexas.gov/web/permit/public-search-other?t_detail=1&t_selected_folderrsn=10430565,1708 ROCKLAND DRIVE,NA,Austin,Texas,United States,2
7725 HAGGANS LN,New Construction.  Volume Builder. New 2-story single-family residence attached garage covered porch and patio.,2010-04-06,1,2,7725 HAGGANS LN,78739,8,NA,https://abc.austintexas.gov/web/permit/public-search-other?t_detail=1&t_selected_folderrsn=10422584,7725 HAGGANS LANE,NA,Austin,Texas,United States,2
2203 E 8TH ST,***ref permit#2011-017702**New 1-story single-family residence covered porch.,2010-03-25,1,1,2203 E 8TH ST,78702,1,NA,https://abc.austintexas.gov/web/permit/public-search-other?t_detail=1&t_selected_folderrsn=10416868,2203 EAST 8TH STREET,NA,Austin,Texas,United States,2
601 JESSIE ST,Addition of covered front porch to existing single family residence( 609 sq ft),2010-04-14,1,1,601 JESSIE ST,78704,9,NA,https://abc.austintexas.gov/web/permit/public-search-other?t_detail=1&t_selected_folderrsn=10423444,601 JESSIE STREET,NA,Austin,Texas,United States,2
1002 WALTER ST,New secondary apartment (440 sq. ft.)located at the rear of residence apartment includes 2 bedroom restroom and small kitchen. **Voided permit new permit issued refer to pmt 2011-058136BP**,2010-03-24,1,1,1002 WALTER ST,78702,1,NA,https://abc.austintexas.gov/web/permit/public-search-other?t_detail=1&t_selected_folderrsn=10416660,1002 WALTER STREET,NA,Austin,Texas,United States,2
1901 BIG HORN DR,**See 2011-090272**New 2 story SF res -main floor: attached 2-car garage (west) utilty rm mud rm bedrm #4 (north) bath #4 butler kitchen bedrm #3 bath #2 & #3 guest rm kitchen dining rm (east) living rm outdoor living summer kitchen master bedrm master bath (south) powder rm and front covd porch (west).  Upper level balcony (472 sq. ft.).  Lower level covered terraces (east northeast and southeast),2010-04-15,1,2,1901 BIG HORN DR,78734,10,NA,https://abc.austintexas.gov/web/permit/public-search-other?t_detail=1&t_selected_folderrsn=10426797,1901 BIG HORN DRIVE,NA,Austin,Texas,United States,2
2205 E 8TH ST,**ref permit#2011-017844***New 1-story single-family residence covered porch.,2010-03-25,1,1,2205 E 8TH ST,78702,1,NA,https://abc.austintexas.gov/web/permit/public-search-other?t_detail=1&t_selected_folderrsn=10416886,2205 EAST 8TH STREET,NA,Austin,Texas,United States,2
5300 DOE VALLEY LN,New 2 story SF res -1st floor: w/ attached garage (south) front covd porch entry  kitchen (west) dining rm family rm rear screened in patio (northwest) powder rm hallway staircase master bath master bedrm (east) 2md floor: bedrm #2 (northwest) landing bath # 2 bedrm #3 (east),2010-04-19,1,2,5300 DOE VALLEY LN,78759,10,NA,https://abc.austintexas.gov/web/permit/public-search-other?t_detail=1&t_selected_folderrsn=10427828,5300 DOE VALLEY LANE,NA,Austin,Texas,United States,2
4108 BERKMAN DR,New 2-story single-family Row House.  Covered breezeway to attached garage covered front porch.  **SMART HOUSING**,2010-04-15,1,2,4108 BERKMAN DR,78723,9,NA,https://abc.austintexas.gov/web/permit/public-search-other?t_detail=1&t_selected_folderrsn=10422555,4108 BERKMAN DRIVE,NA,Austin,Texas,United States,2
8524 ALOPHIA DR,New Construction.  Volume Builder. 2-story sf res w/ att garage covered porches and storage. **Bldg fee waived 100% per Stratus Bank**,2010-03-25,1,2,8524 ALOPHIA DR,78739,8,NA,https://abc.austintexas.gov/web/permit/public-search-other?t_detail=1&t_selected_folderrsn=10416349,8524 ALOPHIA DRIVE,NA,Austin,Texas,United States,2
4620 MANCHACA RD,New secondary apartment to the rear of the property. Apartment to include exterior stair access to storage space above first floor. Covered breezeway. Solar panels on roof and above ground rainwater collection system.,2010-03-02,1,2,4620 MENCHACA RD,78745,5,NA,https://abc.austintexas.gov/web/permit/public-search-other?t_detail=1&t_selected_folderrsn=10406143,4620 MENCHACA ROAD,NA,Austin,Texas,United States,2
2400 AMUR DR,New 2stry Condo w/att garage    **Refer to pmt # 2011-033814**,2010-02-26,1,2,2400 AMUR DR,78745,5,NA,https://abc.austintexas.gov/web/permit/public-search-other?t_detail=1&t_selected_folderrsn=10405490,2400 AMUR DRIVE,NA,Austin,Texas,United States,2
4113 GOCHMAN ST,New 2-story single-family residence attached garage covered porch and patio.  **RESOLUTION #20071129-100 WAIVES FEES FOR THIS 62.5%SMART HOUSING PROJECT**.,2010-02-09,1,2,4113 GOCHMAN ST,78723,9,NA,https://abc.austintexas.gov/web/permit/public-search-other?t_detail=1&t_selected_folderrsn=10396455,4113 GOCHMAN STREET,NA,Austin,Texas,United States,2
5314 AURORA DR,New 1 story secondary apartment w/ covd porch and wood deck.,2015-09-24,1,1,5314 AURORA DR,78756,7,NA,https://abc.austintexas.gov/web/permit/public-search-other?t_detail=1&t_selected_folderrsn=11403178,5314 AURORA DRIVE,NA,Austin,Texas,United States,2
11305 CHERISSE DR,New 2-story single-family residence attached garage covered porch and patio.  **VOL BUILD PROJECT**  **Bldg waived 100% per Stratus Bank**,2010-02-10,1,2,11305 CHERISSE DR,78739,8,NA,https://abc.austintexas.gov/web/permit/public-search-other?t_detail=1&t_selected_folderrsn=10393709,11305 CHERISSE DRIVE,NA,Austin,Texas,United States,2
10912 BIDENS PL,New 1 story SF res w/ att. garage front covd porch & rear covd patio.  **VOL BUILD PROJECT**,2009-12-21,1,1,10912 BIDENS PL,78733,NA,NA,https://abc.austintexas.gov/web/permit/public-search-other?t_detail=1&t_selected_folderrsn=10379704,10912 BIDENS PLACE,NA,Austin,Texas,United States,2
12417 PRATOLINA DR,New 1 story SF res w/ att. 3 -car garage & front covd porch.  **VOL BUILD PROJECT** **Bldg fee only waived for Stratus Bank**,2009-12-17,1,1,12417 PRATOLINA DR,78739,8,NA,https://abc.austintexas.gov/web/permit/public-search-other?t_detail=1&t_selected_folderrsn=10372009,12417 PRATOLINA DRIVE,NA,Austin,Texas,United States,2
6600 BAY CITY BND,New 1 story SF res w/ att. porte cochere detached garage & front covd porch.,2009-12-10,1,1,6600 BAY CITY BND,78725,3,NA,https://abc.austintexas.gov/web/permit/public-search-other?t_detail=1&t_selected_folderrsn=10369161,6600 BAY CITY BND,NA,Austin,Texas,United States,2
7825 OTEKA CV,New Construction. Volume Builder. 2-story single family res w/ att garage and covered porches. **Stratus Bank-Bldg fee waived**,2009-12-09,1,2,7825 OTEKA CV,78735,8,NA,https://abc.austintexas.gov/web/permit/public-search-other?t_detail=1&t_selected_folderrsn=10371555,7825 OTEKA CV,NA,Austin,Texas,United States,2
2208 RIVINA DR,New 1-story single-family residence attached garage covered porch and patio.  **VOL BUILD PROJECT**,2009-12-22,1,1,2208 RIVINA DR,78733,NA,NA,https://abc.austintexas.gov/web/permit/public-search-other?t_detail=1&t_selected_folderrsn=10380907,2208 RIVINA DRIVE,NA,Austin,Texas,United States,2
2208 GREENLEE DR,"New Construction of a 3-story single family residence w/ basement covered porches.

****VOIDED - work never commence and replaced with new construction per 13-091554 PR.***********",2009-12-17,1,3,2208 GREENLEE DR,78703,10,NA,https://abc.austintexas.gov/web/permit/public-search-other?t_detail=1&t_selected_folderrsn=10379150,2208 GREENLEE DRIVE,NA,Austin,Texas,United States,2
7901 JOURNEYVILLE DR,New 2-story single-family residence attached garage covered porch.  **VOL BUILD PROJECT**          **Only Bldg fee waived 100% for Stratus Bank**,2010-01-04,1,2,7901 JOURNEYVILLE DR,78735,8,NA,https://abc.austintexas.gov/web/permit/public-search-other?t_detail=1&t_selected_folderrsn=10382994,7901 JOURNEYVILLE DRIVE,NA,Austin,Texas,United States,2
1100 TILLERY ST,new 1sty sf residence w/cvd porch and parking pad (See 2011-091516 for repermit),2009-12-07,1,1,1100 TILLERY ST,78702,3,NA,https://abc.austintexas.gov/web/permit/public-search-other?t_detail=1&t_selected_folderrsn=10373426,1100 TILLERY STREET,NA,Austin,Texas,United States,2
5202 AVENUE G,New 2 story sf res w detached garage wood deck and covered porch (refer#2011-047209-BP),2009-11-05,1,2,5202 AVENUE G,78751,9,NA,https://abc.austintexas.gov/web/permit/public-search-other?t_detail=1&t_selected_folderrsn=10363030,5202 AVENUE G,NA,Austin,Texas,United States,2
8412 DENALI PKWY BLDG 3,New 2 story SF res w/ att. 3 car garage & attached storage (north side) front covd porch (east side) rear covd veranda (west side) 2nd floor gameroom storage & covd balcony.,2009-11-16,1,2,8412 DENALI PKWY BLDG 3,78726,10,NA,https://abc.austintexas.gov/web/permit/public-search-other?t_detail=1&t_selected_folderrsn=10366624,8412 DENALI PKWY BLDG 3,NA,Austin,Texas,United States,2
1127 LOTT AVE,new two story single family moduar home with wood deck and covered porch. See expired permit 2008-050381-bp   **refer to pmt # 2011-025305**,2009-10-06,1,2,1127 LOTT AVE,78721,1,NA,https://abc.austintexas.gov/web/permit/public-search-other?t_detail=1&t_selected_folderrsn=10351097,1127 LOTT AVE,NA,Austin,Texas,United States,2
12200 BUVANA DR,New 2-story single-family residence attached garage covered porch and patio.,2009-11-05,1,2,12200 BUVANA DR,78739,8,NA,https://abc.austintexas.gov/web/permit/public-search-other?t_detail=1&t_selected_folderrsn=10358679,12200 BUVANA DRIVE,NA,Austin,Texas,United States,2
1809 HELIOTROPE CT,new construction. volume builder. 2-story single family res w/ att garage covered patios covered porches and balconies.,2009-09-04,1,2,1809 HELIOTROPE CT,78733,NA,NA,https://abc.austintexas.gov/web/permit/public-search-other?t_detail=1&t_selected_folderrsn=10337159,1809 HELIOTROPE CT,NA,Austin,Texas,United States,2
3310 ELIJA ST,New 2sty Sf Res W/Attached Garage CovD Porch & UncovD Patio (See 2010-089691 for repermit),2009-08-19,1,2,3310 ELIJA ST,78745,8,NA,https://abc.austintexas.gov/web/permit/public-search-other?t_detail=1&t_selected_folderrsn=10330519,3310 ELIJA STREET,NA,Austin,Texas,United States,2
1908 HELIOTROPE CT,"New 2 story SF res w/ att .garage front covd porch & rear covd patio. **VOL BUILD PROJECT**
**Senna Hill MUD District**",2009-09-03,1,2,1908 HELIOTROPE CT,78733,NA,NA,https://abc.austintexas.gov/web/permit/public-search-other?t_detail=1&t_selected_folderrsn=10331590,1908 HELIOTROPE CT,NA,Austin,Texas,United States,2
7217 MEADOR AVE,new detached two family residence with front and rear concrete steps and a second 12  dw approach (existing sw in row). 3 off street parking spaces provided.,2009-10-02,2,1,7217 MEADOR AVE,78752,4,NA,https://abc.austintexas.gov/web/permit/public-search-other?t_detail=1&t_selected_folderrsn=10348705,7217 MEADOR AVE,NA,Austin,Texas,United States,2
606 SWANEE DR,New construction of a duplex w/ covered patios. 4 total bathrooms = 3/4 meter.    **refer to pmt# 2011-111751**,2009-09-09,2,1,606 SWANEE DR,78752,4,NA,https://abc.austintexas.gov/web/permit/public-search-other?t_detail=1&t_selected_folderrsn=10338749,606 SWANEE DRIVE,NA,Austin,Texas,United States,2
11125 CHERISSE DR,new construction. volume builder. 2-story single family residence w/att garage covered patios and covered porches. MEP permits required. 2.5 bathrooms = 5/8 meter.,2009-07-23,1,2,11125 CHERISSE DR,78739,8,NA,https://abc.austintexas.gov/web/permit/public-search-other?t_detail=1&t_selected_folderrsn=10308366,11125 CHERISSE DRIVE,NA,Austin,Texas,United States,2
1900 HELIOTROPE CT,New 2 story SF res w/ att .garage front covd porch. & rear covd patio. Volume Builder.   **refer to pmt # 2014-057587**,2009-08-14,1,2,1900 HELIOTROPE CT,78733,NA,NA,https://abc.austintexas.gov/web/permit/public-search-other?t_detail=1&t_selected_folderrsn=10325664,1900 HELIOTROPE CT,NA,Austin,Texas,United States,2
5933 LUX ST,New 1 story sf res w/ uncovered patio **SMART HOUSE**    **100% Waived for Smart Housing**,2009-08-17,1,1,5933 LUX ST,78721,3,NA,https://abc.austintexas.gov/web/permit/public-search-other?t_detail=1&t_selected_folderrsn=10325840,5933 LUX STREET,NA,Austin,Texas,United States,2
7520 COLINA VISTA LOOP UNIT B,New 2 sty duplex condo w/att garage & cov patio-porch,2009-08-05,2,2,7520 COLINA VISTA LOOP UNIT B,78750,10,NA,https://abc.austintexas.gov/web/permit/public-search-other?t_detail=1&t_selected_folderrsn=10322516,7520 COLINA VISTA LOOP UNIT B,NA,Austin,Texas,United States,2
7520 COLINA VISTA LOOP UNIT A,New 2 sty duplex condo w/att garage & cov patio-porch,2009-08-05,2,2,7520 COLINA VISTA LOOP UNIT A,78750,10,NA,https://abc.austintexas.gov/web/permit/public-search-other?t_detail=1&t_selected_folderrsn=10322507,7520 COLINA VISTA LOOP UNIT A,NA,Austin,Texas,United States,2
602 W ELLIOTT ST,New 2 story Duplex w/ 2 att garages 2 kitchens 4 bedrooms 4 bathrooms & (2) -1/2 baths,2009-07-30,2,2,602 W ELLIOTT ST,78753,4,NA,https://abc.austintexas.gov/web/permit/public-search-other?t_detail=1&t_selected_folderrsn=10319575,602 WEST ELLIOTT STREET,NA,Austin,Texas,United States,2
5404 ROOSEVELT AVE,New rear detached 2 story secondary apartment,2009-06-04,1,2,5404 ROOSEVELT AVE,78756,7,NA,https://abc.austintexas.gov/web/permit/public-search-other?t_detail=1&t_selected_folderrsn=10290213,5404 ROOSEVELT AVE,NA,Austin,Texas,United States,2
5520 KLEBERG TRL,"**ref permit#2012-021343** New 2 stroy sf res w att garage and cov porch
**Smart Housing 100% Waived**",2009-06-23,1,2,5520 KLEBERG TRL,78747,2,NA,https://abc.austintexas.gov/web/permit/public-search-other?t_detail=1&t_selected_folderrsn=10297096,5520 KLEBERG TRAIL,NA,Austin,Texas,United States,2
4117 GOCHMAN ST   **SMART HOUSE**,New 2-story single-family residence with attached garage covered porch and patio (designated in the Mueller Development as a Yard House). Smart Housing 62.5% Fee Waived,2009-06-15,1,2,4117 GOCHMAN ST,78723,9,NA,https://abc.austintexas.gov/web/permit/public-search-other?t_detail=1&t_selected_folderrsn=10293667,4117 GOCHMAN STREET,NA,Austin,Texas,United States,2
13112 SPIERS WAY,new construction. volume builder. SMART HOUSING. 2-story sf res with attached garage covered porches and balconies. MEP Permits required.,2009-06-12,1,2,13112 SPIERS WAY,78617,2,NA,https://abc.austintexas.gov/web/permit/public-search-other?t_detail=1&t_selected_folderrsn=10293104,13112 SPIERS WAY,NA,Austin,Texas,United States,2
2129 MC CLOSKEY ST   **SMART HOUSE**,New 2-story single-family residence with attached garage covered porch and patio covered walkway (designated in the Mueller Development as a Yard House). Smart Housing 62.5% Fee Waived,2009-06-15,1,2,2129 MC CLOSKEY ST,78723,9,NA,https://abc.austintexas.gov/web/permit/public-search-other?t_detail=1&t_selected_folderrsn=10293662,2129 MC CLOSKEY STREET,NA,Austin,Texas,United States,2
2632 TOM MILLER ST,New 1-story single-family residence attached garage covered porch and patio (designated in the Mueller Development as a Yard House).  SMART HOUSING Waive 62.5%.,2009-06-16,1,1,2632 TOM MILLER ST,78723,9,NA,https://abc.austintexas.gov/web/permit/public-search-other?t_detail=1&t_selected_folderrsn=10293693,2632 TOM MILLER STREET,NA,Austin,Texas,United States,2
11228 BARN OWL DR,New 2-story single-family residence attached garage covered porch.  **VOL BUILD PROJECT**,2009-07-08,1,1,11228 BARN OWL DR,78754,1,NA,https://abc.austintexas.gov/web/permit/public-search-other?t_detail=1&t_selected_folderrsn=10299194,11228 BARN OWL DRIVE,NA,Austin,Texas,United States,2
408 W CROSLIN ST,New two story res w/att covered porch ( 1994 sq ft) & New single story Detached garage-secondary apt (552 sq ft) great room bedroom & bathroom,2009-06-09,1,2,408 W CROSLIN ST,78752,4,NA,https://abc.austintexas.gov/web/permit/public-search-other?t_detail=1&t_selected_folderrsn=10291078,408 WEST CROSLIN STREET,NA,Austin,Texas,United States,2
4105 THREADGILL ST,New 2-story single-family residence with attached garage covered porch and patio.  **62.5%SMART HOUSING**,2009-06-16,1,2,4105 THREADGILL ST,78723,9,NA,https://abc.austintexas.gov/web/permit/public-search-other?t_detail=1&t_selected_folderrsn=10293677,4105 THREADGILL STREET,NA,Austin,Texas,United States,2
1009 VASQUEZ ST,New detached secondary garage apt(single story less than 15 in height) Rear setback must be 10.,2009-06-24,1,1,1009 VASQUEZ ST,78741,3,NA,https://abc.austintexas.gov/web/permit/public-search-other?t_detail=1&t_selected_folderrsn=10299507,1009 VASQUEZ STREET,NA,Austin,Texas,United States,2
2620 TOM MILLER ST,New 2-story single-family residence with attached garage covered porch and patio.  **RESOLUTION #20071129-100 WAIVES FEES FOR THIS 62.5%SMART HOUSING PROJECT**.,2009-06-08,1,2,2620 TOM MILLER ST,78723,9,NA,https://abc.austintexas.gov/web/permit/public-search-other?t_detail=1&t_selected_folderrsn=10290877,2620 TOM MILLER STREET,NA,Austin,Texas,United States,2
2212 GILIA DR,New 1-story single-family residence attached garage covered porch and patio.  **VOL BUILD PROJECT**,2009-06-12,1,1,2212 GILIA DR,78733,NA,NA,https://abc.austintexas.gov/web/permit/public-search-other?t_detail=1&t_selected_folderrsn=10293123,2212 GILIA DRIVE,NA,Austin,Texas,United States,2
1804 HELIOTROPE CT,New 2-story single-family residence attached garage covered porch and patio.  **VOL BUILD PROJECT**,2009-06-17,1,2,1804 HELIOTROPE CT,78733,NA,NA,https://abc.austintexas.gov/web/permit/public-search-other?t_detail=1&t_selected_folderrsn=10294654,1804 HELIOTROPE CT,NA,Austin,Texas,United States,2
1704 CEDAR BEND DR BLDG 2,New 2stry Duplex-Condo w/att garage Unit A&B,2009-05-13,2,2,1704 CEDAR BEND DR BLDG 2,78758,7,NA,https://abc.austintexas.gov/web/permit/public-search-other?t_detail=1&t_selected_folderrsn=10277623,1704 CEDAR BEND DRIVE BLDG 2,NA,Austin,Texas,United States,2
11120 CHERISSE DR,New 2-story single-family residence attached garage covered porch and patio.  **VOL BUILD PROJECT**  Stratus Bank*Building fee waived*not trades.,2009-05-28,1,2,11120 CHERISSE DR,78739,8,NA,https://abc.austintexas.gov/web/permit/public-search-other?t_detail=1&t_selected_folderrsn=10278672,11120 CHERISSE DRIVE,NA,Austin,Texas,United States,2
1704 CEDAR BEND DR BLDG 5,new 2stry duplex-condo w/att garage (6 bedroom) 2.5 parking space,2009-05-13,2,2,1704 CEDAR BEND DR BLDG 5,78758,7,NA,https://abc.austintexas.gov/web/permit/public-search-other?t_detail=1&t_selected_folderrsn=10277655,1704 CEDAR BEND DRIVE BLDG 5,NA,Austin,Texas,United States,2
12321 BARRAS BRANCH DR,New 2 stry SF Condo w/covered porch (Building #120),2009-05-08,1,2,12321 BARRAS BRANCH DR,78748,8,NA,https://abc.austintexas.gov/web/permit/public-search-other?t_detail=1&t_selected_folderrsn=10273079,12321 BARRAS BRANCH DRIVE,NA,Austin,Texas,United States,2
3405 MINNIE ST,New 1 story Duplex w/ 1 attached garage for each unit 1 front covered porch for each unit & 1 rear uncovered patio for each unit. refer#2009-135996-BP,2009-04-17,2,1,3405 MINNIE ST,78745,8,NA,https://abc.austintexas.gov/web/permit/public-search-other?t_detail=1&t_selected_folderrsn=10262099,3405 MINNIE STREET,NA,Austin,Texas,United States,2
9708 S CHISHOLM TRL,New 1 story SF res w/ front covered porch (refer to expired permit # 2006-017651BP) & {2004-007290},2009-05-07,1,1,9708 S CHISHOLM TRL,78748,5,NA,https://abc.austintexas.gov/web/permit/public-search-other?t_detail=1&t_selected_folderrsn=10275434,9708 SOUTH CHISHOLM TRAIL,NA,Austin,Texas,United States,2
1912 HELIOTROPE CT,New 2-story single-family residence attached garage covered porch and patio.  **VOL BUILD PROJECT**,2009-04-24,1,2,1912 HELIOTROPE CT,78733,NA,NA,https://abc.austintexas.gov/web/permit/public-search-other?t_detail=1&t_selected_folderrsn=10265055,1912 HELIOTROPE CT,NA,Austin,Texas,United States,2
3801 CARBONDALE AVE,New 2-story single-family residence attached garage covered porch and patio.  **VOL BUILD PROJECT**  **RESOLUTION #20071129-100 WAIVES FEES FOR THIS SMART HOUSING PROJECT**.,2009-02-27,1,2,3801 CARBONDALE AVE,78744,2,NA,https://abc.austintexas.gov/web/permit/public-search-other?t_detail=1&t_selected_folderrsn=10241089,3801 CARBONDALE AVE,NA,Austin,Texas,United States,2
2149 MC CLOSKEY ST,New 2-story single-family residence attached garage covered porch and patio.  **RESOLUTION #20071129-100 WAIVES FEES FOR THIS SMART HOUSING PROJECT**. *Smart Housing 62.5% Waived**,2009-03-30,1,2,2149 MC CLOSKEY ST,78723,9,NA,https://abc.austintexas.gov/web/permit/public-search-other?t_detail=1&t_selected_folderrsn=10248623,2149 MC CLOSKEY STREET,NA,Austin,Texas,United States,2
1717 CHANNEL RD,new two stroy res w/att garage & covered porch (4174),2009-04-10,1,3,1717 CHANNEL RD,78746,8,NA,https://abc.austintexas.gov/web/permit/public-search-other?t_detail=1&t_selected_folderrsn=10259392,1717 CHANNEL ROAD,NA,Austin,Texas,United States,2
14008 PANORAMA DR,new one story sf res,2009-03-13,1,1,14008 PANORAMA DR,78732,10,NA,https://abc.austintexas.gov/web/permit/public-search-other?t_detail=1&t_selected_folderrsn=10246460,14008 PANORAMA DRIVE,NA,Austin,Texas,United States,2
2501 ALLEYTON CV,New 2 story SF res w/ att. garage covd patio & covd porch,2009-03-12,1,2,2501 ALLEYTON CV,78725,3,NA,https://abc.austintexas.gov/web/permit/public-search-other?t_detail=1&t_selected_folderrsn=10245714,2501 ALLEYTON CV,NA,Austin,Texas,United States,2
5905 VENTUS ST,"New 1-story single-family residence covered porch uncovered wood deck.
Smart housing 100% wavied   **refer to pmt# 2012-031640**",2009-03-13,1,1,5905 VENTUS ST,78721,3,NA,https://abc.austintexas.gov/web/permit/public-search-other?t_detail=1&t_selected_folderrsn=10246522,5905 VENTUS STREET,NA,Austin,Texas,United States,2
2701 LA MESA DR,**ref permit#2009-120669*New 2 story SF res w/ att. carport uncovd wood deck covd patio & covd porch.,2009-03-13,1,2,2701 LA MESA DR,78704,3,NA,https://abc.austintexas.gov/web/permit/public-search-other?t_detail=1&t_selected_folderrsn=10246219,2701 LA MESA DRIVE,NA,Austin,Texas,United States,2
5605 JIM HOGG AVE,new two story sf res with attached garage1st & 2nd sty covered  front porch and rear door step stoops; 1st floor fireplace.,2009-03-06,1,2,5605 JIM HOGG AVE,78756,7,NA,https://abc.austintexas.gov/web/permit/public-search-other?t_detail=1&t_selected_folderrsn=10244104,5605 JIM HOGG AVE,NA,Austin,Texas,United States,2
10913 BIDENS PL,New 1-story single-family residence attached garage covered porch and patio.  **VOL BUILD PROJECT**,2009-03-02,1,1,10913 BIDENS PL,78733,NA,NA,https://abc.austintexas.gov/web/permit/public-search-other?t_detail=1&t_selected_folderrsn=10238188,10913 BIDENS PLACE,NA,Austin,Texas,United States,2
14200 LAKE VICTOR DR,New 1-story single-family residence attached garage covered porch and patio.  **VOL BUILD PROJECT**,2009-03-25,1,1,14200 LAKE VICTOR DR,78660,7,NA,https://abc.austintexas.gov/web/permit/public-search-other?t_detail=1&t_selected_folderrsn=10250305,14200 LAKE VICTOR DRIVE,NA,Austin,Texas,United States,2
2805 S 4TH ST,new two story sf res with exercise room above garage attached garage covered breezeway (arbor) covered porches and sun decks with exterior access stairs. Mechanical rooms not to be used for habital space.,2009-02-11,1,2,2805 S 4TH ST,78704,3,NA,https://abc.austintexas.gov/web/permit/public-search-other?t_detail=1&t_selected_folderrsn=10235391,2805 SOUTH 4TH STREET,NA,Austin,Texas,United States,2
10709 GAILLARDIA DR,New 3-story single-family residence attached garage basement covered porch and patio covered balcony.   **VOL BUILD PROJECT**,2009-02-03,1,3,10709 GAILLARDIA DR,78733,NA,NA,https://abc.austintexas.gov/web/permit/public-search-other?t_detail=1&t_selected_folderrsn=10232449,10709 GAILLARDIA DRIVE,NA,Austin,Texas,United States,2
4400 RIVER PLACE BLVD,New Construction of a 5897SF two-story single family residence with attached garage covered patios. 4.5 bathrooms. All building trades are required for this project. Electrical mechanical and plumbing.   **refer to pm t# 2010-081876**,2009-02-23,1,2,4400 RIVER PLACE BLVD,78730,10,NA,https://abc.austintexas.gov/web/permit/public-search-other?t_detail=1&t_selected_folderrsn=10239232,4400 RIVER PLACE BOULEVARD,NA,Austin,Texas,United States,2
1185 RIDGEWAY DR,New two story res w/att carport porch uncovered wood deck & uncovered balconies (See 2011-007491 for repermit),2009-01-07,1,2,1185 RIDGEWAY DR,78702,1,NA,https://abc.austintexas.gov/web/permit/public-search-other?t_detail=1&t_selected_folderrsn=10224695,1185 RIDGEWAY DRIVE,NA,Austin,Texas,United States,2
10901 GAILLARDIA DR,New 1-story single-family residence attached garage covered porch and patio.  **VOL BUILD PROJECT**,2009-01-08,1,1,10901 GAILLARDIA DR,78733,NA,NA,https://abc.austintexas.gov/web/permit/public-search-other?t_detail=1&t_selected_folderrsn=10225588,10901 GAILLARDIA DRIVE,NA,Austin,Texas,United States,2
2320 GILIA DR,New 1-story single-family residence attached garage covered porch and patio.   **VOL BUILD PROJECT**,2009-01-21,1,1,2320 GILIA DR,78733,NA,NA,https://abc.austintexas.gov/web/permit/public-search-other?t_detail=1&t_selected_folderrsn=10228820,2320 GILIA DRIVE,NA,Austin,Texas,United States,2
2309 GILIA DR,New 1-story single-family residence attached garage covered porch and patio.  **VOL BUILD PROJECT**,2009-02-20,1,1,2309 GILIA DR,78733,NA,NA,https://abc.austintexas.gov/web/permit/public-search-other?t_detail=1&t_selected_folderrsn=10238693,2309 GILIA DRIVE,NA,Austin,Texas,United States,2
5900 VENTUS ST,New 1-story single-family residence covered porch.   **RESOLUTION #20071129-100 WAIVES FEES 100% FOR THIS SMART HOUSING PROJECT**.,2008-12-04,1,1,5900 VENTUS ST,78721,3,NA,https://abc.austintexas.gov/web/permit/public-search-other?t_detail=1&t_selected_folderrsn=10217379,5900 VENTUS STREET,NA,Austin,Texas,United States,2
612 W MONROE ST,remodel foundation & relocate sf residence from 4228 Fletcher land - outside the city to create a Secondary apartment -1 sty w/att covered porch &added 289 sq ft. covered patio  **refer to pmt # 2009-060658**,2008-10-30,1,1,612 W MONROE ST,78704,9,NA,https://abc.austintexas.gov/web/permit/public-search-other?t_detail=1&t_selected_folderrsn=10208205,612 WEST MONROE STREET,NA,Austin,Texas,United States,2
4404 AVENUE F,New two story sf res with attached carport covered porches and shed,2008-11-26,1,2,4404 AVENUE F,78751,9,NA,https://abc.austintexas.gov/web/permit/public-search-other?t_detail=1&t_selected_folderrsn=10216001,4404 AVENUE F,NA,Austin,Texas,United States,2
1105 1/2 BRASS ST,new one story sf residence on two family residential lot. Residence to have covered patio and covered porch. Two off-street parking is required.,2008-12-04,2,1,1105 1/2 BRASS ST,78702,3,NA,https://abc.austintexas.gov/web/permit/public-search-other?t_detail=1&t_selected_folderrsn=10217494,1105 1/2 BRASS STREET,NA,Austin,Texas,United States,2
1212 E 10TH ST,"New one-story detached secondary apartment 800 square feet in the form of two 400 square-foot modules with a connecting hallway.  Structure will have a living area kitchen bedroom and 2 baths.  Only 1 kitchen unit permitted between the two modules of the structure.
**Voided permit new permit issued refer to pmt 2009-136932BP**",2008-12-04,1,1,1212 E 10TH ST,78702,1,NA,https://abc.austintexas.gov/web/permit/public-search-other?t_detail=1&t_selected_folderrsn=10217471,1212 EAST 10TH STREET,NA,Austin,Texas,United States,2
2205 E 10TH ST,new one story sf res with covered porch,2008-12-16,1,1,2205 E 10TH ST,78702,1,NA,https://abc.austintexas.gov/web/permit/public-search-other?t_detail=1&t_selected_folderrsn=10218319,2205 EAST 10TH STREET,NA,Austin,Texas,United States,2
2917 GOVALLE AVE,New 1-story single-family residence covered porch.  **Smart Housing 50% Waived**,2008-11-06,1,1,2917 GOVALLE AVE,78702,3,NA,https://abc.austintexas.gov/web/permit/public-search-other?t_detail=1&t_selected_folderrsn=10210170,2917 GOVALLE AVE,NA,Austin,Texas,United States,2
2003 E 11TH ST,New 2 story SF res uncovd wood decks rear covd porch uncovd balcony (refer# 2011-005100-BP),2008-10-10,1,2,2003 E 11TH ST,78702,1,NA,https://abc.austintexas.gov/web/permit/public-search-other?t_detail=1&t_selected_folderrsn=10201386,2003 EAST 11TH STREET,NA,Austin,Texas,United States,2
2237 ZACH SCOTT ST,New 2-story single-family Row House.  Covered breezeway to attached garage covered front porch.  **SMART HOUSING**      **refer to pmt# 2009-042596 for new const.**,2008-09-29,1,2,2237 ZACH SCOTT ST,78723,9,NA,https://abc.austintexas.gov/web/permit/public-search-other?t_detail=1&t_selected_folderrsn=10196596,2237 ZACH SCOTT STREET,NA,Austin,Texas,United States,2
4120 VALLEY VIEW RD,**ref permit#2009-115720**new 2 story duplex w att garages cov porch and uncovered patio,2008-09-11,2,2,4120 VALLEY VIEW RD,78704,5,NA,https://abc.austintexas.gov/web/permit/public-search-other?t_detail=1&t_selected_folderrsn=10189521,4120 VALLEY VIEW ROAD,NA,Austin,Texas,United States,2
2202 BRIDLE PATH,new 2 story sf res w att carport cov porch and uncovered patio,2008-10-07,1,2,2202 BRIDLE PATH,78703,10,NA,https://abc.austintexas.gov/web/permit/public-search-other?t_detail=1&t_selected_folderrsn=10199921,2202 BRIDLE PATH,NA,Austin,Texas,United States,2
2708 STRATFORD DR,New two story single family residence with attached garages covered patios covered porches balconies,2008-09-24,1,2,2708 STRATFORD DR,78746,8,NA,https://abc.austintexas.gov/web/permit/public-search-other?t_detail=1&t_selected_folderrsn=10193819,2708 STRATFORD DRIVE,NA,Austin,Texas,United States,2
3802 BALCONES DR,New two story sf res with attached garage covered porches  / never built verified in google map and COA ARC GIS,2008-10-01,1,2,3802 BALCONES DR,78731,10,NA,https://abc.austintexas.gov/web/permit/public-search-other?t_detail=1&t_selected_folderrsn=10198368,3802 BALCONES DRIVE,NA,Austin,Texas,United States,2
301 KEMP ST,new one story sf res with covered porch,2008-10-21,1,1,301 KEMP ST,78741,3,NA,https://abc.austintexas.gov/web/permit/public-search-other?t_detail=1&t_selected_folderrsn=10201583,301 KEMP STREET,NA,Austin,Texas,United States,2
912 E 39TH ST,New Detached Two-Family Residential w/attached front porch & side porc,2008-10-16,1,2,912 E 39TH ST,78751,9,NA,https://abc.austintexas.gov/web/permit/public-search-other?t_detail=1&t_selected_folderrsn=10201085,912 EAST 39TH STREET,NA,Austin,Texas,United States,2
525 E LIVE OAK ST,new 2 story sf res w att garage and covered and uncovered porches,2008-10-08,1,2,525 E LIVE OAK ST,78704,9,NA,https://abc.austintexas.gov/web/permit/public-search-other?t_detail=1&t_selected_folderrsn=10200532,525 EAST LIVE OAK STREET,NA,Austin,Texas,United States,2
4200 VALLEY VIEW RD,new 2 story duplex w att garages cov porch and uncovered patio,2008-09-11,2,2,4200 VALLEY VIEW RD,78704,5,NA,https://abc.austintexas.gov/web/permit/public-search-other?t_detail=1&t_selected_folderrsn=10189506,4200 VALLEY VIEW ROAD,NA,Austin,Texas,United States,2
2217 RIVINA DR,New 1-story single-family residence attached garage covered porch.  **VOL BUILD PROJECT**,2008-10-22,1,1,2217 RIVINA DR,78733,NA,NA,https://abc.austintexas.gov/web/permit/public-search-other?t_detail=1&t_selected_folderrsn=10205418,2217 RIVINA DRIVE,NA,Austin,Texas,United States,2
640 TILLERY ST,New 2 story small lot single-family res w/ cupola for attic fan. Install new 12 driveway approach.,2008-10-03,1,2,640 TILLERY ST,78702,3,NA,https://abc.austintexas.gov/web/permit/public-search-other?t_detail=1&t_selected_folderrsn=10199013,640 TILLERY STREET,NA,Austin,Texas,United States,2
3312 WESTHILL DR,New Two Story Duplex w/att garages covered balconies  covered porch & basements more than 50% below grade    **refer to pmt# 2010-071122**,2008-09-19,2,2,3312 WESTHILL DR,78704,5,NA,https://abc.austintexas.gov/web/permit/public-search-other?t_detail=1&t_selected_folderrsn=10192224,3312 WESTHILL DRIVE,NA,Austin,Texas,United States,2
3908 MATTIE ST,***ref permit#2009042540**New 2-story single-family residence with attached garage covered porch and patio covered walkway (designated in the Mueller Development as a Yard House).   **RESOLUTION #000420-76 WAIVES FEES FOR THIS 62.5%SMART HOUSING PROJECT**.,2008-09-15,1,2,3908 MATTIE ST,78723,9,NA,https://abc.austintexas.gov/web/permit/public-search-other?t_detail=1&t_selected_folderrsn=10191438,3908 MATTIE STREET,NA,Austin,Texas,United States,2
3901 MATTIE ST,New 1-story single-family residence attached garage covered porch and patio (designated in the Mueller Development as a Yard House).  **RESOLUTION #000420-76 WAIVES FEES FOR THIS SMART HOUSING PROJECT**. (See 2009-042514),2008-08-22,1,1,3901 MATTIE ST,78723,9,NA,https://abc.austintexas.gov/web/permit/public-search-other?t_detail=1&t_selected_folderrsn=10185667,3901 MATTIE STREET,NA,Austin,Texas,United States,2
11916 VERSANTE CIR,***REF PERMIT#2009-061330***New 2stry patio home condow/att garage & covered porch,2008-08-19,1,2,11916 VERSANTE CIR,78726,10,NA,https://abc.austintexas.gov/web/permit/public-search-other?t_detail=1&t_selected_folderrsn=10183753,11916 VERSANTE CIR,NA,Austin,Texas,United States,2
1301 HILLSIDE AVE,"New 1 story garage apartment (25-2-774) w/ att 1 car garage covd porch.
**Voided permit new permit issued refer to pmt# 2009-020104BP**",2008-09-03,1,1,1301 HILLSIDE AVE,78704,9,NA,https://abc.austintexas.gov/web/permit/public-search-other?t_detail=1&t_selected_folderrsn=10188609,1301 HILLSIDE AVE,NA,Austin,Texas,United States,2
2201 ZACH SCOTT ST,New 2-story single-family Row House.  Covered breezeway to attached garage covered front porch.  **SMART HOUSING**62.5% Fee Waived**,2008-08-25,1,2,2201 ZACH SCOTT ST,78723,9,NA,https://abc.austintexas.gov/web/permit/public-search-other?t_detail=1&t_selected_folderrsn=10184254,2201 ZACH SCOTT STREET,NA,Austin,Texas,United States,2
2319 W 8TH ST,new two story single family residence with carport covered patio covered porch and open deck on top of carport,2008-08-20,1,2,2319 W 8TH ST,78703,10,NA,https://abc.austintexas.gov/web/permit/public-search-other?t_detail=1&t_selected_folderrsn=10161176,2319 WEST 8TH STREET,NA,Austin,Texas,United States,2
7524 WISTERIA VALLEY DR,New 2-story single-family residence attached garage covered porch and patio.  **VOL BUILD PROJECT**  Stratus Bank-Bldg fee only waived**,2008-08-15,1,2,7524 WISTERIA VALLEY DR,78739,8,NA,https://abc.austintexas.gov/web/permit/public-search-other?t_detail=1&t_selected_folderrsn=10182582,7524 WISTERIA VALLEY DRIVE,NA,Austin,Texas,United States,2
10909 BIDENS PL,New 2-story single-family residence attached garage covered porch and patio.  **VOL BUILD PROJECT**,2008-08-14,1,2,10909 BIDENS PL,78733,NA,NA,https://abc.austintexas.gov/web/permit/public-search-other?t_detail=1&t_selected_folderrsn=10181554,10909 BIDENS PLACE,NA,Austin,Texas,United States,2
11753 EASY ST,New 1-story single-family residence attached garage covered porch and patio. - WATER IS AQUA TEXAS - NOT COA,2008-08-06,1,1,11753 EASY ST,78748,5,NA,https://abc.austintexas.gov/web/permit/public-search-other?t_detail=1&t_selected_folderrsn=10178925,11753 EASY STREET,NA,Austin,Texas,United States,2
11021 CHERISSE DR,New 1-story single-family residence attached garage covered porch.   **VOL BUILD PROJECT**,2008-09-09,1,1,11021 CHERISSE DR,78739,8,NA,https://abc.austintexas.gov/web/permit/public-search-other?t_detail=1&t_selected_folderrsn=10184502,11021 CHERISSE DRIVE,NA,Austin,Texas,United States,2
1009 TAULBEE LN Bldg 1 unit E & F,New two story duplex w/att garages porches & patios Bldg 1 unit E & F    **refert to pmt # 2010-052399**,2008-09-03,2,1,1007 TAULBEE LN UNIT E,78757,7,NA,https://abc.austintexas.gov/web/permit/public-search-other?t_detail=1&t_selected_folderrsn=10188553,1007 TAULBEE LANE UNIT EAST,NA,Austin,Texas,United States,2
3200 S 5TH ST,New 2 story duplex.  Att one car carport covd porch uncovd wood deck (each unit). Covd 2nd floor deck (unit 1) uncovd deck (unit 2). New 12 dw approach (S 5th).,2008-09-03,2,2,3200 S 5TH ST,78704,3,NA,https://abc.austintexas.gov/web/permit/public-search-other?t_detail=1&t_selected_folderrsn=10188615,3200 SOUTH 5TH STREET,NA,Austin,Texas,United States,2
8916 VILLA NORTE DR,***REF PERMIT#2009-061318***new 2stry patio Hm condo w/att garage cvd. porch patio (Max height-35FFE-992.50Max elevation of Bldg # Bedrm-3 ESPA-196-222 Parking-3).,2008-08-19,1,2,8916 VILLA NORTE DR,78726,10,NA,https://abc.austintexas.gov/web/permit/public-search-other?t_detail=1&t_selected_folderrsn=10183436,8916 VILLA NORTE DRIVE,NA,Austin,Texas,United States,2
1609 PRESTON AVE,New 2 story detached rear two-car garage w/ ext stairs to 2nd floor garage apartment.,2008-08-29,1,2,1609 PRESTON AVE,78703,10,NA,https://abc.austintexas.gov/web/permit/public-search-other?t_detail=1&t_selected_folderrsn=10187881,1609 PRESTON AVE,NA,Austin,Texas,United States,2
8924 VILLA NORTE DR,New 2 Sty Condo W/ Attached Garage & Covd Porch-Patio.,2008-08-19,1,2,8924 VILLA NORTE DR,78726,10,NA,https://abc.austintexas.gov/web/permit/public-search-other?t_detail=1&t_selected_folderrsn=10183524,8924 VILLA NORTE DRIVE,NA,Austin,Texas,United States,2
9012 ELFEN CV,New 1-story single-family residence attached garage covered porch and patio.   **VOL BUILD PROJECT**  **RESOLUTION #000420-76 WAIVES FEES FOR THIS SMART HOUSING PROJECT**.100%,2008-08-22,1,1,9012 ELFEN CV,78724,1,NA,https://abc.austintexas.gov/web/permit/public-search-other?t_detail=1&t_selected_folderrsn=10185429,9012 ELFEN CV,NA,Austin,Texas,United States,2
6201 WIER HILLS RD,New 1st fl Manufactured home w/stairs,2008-09-09,1,1,6201 WIER HILLS RD,78735,8,NA,https://abc.austintexas.gov/web/permit/public-search-other?t_detail=1&t_selected_folderrsn=10191000,6201 WIER HILLS ROAD,NA,Austin,Texas,United States,2
3904 MATTIE ST,New 1-story single-family residence attached garage covered porch.  **RESOLUTION #000420-76 WAIVES FEES FOR THIS SMART HOUSING PROJECT**. 62.5% Fee Waived**       **refer to pmt # 2009-017630 for New Construction**,2008-08-28,1,1,3904 MATTIE ST,78723,9,NA,https://abc.austintexas.gov/web/permit/public-search-other?t_detail=1&t_selected_folderrsn=10183382,3904 MATTIE STREET,NA,Austin,Texas,United States,2
10511 MARFA DR,New 2 Sty Condo W/ Attached Garage & Covd Porch.  (unit #285),2008-04-16,1,2,10511 MARFA DR,78748,5,NA,https://abc.austintexas.gov/web/permit/public-search-other?t_detail=1&t_selected_folderrsn=10136964,10511 MARFA DRIVE,NA,Austin,Texas,United States,2
7708 STEPHANY TAYLOR CV,**ref new permit # 2010-083686**New 2-story single-family residence attached garage covered porch.  **VOL BUILD PROJECT**,2008-09-08,1,2,7708 STEPHANY TAYLOR CV,78745,5,NA,https://abc.austintexas.gov/web/permit/public-search-other?t_detail=1&t_selected_folderrsn=10190141,7708 TAYLOR CV, STEPHANY,Austin,Texas,United States,2
2700 STACY LN,New Two Story Duplex (Unit A & B) w/att entry porches & uncovered balconies,2008-06-25,2,1,2700 STACY LN,78704,3,NA,https://abc.austintexas.gov/web/permit/public-search-other?t_detail=1&t_selected_folderrsn=10160101,2700 STACY LANE,NA,Austin,Texas,United States,2
1127 LOTT AVE,**ref permit#2009-112848**new two story single family moduar home with wood deck and covered porch,2008-06-30,1,2,1127 LOTT AVE,78721,1,NA,https://abc.austintexas.gov/web/permit/public-search-other?t_detail=1&t_selected_folderrsn=10165480,1127 LOTT AVE,NA,Austin,Texas,United States,2
1007 TAULBEE LN Bldg 1 unit A & B,New two Story duplex w/att covered patios & covered porches & attached one car garage & new Detached Garage Bldg 1 unit A & B     **refert to pmt # 2010-052372**,2008-07-11,1,2,1007 TAULBEE LN UNIT A,78757,7,NA,https://abc.austintexas.gov/web/permit/public-search-other?t_detail=1&t_selected_folderrsn=10170223,1007 TAULBEE LANE UNIT A,NA,Austin,Texas,United States,2
10712 GAILLARDIA DR,New 2-story single-family residence attached garage covered porch and patio.  **VOL BUILD PROJECT**,2008-06-27,1,2,10712 GAILLARDIA DR,78733,NA,NA,https://abc.austintexas.gov/web/permit/public-search-other?t_detail=1&t_selected_folderrsn=10165193,10712 GAILLARDIA DRIVE,NA,Austin,Texas,United States,2
3317 HANDSOME DR,New 2-story single-family residence attached garage covered porch and patio.  **VOL BUILD PROJECT**,2008-07-22,1,2,3317 HANDSOME DR,78660,1,NA,https://abc.austintexas.gov/web/permit/public-search-other?t_detail=1&t_selected_folderrsn=10173087,3317 HANDSOME DRIVE,NA,Austin,Texas,United States,2
10708 GAILLARDIA DR,New 2-story single-family residence attached garage covered porch and patio.  **VOL BUILD PROJECT**,2008-07-30,1,2,10708 GAILLARDIA DR,78733,NA,NA,https://abc.austintexas.gov/web/permit/public-search-other?t_detail=1&t_selected_folderrsn=10176084,10708 GAILLARDIA DRIVE,NA,Austin,Texas,United States,2
42 ROBERT T MARTINEZ JR ST Unit A,New two story Single Family Residence to create a Two-Family Use w/ basement  covd wood deck & stairs/balcony ( Primary Structure),2008-07-07,2,2,42 ROBERT T MARTINEZ JR ST UNIT A,78702,3,NA,https://abc.austintexas.gov/web/permit/public-search-other?t_detail=1&t_selected_folderrsn=10167690,42 ROBERT T MARTINEZ JR STREET UNIT A,NA,Austin,Texas,United States,2
2200 RIVINA DR,New 2-story single-family residence attached garage covered porch and patio.,2008-07-17,1,2,2200 RIVINA DR,78733,NA,NA,https://abc.austintexas.gov/web/permit/public-search-other?t_detail=1&t_selected_folderrsn=10172214,2200 RIVINA DRIVE,NA,Austin,Texas,United States,2
1803 E 18TH ST,New 2 story duplex w att garages and cov porch/patio and uncovered 2nd story wood deck   **refer to pmt # 2011-056200**,2008-06-30,2,2,1803 E 18TH ST,78702,1,NA,https://abc.austintexas.gov/web/permit/public-search-other?t_detail=1&t_selected_folderrsn=10165926,1803 EAST 18TH STREET,NA,Austin,Texas,United States,2
1813 RALPH COX RD,New 2-story single-family residence attached garage covered porch and patio.,2008-07-22,1,2,1813 RALPH COX RD,78748,5,NA,https://abc.austintexas.gov/web/permit/public-search-other?t_detail=1&t_selected_folderrsn=10173104,1813 RALPH COX ROAD,NA,Austin,Texas,United States,2
3823 WESTLAKE DR,New 3 story Single Family Residence with covered porch breezeways balcony terraces and underground equipment rooms.,2008-07-02,1,3,3823 WESTLAKE DR,78746,8,NA,https://abc.austintexas.gov/web/permit/public-search-other?t_detail=1&t_selected_folderrsn=10166750,3823 WESTLAKE DRIVE,NA,Austin,Texas,United States,2
14101 NARUNA WAY,"New 2-story single-family residence attached garage covered porch.  **VOL BUILD PROJECT**
**refer to pmt # 2009-013139 for New Construction**",2008-07-14,1,2,14101 NARUNA WAY,78660,7,NA,https://abc.austintexas.gov/web/permit/public-search-other?t_detail=1&t_selected_folderrsn=10170269,14101 NARUNA WAY,NA,Austin,Texas,United States,2
2220 RIVINA DR,New 1-story single-family residence attached garage covered porch and patio.  **VOL BUILD PROJECT**,2008-06-27,1,1,2220 RIVINA DR,78733,NA,NA,https://abc.austintexas.gov/web/permit/public-search-other?t_detail=1&t_selected_folderrsn=10165397,2220 RIVINA DRIVE,NA,Austin,Texas,United States,2
4452 CAMACHO ST,***ref permit#2009-059825***New 2-story single-family residence attached garage covered porch and patio.  **VOL BUILD PROJECT**  **RESOLUTION #000420-76 WAIVES FEES FOR THIS SMART HOUSING PROJECT**.,2008-07-28,1,2,4452 CAMACHO ST,78723,9,NA,https://abc.austintexas.gov/web/permit/public-search-other?t_detail=1&t_selected_folderrsn=10175516,4452 CAMACHO STREET,NA,Austin,Texas,United States,2
7062 COMANCHE TRL,**Structure never built per letter from Homeowner***new 2 story sf res w att garage and cov porch and patio and pool cabana,2008-07-25,1,2,7062 COMANCHE TRL,78732,10,NA,https://abc.austintexas.gov/web/permit/public-search-other?t_detail=1&t_selected_folderrsn=10175256,7062 COMANCHE TRAIL,NA,Austin,Texas,United States,2
1108 NORTHWESTERN AVE,New Detached Two Family Residential (LDC 25-2-774),2008-07-09,1,1,1108 NORTHWESTERN AVE,78702,1,NA,https://abc.austintexas.gov/web/permit/public-search-other?t_detail=1&t_selected_folderrsn=10169174,1108 NORTHWESTERN AVE,NA,Austin,Texas,United States,2
2116 TURTLE MOUNTAIN BND,New 2-story single-family residence attached garage covered porch and patio covered balcony.  Customer requested W/WW refund. lshaw,2008-07-17,1,2,2116 TURTLE MOUNTAIN BND,78748,8,NA,https://abc.austintexas.gov/web/permit/public-search-other?t_detail=1&t_selected_folderrsn=10172320,2116 TURTLE MOUNTAIN BND,NA,Austin,Texas,United States,2
4437 CAMACHO ST,New 2-story single-family residence attached garage covered porch uncovered balcony.  **VOL BUILD PROJECT**  **RESOLUTION #000420-76 WAIVES FEES FOR THIS SMART HOUSING PROJECT**..62.5% Fee Waived**,2008-07-16,1,2,4437 CAMACHO ST,78723,9,NA,https://abc.austintexas.gov/web/permit/public-search-other?t_detail=1&t_selected_folderrsn=10171595,4437 CAMACHO STREET,NA,Austin,Texas,United States,2
1205 ELM ST Bldg B,New Multi-Family Res Condominiums,2008-07-21,3,3,1205 ELM ST BLDG B,78703,9,NA,https://abc.austintexas.gov/web/permit/public-search-other?t_detail=1&t_selected_folderrsn=10172739,1205 ELM STREET BLDG B,NA,Austin,Texas,United States,2
1205 ELM ST BLDG A,New Multi-Family Res Condominiums,2008-07-21,4,2,1205 ELM ST BLDG A,78703,9,NA,https://abc.austintexas.gov/web/permit/public-search-other?t_detail=1&t_selected_folderrsn=10172740,1205 ELM STREET BLDG A,NA,Austin,Texas,United States,2
10915 GAILLARDIA DR,"New 2-story single-family residence attached garage covered porch and patio covered balcony.   **VOL BUILD PROJECT**  
**Voided permit new permit issued refer to pmt 2011-014002BP**",2008-07-25,1,2,10915 GAILLARDIA DR,78733,NA,NA,https://abc.austintexas.gov/web/permit/public-search-other?t_detail=1&t_selected_folderrsn=10174519,10915 GAILLARDIA DRIVE,NA,Austin,Texas,United States,2
10900 GAILLARDIA DR,New 2-story single-family residence attached garage covered porch and patio.  **VOL BUILD PROJECT**,2008-06-27,1,2,10900 GAILLARDIA DR,78733,NA,NA,https://abc.austintexas.gov/web/permit/public-search-other?t_detail=1&t_selected_folderrsn=10165331,10900 GAILLARDIA DRIVE,NA,Austin,Texas,United States,2
1101 W ANNIE ST,New Two Story res w/att garage & covered porch (See 2008-061599 for repermitting),2008-07-03,1,2,1101 W ANNIE ST,78704,9,NA,https://abc.austintexas.gov/web/permit/public-search-other?t_detail=1&t_selected_folderrsn=10167454,1101 WEST ANNIE STREET,NA,Austin,Texas,United States,2
5725 TOSCANA AVE,**ref permit#2009-098345**New 2-story single-family residence attached garage covered porch.,2008-05-19,1,2,5725 TOSCANA AVE,78724,1,NA,https://abc.austintexas.gov/web/permit/public-search-other?t_detail=1&t_selected_folderrsn=10150084,5725 TOSCANA AVE,NA,Austin,Texas,United States,2
10228 ENGLISH OAK DR,New 1-story single-family residence attached garage covered porch.  **VOL BUILD PROJECT**,2008-06-03,1,1,10228 ENGLISH OAK DR,78748,5,NA,https://abc.austintexas.gov/web/permit/public-search-other?t_detail=1&t_selected_folderrsn=10155546,10228 ENGLISH OAK DRIVE,NA,Austin,Texas,United States,2
11509 CHERISSE DR,New 2-story single-family residence attached garage covered porch and patio.  **VOL BUILD PROJECT **Bldg only fee waived per Stratus Bank**,2008-05-30,1,2,11509 CHERISSE DR,78739,8,NA,https://abc.austintexas.gov/web/permit/public-search-other?t_detail=1&t_selected_folderrsn=10152717,11509 CHERISSE DRIVE,NA,Austin,Texas,United States,2
5920 NELSON OAKS DR,New 2-story single-family residence attached garage covered porch and patio.  **VOL BUILD PROJECT**  **RESOLUTION #000420-76 WAIVES FEES 100% FOR THIS SMART HOUSING PROJECT**.,2008-05-28,1,2,5920 NELSON OAKS DR,78724,1,NA,https://abc.austintexas.gov/web/permit/public-search-other?t_detail=1&t_selected_folderrsn=10153899,5920 NELSON OAKS DRIVE,NA,Austin,Texas,United States,2
1706 E 21ST ST,New 1 story sf res (3 bdrm 2.5 bth) w uncovd wood decks.,2008-05-23,1,1,1706 E 21ST ST,78722,1,NA,https://abc.austintexas.gov/web/permit/public-search-other?t_detail=1&t_selected_folderrsn=10148474,1706 EAST 21ST STREET,NA,Austin,Texas,United States,2
804 E 45TH ST,new 2 story sf res w det garage and cov patio and porch refer# 2013-051812-BP,2008-05-23,1,2,804 E 45TH ST,78751,9,NA,https://abc.austintexas.gov/web/permit/public-search-other?t_detail=1&t_selected_folderrsn=10152232,804 EAST 45TH STREET,NA,Austin,Texas,United States,2
14107 PANORAMA DR,new 2 story sf res w att garage and cov patio porch and balcony,2008-06-06,1,1,14107 PANORAMA DR,78732,10,NA,https://abc.austintexas.gov/web/permit/public-search-other?t_detail=1&t_selected_folderrsn=10157487,14107 PANORAMA DRIVE,NA,Austin,Texas,United States,2
11108 CHERISSE DR,New 1-story single-family residence attached garage covered porch and patio.  **VOL BUILD PROJECT**,2008-05-30,1,1,11108 CHERISSE DR,78739,8,NA,https://abc.austintexas.gov/web/permit/public-search-other?t_detail=1&t_selected_folderrsn=10154606,11108 CHERISSE DRIVE,NA,Austin,Texas,United States,2
1114 VARGAS RD,New one story manufactured res  w/att front porch,2008-05-29,1,1,1114 VARGAS RD,78741,3,NA,https://abc.austintexas.gov/web/permit/public-search-other?t_detail=1&t_selected_folderrsn=10154056,1114 VARGAS ROAD,NA,Austin,Texas,United States,2
1205 GARDEN ST,Partial demolition rear wall & add 1st fl bedroom laundryroom & extend existing kitchen (Refer to W#38403,2008-05-29,1,1,1205 GARDEN ST,78702,3,NA,https://abc.austintexas.gov/web/permit/public-search-other?t_detail=1&t_selected_folderrsn=10154527,1205 GARDEN STREET,NA,Austin,Texas,United States,2
10805 GAILLARDIA DR,New 2-story single-family residence attached garage covered porch and patio.  **VOL BUILD PROJECT**,2008-06-06,1,2,10805 GAILLARDIA DR,78733,NA,NA,https://abc.austintexas.gov/web/permit/public-search-other?t_detail=1&t_selected_folderrsn=10156773,10805 GAILLARDIA DRIVE,NA,Austin,Texas,United States,2
2109 NOBLEMAN DR,New 2-story single-family residence attached garage covered porch and patio.  **VOL BUILD PROJECT**,2008-05-27,1,2,2109 NOBLEMAN DR,78754,1,NA,https://abc.austintexas.gov/web/permit/public-search-other?t_detail=1&t_selected_folderrsn=10152686,2109 NOBLEMAN DRIVE,NA,Austin,Texas,United States,2
2313 GILIA DR,New 2-story single-family residence attached garage covered porch and patio.  **VOL BUILD PROJECT**  (See 2008-093708),2008-05-22,1,2,2313 GILIA DR,78733,NA,NA,https://abc.austintexas.gov/web/permit/public-search-other?t_detail=1&t_selected_folderrsn=10151784,2313 GILIA DRIVE,NA,Austin,Texas,United States,2
11113 BRIGHT LEAF TER,New Multi-Family Residential Townhome (4-PLEX BLDG 10 UNIT M),2008-04-22,1,2,11113 BRIGHT LEAF TER,78748,5,NA,https://abc.austintexas.gov/web/permit/public-search-other?t_detail=1&t_selected_folderrsn=10134486,11113 BRIGHT LEAF TER,NA,Austin,Texas,United States,2
2313 SULLY CREEK DR,New 1-story single-family residence attached garage covered porch and patio.  **VOL BUILD PROJECT**,2008-04-16,1,1,2313 SULLY CREEK DR,78748,8,NA,https://abc.austintexas.gov/web/permit/public-search-other?t_detail=1&t_selected_folderrsn=10133420,2313 SULLY CREEK DRIVE,NA,Austin,Texas,United States,2
11221 BRIGHT LEAF TER,New Multi-Family Residential Townhome BLDG 14 UNIT M  (refer#2011-101582),2008-05-05,1,2,11221 BRIGHT LEAF TER,78748,5,NA,https://abc.austintexas.gov/web/permit/public-search-other?t_detail=1&t_selected_folderrsn=10141328,11221 BRIGHT LEAF TER,NA,Austin,Texas,United States,2
11209 BRIGHT LEAF TER,New Multi-Family Residential Townhome BLDG 13 UNIT M   **refer to pmt# 2011-100528*,2008-05-05,1,2,11209 BRIGHT LEAF TER,78748,5,NA,https://abc.austintexas.gov/web/permit/public-search-other?t_detail=1&t_selected_folderrsn=10141330,11209 BRIGHT LEAF TER,NA,Austin,Texas,United States,2
11401 LOST MAPLES TRL,New Multi-Family Res Townhome -  BLDG 27 UNIT S,2008-05-05,1,2,11401 LOST MAPLES TRL,78748,5,NA,https://abc.austintexas.gov/web/permit/public-search-other?t_detail=1&t_selected_folderrsn=10141348,11401 LOST MAPLES TRAIL,NA,Austin,Texas,United States,2
10609 STRAW FLOWER DR,New 2-story single-family residence attached garage covered porch and patio.  **VOL BUILD PROJECT**,2008-04-14,1,2,10609 STRAW FLOWER DR,78733,NA,NA,https://abc.austintexas.gov/web/permit/public-search-other?t_detail=1&t_selected_folderrsn=10130923,10609 STRAW FLOWER DRIVE,NA,Austin,Texas,United States,2
11913 TERRAZA CIR,"New construction Multi-Family Res. Townhomes.
refer to pmt#2014-004491",2008-05-07,1,3,11913 TERRAZA CIR,78726,10,NA,https://abc.austintexas.gov/web/permit/public-search-other?t_detail=1&t_selected_folderrsn=10144600,11913 TERRAZA CIR,NA,Austin,Texas,United States,2
11429 LOST MAPLES TRL,New Multi-Family Res Townhome (Bldg 30 Unit S),2008-05-07,1,2,11429 LOST MAPLES TRL,78748,5,NA,https://abc.austintexas.gov/web/permit/public-search-other?t_detail=1&t_selected_folderrsn=10141240,11429 LOST MAPLES TRAIL,NA,Austin,Texas,United States,2
12312 BUVANA DR,New 2-story single-family residence attached garage covered porch and patio. **Only Bldg fee waived per Stratus Bank**,2008-05-09,1,2,12312 BUVANA DR,78739,8,NA,https://abc.austintexas.gov/web/permit/public-search-other?t_detail=1&t_selected_folderrsn=10140445,12312 BUVANA DRIVE,NA,Austin,Texas,United States,2
3820 HARGIS ST,New 2-story single-family residence attached garage covered porch and patio.  **VOL BUILD PROJECT** Smart Housing 62.5% Waived,2008-05-12,1,2,3820 HARGIS ST,78723,9,NA,https://abc.austintexas.gov/web/permit/public-search-other?t_detail=1&t_selected_folderrsn=10147701,3820 HARGIS STREET,NA,Austin,Texas,United States,2
1725 MONAHANS LN,New Multi-Family Residential Townhome (4-PLEX BLDG 19 UNIT B),2008-04-22,1,2,1725 MONAHANS LN,78748,5,NA,https://abc.austintexas.gov/web/permit/public-search-other?t_detail=1&t_selected_folderrsn=10134500,1725 MONAHANS LANE,NA,Austin,Texas,United States,2
11200 LOST MAPLES TRL,New Multi-Family Res Townhome - BLDG 5 UNIT M,2008-05-05,1,2,11200 LOST MAPLES TRL,78748,5,NA,https://abc.austintexas.gov/web/permit/public-search-other?t_detail=1&t_selected_folderrsn=10141356,11200 LOST MAPLES TRAIL,NA,Austin,Texas,United States,2
11901 TERRAZA CIR,"New construction Multi-Family Res. Townhomes.
refer to pmt#2014-004487",2008-05-07,1,3,11901 TERRAZA CIR,78726,10,NA,https://abc.austintexas.gov/web/permit/public-search-other?t_detail=1&t_selected_folderrsn=10144603,11901 TERRAZA CIR,NA,Austin,Texas,United States,2
11833 TERRAZA CIR,New construction Multi-Family Res. Townhomes.,2008-05-07,1,3,11833 TERRAZA CIR,78726,10,NA,https://abc.austintexas.gov/web/permit/public-search-other?t_detail=1&t_selected_folderrsn=10144604,11833 TERRAZA CIR,NA,Austin,Texas,United States,2
12108 TERRAZA CIR,New Construction Multi-Family Residence Townhomes.,2008-05-07,2,2,12108 TERRAZA CIR,78726,10,NA,https://abc.austintexas.gov/web/permit/public-search-other?t_detail=1&t_selected_folderrsn=10144651,12108 TERRAZA CIR,NA,Austin,Texas,United States,2
11317 LOST MAPLES TRL,New Multi-Family Res Townhome -  BLDG 24 UNIT M,2008-05-05,1,2,11317 LOST MAPLES TRL,78748,5,NA,https://abc.austintexas.gov/web/permit/public-search-other?t_detail=1&t_selected_folderrsn=10141349,11317 LOST MAPLES TRAIL,NA,Austin,Texas,United States,2
11212 LOST MAPLES TRL,New Multi-Family Residential Townhome - BLDG 4 UNIT M,2008-05-05,1,2,11212 LOST MAPLES TRL,78748,5,NA,https://abc.austintexas.gov/web/permit/public-search-other?t_detail=1&t_selected_folderrsn=10141329,11212 LOST MAPLES TRAIL,NA,Austin,Texas,United States,2
12221 TERRAZA CIR,New construction Multi-Family Res. Townhomes.,2008-05-07,1,3,12221 TERRAZA CIR,78726,10,NA,https://abc.austintexas.gov/web/permit/public-search-other?t_detail=1&t_selected_folderrsn=10144614,12221 TERRAZA CIR,NA,Austin,Texas,United States,2
4124 VALLEY VIEW RD BLDG 3,**ref permit#09-115713*****new 2 story duplex w att garage and cov porch,2008-05-15,2,2,4124 VALLEY VIEW RD BLDG 3,78704,5,NA,https://abc.austintexas.gov/web/permit/public-search-other?t_detail=1&t_selected_folderrsn=10149337,4124 VALLEY VIEW ROAD BLDG 3,NA,Austin,Texas,United States,2
11141 BRIGHT LEAF TER,New Multi-Family Residential Townhome - BLDG 12 UNIT M,2008-05-05,1,2,11141 BRIGHT LEAF TER,78748,5,NA,https://abc.austintexas.gov/web/permit/public-search-other?t_detail=1&t_selected_folderrsn=10141326,11141 BRIGHT LEAF TER,NA,Austin,Texas,United States,2
1708 MONAHANS LN,New Multi-Family Residential Townhome (4-PLEX BLDG 18 UNIT M),2008-04-22,1,2,1708 MONAHANS LN,78748,5,NA,https://abc.austintexas.gov/web/permit/public-search-other?t_detail=1&t_selected_folderrsn=10134498,1708 MONAHANS LANE,NA,Austin,Texas,United States,2
11136 BRIGHT LEAF TER,New Multi-Family Residential Townhome (4-PLEX BLDG 21 UNIT B)  **refer to pmt # 2011-100560**,2008-04-22,1,2,11136 BRIGHT LEAF TER,78748,5,NA,https://abc.austintexas.gov/web/permit/public-search-other?t_detail=1&t_selected_folderrsn=10134504,11136 BRIGHT LEAF TER,NA,Austin,Texas,United States,2
11905 TERRAZA CIR,"New construction Multi-Family Res. Townhomes.
refer to pmt#2014-004489",2008-05-07,4,3,11905 TERRAZA CIR,78726,10,NA,https://abc.austintexas.gov/web/permit/public-search-other?t_detail=1&t_selected_folderrsn=10144602,11905 TERRAZA CIR,NA,Austin,Texas,United States,2
11128 BRIGHT LEAF TER,New Mult-Family Residential Townhome (4-PLEX BLDG 21 UNIT M)   **refer to pmt # 2011-100558**,2008-04-22,1,2,11128 BRIGHT LEAF TER,78748,5,NA,https://abc.austintexas.gov/web/permit/public-search-other?t_detail=1&t_selected_folderrsn=10134506,11128 BRIGHT LEAF TER,NA,Austin,Texas,United States,2
11204 BRIGHT LEAF TER,New Multi-Family Residential Townhome (4-PLEX BLDG 15  UNIT L)   **refer to pmt # 2011-100543**,2008-04-22,1,2,11204 BRIGHT LEAF TER,78748,5,NA,https://abc.austintexas.gov/web/permit/public-search-other?t_detail=1&t_selected_folderrsn=10134493,11204 BRIGHT LEAF TER,NA,Austin,Texas,United States,2
11140 BRIGHT LEAF TER,New Multi-Family Residential Townhome (4-PLEX BLDG 21 UNIT S)   **refer to pmt # 2011-100561**,2008-04-22,1,2,11140 BRIGHT LEAF TER,78748,5,NA,https://abc.austintexas.gov/web/permit/public-search-other?t_detail=1&t_selected_folderrsn=10134503,11140 BRIGHT LEAF TER,NA,Austin,Texas,United States,2
11329 LOST MAPLES TRL,New Multi-Family Res Townhome -  BLDG 25 UNIT M (See 2012-063946),2008-05-05,1,2,11329 LOST MAPLES TRL,78748,5,NA,https://abc.austintexas.gov/web/permit/public-search-other?t_detail=1&t_selected_folderrsn=10141354,11329 LOST MAPLES TRAIL,NA,Austin,Texas,United States,2
11333 LOST MAPLES TRL,New Multi-Family Res Townhom  - BLDG 12 UNIT S. See pmt #2012-017327,2008-05-05,1,2,11333 LOST MAPLES TRL,78748,5,NA,https://abc.austintexas.gov/web/permit/public-search-other?t_detail=1&t_selected_folderrsn=10141355,11333 LOST MAPLES TRAIL,NA,Austin,Texas,United States,2
12213 TERRAZA CIR,New construction Multi-Family Res. Townhomes.,2008-05-07,1,3,12213 TERRAZA CIR,78726,10,NA,https://abc.austintexas.gov/web/permit/public-search-other?t_detail=1&t_selected_folderrsn=10144616,12213 TERRAZA CIR,NA,Austin,Texas,United States,2
1729 MONAHANS LN,New Multi-Family Residential Townhome (4-PLEX BLDG 19 UNIT L),2008-04-22,1,2,1729 MONAHANS LN,78748,5,NA,https://abc.austintexas.gov/web/permit/public-search-other?t_detail=1&t_selected_folderrsn=10134501,1729 MONAHANS LANE,NA,Austin,Texas,United States,2
11116 BRIGHT LEAF TER,New Multi-Family Res Townhome -  BLDG 20 UNIT M,2008-05-05,1,2,11116 BRIGHT LEAF TER,78748,5,NA,https://abc.austintexas.gov/web/permit/public-search-other?t_detail=1&t_selected_folderrsn=10141344,11116 BRIGHT LEAF TER,NA,Austin,Texas,United States,2
12129 TERRAZA CIR,New construction Multi-Family Res. Townhomes.,2008-05-07,1,3,12129 TERRAZA CIR,78726,10,NA,https://abc.austintexas.gov/web/permit/public-search-other?t_detail=1&t_selected_folderrsn=10144620,12129 TERRAZA CIR,NA,Austin,Texas,United States,2
11117 BRIGHT LEAF TER,New Multi-Family Residential Townhome (4-PLEX BLDG 11 UNIT S),2008-04-22,1,2,11117 BRIGHT LEAF TER,78748,5,NA,https://abc.austintexas.gov/web/permit/public-search-other?t_detail=1&t_selected_folderrsn=10134487,11117 BRIGHT LEAF TER,NA,Austin,Texas,United States,2
11825 TERRAZA CIR,New construction Multi-Family Res. Townhomes.,2008-05-07,1,3,11825 TERRAZA CIR,78726,10,NA,https://abc.austintexas.gov/web/permit/public-search-other?t_detail=1&t_selected_folderrsn=10144606,11825 TERRAZA CIR,NA,Austin,Texas,United States,2
11137 BRIGHT LEAF TER,New Multi-Family Residential Townhome -  BLDG 12 UNIT L,2008-05-05,1,2,11137 BRIGHT LEAF TER,78748,5,NA,https://abc.austintexas.gov/web/permit/public-search-other?t_detail=1&t_selected_folderrsn=10141325,11137 BRIGHT LEAF TER,NA,Austin,Texas,United States,2
2825 PALOMINO TRL,New Manufactured Home w/deck,2008-04-25,1,2,2825 PALOMINO TRL,78744,2,NA,https://abc.austintexas.gov/web/permit/public-search-other?t_detail=1&t_selected_folderrsn=10141360,2825 PALOMINO TRAIL,NA,Austin,Texas,United States,2
1733 MONAHANS LN,**ref permit#2011-101908***New Multi-Family Residential Townhome (4-PLEX BLDG 19 UNIT M),2008-04-22,1,2,1733 MONAHANS LN,78748,5,NA,https://abc.austintexas.gov/web/permit/public-search-other?t_detail=1&t_selected_folderrsn=10134502,1733 MONAHANS LANE,NA,Austin,Texas,United States,2
11232 LOST MAPLES TRL,New Multi-Family Residential Townhome (4-PLEX BLDG 3 UNIT L) (See 2012-063808),2008-04-22,1,2,11232 LOST MAPLES TRL,78748,5,NA,https://abc.austintexas.gov/web/permit/public-search-other?t_detail=1&t_selected_folderrsn=10134481,11232 LOST MAPLES TRAIL,NA,Austin,Texas,United States,2
4124 VALLEY VIEW RD BLDG 2,**ref permit#2009-115751**new 2 story duplex w att garage and cov porches,2008-05-15,2,2,4124 VALLEY VIEW RD BLDG 2,78704,5,NA,https://abc.austintexas.gov/web/permit/public-search-other?t_detail=1&t_selected_folderrsn=10149381,4124 VALLEY VIEW ROAD BLDG 2,NA,Austin,Texas,United States,2
11216 LOST MAPLES TRL,New Multi-Family Residential Townhomes - BLDG 4 UNIT L (see 2012-064025),2008-05-05,1,2,11216 LOST MAPLES TRL,78748,5,NA,https://abc.austintexas.gov/web/permit/public-search-other?t_detail=1&t_selected_folderrsn=10141310,11216 LOST MAPLES TRAIL,NA,Austin,Texas,United States,2
12112 TERRAZA CIR,New Construction Multi-Family Residence Townhomes.,2008-05-07,2,2,12112 TERRAZA CIR,78726,10,NA,https://abc.austintexas.gov/web/permit/public-search-other?t_detail=1&t_selected_folderrsn=10144650,12112 TERRAZA CIR,NA,Austin,Texas,United States,2
11220 LOST MAPLES TRL,New Multi-Family Residential Townhomes - BLDG 4 UNIT S (see 2012-064026),2008-05-05,1,2,11220 LOST MAPLES TRL,78748,5,NA,https://abc.austintexas.gov/web/permit/public-search-other?t_detail=1&t_selected_folderrsn=10141309,11220 LOST MAPLES TRAIL,NA,Austin,Texas,United States,2
11240 LOST MAPLES TRL,New Multi-Family Residential Townhome (4-PLEX BLDG 3 UNIT S) (See 2012-063810),2008-04-22,1,2,11240 LOST MAPLES TRL,78748,5,NA,https://abc.austintexas.gov/web/permit/public-search-other?t_detail=1&t_selected_folderrsn=10134479,11240 LOST MAPLES TRAIL,NA,Austin,Texas,United States,2
11004 SHORT SPRINGS DR,New 2-story single-family residence attached garage covered porch and patio.  **VOL BUILD PROJECT**,2008-05-12,1,2,11004 SHORT SPRINGS DR,78754,1,NA,https://abc.austintexas.gov/web/permit/public-search-other?t_detail=1&t_selected_folderrsn=10147408,11004 SHORT SPRINGS DRIVE,NA,Austin,Texas,United States,2
11417 LOST MAPLES TRL,New Multi-Family Res Townhome (Bldg 28 Unit M) (See 12-064010),2008-05-07,1,2,11417 LOST MAPLES TRL,78748,5,NA,https://abc.austintexas.gov/web/permit/public-search-other?t_detail=1&t_selected_folderrsn=10141237,11417 LOST MAPLES TRAIL,NA,Austin,Texas,United States,2
12300 TERRAZA CIR,New Construction Multi-Family Residence Townhomes.,2008-05-07,2,2,12300 TERRAZA CIR BLDG A,78726,10,NA,https://abc.austintexas.gov/web/permit/public-search-other?t_detail=1&t_selected_folderrsn=10144637,12300 TERRAZA CIR BLDG A,NA,Austin,Texas,United States,2
11212 BRIGHT LEAF TER,New Multi-Family Residential Townhome - BLDG 4 UNIT M    **refer to pmt# 2011-100545**,2008-05-05,1,2,11212 BRIGHT LEAF TER,78748,5,NA,https://abc.austintexas.gov/web/permit/public-search-other?t_detail=1&t_selected_folderrsn=10141334,11212 BRIGHT LEAF TER,NA,Austin,Texas,United States,2
11133 BRIGHT LEAF TER,New Multi-Family Residential Townhome  -  BLDG 12 UNIT S,2008-05-05,1,2,11133 BRIGHT LEAF TER,78748,5,NA,https://abc.austintexas.gov/web/permit/public-search-other?t_detail=1&t_selected_folderrsn=10141324,11133 BRIGHT LEAF TER,NA,Austin,Texas,United States,2
11433 LOST MAPLES TRL,New Multi-Family Res Townhome (Bldg 30 Unit M) (See 2012-064059),2008-05-07,1,2,11433 LOST MAPLES TRL,78748,5,NA,https://abc.austintexas.gov/web/permit/public-search-other?t_detail=1&t_selected_folderrsn=10141241,11433 LOST MAPLES TRAIL,NA,Austin,Texas,United States,2
11252 LOST MAPLES TRL,New Multi-Family Residential Townhomes - BLDG 2 UNIT S,2008-05-05,1,2,11252 LOST MAPLES TRL,78748,5,NA,https://abc.austintexas.gov/web/permit/public-search-other?t_detail=1&t_selected_folderrsn=10141306,11252 LOST MAPLES TRAIL,NA,Austin,Texas,United States,2
114 W 33RD ST,New two story SF Res w/ covered patio covd porch screened porch & 2nd story covd balcony ( See 2008-092395),2008-04-22,1,2,114 W 33RD ST,78705,9,NA,https://abc.austintexas.gov/web/permit/public-search-other?t_detail=1&t_selected_folderrsn=10130684,114 WEST 33RD STREET,NA,Austin,Texas,United States,2
1720 MONAHANS LN,New Multi-Family Residential Townhome (4-PLEX BLDG 18 UNIT S),2008-04-22,1,2,1720 MONAHANS LN,78748,5,NA,https://abc.austintexas.gov/web/permit/public-search-other?t_detail=1&t_selected_folderrsn=10134495,1720 MONAHANS LANE,NA,Austin,Texas,United States,2
11829 TERRAZA CIR,New construction Multi-Family Res. Townhomes.,2008-05-07,1,3,11829 TERRAZA CIR,78726,10,NA,https://abc.austintexas.gov/web/permit/public-search-other?t_detail=1&t_selected_folderrsn=10144605,11829 TERRAZA CIR,NA,Austin,Texas,United States,2
7305 TRENTON DR,New 2 story sf res. att 3 car garage covd front porch covd rear patio.   **refer to pmt # 2011-014471**,2008-04-25,1,2,7305 TRENTON DR,78736,8,NA,https://abc.austintexas.gov/web/permit/public-search-other?t_detail=1&t_selected_folderrsn=10141141,7305 TRENTON DRIVE,NA,Austin,Texas,United States,2
2217 GILIA DR,New 1-story single-family residence attached garage covered porch and patio.  **VOL BUILD PROJECT**,2008-04-25,1,1,2217 GILIA DR,78733,NA,NA,https://abc.austintexas.gov/web/permit/public-search-other?t_detail=1&t_selected_folderrsn=10140947,2217 GILIA DRIVE,NA,Austin,Texas,United States,2
11405 LOST MAPLES TRL,New Multi-Family Res Townhome - BLDG 27 UNIT L,2008-05-05,1,2,11405 LOST MAPLES TRL,78748,5,NA,https://abc.austintexas.gov/web/permit/public-search-other?t_detail=1&t_selected_folderrsn=10141341,11405 LOST MAPLES TRAIL,NA,Austin,Texas,United States,2
12209 TERRAZA CIR,New construction Multi-Family Res. Townhomes.,2008-05-07,1,3,12209 TERRAZA CIR,78726,10,NA,https://abc.austintexas.gov/web/permit/public-search-other?t_detail=1&t_selected_folderrsn=10144617,12209 TERRAZA CIR,NA,Austin,Texas,United States,2
1716 MONAHANS LN,New Multi-Family Residential Townhome (4-PLEX BLDG 18 UNIT B),2008-04-22,1,2,1716 MONAHANS LN,78748,5,NA,https://abc.austintexas.gov/web/permit/public-search-other?t_detail=1&t_selected_folderrsn=10134496,1716 MONAHANS LANE,NA,Austin,Texas,United States,2
11805 TERRAZA CIR,New construction Multi-Family Res. Townhomes.,2008-05-07,1,3,11805 TERRAZA CIR,78726,10,NA,https://abc.austintexas.gov/web/permit/public-search-other?t_detail=1&t_selected_folderrsn=10144610,11805 TERRAZA CIR,NA,Austin,Texas,United States,2
1712 MONAHANS LN,New Multi-Family Residential Townhome (4-PLEX BLDG 18  UNIT L)  refer# 2012-027971-BP,2008-04-22,1,2,1712 MONAHANS LN,78748,5,NA,https://abc.austintexas.gov/web/permit/public-search-other?t_detail=1&t_selected_folderrsn=10134497,1712 MONAHANS LANE,NA,Austin,Texas,United States,2
12116 TERRAZA CIR,New Construction Multi-Family Residence Townhomes.,2008-05-07,2,2,12116 TERRAZA CIR,78726,10,NA,https://abc.austintexas.gov/web/permit/public-search-other?t_detail=1&t_selected_folderrsn=10144649,12116 TERRAZA CIR,NA,Austin,Texas,United States,2
1806 CROWN DR,New 2 story single-family attached residence (25-2-772).  Att 1 car garage covd front porch. Covd rear patio (3 bdrm 2.5 bath).  Covd breezeway to attach units.,2008-05-12,2,2,1806 CROWN DR,78745,5,NA,https://abc.austintexas.gov/web/permit/public-search-other?t_detail=1&t_selected_folderrsn=10146591,1806 CROWN DRIVE,NA,Austin,Texas,United States,2
11413 LOST MAPLES TRL,New Multi-Family Res Townhome (Bldg 28 Unit S),2008-05-07,1,2,11413 LOST MAPLES TRL,78748,5,NA,https://abc.austintexas.gov/web/permit/public-search-other?t_detail=1&t_selected_folderrsn=10141236,11413 LOST MAPLES TRAIL,NA,Austin,Texas,United States,2
11208 BRIGHT LEAF TER,New Multi-Family Residential Townhome (4-PLEX BLDG 15 UNIT B)   **refer to pmt # 2011-100544*,2008-04-22,1,2,11208 BRIGHT LEAF TER,78748,5,NA,https://abc.austintexas.gov/web/permit/public-search-other?t_detail=1&t_selected_folderrsn=10134492,11208 BRIGHT LEAF TER,NA,Austin,Texas,United States,2
12225 TERRAZA CIR,New construction Multi-Family Res. Townhomes.,2008-05-07,1,3,12225 TERRAZA CIR,78726,10,NA,https://abc.austintexas.gov/web/permit/public-search-other?t_detail=1&t_selected_folderrsn=10144613,12225 TERRAZA CIR,NA,Austin,Texas,United States,2
11205 BRIGHT LEAF TER,New Multi-Family Residential Townhomes BLDG 13 UNIT L   **refer to pmt # 2011-100527**,2008-05-05,1,2,11205 BRIGHT LEAF TER,78748,5,NA,https://abc.austintexas.gov/web/permit/public-search-other?t_detail=1&t_selected_folderrsn=10141311,11205 BRIGHT LEAF TER,NA,Austin,Texas,United States,2
11124 BRIGHT LEAF TER,New Multi-Family Res Townhome,2008-05-05,1,2,11124 BRIGHT LEAF TER,78748,5,NA,https://abc.austintexas.gov/web/permit/public-search-other?t_detail=1&t_selected_folderrsn=10141342,11124 BRIGHT LEAF TER,NA,Austin,Texas,United States,2
12121 TERRAZA CIR,New construction Multi-Family Res. Townhomes.,2008-05-07,1,3,12121 TERRAZA CIR,78726,10,NA,https://abc.austintexas.gov/web/permit/public-search-other?t_detail=1&t_selected_folderrsn=10144622,12121 TERRAZA CIR,NA,Austin,Texas,United States,2
10716 GAILLARDIA DR,New 2-story single-family residence attached garage covered porch and patio.  **VOL BUILD PROJECT**,2008-04-25,1,2,10716 GAILLARDIA DR,78733,NA,NA,https://abc.austintexas.gov/web/permit/public-search-other?t_detail=1&t_selected_folderrsn=10141011,10716 GAILLARDIA DRIVE,NA,Austin,Texas,United States,2
11321 LOST MAPLES TRL,New Multi-Family Res Townhome -  BLDG 25 UNIT S,2008-05-05,1,2,11321 LOST MAPLES TRL,78748,5,NA,https://abc.austintexas.gov/web/permit/public-search-other?t_detail=1&t_selected_folderrsn=10141351,11321 LOST MAPLES TRAIL,NA,Austin,Texas,United States,2
2301 GILIA DR,New 1-story single-family residence attached garage covered porch.  **VOL BUILD PROJECT**,2008-04-25,1,1,2301 GILIA DR,78733,NA,NA,https://abc.austintexas.gov/web/permit/public-search-other?t_detail=1&t_selected_folderrsn=10140860,2301 GILIA DRIVE,NA,Austin,Texas,United States,2
11920 TERRAZA CIR,New Construction Multi-Family Residence Townhomes.,2008-05-07,2,2,11920 TERRAZA CIR,78726,10,NA,https://abc.austintexas.gov/web/permit/public-search-other?t_detail=1&t_selected_folderrsn=10144663,11920 TERRAZA CIR,NA,Austin,Texas,United States,2
11132 BRIGHT LEAF TER,New Mult-Family Residential Townhome (4-PLEX BLDG 21 UNIT L)   **refer to pmt# 2011-100559**,2008-04-22,1,2,11132 BRIGHT LEAF TER,78748,5,NA,https://abc.austintexas.gov/web/permit/public-search-other?t_detail=1&t_selected_folderrsn=10134505,11132 BRIGHT LEAF TER,NA,Austin,Texas,United States,2
11213 BRIGHT LEAF TER,New Multi-Family Residential Townhome BLDG 14 UNIT S  refer# 2011-101583,2008-05-05,1,2,11213 BRIGHT LEAF TER,78748,5,NA,https://abc.austintexas.gov/web/permit/public-search-other?t_detail=1&t_selected_folderrsn=10141331,11213 BRIGHT LEAF TER,NA,Austin,Texas,United States,2
11121 BRIGHT LEAF TER,New Multi-Family Residential Townhome (4-PLEX BLDG 11 UNIT B),2008-04-22,1,2,11121 BRIGHT LEAF TER,78748,5,NA,https://abc.austintexas.gov/web/permit/public-search-other?t_detail=1&t_selected_folderrsn=10134488,11121 BRIGHT LEAF TER,NA,Austin,Texas,United States,2
11212 BRIGHT LEAF TER,New Multi-Family Residential Townhome (4-PLEX BLDG 15 UNIT S)   **refer to pmt# 2011-100545**,2008-04-22,1,2,11212 BRIGHT LEAF TER,78748,5,NA,https://abc.austintexas.gov/web/permit/public-search-other?t_detail=1&t_selected_folderrsn=10134491,11212 BRIGHT LEAF TER,NA,Austin,Texas,United States,2
11204 LOST MAPLES TRL,New Multi-Family Residential Townhomes - BLDG 5 UNIT L,2008-05-05,1,2,11204 LOST MAPLES TRL,78748,5,NA,https://abc.austintexas.gov/web/permit/public-search-other?t_detail=1&t_selected_folderrsn=10141313,11204 LOST MAPLES TRAIL,NA,Austin,Texas,United States,2
11101 BRIGHT LEAF TER,New Multi-Family Residential Townhome (4-PLEX BLDG 10 UNIT S),2008-04-22,1,2,11101 BRIGHT LEAF TER,78748,5,NA,https://abc.austintexas.gov/web/permit/public-search-other?t_detail=1&t_selected_folderrsn=10134483,11101 BRIGHT LEAF TER,NA,Austin,Texas,United States,2
1721 MONAHANS LN,New Multi-Family Residential Townhome (4-PLEX BLDG 19 UNIT S)  refer# 2011-101905,2008-04-22,1,2,1721 MONAHANS LN,78748,5,NA,https://abc.austintexas.gov/web/permit/public-search-other?t_detail=1&t_selected_folderrsn=10134499,1721 MONAHANS LANE,NA,Austin,Texas,United States,2
11236 LOST MAPLES TRL,New Multi-Family Residential Townhome (4-PLEX BLDG 3 UNIT B) (See 2012-063809),2008-04-22,1,2,11236 LOST MAPLES TRL,78748,5,NA,https://abc.austintexas.gov/web/permit/public-search-other?t_detail=1&t_selected_folderrsn=10134480,11236 LOST MAPLES TRAIL,NA,Austin,Texas,United States,2
11125 BRIGHT LEAF TER,New Multi-Family Residential Townhome (4-PLEX BLDG 11 UNIT L),2008-04-22,1,2,11125 BRIGHT LEAF TER,78748,5,NA,https://abc.austintexas.gov/web/permit/public-search-other?t_detail=1&t_selected_folderrsn=10134489,11125 BRIGHT LEAF TER,NA,Austin,Texas,United States,2
11208 LOST MAPLES TRL,New Multi-Family Residential Townhomes - BLDG 5 UNIT S,2008-05-05,1,2,11208 LOST MAPLES TRL,78748,5,NA,https://abc.austintexas.gov/web/permit/public-search-other?t_detail=1&t_selected_folderrsn=10141312,11208 LOST MAPLES TRAIL,NA,Austin,Texas,United States,2
11233 LOST MAPLES TRL,New Multi-Family Res Townhome (Bldg 16 Unit M),2008-05-07,1,2,11233 LOST MAPLES TRL,78748,5,NA,https://abc.austintexas.gov/web/permit/public-search-other?t_detail=1&t_selected_folderrsn=10141235,11233 LOST MAPLES TRAIL,NA,Austin,Texas,United States,2
11801 TERRAZA CIR,"New construction Multi-Family Res. Townhomes.
refer to pmt#2014-00196",2008-05-07,1,3,11801 TERRAZA CIR,78726,10,NA,https://abc.austintexas.gov/web/permit/public-search-other?t_detail=1&t_selected_folderrsn=10144611,11801 TERRAZA CIR,NA,Austin,Texas,United States,2
11813 TERRAZA CIR,New construction Multi-Family Res. Townhomes.,2008-05-07,1,3,11813 TERRAZA CIR,78726,10,NA,https://abc.austintexas.gov/web/permit/public-search-other?t_detail=1&t_selected_folderrsn=10144608,11813 TERRAZA CIR,NA,Austin,Texas,United States,2
11217 BRIGHT LEAF TER,New Multi-Family Residential Townhome - BLDG 14 UNIT L   refer# 2011-101581-BP,2008-05-05,1,2,11217 BRIGHT LEAF TER,78748,5,NA,https://abc.austintexas.gov/web/permit/public-search-other?t_detail=1&t_selected_folderrsn=10141333,11217 BRIGHT LEAF TER,NA,Austin,Texas,United States,2
11229 LOST MAPLES TRL,"New Multi-Family Res Townhome (Bldg 16 Unit S)

PHASE 24",2008-05-07,1,2,11229 LOST MAPLES TRL,78748,5,NA,https://abc.austintexas.gov/web/permit/public-search-other?t_detail=1&t_selected_folderrsn=10141234,11229 LOST MAPLES TRAIL,NA,Austin,Texas,United States,2
13004 NOCHE CLARA DR,New 1-story single-family residence attached garage covered porch.  **VOL BUILD PROJECT**  **RESOLUTION #000420-76 WAIVES FEES FOR THIS SMART HOUSING PROJECT**.,2008-04-29,1,1,13004 NOCHE CLARA DR,78617,2,NA,https://abc.austintexas.gov/web/permit/public-search-other?t_detail=1&t_selected_folderrsn=10141865,13004 NOCHE CLARA DRIVE,NA,Austin,Texas,United States,2
12229 TERRAZA CIR,New construction Multi-Family Res. Townhomes.,2008-05-07,1,3,12229 TERRAZA CIR,78726,10,NA,https://abc.austintexas.gov/web/permit/public-search-other?t_detail=1&t_selected_folderrsn=10144612,12229 TERRAZA CIR,NA,Austin,Texas,United States,2
11244 LOST MAPLES TRL,New Multi-Family Residential Townhomes - BLDG 2 UNIT M (See 2012-064097),2008-05-05,1,2,11244 LOST MAPLES TRL,78748,5,NA,https://abc.austintexas.gov/web/permit/public-search-other?t_detail=1&t_selected_folderrsn=10141308,11244 LOST MAPLES TRAIL,NA,Austin,Texas,United States,2
11201 BRIGHT LEAF TER,New Multi-Family Residential Townhome BLDG 13 UNIT S    **refer to pmt # 2011-100526**,2008-05-05,1,2,11201 BRIGHT LEAF TER,78748,5,NA,https://abc.austintexas.gov/web/permit/public-search-other?t_detail=1&t_selected_folderrsn=10141327,11201 BRIGHT LEAF TER,NA,Austin,Texas,United States,2
12128 TERRAZA CIR,New Construction Multi-Family Residence Townhomes.,2008-05-07,2,2,12128 TERRAZA CIR,78726,10,NA,https://abc.austintexas.gov/web/permit/public-search-other?t_detail=1&t_selected_folderrsn=10144646,12128 TERRAZA CIR,NA,Austin,Texas,United States,2
7301 MITRA DR,New 2 story SF residence w/ outdoor living covd front porch & bay window. **Only Bldg fee waived per Stratus Bank**,2008-05-09,1,2,7301 MITRA DR,78739,8,NA,https://abc.austintexas.gov/web/permit/public-search-other?t_detail=1&t_selected_folderrsn=10142715,7301 MITRA DRIVE,NA,Austin,Texas,United States,2
11109 BRIGHT LEAF TER,New Multi-Family Residential Townhome (4-PLEX BLDG 10 UNIT L),2008-04-22,1,2,11109 BRIGHT LEAF TER,78748,5,NA,https://abc.austintexas.gov/web/permit/public-search-other?t_detail=1&t_selected_folderrsn=10134485,11109 BRIGHT LEAF TER,NA,Austin,Texas,United States,2
115 HAVANA ST,New 2 story sf res (3 bdrm 2.5 bth and finished attic) w/ att 1 car garage covd front porch covd side walkway 2nd story uncovd front balcony.,2008-04-14,1,3,115 HAVANA ST,78704,3,NA,https://abc.austintexas.gov/web/permit/public-search-other?t_detail=1&t_selected_folderrsn=10134821,115 HAVANA STREET,NA,Austin,Texas,United States,2
6808 DERBY DOWNS DR,New 2-story single-family residence attached garage covered porch.   **VOL BUILD PROJECT**  **RESOLUTION #000420-76 WAIVES FEES FOR THIS SMART HOUSING PROJECT**.    **Refer to pmt# 2008-090897 for New Construction**,2008-04-21,1,2,6808 DERBY DOWNS DR,78747,2,NA,https://abc.austintexas.gov/web/permit/public-search-other?t_detail=1&t_selected_folderrsn=10138855,6808 DERBY DOWNS DRIVE,NA,Austin,Texas,United States,2
11337 LOST MAPLES TRL,New Multi-Family Res Townhome - BLDG 26 UNIT L. See pmt #2012-017328,2008-05-05,1,2,11337 LOST MAPLES TRL,78748,5,NA,https://abc.austintexas.gov/web/permit/public-search-other?t_detail=1&t_selected_folderrsn=10141350,11337 LOST MAPLES TRAIL,NA,Austin,Texas,United States,2
11421 LOST MAPLES TRL,New Multi-Family Res Townhome (Bldg 29 Unit S),2008-05-07,1,2,11421 LOST MAPLES TRL,78748,5,NA,https://abc.austintexas.gov/web/permit/public-search-other?t_detail=1&t_selected_folderrsn=10141238,11421 LOST MAPLES TRAIL,NA,Austin,Texas,United States,2
1707 SANCHEZ ST Unit G & H,See final demo permit #2011-050192BP**New two story duplex w/ attached garage covd porch balconies at ends of units uncovd roof terrace above garage. (units G & H),2008-05-12,2,2,1707 SANCHEZ ST UNIT G,78702,1,NA,https://abc.austintexas.gov/web/permit/public-search-other?t_detail=1&t_selected_folderrsn=10147721,1707 SANCHEZ STREET UNIT G,NA,Austin,Texas,United States,2
11120 BRIGHT LEAF TER,New Multi-Family Res Townhome BLDG 20 UNIT S,2008-05-05,1,2,11120 BRIGHT LEAF TER,78748,5,NA,https://abc.austintexas.gov/web/permit/public-search-other?t_detail=1&t_selected_folderrsn=10141343,11120 BRIGHT LEAF TER,NA,Austin,Texas,United States,2
12205 TERRAZA CIR,New construction Multi-Family Res. Townhomes.,2008-05-07,1,3,12205 TERRAZA CIR,78726,10,NA,https://abc.austintexas.gov/web/permit/public-search-other?t_detail=1&t_selected_folderrsn=10144618,12205 TERRAZA CIR,NA,Austin,Texas,United States,2
11809 TERRAZA CIR,New construction Multi-Family Res. Townhomes.,2008-05-07,1,3,11809 TERRAZA CIR,78726,10,NA,https://abc.austintexas.gov/web/permit/public-search-other?t_detail=1&t_selected_folderrsn=10144609,11809 TERRAZA CIR,NA,Austin,Texas,United States,2
11248 LOST MAPLES TRL,New Multi-Family Residential Townhomes - BLDG 2 UNIT L (See 2012-064096),2008-05-05,1,2,11248 LOST MAPLES TRL,78748,5,NA,https://abc.austintexas.gov/web/permit/public-search-other?t_detail=1&t_selected_folderrsn=10141307,11248 LOST MAPLES TRAIL,NA,Austin,Texas,United States,2
11325 LOST MAPLES TRL,New Multi-Family Res Townhome -  BLDG 25 UNIT L (See 2012-063945),2008-05-05,1,2,11325 LOST MAPLES TRL,78748,5,NA,https://abc.austintexas.gov/web/permit/public-search-other?t_detail=1&t_selected_folderrsn=10141353,11325 LOST MAPLES TRAIL,NA,Austin,Texas,United States,2
11341 LOST MAPLES TRL,New Multi-Family Res Townhome BLDG 26 UNIT M. See #2012-017329,2008-05-05,1,2,11341 LOST MAPLES TRL,78748,5,NA,https://abc.austintexas.gov/web/permit/public-search-other?t_detail=1&t_selected_folderrsn=10141352,11341 LOST MAPLES TRAIL,NA,Austin,Texas,United States,2
11309 LOST MAPLES TRL,New Multi-Family Res Townhome -  BLDG 24 UNIT S **Voided permit new permit issued refer to pmt 2011-063748BP**,2008-05-05,1,2,11309 LOST MAPLES TRL,78748,5,NA,https://abc.austintexas.gov/web/permit/public-search-other?t_detail=1&t_selected_folderrsn=10141345,11309 LOST MAPLES TRAIL,NA,Austin,Texas,United States,2
11924 TERRAZA CIR,New Construction Multi-Family Residence Townhomes.,2008-05-07,2,2,11924 TERRAZA CIR,78726,10,NA,https://abc.austintexas.gov/web/permit/public-search-other?t_detail=1&t_selected_folderrsn=10144662,11924 TERRAZA CIR,NA,Austin,Texas,United States,2
11313 LOST MAPLES TRL,New Multi-Family Res Townhome - BLDG 24 UNIT L,2008-05-05,1,2,11313 LOST MAPLES TRL,78748,5,NA,https://abc.austintexas.gov/web/permit/public-search-other?t_detail=1&t_selected_folderrsn=10141347,11313 LOST MAPLES TRAIL,NA,Austin,Texas,United States,2
11200 BRIGHT LEAF TER,New Multi-Family Residential Townhome (4-PLEX BLDG 15  UNIT M)   **refer to pmt # 2011-100542**,2008-04-22,1,2,11200 BRIGHT LEAF TER,78748,5,NA,https://abc.austintexas.gov/web/permit/public-search-other?t_detail=1&t_selected_folderrsn=10134494,11200 BRIGHT LEAF TER,NA,Austin,Texas,United States,2
2907 BREEZE TER,New One story (850) Two Family Residential(LDC 25-2-774)( 3 off street parking required),2008-05-16,1,1,2907 BREEZE TER,78722,9,NA,https://abc.austintexas.gov/web/permit/public-search-other?t_detail=1&t_selected_folderrsn=10149091,2907 BREEZE TER,NA,Austin,Texas,United States,2
3007 SUNRIDGE DR,New 2 story sf res. Att 2 car garage covd front porch uncovd front balcony rear covd patio w/ uncovd deck above.,2008-04-15,1,2,3007 SUNRIDGE DR,78741,3,NA,https://abc.austintexas.gov/web/permit/public-search-other?t_detail=1&t_selected_folderrsn=10136488,3007 SUNRIDGE DRIVE,NA,Austin,Texas,United States,2
12124 TERRAZA CIR,**ref permit#2012-071827**New Construction Multi-Family Residence Townhomes.,2008-05-07,2,2,12124 TERRAZA CIR,78726,10,NA,https://abc.austintexas.gov/web/permit/public-search-other?t_detail=1&t_selected_folderrsn=10144647,12124 TERRAZA CIR,NA,Austin,Texas,United States,2
11928 TERRAZA CIR,New Construction Multi-Family Residence Townhomes.,2008-05-07,2,2,11928 TERRAZA CIR,78726,10,NA,https://abc.austintexas.gov/web/permit/public-search-other?t_detail=1&t_selected_folderrsn=10144661,11928 TERRAZA CIR,NA,Austin,Texas,United States,2
11909 TERRAZA CIR,"New construction Multi-Family Res. Townhomes.
refer to pmt#2014-004490",2008-05-07,4,3,11909 TERRAZA CIR,78726,10,NA,https://abc.austintexas.gov/web/permit/public-search-other?t_detail=1&t_selected_folderrsn=10144601,11909 TERRAZA CIR,NA,Austin,Texas,United States,2
11217 PERSIMMON GAP DR,New 1-story single-family residence attached garage covered porch and patio.  **VOL BUILD PROJECT**,2008-04-15,1,1,11217 PERSIMMON GAP DR,78717,6,NA,https://abc.austintexas.gov/web/permit/public-search-other?t_detail=1&t_selected_folderrsn=10136135,11217 PERSIMMON GAP DRIVE,NA,Austin,Texas,United States,2
3405 STEPHANS ST,New 2-story single-family residence attached garage covered porch.  **VOL BUILD PROJECT**,2008-04-11,1,2,3405 STEPHANS ST,78660,1,NA,https://abc.austintexas.gov/web/permit/public-search-other?t_detail=1&t_selected_folderrsn=10135369,3405 STREET, STEPHANS,Austin,Texas,United States,2
11129 BRIGHT LEAF TER,New Multi-Family Residential Townhome (4-PLEX BLDG 11 UNIT M),2008-04-22,1,2,11129 BRIGHT LEAF TER,78748,5,NA,https://abc.austintexas.gov/web/permit/public-search-other?t_detail=1&t_selected_folderrsn=10134490,11129 BRIGHT LEAF TER,NA,Austin,Texas,United States,2
11409 LOST MAPLES TRL,New Multi-Family Residential Townhome BLDG 27 UNIT M (See 2012-063759),2008-05-05,1,2,11409 LOST MAPLES TRL,78748,5,NA,https://abc.austintexas.gov/web/permit/public-search-other?t_detail=1&t_selected_folderrsn=10141337,11409 LOST MAPLES TRAIL,NA,Austin,Texas,United States,2
6807 COVERED BRIDGE DR,New 2-story single-family residence attached garage covered porch.   **VOL BUILD PROJECT**,2008-05-16,1,2,6807 COVERED BRIDGE DR,78736,8,NA,https://abc.austintexas.gov/web/permit/public-search-other?t_detail=1&t_selected_folderrsn=10149673,6807 COVERED BRIDGE DRIVE,NA,Austin,Texas,United States,2
11105 BRIGHT LEAF TER,New Multi-Family Residential Townhome (4-PLEX BLDG 10 UNIT B),2008-04-22,1,2,11105 BRIGHT LEAF TER,78748,5,NA,https://abc.austintexas.gov/web/permit/public-search-other?t_detail=1&t_selected_folderrsn=10134484,11105 BRIGHT LEAF TER,NA,Austin,Texas,United States,2
10916 BIDENS PL,New 2-story single-family residence attached garage covered porch and patio uncovered courtyard.  **VOL BUILD PROJECT**,2008-05-09,1,1,10916 BIDENS PL,78733,NA,NA,https://abc.austintexas.gov/web/permit/public-search-other?t_detail=1&t_selected_folderrsn=10146952,10916 BIDENS PLACE,NA,Austin,Texas,United States,2
11228 LOST MAPLES TRL,New Multi-Family Residential Townhome (4-PLEX BLDG 3 UNIT M),2008-04-22,1,2,11228 LOST MAPLES TRL,78748,5,NA,https://abc.austintexas.gov/web/permit/public-search-other?t_detail=1&t_selected_folderrsn=10134482,11228 LOST MAPLES TRAIL,NA,Austin,Texas,United States,2
12125 TERRAZA CIR,New construction Multi-Family Res. Townhomes.,2008-05-07,1,3,12125 TERRAZA CIR,78726,10,NA,https://abc.austintexas.gov/web/permit/public-search-other?t_detail=1&t_selected_folderrsn=10144621,12125 TERRAZA CIR,NA,Austin,Texas,United States,2
5002 DELORES AVE,New 1 story sf res. Covd front porch covd rear wood deck uncovd wood deck.,2008-03-18,1,1,5002 DELORES AVE,78721,1,NA,https://abc.austintexas.gov/web/permit/public-search-other?t_detail=1&t_selected_folderrsn=10125033,5002 DELORES AVE,NA,Austin,Texas,United States,2
6000 S CONGRESS AVE BLDG 9,NEW MULTI-FAMILY RESIDENTIAL TOWNHOMES,2008-03-17,3,3,6000 S CONGRESS AVE BLDG 9,78745,2,NA,https://abc.austintexas.gov/web/permit/public-search-other?t_detail=1&t_selected_folderrsn=10105600,6000 SOUTH CONGRESS AVE BLDG 9,NA,Austin,Texas,United States,2
2205 RIVINA DR,New 1-story single-family residence attached garage covered porch and patio.   **VOL BUILD PROJECT**,2008-04-04,1,1,2205 RIVINA DR,78733,NA,NA,https://abc.austintexas.gov/web/permit/public-search-other?t_detail=1&t_selected_folderrsn=10132609,2205 RIVINA DRIVE,NA,Austin,Texas,United States,2
2212 RIVINA DR,New 2-story single-family residence attached garage covered porch.   **VOL BUILD PROJECT**,2008-04-01,1,2,2212 RIVINA DR,78733,NA,NA,https://abc.austintexas.gov/web/permit/public-search-other?t_detail=1&t_selected_folderrsn=10130798,2212 RIVINA DRIVE,NA,Austin,Texas,United States,2
3314 THOMAS KINCHEON ST,New 1 story sf res.  Att 2 car garage w/ porte cochere to front covd front porch covd rear patio.,2008-03-11,1,1,3314 THOMAS KINCHEON ST,78745,8,NA,https://abc.austintexas.gov/web/permit/public-search-other?t_detail=1&t_selected_folderrsn=10122513,3314 THOMAS KINCHEON STREET,NA,Austin,Texas,United States,2
5328 AGATHA CIR,New Two story res w/att Garagew wood decks covered patiio & balcony,2008-03-10,1,2,5328 AGATHA CIR,78724,1,NA,https://abc.austintexas.gov/web/permit/public-search-other?t_detail=1&t_selected_folderrsn=10119556,5328 AGATHA CIR,NA,Austin,Texas,United States,2
7817 WISTERIA VALLEY DR,New 2-story single-family residence attached garage covered porch and patio.   **VOL BUILD PROJECT Bldg fee waived for Stratus Bank**,2008-03-07,1,2,7817 WISTERIA VALLEY DR,78739,8,NA,https://abc.austintexas.gov/web/permit/public-search-other?t_detail=1&t_selected_folderrsn=10120560,7817 WISTERIA VALLEY DRIVE,NA,Austin,Texas,United States,2
8205 KIRKWALL CV,New Swimming pool to complete Permit#03000537,2008-03-11,1,1,8205 KIRKWALL CV,78749,8,NA,https://abc.austintexas.gov/web/permit/public-search-other?t_detail=1&t_selected_folderrsn=10123630,8205 KIRKWALL CV,NA,Austin,Texas,United States,2
6000 S CONGRESS AVE BLDG 12,NEW MULTI-FAMILY RESIDENTIAL TOWNHOMES,2008-03-17,3,3,6000 S CONGRESS AVE BLDG 12,78745,2,NA,https://abc.austintexas.gov/web/permit/public-search-other?t_detail=1&t_selected_folderrsn=10105602,6000 SOUTH CONGRESS AVE BLDG 12,NA,Austin,Texas,United States,2
5340 AGATHA CIR,new 2 story sf res w cov porch and wood deck,2008-03-10,1,2,5340 AGATHA CIR,78724,1,NA,https://abc.austintexas.gov/web/permit/public-search-other?t_detail=1&t_selected_folderrsn=10037689,5340 AGATHA CIR,NA,Austin,Texas,United States,2
6000 S CONGRESS AVE BLDG 13,NEW MULTI-FAMILY RESIDENTIAL TOWNHOMES,2008-03-17,4,3,6000 S CONGRESS AVE BLDG 13,78745,2,NA,https://abc.austintexas.gov/web/permit/public-search-other?t_detail=1&t_selected_folderrsn=10105597,6000 SOUTH CONGRESS AVE BLDG 13,NA,Austin,Texas,United States,2
6000 S CONGRESS AVE BLDG 16,NEW MULTI-FAMILY RESIDENTIAL TOWNHOMES,2008-03-17,3,3,6000 S CONGRESS AVE BLDG 16,78745,2,NA,https://abc.austintexas.gov/web/permit/public-search-other?t_detail=1&t_selected_folderrsn=10105603,6000 SOUTH CONGRESS AVE BLDG 16,NA,Austin,Texas,United States,2
3905 CAL RODGERS ST,New 2-story single-family residence attached garage covered porch and patio (designated in the Mueller Development as a Yard House). **Smart Housing 62.5% Waived** See new permit #2008-018801,2008-02-29,1,2,3905 CAL RODGERS ST,78723,9,NA,https://abc.austintexas.gov/web/permit/public-search-other?t_detail=1&t_selected_folderrsn=10119037,3905 CAL RODGERS STREET,NA,Austin,Texas,United States,2
6013 TOSCANA AVE,New 2-story single-family residence attached garage covered porch.,2008-03-10,1,2,6013 TOSCANA AVE,78724,1,NA,https://abc.austintexas.gov/web/permit/public-search-other?t_detail=1&t_selected_folderrsn=10121301,6013 TOSCANA AVE,NA,Austin,Texas,United States,2
8009 ALOPHIA DR,New 2-story single-family residence attached garage covered porch and patio.  **VOL BUILD PROJECT**  Stratus Bank-Building Fee only waived**See 2012-073262 for repermit),2008-04-09,1,2,8009 ALOPHIA DR,78739,8,NA,https://abc.austintexas.gov/web/permit/public-search-other?t_detail=1&t_selected_folderrsn=10132954,8009 ALOPHIA DRIVE,NA,Austin,Texas,United States,2
4527 DEPEW AVE,New 2 story sf res.  Att rear 1 car garage covd front porch covd side patio. refer #2014-006669-BP,2008-04-10,1,2,4527 DEPEW AVE,78751,9,NA,https://abc.austintexas.gov/web/permit/public-search-other?t_detail=1&t_selected_folderrsn=10134979,4527 DEPEW AVE,NA,Austin,Texas,United States,2
2221 GILIA DR,New 2-story single-family residence attached garage covered porch and patio.  **VOL BUILD PROJECT**,2008-04-04,1,2,2221 GILIA DR,78733,NA,NA,https://abc.austintexas.gov/web/permit/public-search-other?t_detail=1&t_selected_folderrsn=10132562,2221 GILIA DRIVE,NA,Austin,Texas,United States,2
1004 JUNIPER ST,new two story sf res with covered porchsmart housing 100% waived,2008-03-24,1,2,1004 JUNIPER ST,78702,1,NA,https://abc.austintexas.gov/web/permit/public-search-other?t_detail=1&t_selected_folderrsn=10127961,1004 JUNIPER STREET,NA,Austin,Texas,United States,2
6000 S CONGRESS AVE BLDG 10,NEW MULTI-FAMILY RESIDENTIAL TOWNHOMES,2008-03-17,3,3,6000 S CONGRESS AVE BLDG 10,78745,2,NA,https://abc.austintexas.gov/web/permit/public-search-other?t_detail=1&t_selected_folderrsn=10105601,6000 SOUTH CONGRESS AVE BLDG 10,NA,Austin,Texas,United States,2
2224 GILIA DR,New 1-story single-family residence attached garage covered porch and patio.  **VOL BUILD PROJECT**,2008-04-01,1,1,2224 GILIA DR,78733,NA,NA,https://abc.austintexas.gov/web/permit/public-search-other?t_detail=1&t_selected_folderrsn=10130781,2224 GILIA DRIVE,NA,Austin,Texas,United States,2
1407 KENDALIA ST,New 2 Sty Condo W/ Attached Garage & Covd Porch.  (Unit 349),2008-03-10,1,2,1407 KENDALIA ST,78748,5,NA,https://abc.austintexas.gov/web/permit/public-search-other?t_detail=1&t_selected_folderrsn=10123052,1407 KENDALIA STREET,NA,Austin,Texas,United States,2
6000 S CONGRESS AVE BLDG 11,NEW MULTI-FAMILY RESIDENTIAL TOWNHOMES,2008-03-17,4,3,6000 S CONGRESS AVE BLDG 11,78745,2,NA,https://abc.austintexas.gov/web/permit/public-search-other?t_detail=1&t_selected_folderrsn=10105589,6000 SOUTH CONGRESS AVE BLDG 11,NA,Austin,Texas,United States,2
11528 CHERISSE DR,New 2-story single-family residence attached garage covered porch and patio.   **VOL BUILD PROJECT**,2008-03-27,1,2,11528 CHERISSE DR,78739,8,NA,https://abc.austintexas.gov/web/permit/public-search-other?t_detail=1&t_selected_folderrsn=10127591,11528 CHERISSE DRIVE,NA,Austin,Texas,United States,2
6000 S CONGRESS AVE BLDG 15,NEW MULTI-FAMILY RESIDENTIAL TOWNHOMES,2008-03-17,4,3,6000 S CONGRESS AVE BLDG 15,78745,2,NA,https://abc.austintexas.gov/web/permit/public-search-other?t_detail=1&t_selected_folderrsn=10105598,6000 SOUTH CONGRESS AVE BLDG 15,NA,Austin,Texas,United States,2
1304 WOODLAND AVE,Det 2 story two-family residential (2 bdrm 1.5 bath) w/ 1st floor covd screened porch.(cottage),2008-03-03,1,2,1304 WOODLAND AVE,78704,9,NA,https://abc.austintexas.gov/web/permit/public-search-other?t_detail=1&t_selected_folderrsn=10119340,1304 WOODLAND AVE,NA,Austin,Texas,United States,2
7309 JABORANDI DR,New 1-story single-family residence attached garage covered porch and patio.  **VOL BUILD PROJECT**  STRATUS BANK*BUILDING WAIVED NOT TRADES**,2008-04-09,1,1,7309 JABORANDI DR,78739,8,NA,https://abc.austintexas.gov/web/permit/public-search-other?t_detail=1&t_selected_folderrsn=10132989,7309 JABORANDI DRIVE,NA,Austin,Texas,United States,2
6900 VILLITA CV,new 1 story sf urban home w cov porch **SMART House**100%waived (See 2008-076153),2008-03-14,1,1,6900 VILLITA CV,78741,3,NA,https://abc.austintexas.gov/web/permit/public-search-other?t_detail=1&t_selected_folderrsn=10124418,6900 VILLITA CV,NA,Austin,Texas,United States,2
2203 NEW YORK AVE,New Manufactured Home w/ covered porch & wood deck & steps,2008-03-27,1,1,2203 NEW YORK AVE,78702,1,NA,https://abc.austintexas.gov/web/permit/public-search-other?t_detail=1&t_selected_folderrsn=10129547,2203 NEW YORK AVE,NA,Austin,Texas,United States,2
6000 S CONGRESS AVE BLDG 19,NEW MULTI-FAMILY RESIDENTIAL TOWNHOMES,2008-03-17,4,3,6000 S CONGRESS AVE BLDG 19,78745,2,NA,https://abc.austintexas.gov/web/permit/public-search-other?t_detail=1&t_selected_folderrsn=10105592,6000 SOUTH CONGRESS AVE BLDG 19,NA,Austin,Texas,United States,2
6000 S CONGRESS AVE BLDG 20,NEW MULTI-FAMILY RESIDENTIAL TOWNHOMES,2008-03-17,4,3,6000 S CONGRESS AVE BLDG 20,78745,2,NA,https://abc.austintexas.gov/web/permit/public-search-other?t_detail=1&t_selected_folderrsn=10105593,6000 SOUTH CONGRESS AVE BLDG 20,NA,Austin,Texas,United States,2
6000 S CONGRESS AVE BLDG 14,NEW MULTI-FAMILY RESIDENTIAL TOWNHOMES,2008-03-17,4,3,6000 S CONGRESS AVE BLDG 14,78745,2,NA,https://abc.austintexas.gov/web/permit/public-search-other?t_detail=1&t_selected_folderrsn=10105590,6000 SOUTH CONGRESS AVE BLDG 14,NA,Austin,Texas,United States,2
6000 S CONGRESS AVE BLDG 17,NEW MULTI-FAMILY RESIDENTIAL TOWNHOMES,2008-03-17,4,3,6000 S CONGRESS AVE BLDG 17,78745,2,NA,https://abc.austintexas.gov/web/permit/public-search-other?t_detail=1&t_selected_folderrsn=10105591,6000 SOUTH CONGRESS AVE BLDG 17,NA,Austin,Texas,United States,2
6000 S CONGRESS AVE BLDG 7,NEW MULTI-FAMILY RESIDENTIAL TOWNHOMES,2008-03-17,3,3,6000 S CONGRESS AVE BLDG 7,78745,2,NA,https://abc.austintexas.gov/web/permit/public-search-other?t_detail=1&t_selected_folderrsn=10105599,6000 SOUTH CONGRESS AVE BLDG 7,NA,Austin,Texas,United States,2
6000 S CONGRESS AVE BLDG 8,NEW MULTI-FAMILY RESIDENTIAL TOWNHOMES,2008-03-17,4,3,6000 S CONGRESS AVE BLDG 8,78745,2,NA,https://abc.austintexas.gov/web/permit/public-search-other?t_detail=1&t_selected_folderrsn=10105588,6000 SOUTH CONGRESS AVE BLDG 8,NA,Austin,Texas,United States,2
1104 VASQUEZ ST,New Manufactured home w/att porch & steps (Demolition #                         ),2008-03-17,1,1,1104 VASQUEZ ST,78741,3,NA,https://abc.austintexas.gov/web/permit/public-search-other?t_detail=1&t_selected_folderrsn=10125097,1104 VASQUEZ STREET,NA,Austin,Texas,United States,2
6000 S CONGRESS AVE BLDG 18,NEW MULTI-FAMILY RESIDENTIAL TOWNHOMES,2008-03-17,2,3,6000 S CONGRESS AVE BLDG 18,78745,2,NA,https://abc.austintexas.gov/web/permit/public-search-other?t_detail=1&t_selected_folderrsn=10105604,6000 SOUTH CONGRESS AVE BLDG 18,NA,Austin,Texas,United States,2
14205 MARATHON RD,New 1-story single-family residence attached garage covered porch and patio.   **VOL BUILD PROJECT**,2008-03-28,1,1,14205 MARATHON RD,78717,6,NA,https://abc.austintexas.gov/web/permit/public-search-other?t_detail=1&t_selected_folderrsn=10130224,14205 MARATHON ROAD,NA,Austin,Texas,United States,2
1100 TILLERY ST,Withdraw application and re submitted under 2009-12889BP. New two story res w/att covered patio & deck ( 2.5 bahtrooms 5/8 meter),2008-03-19,1,2,1100 TILLERY ST,78702,3,NA,https://abc.austintexas.gov/web/permit/public-search-other?t_detail=1&t_selected_folderrsn=10126324,1100 TILLERY STREET,NA,Austin,Texas,United States,2
200 KISSING OAK DR,New 1-story single-family residence attached garage covered porch.   **VOL BUILD PROJECT**,2008-03-11,1,1,200 KISSING OAK DR,78748,5,NA,https://abc.austintexas.gov/web/permit/public-search-other?t_detail=1&t_selected_folderrsn=10123704,200 KISSING OAK DRIVE,NA,Austin,Texas,United States,2
10813 GAILLARDIA DR,New 2-story single-family residence attached garage covered porch and patio covered balcony.   **VOL BUILD PROJECT**,2008-04-01,1,2,10813 GAILLARDIA DR,78733,NA,NA,https://abc.austintexas.gov/web/permit/public-search-other?t_detail=1&t_selected_folderrsn=10131002,10813 GAILLARDIA DRIVE,NA,Austin,Texas,United States,2
1612 S 3RD ST,new two story duplex,2008-03-20,2,2,1612 S 3RD ST,78704,9,NA,https://abc.austintexas.gov/web/permit/public-search-other?t_detail=1&t_selected_folderrsn=10126836,1612 SOUTH 3RD STREET,NA,Austin,Texas,United States,2
2311 THRASHER LN,New Manufactured homes w/concrete steps,2008-01-18,1,1,2311 THRASHER LN,78741,3,NA,https://abc.austintexas.gov/web/permit/public-search-other?t_detail=1&t_selected_folderrsn=10107742,2311 THRASHER LANE,NA,Austin,Texas,United States,2
15424 INTERLACHEN DR,New 2-story single-family residence attached garage covered porch.    **VOL BUILD PROJECT**,2008-02-26,1,2,15424 INTERLACHEN DR,78717,NA,NA,https://abc.austintexas.gov/web/permit/public-search-other?t_detail=1&t_selected_folderrsn=10118213,15424 INTERLACHEN DRIVE,NA,Austin,Texas,United States,2
8610 CULLEN LN BLDG B,"add New manufactured home & sunroom to create accessory apartment LDC  25-2-901 (A)& upgrade electric service 
(existing manufactured home on pmt #97-001828)",2008-02-19,2,1,8610 CULLEN LN BLDG B,78748,2,NA,https://abc.austintexas.gov/web/permit/public-search-other?t_detail=1&t_selected_folderrsn=10116248,8610 CULLEN LANE BLDG B,NA,Austin,Texas,United States,2
1216 CASEY ST,New Two Story Duplex W/ Attached Carport. CovD Porches & Storage Room. Units A& B,2008-01-16,2,2,1216 CASEY ST,78745,5,NA,https://abc.austintexas.gov/web/permit/public-search-other?t_detail=1&t_selected_folderrsn=10063651,1216 CASEY STREET,NA,Austin,Texas,United States,2
5613 TERRAVISTA DR,**ref permiT#2010-082515**New 3 story sf res (2 floors and basement).  Att 2 car garage garage storage uncovd wood deck covd front porch covd rear patio basement storage.,2008-02-05,1,3,5613 TERRAVISTA DR,78735,8,NA,https://abc.austintexas.gov/web/permit/public-search-other?t_detail=1&t_selected_folderrsn=10111819,5613 TERRAVISTA DRIVE,NA,Austin,Texas,United States,2
10509 WYLIE DR,Unit #338 New 2 Stry Condo w/attached garage-porch,2008-02-22,1,2,10509 WYLIE DR,78748,5,NA,https://abc.austintexas.gov/web/permit/public-search-other?t_detail=1&t_selected_folderrsn=10117724,10509 WYLIE DRIVE,NA,Austin,Texas,United States,2
6104 MAGNUS ST,New 1-story single-family residence attached garage covered porch and patio.   **VOL BUILD PROJECT**  (See 2009-012028),2008-01-25,1,1,6104 MAGNUS ST,78754,1,NA,https://abc.austintexas.gov/web/permit/public-search-other?t_detail=1&t_selected_folderrsn=10109236,6104 MAGNUS STREET,NA,Austin,Texas,United States,2
10509 PREZIA DR,New 2-story single-family residence attached garage covered porch and patio.   **VOL BUILD PROJECT**,2008-01-30,1,2,10509 PREZIA DR,78733,NA,NA,https://abc.austintexas.gov/web/permit/public-search-other?t_detail=1&t_selected_folderrsn=10110638,10509 PREZIA DRIVE,NA,Austin,Texas,United States,2
3405 BLUMIE ST,"new 1 story sf res w att garage and cov porch/patio
**Voided Permit New Permit Issued Refer to Permit Number 2009-023184BP**",2008-01-16,1,1,3405 BLUMIE ST,78745,8,NA,https://abc.austintexas.gov/web/permit/public-search-other?t_detail=1&t_selected_folderrsn=10106535,3405 BLUMIE STREET,NA,Austin,Texas,United States,2
10505 PREZIA DR,New 2-story single-family residence attached garage covered porch and patio.,2008-02-08,1,2,10505 PREZIA DR,78733,NA,NA,https://abc.austintexas.gov/web/permit/public-search-other?t_detail=1&t_selected_folderrsn=10113430,10505 PREZIA DRIVE,NA,Austin,Texas,United States,2
7703 STEPHANY TAYLOR CV,New 1 story SF res w/ att. garage covd patio & covd porch,2008-01-29,1,1,7703 STEPHANY TAYLOR CV,78745,5,NA,https://abc.austintexas.gov/web/permit/public-search-other?t_detail=1&t_selected_folderrsn=10110054,7703 TAYLOR CV, STEPHANY,Austin,Texas,United States,2
1216 CASEY ST,New Two Story Sf Res W/ Attached Carport CovD Porch & Storage Room. Unit G & H,2008-01-16,2,2,1216 CASEY ST,78745,5,NA,https://abc.austintexas.gov/web/permit/public-search-other?t_detail=1&t_selected_folderrsn=10064048,1216 CASEY STREET,NA,Austin,Texas,United States,2
12328 PALOMA BLANCA WAY,New 2-story single-family residence attached garage covered porch.   **RESOLUTION #000420-76 WAIVES FEES FOR THIS SMART HOUSING PROJECT**.,2008-02-01,1,2,12328 PALOMA BLANCA WAY,78617,2,NA,https://abc.austintexas.gov/web/permit/public-search-other?t_detail=1&t_selected_folderrsn=10111033,12328 PALOMA BLANCA WAY,NA,Austin,Texas,United States,2
1216 CASEY ST,New Two Story Duplex W/ Attached Carport & Covd Porch Unit E & F,2008-01-16,2,2,1216 CASEY ST,78745,5,NA,https://abc.austintexas.gov/web/permit/public-search-other?t_detail=1&t_selected_folderrsn=10063580,1216 CASEY STREET,NA,Austin,Texas,United States,2
1216 CASEY ST,New Two Story Duplex W/ Attached Carport CovD Porch & Storage Building Units K& L,2008-01-16,2,2,1216 CASEY ST,78745,5,NA,https://abc.austintexas.gov/web/permit/public-search-other?t_detail=1&t_selected_folderrsn=10063152,1216 CASEY STREET,NA,Austin,Texas,United States,2
10502 GEORGIAN DR,"Relocate 1 story sf res from 1705 Justin onto lot.  Construct new att carport.
**VOIDED PMT REFER TO NEW PMT# 2008-072135**",2008-02-25,1,1,10502 GEORGIAN DR,78753,4,NA,https://abc.austintexas.gov/web/permit/public-search-other?t_detail=1&t_selected_folderrsn=10113302,10502 GEORGIAN DRIVE,NA,Austin,Texas,United States,2
5921 TOSCANA AVE,new 2 story sf res w covered porches,2008-02-26,1,2,5921 TOSCANA AVE,78724,1,NA,https://abc.austintexas.gov/web/permit/public-search-other?t_detail=1&t_selected_folderrsn=10118337,5921 TOSCANA AVE,NA,Austin,Texas,United States,2
3403 BLUMIE ST,"new 1 story w att garage and cov porch/patio
**Voided Permit New Permit  Issued Refer to Pmt# 2009-023081BP",2008-01-16,1,1,3403 BLUMIE ST,78745,8,NA,https://abc.austintexas.gov/web/permit/public-search-other?t_detail=1&t_selected_folderrsn=10105388,3403 BLUMIE STREET,NA,Austin,Texas,United States,2
3700 RIVERCREST DR,new three story single family residence with attached garage covered porch and tower loft; 4/8/2008 - addition of 754 sf of driveway impervious coverage added. total impervious coverage is 47.3% - jfg **2014-089699-BP**,2008-02-21,1,3,3700 RIVERCREST DR,78746,10,NA,https://abc.austintexas.gov/web/permit/public-search-other?t_detail=1&t_selected_folderrsn=10117279,3700 RIVERCREST DRIVE,NA,Austin,Texas,United States,2
1104 CHRISTIE DR,New 2 story duplex att 1 car garage att 1 car carport covd front porch covd rear patio (all each unit 3 bdrm 2.5 bath each unit).,2008-02-13,2,2,1104 CHRISTIE DR,78721,3,NA,https://abc.austintexas.gov/web/permit/public-search-other?t_detail=1&t_selected_folderrsn=10114741,1104 CHRISTIE DRIVE,NA,Austin,Texas,United States,2
1216 CASEY ST,New two story Duplex w/ attached carport covd porch & storage. Units I & J,2008-01-16,2,2,1216 CASEY ST,78745,5,NA,https://abc.austintexas.gov/web/permit/public-search-other?t_detail=1&t_selected_folderrsn=10064421,1216 CASEY STREET,NA,Austin,Texas,United States,2
5321 ENGLISH GLADE DR,New 1-story single-family residence attached garage covered porch and patio.   **VOL BUILD PROJECT**   100%  See Permit #2008-008372 for final permit.****,2008-01-24,1,1,5321 ENGLISH GLADE DR,78724,1,NA,https://abc.austintexas.gov/web/permit/public-search-other?t_detail=1&t_selected_folderrsn=10108835,5321 ENGLISH GLADE DRIVE,NA,Austin,Texas,United States,2
10609 STRAW FLOWER DR,New 2-story single-family residence attached garage covered porch and patio.   **VOL BUILD PROJECT**,2008-02-08,1,2,10609 STRAW FLOWER DR,78733,NA,NA,https://abc.austintexas.gov/web/permit/public-search-other?t_detail=1&t_selected_folderrsn=10113502,10609 STRAW FLOWER DRIVE,NA,Austin,Texas,United States,2
1216 CASEY ST,New Two Story Duplex With Attached Carport Covered Patios And Attached Storage Rooms Units C & D,2008-01-16,2,2,1216 CASEY ST,78745,5,NA,https://abc.austintexas.gov/web/permit/public-search-other?t_detail=1&t_selected_folderrsn=10063626,1216 CASEY STREET,NA,Austin,Texas,United States,2
11401 CHERISSE DR,new one story res w/att garage covered porch & uncovered patio  (2 bathrooms 5/8 meter) (Volume Builder),2008-01-17,1,1,11401 CHERISSE DR,78739,8,NA,https://abc.austintexas.gov/web/permit/public-search-other?t_detail=1&t_selected_folderrsn=10107082,11401 CHERISSE DRIVE,NA,Austin,Texas,United States,2
6008 MAGNUS ST,New 2-story single-family residence attached garage covered porch and patio.   **VOL BUILD PROJECT** (See 2008-081537),2008-01-25,1,2,6008 MAGNUS ST,78754,1,NA,https://abc.austintexas.gov/web/permit/public-search-other?t_detail=1&t_selected_folderrsn=10109324,6008 MAGNUS STREET,NA,Austin,Texas,United States,2
14204 NARUNA WAY,New 2-story single-family residence attached garage covered porch and patio.   **VOL BUILD PROJECT**,2008-01-29,1,2,14204 NARUNA WAY,78660,NA,NA,https://abc.austintexas.gov/web/permit/public-search-other?t_detail=1&t_selected_folderrsn=10095800,14204 NARUNA WAY,NA,Austin,Texas,United States,2
901 BOULDIN AVE,**VOID see 2014-063527 R**New 2 story Duplex w/ attached garage covd porch and roof garden with exterior access  w/ 5 bedrooms and 5 bathrooms must provide 5 off-street parking spaces,2008-02-12,2,2,901 BOULDIN AVE,78704,9,NA,https://abc.austintexas.gov/web/permit/public-search-other?t_detail=1&t_selected_folderrsn=10108664,901 BOULDIN AVE,NA,Austin,Texas,United States,2
10612 PREZIA DR,New 2-story single-family residence attached garage covered porch and patio covered balcony.   **VOL BUILD PROJECT**,2008-02-08,1,2,10612 PREZIA DR,78733,NA,NA,https://abc.austintexas.gov/web/permit/public-search-other?t_detail=1&t_selected_folderrsn=10113480,10612 PREZIA DRIVE,NA,Austin,Texas,United States,2
14317 NARUNA WAY,New 2-story single-family residence attached garage covered porch.   **VOL BUILD PROJECT**,2008-01-29,1,2,14317 NARUNA WAY,78660,NA,NA,https://abc.austintexas.gov/web/permit/public-search-other?t_detail=1&t_selected_folderrsn=10095789,14317 NARUNA WAY,NA,Austin,Texas,United States,2
10900 CANFIELD DR,New 1-story single-family residence attached garage covered porch/entry foyer and lanai.  **VOL BUILD PROJECT**,2007-11-28,1,2,10900 CANFIELD DR,78739,8,NA,https://abc.austintexas.gov/web/permit/public-search-other?t_detail=1&t_selected_folderrsn=10093303,10900 CANFIELD DRIVE,NA,Austin,Texas,United States,2
1800 NORTHWOOD RD,New two story Sf Res w/ attached garage uncovd wood deck front porch covd patio & covd 2nd story deck.    **refer to pmt # 2011-039868**,2008-01-11,1,2,1800 NORTHWOOD RD,78703,10,NA,https://abc.austintexas.gov/web/permit/public-search-other?t_detail=1&t_selected_folderrsn=10105035,1800 NORTHWOOD ROAD,NA,Austin,Texas,United States,2
5825 SILVER SCREEN DR,New 2-story single-family residence attached garage covered porch and patio.   **RESOLUTION #000420-76 WAIVES FEES FOR THIS SMART HOUSING PROJECT**.,2007-12-19,1,2,5825 SILVER SCREEN DR,78747,2,NA,https://abc.austintexas.gov/web/permit/public-search-other?t_detail=1&t_selected_folderrsn=10099205,5825 SILVER SCREEN DRIVE,NA,Austin,Texas,United States,2
639 W DITTMAR RD,new one story res (1 bathroom 5/8 meter),2007-11-26,1,1,639 W DITTMAR RD,78748,2,NA,https://abc.austintexas.gov/web/permit/public-search-other?t_detail=1&t_selected_folderrsn=10081901,639 WEST DITTMAR ROAD,NA,Austin,Texas,United States,2
2105 RALEIGH AVE,new two story sf res with covered patio and covered porch,2008-01-04,1,2,2105 RALEIGH AVE,78703,10,NA,https://abc.austintexas.gov/web/permit/public-search-other?t_detail=1&t_selected_folderrsn=10103113,2105 RALEIGH AVE,NA,Austin,Texas,United States,2
5921 SILVER SCREEN DR,New 2-story single-family residence attached garage covered porch and patio.   **RESOLUTION #000420-76 WAIVES FEES FOR THIS SMART HOUSING PROJECT**. Reference permit # 2008-058594,2007-12-27,1,2,5921 SILVER SCREEN DR,78747,2,NA,https://abc.austintexas.gov/web/permit/public-search-other?t_detail=1&t_selected_folderrsn=10101024,5921 SILVER SCREEN DRIVE,NA,Austin,Texas,United States,2
10913 CANFIELD DR,New 2-story single-family residence attached garage covered porch and patio covered wood deck.  **VOL BUILD PROJECT**,2007-12-03,1,2,10913 CANFIELD DR,78739,8,NA,https://abc.austintexas.gov/web/permit/public-search-other?t_detail=1&t_selected_folderrsn=10094062,10913 CANFIELD DRIVE,NA,Austin,Texas,United States,2
5917 SILVER SCREEN DR,New 2-story single-family residence attached garage covered porch and patio.   **RESOLUTION #000420-76 WAIVES FEES FOR THIS SMART HOUSING PROJECT**.,2007-12-27,1,2,5917 SILVER SCREEN DR,78747,2,NA,https://abc.austintexas.gov/web/permit/public-search-other?t_detail=1&t_selected_folderrsn=10100999,5917 SILVER SCREEN DRIVE,NA,Austin,Texas,United States,2
8901 CORNISH HEN CV,New 2-story single-family residence attached garage covered porch.   **RESOLUTION #000420-76 WAIVES FEES FOR THIS SMART HOUSING PROJECT**.100%,2008-01-02,1,2,8901 CORNISH HEN CV,78747,2,NA,https://abc.austintexas.gov/web/permit/public-search-other?t_detail=1&t_selected_folderrsn=10101892,8901 CORNISH HEN CV,NA,Austin,Texas,United States,2
404 CHINESE ELM CT,New 1-story single-family residence attached garage covered porch.   **VOL BUILD PROJECT**,2007-12-10,1,1,404 CHINESE ELM CT,78748,5,NA,https://abc.austintexas.gov/web/permit/public-search-other?t_detail=1&t_selected_folderrsn=10095611,404 CHINESE ELM CT,NA,Austin,Texas,United States,2
5913 SILVER SCREEN DR,New 2-story single-family residence attached garage covered porch and patio.   **RESOLUTION #000420-76 WAIVES FEES FOR THIS SMART HOUSING PROJECT**. ( See 2007-173763),2007-12-26,1,2,5913 SILVER SCREEN DR,78747,2,NA,https://abc.austintexas.gov/web/permit/public-search-other?t_detail=1&t_selected_folderrsn=10100842,5913 SILVER SCREEN DRIVE,NA,Austin,Texas,United States,2
14116 NARUNA WAY,New 2 story sf res. att 2 car garage covd front porch.,2007-12-13,1,2,14116 NARUNA WAY,78660,NA,NA,https://abc.austintexas.gov/web/permit/public-search-other?t_detail=1&t_selected_folderrsn=10095897,14116 NARUNA WAY,NA,Austin,Texas,United States,2
4005 CAMACHO ST,New 2-story single-family residence attached garage covered porch and patio.  **RESOLUTION #000420-76 WAIVES FEES FOR THIS SMART HOUSING PROJECT**. 62.5%         **Refer to pmt# 2009-021064 for new construction**,2007-12-18,1,2,4005 CAMACHO ST,78723,9,NA,https://abc.austintexas.gov/web/permit/public-search-other?t_detail=1&t_selected_folderrsn=10094500,4005 CAMACHO STREET,NA,Austin,Texas,United States,2
1911 E 8TH ST,"New 1-story single-family residence covered front porch and uncovered side porch/stoop.
****Please see attachement for request to reactivate permit.  Unable to locate GC 05/20/2013 @11:39AM****",2008-01-03,1,1,1911 E 8TH ST,78702,1,NA,https://abc.austintexas.gov/web/permit/public-search-other?t_detail=1&t_selected_folderrsn=10102626,1911 EAST 8TH STREET,NA,Austin,Texas,United States,2
12128 TIMBER HEIGHTS DR,New 2-story single-family residence attached garage covered porch and patio.   **VOL BUILD PROJECT**,2007-12-26,1,2,12128 TIMBER HEIGHTS DR,78754,1,NA,https://abc.austintexas.gov/web/permit/public-search-other?t_detail=1&t_selected_folderrsn=10100469,12128 TIMBER HEIGHTS DRIVE,NA,Austin,Texas,United States,2
1405 MORGAN LN UNIT A,New 2-story Duplex residence attached garages covered porches.,2007-11-20,2,2,1405 MORGAN LN UNIT A,78704,5,NA,https://abc.austintexas.gov/web/permit/public-search-other?t_detail=1&t_selected_folderrsn=10091713,1405 MORGAN LANE UNIT A,NA,Austin,Texas,United States,2
2512 E 10TH ST,"Move 1 story sf res w/ covd front porch onto lot (relo from 711 W Live Oak).
**Voided permit new permit issued refer to pmt 2010-030569BP**",2007-12-07,1,1,2512 E 10TH ST,78702,1,NA,https://abc.austintexas.gov/web/permit/public-search-other?t_detail=1&t_selected_folderrsn=10096163,2512 EAST 10TH STREET,NA,Austin,Texas,United States,2
15500 ECHO HILLS DR,New two story res w/att garage covered patio & covered porch ( 3 bathrooms 5/8 meter) (Escrow Volume Builder),2008-01-03,1,2,15500 ECHO HILLS DR,78717,6,NA,https://abc.austintexas.gov/web/permit/public-search-other?t_detail=1&t_selected_folderrsn=10091673,15500 ECHO HILLS DRIVE,NA,Austin,Texas,United States,2
5925 SILVER SCREEN DR,New 1-story single-family residence attached garage covered porch and patio.   **RESOLUTION #000420-76 WAIVES FEES FOR THIS SMART HOUSING PROJECT**. (See 2008-058589),2007-12-27,1,1,5925 SILVER SCREEN DR,78747,2,NA,https://abc.austintexas.gov/web/permit/public-search-other?t_detail=1&t_selected_folderrsn=10101014,5925 SILVER SCREEN DRIVE,NA,Austin,Texas,United States,2
5612 ZACHARY SCOTT ST,New 1-story single-family residence attached garage covered porch and patio.   **RESOLUTION #000420-76 WAIVES FEES FOR THIS SMART HOUSING PROJECT**.,2007-12-27,1,1,5612 ZACHARY SCOTT ST,78747,2,NA,https://abc.austintexas.gov/web/permit/public-search-other?t_detail=1&t_selected_folderrsn=10100984,5612 ZACHARY SCOTT STREET,NA,Austin,Texas,United States,2
9707 ANDERSON MILL RD BLDG 35,NEW DETACHED GARAGE (See permit #07174209 for Condo permit),2007-12-31,1,1,9707 ANDERSON MILL RD BLDG 35,78750,6,NA,https://abc.austintexas.gov/web/permit/public-search-other?t_detail=1&t_selected_folderrsn=10101474,9707 ANDERSON MILL ROAD BLDG 35,NA,Austin,Texas,United States,2
400 CELERY LOOP,New 2-story single-family residence attached garage covered porch and patio.,2008-01-11,1,2,400 CELERY LOOP,78748,2,NA,https://abc.austintexas.gov/web/permit/public-search-other?t_detail=1&t_selected_folderrsn=10104754,400 CELERY LOOP,NA,Austin,Texas,United States,2
10804 STRAW FLOWER DR,New 2-story single-family residence attached garage covered porch and patio.   **VOL BUILD PROJECT**,2008-01-11,1,2,10804 STRAW FLOWER DR,78733,NA,NA,https://abc.austintexas.gov/web/permit/public-search-other?t_detail=1&t_selected_folderrsn=10100408,10804 STRAW FLOWER DRIVE,NA,Austin,Texas,United States,2
1908 TOM MILLER ST,New 2-story single-family residence attached garage covered porch and patio covered balcony.   **RESOLUTION #000420-76 WAIVES 62.5%FEES FOR THIS SMART HOUSING PROJECT**. **refer to pmt # 08-005878**,2007-12-21,1,2,1908 TOM MILLER ST,78723,9,NA,https://abc.austintexas.gov/web/permit/public-search-other?t_detail=1&t_selected_folderrsn=10099128,1908 TOM MILLER STREET,NA,Austin,Texas,United States,2
813 MAHOMET DR,New 1 story sf res. att 2 car garage covd front porch.,2007-11-27,1,1,813 MAHOMET DR,78660,NA,NA,https://abc.austintexas.gov/web/permit/public-search-other?t_detail=1&t_selected_folderrsn=10092881,813 MAHOMET DRIVE,NA,Austin,Texas,United States,2
4009 CAMACHO ST,New 2-story single-family residence attached garage covered porch and patio uncovered balcony.   **RESOLUTION #000420-76 WAIVES FEES FOR THIS SMART HOUSING PROJECT-62.5% Fee Waived**.,2007-12-04,1,2,4009 CAMACHO ST,78723,9,NA,https://abc.austintexas.gov/web/permit/public-search-other?t_detail=1&t_selected_folderrsn=10094682,4009 CAMACHO STREET,NA,Austin,Texas,United States,2
8212 DENALI PKWY,new Swimming pool & spa,2007-12-20,1,0,8212 DENALI PKWY,78726,10,NA,https://abc.austintexas.gov/web/permit/public-search-other?t_detail=1&t_selected_folderrsn=10100060,8212 DENALI PKWY,NA,Austin,Texas,United States,2
2032 ANTONE ST,"new 2-story sf yard house. Att garage covd front porch/patio/breezeway 
**Smart Housing 62.5% Waived**",2007-12-10,1,2,2032 ANTONE ST,78723,9,NA,https://abc.austintexas.gov/web/permit/public-search-other?t_detail=1&t_selected_folderrsn=10095856,2032 ANTONE STREET,NA,Austin,Texas,United States,2
6319 S PLEASANT VALLEY RD,Move new 1 story sf manufactured home onto lot.,2007-12-20,1,1,6319 S PLEASANT VALLEY RD,78744,2,NA,https://abc.austintexas.gov/web/permit/public-search-other?t_detail=1&t_selected_folderrsn=10099826,6319 SOUTH PLEASANT VALLEY ROAD,NA,Austin,Texas,United States,2
2324 GILIA DR,New 2-story single-family residence attached garage covered porch and patio.,2008-01-11,1,2,2324 GILIA DR,78733,NA,NA,https://abc.austintexas.gov/web/permit/public-search-other?t_detail=1&t_selected_folderrsn=10101370,2324 GILIA DRIVE,NA,Austin,Texas,United States,2
14313 NARUNA WAY,New 1 story sf res. att 2 car garage covd front porch covd rear patio.,2007-12-05,1,1,14313 NARUNA WAY,78660,NA,NA,https://abc.austintexas.gov/web/permit/public-search-other?t_detail=1&t_selected_folderrsn=10095059,14313 NARUNA WAY,NA,Austin,Texas,United States,2
5616 ZACHARY SCOTT ST,New 1-story single-family residence attached garage covered porch and patio.   **RESOLUTION #000420-76 WAIVES FEES FOR THIS SMART HOUSING PROJECT**.**Refer to pmt# 2008-053638**,2007-12-27,1,1,5616 ZACHARY SCOTT ST,78747,2,NA,https://abc.austintexas.gov/web/permit/public-search-other?t_detail=1&t_selected_folderrsn=10100920,5616 ZACHARY SCOTT STREET,NA,Austin,Texas,United States,2
5909 SILVER SCREEN DR,New 2-story single-family residence attached garage covered porch and patio.   **RESOLUTION #000420-76 WAIVES FEES FOR THIS SMART HOUSING PROJECT**.,2007-12-26,1,2,5909 SILVER SCREEN DR,78747,2,NA,https://abc.austintexas.gov/web/permit/public-search-other?t_detail=1&t_selected_folderrsn=10100928,5909 SILVER SCREEN DRIVE,NA,Austin,Texas,United States,2
2021 MC CLOSKEY ST,"New 2-story single-family residence attached garage covered porch and patio covered balcony.   **RESOLUTION #000420-76 WAIVES 62.5%FEES FOR THIS SMART HOUSING PROJECT**.
**REF permit#2009-020369***",2007-12-14,1,2,2021 MC CLOSKEY ST,78723,9,NA,https://abc.austintexas.gov/web/permit/public-search-other?t_detail=1&t_selected_folderrsn=10097921,2021 MC CLOSKEY STREET,NA,Austin,Texas,United States,2
10920 CANFIELD DR,New 2-story single-family residence attached garage covered porch.  **VOL BUILD PROJECT**,2007-12-04,1,2,10920 CANFIELD DR,78739,8,NA,https://abc.austintexas.gov/web/permit/public-search-other?t_detail=1&t_selected_folderrsn=10083346,10920 CANFIELD DRIVE,NA,Austin,Texas,United States,2
807 WALLER ST,new 3 story sf res w att garage uncovered balcony and uncovered stoop,2008-01-11,1,3,807 WALLER ST,78702,1,NA,https://abc.austintexas.gov/web/permit/public-search-other?t_detail=1&t_selected_folderrsn=10104242,807 WALLER STREET,NA,Austin,Texas,United States,2
5620 ZACHARY SCOTT ST,New 2-story single-family residence attached garage covered porch and patio.   **RESOLUTION #000420-76 WAIVES FEES FOR THIS SMART HOUSING PROJECT**.**Refer to pmt # 2008-053619 for new con.**,2008-01-04,1,2,5620 ZACHARY SCOTT ST,78747,2,NA,https://abc.austintexas.gov/web/permit/public-search-other?t_detail=1&t_selected_folderrsn=10099420,5620 ZACHARY SCOTT STREET,NA,Austin,Texas,United States,2
10500 AVERY CLUB DR BLDG 28,New Two Story res w/att garage covered patio & covered porch,2007-12-10,1,2,10500 AVERY CLUB DR BLDG 28,78717,6,NA,https://abc.austintexas.gov/web/permit/public-search-other?t_detail=1&t_selected_folderrsn=10095542,10500 AVERY CLUB DRIVE BLDG 28,NA,Austin,Texas,United States,2
6808 VALBURN DR,New Temporary Construction Trailer (6 months),2007-12-19,1,1,6808 VALBURN DR,78731,10,NA,https://abc.austintexas.gov/web/permit/public-search-other?t_detail=1&t_selected_folderrsn=10099691,6808 VALBURN DRIVE,NA,Austin,Texas,United States,2
14200 NARUNA WAY,New 1 story sf res.  att 2 car garage covd front porch covd rear patio.,2007-12-14,1,1,14200 NARUNA WAY,78660,NA,NA,https://abc.austintexas.gov/web/permit/public-search-other?t_detail=1&t_selected_folderrsn=10096716,14200 NARUNA WAY,NA,Austin,Texas,United States,2
14208 NARUNA WAY,New 1 story sf res. att 2 car garage covd front porch.,2007-11-27,1,1,14208 NARUNA WAY,78660,NA,NA,https://abc.austintexas.gov/web/permit/public-search-other?t_detail=1&t_selected_folderrsn=10092894,14208 NARUNA WAY,NA,Austin,Texas,United States,2
1312 DELANO ST,New 1 story sf res.  covd front porch uncovd rear wood deck w/ steps to grade uncovd side wood deck w/ steps to grade.   **refer to pmt # 2012-113556**,2007-12-06,1,1,1312 DELANO ST,78721,1,NA,https://abc.austintexas.gov/web/permit/public-search-other?t_detail=1&t_selected_folderrsn=10095547,1312 DELANO STREET,NA,Austin,Texas,United States,2
200 KISSING OAK DR,New 1-story single-family residence attached garage covered porch.   **VOL BUILD PROJECT**,2007-12-19,1,1,200 KISSING OAK DR,78748,5,NA,https://abc.austintexas.gov/web/permit/public-search-other?t_detail=1&t_selected_folderrsn=10099292,200 KISSING OAK DRIVE,NA,Austin,Texas,United States,2
2111 ALTA VISTA AVE UNIT B,New two Story res w/att carport & covered deck (1st fl 2 bedrooms bath kitchen diningroom carport & covered deck & 2nd fl bedroom closet bathroom & vault (2.5 Bathrooms 5/8 meter),2007-10-29,1,2,2111 ALTA VISTA AVE UNIT B,78704,9,NA,https://abc.austintexas.gov/web/permit/public-search-other?t_detail=1&t_selected_folderrsn=10085791,2111 ALTA VISTA AVE UNIT B,NA,Austin,Texas,United States,2
6033 KELSING CV,New 2-story single-family residence attached garage covered porch and patio covered balcony.  **VOL BUILD PROJECT**,2007-11-06,1,2,6033 KELSING CV,78735,8,NA,https://abc.austintexas.gov/web/permit/public-search-other?t_detail=1&t_selected_folderrsn=10080511,6033 KELSING CV,NA,Austin,Texas,United States,2
12101 BUZZ SCHNEIDER LN,New 1-story single-family residence attached garage covered porch and patio.   **VOL BUILD PROJECT**,2007-11-08,1,1,12101 BUZZ SCHNEIDER LN,78748,5,NA,https://abc.austintexas.gov/web/permit/public-search-other?t_detail=1&t_selected_folderrsn=10088823,12101 BUZZ SCHNEIDER LANE,NA,Austin,Texas,United States,2
9001 QUICK STREAM DR,"New 2 story sf res w/ att garage covd patio & covd porch

No longer Smart Housing per Steve Barney 10/24/2007cc

**Ref permit#2008-084767**",2007-11-08,1,2,9001 QUICK STREAM DR,78724,1,NA,https://abc.austintexas.gov/web/permit/public-search-other?t_detail=1&t_selected_folderrsn=10081407,9001 QUICK STREAM DRIVE,NA,Austin,Texas,United States,2
3604 BRIDLE PATH,REFER TO CONDITIONS: new three story res w/att garage covered porch covered patio (basement included) new three story res w/att garage covered porch covered patio (basement included),2007-10-31,1,3,3604 BRIDLE PATH,78703,10,NA,https://abc.austintexas.gov/web/permit/public-search-other?t_detail=1&t_selected_folderrsn=10086861,3604 BRIDLE PATH,NA,Austin,Texas,United States,2
11116 MUDDLER CV,New 2-story single-family residence attached garage covered porch and patio.,2007-10-23,1,2,11116 MUDDLER CV,78733,NA,NA,https://abc.austintexas.gov/web/permit/public-search-other?t_detail=1&t_selected_folderrsn=10083416,11116 MUDDLER CV,NA,Austin,Texas,United States,2
14221 NARUNA WAY,New 1 story sf res. att garage covd front porch.,2007-11-13,1,1,14221 NARUNA WAY,78660,7,NA,https://abc.austintexas.gov/web/permit/public-search-other?t_detail=1&t_selected_folderrsn=10089474,14221 NARUNA WAY,NA,Austin,Texas,United States,2
11612 CHERISSE DR,New 2 story sf. res. w/ att. garage covd patio & covd porch.,2007-11-07,1,2,11612 CHERISSE DR,78739,8,NA,https://abc.austintexas.gov/web/permit/public-search-other?t_detail=1&t_selected_folderrsn=10054330,11612 CHERISSE DRIVE,NA,Austin,Texas,United States,2
15500 ECHO HILLS DR,new two story res w/att garage & porch (3.5 bathrooms 3/4 meter),2007-10-31,1,2,15500 ECHO HILLS DR,78717,6,NA,https://abc.austintexas.gov/web/permit/public-search-other?t_detail=1&t_selected_folderrsn=10086375,15500 ECHO HILLS DRIVE,NA,Austin,Texas,United States,2
11428 CHERISSE DR,New 2-story single-family residence attached garage covered porch and patio.   **VOL BUILD PROJECT**  Stratus Bank*Bldg Waived*Not Trades**,2007-11-16,1,2,11428 CHERISSE DR,78739,8,NA,https://abc.austintexas.gov/web/permit/public-search-other?t_detail=1&t_selected_folderrsn=10088942,11428 CHERISSE DRIVE,NA,Austin,Texas,United States,2
2017 KINNEY AVE,new two story duplex w/att garage with breezeway & covered patio ^^^^see expired permit 07-160369-bp^^^^refer #2010-040383-BP,2007-10-23,2,2,2017 KINNEY AVE,78704,9,NA,https://abc.austintexas.gov/web/permit/public-search-other?t_detail=1&t_selected_folderrsn=10083543,2017 KINNEY AVE,NA,Austin,Texas,United States,2
12221 SKY HARBOR DR,new 1 story sf res w att garage and cov porch/patio. SMART Housing 100%,2007-10-17,1,1,12221 SKY HARBOR DR,78617,2,NA,https://abc.austintexas.gov/web/permit/public-search-other?t_detail=1&t_selected_folderrsn=10081794,12221 SKY HARBOR DRIVE,NA,Austin,Texas,United States,2
5133 BANTOM WOODS BND,New 2-story single-family residence attached garage covered porch.   **VOL BUILD PROJECT**SMART HOUSING**,2007-11-13,1,2,5133 BANTOM WOODS BND,78724,1,NA,https://abc.austintexas.gov/web/permit/public-search-other?t_detail=1&t_selected_folderrsn=10089479,5133 BANTOM WOODS BND,NA,Austin,Texas,United States,2
6729 DERBY DOWNS DR,new 1 story sf res w att garage and cov porch. **SMART Housing-100% fees waived**,2007-10-24,1,1,6729 DERBY DOWNS DR,78747,2,NA,https://abc.austintexas.gov/web/permit/public-search-other?t_detail=1&t_selected_folderrsn=10084068,6729 DERBY DOWNS DRIVE,NA,Austin,Texas,United States,2
12229 SKY HARBOR DR,new 1 story sf res w att garage and cov porch/patio.  SMART Housing,2007-10-16,1,1,12229 SKY HARBOR DR,78617,2,NA,https://abc.austintexas.gov/web/permit/public-search-other?t_detail=1&t_selected_folderrsn=10081493,12229 SKY HARBOR DRIVE,NA,Austin,Texas,United States,2
10500 AVERY CLUB DR BLDG 31,new two story res w/att garage covered patio & covered porch (3 bathrooms 5/8 meter),2007-10-25,1,2,10500 AVERY CLUB DR BLDG 31,78717,6,NA,https://abc.austintexas.gov/web/permit/public-search-other?t_detail=1&t_selected_folderrsn=10083699,10500 AVERY CLUB DRIVE BLDG 31,NA,Austin,Texas,United States,2
5307 AVENUE G,New 2.5 story sf res. att garage covd porch covd patio uncovd balcony.,2007-10-26,1,3,5307 AVENUE G,78751,4,NA,https://abc.austintexas.gov/web/permit/public-search-other?t_detail=1&t_selected_folderrsn=10025861,5307 AVENUE G,NA,Austin,Texas,United States,2
1405 MORGAN LN UNIT B,New 2-story Duplex residence attached garages covered porches.,2007-11-20,2,2,1405 MORGAN LN UNIT B,78704,5,NA,https://abc.austintexas.gov/web/permit/public-search-other?t_detail=1&t_selected_folderrsn=10091672,1405 MORGAN LANE UNIT B,NA,Austin,Texas,United States,2
1021 W MILTON ST,sf res w/att carport poch patio and balcony,2007-10-12,1,3,1021 W MILTON ST,78704,9,NA,https://abc.austintexas.gov/web/permit/public-search-other?t_detail=1&t_selected_folderrsn=10026643,1021 WEST MILTON STREET,NA,Austin,Texas,United States,2
7429 BONNIEBROOK DR,new 2 story sf res w att garage and cov porch/patio,2007-11-16,1,2,7429 BONNIEBROOK DR,78735,8,NA,https://abc.austintexas.gov/web/permit/public-search-other?t_detail=1&t_selected_folderrsn=10090732,7429 BONNIEBROOK DRIVE,NA,Austin,Texas,United States,2
1211 NEWNING AVE,New two story res w/att carport & 1st fl & 2nd fl decks ((Demolition 2007-16-491 PR) ( 3 & 1/2 bathrooms 3/4 meter)   refer# 2012-056595-BP,2007-11-16,1,2,1211 NEWNING AVE,78704,9,NA,https://abc.austintexas.gov/web/permit/public-search-other?t_detail=1&t_selected_folderrsn=10091185,1211 NEWNING AVE,NA,Austin,Texas,United States,2
3007 PATIO CIR,new two story single family residence with att gar covered porch covered patio and uncovered concrete deck; Greenshores Utility to provide plumbing inspection services for this address; Tree Ordinance Review requires the planting of 14 caliper inches (minimum 2 in width per tree) prior to obtaining Certificate of Occupancy in addition to prescribed treatment from a Certified Arborist. Prior to development applicant agrees to supply a root zone mulch layer and maintain tree protection fencing (chain link five foot in height) providing the utmost root zone protection.,2007-10-16,1,2,3007 PATIO CIR,78730,10,NA,https://abc.austintexas.gov/web/permit/public-search-other?t_detail=1&t_selected_folderrsn=10078040,3007 PATIO CIR,NA,Austin,Texas,United States,2
3408 CALADIUM CIR,New 2 story sf res w/ att. garage and covd porch,2007-11-07,1,2,3408 CALADIUM CIR,78748,5,NA,https://abc.austintexas.gov/web/permit/public-search-other?t_detail=1&t_selected_folderrsn=10088276,3408 CALADIUM CIR,NA,Austin,Texas,United States,2
2216 GILIA DR,new 2 story sf res w att garage and cov porch/patio,2007-10-16,1,2,2216 GILIA DR,78733,NA,NA,https://abc.austintexas.gov/web/permit/public-search-other?t_detail=1&t_selected_folderrsn=10081402,2216 GILIA DRIVE,NA,Austin,Texas,United States,2
7529 HARLOW DR,New one story Sf Res w/ attached garage.,2007-10-24,1,1,7529 HARLOW DR,78739,8,NA,https://abc.austintexas.gov/web/permit/public-search-other?t_detail=1&t_selected_folderrsn=10083239,7529 HARLOW DRIVE,NA,Austin,Texas,United States,2
1411 LUNA ST,new 1 story sf res w covered and uncovered wood decks,2007-11-20,1,1,1411 LUNA ST,78721,1,NA,https://abc.austintexas.gov/web/permit/public-search-other?t_detail=1&t_selected_folderrsn=10054787,1411 LUNA STREET,NA,Austin,Texas,United States,2
303 W ANNIE ST,refer#2010-008411-BP New two story SF Res w/ attached carport covd porch & covd patio,2007-10-23,1,2,303 W ANNIE ST,78704,9,NA,https://abc.austintexas.gov/web/permit/public-search-other?t_detail=1&t_selected_folderrsn=10081817,303 WEST ANNIE STREET,NA,Austin,Texas,United States,2
6820 DERBY DOWNS DR,New 2-story single-family residence attached garage covered porch.   **RESOLUTION #000420-76 WAIVES FEES FOR THIS SMART HOUSING PROJECT**.,2007-11-19,1,2,6820 DERBY DOWNS DR,78747,2,NA,https://abc.austintexas.gov/web/permit/public-search-other?t_detail=1&t_selected_folderrsn=10091229,6820 DERBY DOWNS DRIVE,NA,Austin,Texas,United States,2
9707 ANDERSON MILL RD BLDG 14,new 1 stry condo w/att garage cvd. porch ESPA-289-144 FFE-964 BATHROOMS-2BATH=5/8 (See 2008-090418),2007-11-13,1,1,9707 ANDERSON MILL RD BLDG 14,78750,6,NA,https://abc.austintexas.gov/web/permit/public-search-other?t_detail=1&t_selected_folderrsn=10089972,9707 ANDERSON MILL ROAD BLDG 14,NA,Austin,Texas,United States,2
12225 SKY HARBOR DR,new 2 story sf res w att garage and cov porch/patio. SMART Housing 100%,2007-10-17,1,2,12225 SKY HARBOR DR,78617,2,NA,https://abc.austintexas.gov/web/permit/public-search-other?t_detail=1&t_selected_folderrsn=10081776,12225 SKY HARBOR DRIVE,NA,Austin,Texas,United States,2
6000 PERLITA DR,new 1 story sf res w att garage and cov porch/patio  /////// preexisting structures were removed facts unknown new property owner at present rebuilding large portions of subdivision,2007-10-11,1,1,6000 PERLITA DR,78724,1,NA,https://abc.austintexas.gov/web/permit/public-search-other?t_detail=1&t_selected_folderrsn=10068621,6000 PERLITA DRIVE,NA,Austin,Texas,United States,2
11112 MUDDLER CV,New 2-story single-family residence attached garage covered porch and patio.  **VOL BUILD PROJECT**,2007-10-23,1,2,11112 MUDDLER CV,78733,NA,NA,https://abc.austintexas.gov/web/permit/public-search-other?t_detail=1&t_selected_folderrsn=10083458,11112 MUDDLER CV,NA,Austin,Texas,United States,2
1937 ANTONE ST,New 1 story sf yard house. att garage covd patio covd porch. Smart Housing 62.5% waived,2007-10-18,1,1,1937 ANTONE ST,78723,9,NA,https://abc.austintexas.gov/web/permit/public-search-other?t_detail=1&t_selected_folderrsn=10081106,1937 ANTONE STREET,NA,Austin,Texas,United States,2
10800 CANFIELD DR,New one story SF Res w/ attached garaage & covd porch,2007-10-23,1,2,10800 CANFIELD DR,78739,8,NA,https://abc.austintexas.gov/web/permit/public-search-other?t_detail=1&t_selected_folderrsn=10083266,10800 CANFIELD DRIVE,NA,Austin,Texas,United States,2
8900 CORNISH HEN CV,New 2-story single-family residence attached garage covered porch.  **RESOLUTION #000420-76 WAIVES FEES FOR THIS SMART HOUSING PROJECT**.,2007-11-05,1,2,8900 CORNISH HEN CV,78747,2,NA,https://abc.austintexas.gov/web/permit/public-search-other?t_detail=1&t_selected_folderrsn=10080614,8900 CORNISH HEN CV,NA,Austin,Texas,United States,2
1003 S 3RD ST,New 2 story duplex. att 2 car and att 1 car garages. covd front porch covd patios covd balconies w/ ext stairs to uncovd roof deck. **VOIDED PERMIT DEMO PERMIT SUBMITTED FOR FULL DEMO**,2007-09-12,2,2,1003 S 3RD ST,78704,9,NA,https://abc.austintexas.gov/web/permit/public-search-other?t_detail=1&t_selected_folderrsn=10071180,1003 SOUTH 3RD STREET,NA,Austin,Texas,United States,2
2300 DORIS DR,"new two story duplex w/att garage covered porch (Demolition#2007 122103)  Customer requested W/WW refund. lshaw
ref #11-067458",2007-10-05,2,2,2300 DORIS DR,78757,4,NA,https://abc.austintexas.gov/web/permit/public-search-other?t_detail=1&t_selected_folderrsn=10077725,2300 DORIS DRIVE,NA,Austin,Texas,United States,2
6820 FINKLEA CV,new two story single family residence with att gar and covered porch and uncovered patio  **refer to pmt# 2012-095685**,2007-09-20,1,2,6820 FINKLEA CV,78730,10,NA,https://abc.austintexas.gov/web/permit/public-search-other?t_detail=1&t_selected_folderrsn=10073507,6820 FINKLEA CV,NA,Austin,Texas,United States,2
5338 SENDERO HILLS PKWY,New two story res w/att garage & uncovered decks ( 2 bathrooms 5/8 meter) (S.M.A.R.T Housing) waive 100%. Required preliminary inspections performed on original building permit #06-007501.,2007-09-25,1,1,5338 SENDERO HILLS PKWY,78724,1,NA,https://abc.austintexas.gov/web/permit/public-search-other?t_detail=1&t_selected_folderrsn=10075049,5338 SENDERO HILLS PKWY,NA,Austin,Texas,United States,2
1007 TAULBEE LN Bldg 2 unit C & D,"New two story Duplex w/ attached carport covd patio & covd porch
ref permit #2008-027066 BP Bldg 2 unit C & D",2007-09-24,2,2,1007 TAULBEE LN BLDG 2 UNIT C,78757,7,NA,https://abc.austintexas.gov/web/permit/public-search-other?t_detail=1&t_selected_folderrsn=10057725,1007 TAULBEE LANE BLDG 2 UNIT C,NA,Austin,Texas,United States,2
502 LELAND ST,new 2 strory sf res w att garage and covered patio and balcony - see comment section about upgrade of meter and service,2007-08-28,1,21,502 LELAND ST,78704,9,NA,https://abc.austintexas.gov/web/permit/public-search-other?t_detail=1&t_selected_folderrsn=10066334,502 LELAND STREET,NA,Austin,Texas,United States,2
1403 BRANDT DR,**ref permit#2009-060867**New 1-story single-family residence attached garage covered porch.,2007-09-11,1,1,1403 BRANDT DR,78742,2,NA,https://abc.austintexas.gov/web/permit/public-search-other?t_detail=1&t_selected_folderrsn=10069729,1403 BRANDT DRIVE,NA,Austin,Texas,United States,2
1005 TOYATH ST,new 2 story sf res w att garage and cov porch,2007-09-18,1,2,1005 TOYATH ST,78703,9,NA,https://abc.austintexas.gov/web/permit/public-search-other?t_detail=1&t_selected_folderrsn=10070765,1005 TOYATH STREET,NA,Austin,Texas,United States,2
10709 CAP STONE DR,New 2 story SF residence attached garage covered porch,2007-10-05,1,2,10709 CAP STONE DR,78739,8,NA,https://abc.austintexas.gov/web/permit/public-search-other?t_detail=1&t_selected_folderrsn=10078253,10709 CAP STONE DRIVE,NA,Austin,Texas,United States,2
9604 SPANISH WELLS DR,New 2 story sf res. att garage covd patio covd porch.,2007-09-21,1,2,9604 SPANISH WELLS DR,78717,6,NA,https://abc.austintexas.gov/web/permit/public-search-other?t_detail=1&t_selected_folderrsn=10073829,9604 SPANISH WELLS DRIVE,NA,Austin,Texas,United States,2
12000 TIMBER HEIGHTS DR,New 2-story single-family residence attached garage covered patio.  **VOL BUILD PROJECT**,2007-09-06,1,2,12000 TIMBER HEIGHTS DR,78754,1,NA,https://abc.austintexas.gov/web/permit/public-search-other?t_detail=1&t_selected_folderrsn=10069191,12000 TIMBER HEIGHTS DRIVE,NA,Austin,Texas,United States,2
1921 LITTLEFIELD ST,New 1-story single-family residence attached garage covered porch.  **RESOLUTION #000420-76 WAIVES FEES FOR THIS SMART HOUSING PROJECT**. See new permit #2007-150513 BP,2007-08-28,1,1,1921 LITTLEFIELD ST,78723,9,NA,https://abc.austintexas.gov/web/permit/public-search-other?t_detail=1&t_selected_folderrsn=10066335,1921 LITTLEFIELD STREET,NA,Austin,Texas,United States,2
12412 SKY HARBOR DR,New 1 story sf res. att garage covd porch. SMART HOUSING 100%,2007-09-21,1,1,12412 SKY HARBOR DR,78617,2,NA,https://abc.austintexas.gov/web/permit/public-search-other?t_detail=1&t_selected_folderrsn=10073104,12412 SKY HARBOR DRIVE,NA,Austin,Texas,United States,2
1406 GORHAM ST,New two story SF Res w/ attached garage covd porch & covd patio,2007-09-17,1,2,1406 GORHAM ST,78758,7,NA,https://abc.austintexas.gov/web/permit/public-search-other?t_detail=1&t_selected_folderrsn=10067297,1406 GORHAM STREET,NA,Austin,Texas,United States,2
2711 CREST AVE,New 2 story sf res. att garage covd and uncovd 1st floor rear wood deck patio uncovd 2nd floor rear wood deck balcony.,2007-10-03,1,2,2711 CREST AVE,78702,1,NA,https://abc.austintexas.gov/web/permit/public-search-other?t_detail=1&t_selected_folderrsn=10061717,2711 CREST AVE,NA,Austin,Texas,United States,2
10916 CANFIELD DR,New 2-story single-family residence attached garage covered porch.  **VOL BUILD PROJECT**  refer#08-046980-BP,2007-09-06,1,2,10916 CANFIELD DR,78739,8,NA,https://abc.austintexas.gov/web/permit/public-search-other?t_detail=1&t_selected_folderrsn=10065939,10916 CANFIELD DRIVE,NA,Austin,Texas,United States,2
4519 DEPEW AVE,New 2 story two-family residential w/ detached garage (attached to two-family building).,2007-09-24,1,2,4519 DEPEW AVE,78751,9,NA,https://abc.austintexas.gov/web/permit/public-search-other?t_detail=1&t_selected_folderrsn=10064313,4519 DEPEW AVE,NA,Austin,Texas,United States,2
1009 TAULBEE LN Bldg 2 unit G & H,new two story duplex w/att carports covered patios covered porches Bldg 2 unit G & H,2007-09-24,2,2,1009 TAULBEE LN BLDG 2 UNIT G,78757,7,NA,https://abc.austintexas.gov/web/permit/public-search-other?t_detail=1&t_selected_folderrsn=10057737,1009 TAULBEE LANE BLDG 2 UNIT G,NA,Austin,Texas,United States,2
4112 CAMACHO ST,New 1 story Yard House w/ att. garage and covd patio **S.M.A.R.T Housing*(62.5% waived),2007-09-27,1,1,4112 CAMACHO ST,78723,9,NA,https://abc.austintexas.gov/web/permit/public-search-other?t_detail=1&t_selected_folderrsn=10075413,4112 CAMACHO STREET,NA,Austin,Texas,United States,2
1914 GARDEN ST,New 2 story secondary apartment special use (25-2-1461). 2 car detached garage on 1st floor w/ ext stairs to 2nd floor apartment (1 bdrm/1 bath).,2007-09-25,1,2,1914 GARDEN ST,78702,3,NA,https://abc.austintexas.gov/web/permit/public-search-other?t_detail=1&t_selected_folderrsn=10075153,1914 GARDEN STREET,NA,Austin,Texas,United States,2
1917 ZACH SCOTT ST,New 2-story single-family residence attached garage covered porch and patio.  **RESOLUTION #000420-76 WAIVES FEES FOR THIS SMART HOUSING PROJECT**.,2007-08-28,1,2,1917 ZACH SCOTT ST,78723,9,NA,https://abc.austintexas.gov/web/permit/public-search-other?t_detail=1&t_selected_folderrsn=10066401,1917 ZACH SCOTT STREET,NA,Austin,Texas,United States,2
4400 EDGEMONT DR,"inground swimming pool and spa w req enclosure device for sf res
refer to permit#2013-068551 BP",2007-07-18,1,1,4400 EDGEMONT DR,78731,10,NA,https://abc.austintexas.gov/web/permit/public-search-other?t_detail=1&t_selected_folderrsn=10053336,4400 EDGEMONT DRIVE,NA,Austin,Texas,United States,2
7901 W ROGERS LN,new manufactured homes w/stairs  ( ** Refer to PMT# 2008-050805BP**),2007-07-20,1,1,7901 W ROGERS LN,78724,1,NA,https://abc.austintexas.gov/web/permit/public-search-other?t_detail=1&t_selected_folderrsn=10054032,7901 WEST ROGERS LANE,NA,Austin,Texas,United States,2
1707 SANCHEZ ST UNIT E & F,New 2 story duplex. att garage covd porch balconies at ends of units uncovd roof terrace above garage. (See Demo 2011-050192),2007-08-10,2,2,1707 SANCHEZ ST UNIT E,78702,1,NA,https://abc.austintexas.gov/web/permit/public-search-other?t_detail=1&t_selected_folderrsn=738590,1707 SANCHEZ STREET UNIT EAST,NA,Austin,Texas,United States,2
14815 AVERY RANCH BLVD BLDG 21,New triplex apartments,2007-08-02,3,2,14815 AVERY RANCH BLVD BLDG 21,78717,6,NA,https://abc.austintexas.gov/web/permit/public-search-other?t_detail=1&t_selected_folderrsn=10057407,14815 AVERY RANCH BOULEVARD BLDG 21,NA,Austin,Texas,United States,2
1707 SANCHEZ ST UNIT C & D,See final demo permit #2011-050192BP New 2 story duplex. att garage covd porch balconies at ends of units uncovd roof terrace above garage.,2007-08-10,2,2,1707 SANCHEZ ST UNIT C,78702,1,NA,https://abc.austintexas.gov/web/permit/public-search-other?t_detail=1&t_selected_folderrsn=737705,1707 SANCHEZ STREET UNIT C,NA,Austin,Texas,United States,2
1900 TOM MILLER ST,New 2 story sf res. att garage covd porch. SMART HOUSING,2007-08-09,1,2,1900 TOM MILLER ST,78723,9,NA,https://abc.austintexas.gov/web/permit/public-search-other?t_detail=1&t_selected_folderrsn=10060786,1900 TOM MILLER STREET,NA,Austin,Texas,United States,2
11425 FLUSHWING DR,New 1 story sf res. att garage covd porch covd patio.,2007-07-19,1,1,11425 FLUSHWING DR,78754,1,NA,https://abc.austintexas.gov/web/permit/public-search-other?t_detail=1&t_selected_folderrsn=10053604,11425 FLUSHWING DRIVE,NA,Austin,Texas,United States,2
10809 STRAW FLOWER DR,"new two story res w/att garage covered patio & porch ( 3 & 2-1/2 bathrooms 3/4 meter) 
**ref 2008-027811**",2007-08-03,1,2,10809 STRAW FLOWER DR,78733,NA,NA,https://abc.austintexas.gov/web/permit/public-search-other?t_detail=1&t_selected_folderrsn=10056289,10809 STRAW FLOWER DRIVE,NA,Austin,Texas,United States,2
1908 OAK MOTTE LN,Move on 1 story sf mobile home (68x16).,2007-08-27,1,1,1908 OAK MOTTE LN,78744,2,NA,https://abc.austintexas.gov/web/permit/public-search-other?t_detail=1&t_selected_folderrsn=10066125,1908 OAK MOTTE LANE,NA,Austin,Texas,United States,2
1132 BROOKSWOOD AVE,new manufactured home w/steps,2007-08-16,1,1,1132 BROOKSWOOD AVE,78721,3,NA,https://abc.austintexas.gov/web/permit/public-search-other?t_detail=1&t_selected_folderrsn=10062904,1132 BROOKSWOOD AVE,NA,Austin,Texas,United States,2
1729 STROBEL LN,New 2-story single-family residence attached garage covered porch and patio.  **VOL BUILD PROJECT**,2007-08-24,1,2,1729 STROBEL LN,78748,5,NA,https://abc.austintexas.gov/web/permit/public-search-other?t_detail=1&t_selected_folderrsn=10065413,1729 STROBEL LANE,NA,Austin,Texas,United States,2
1403 E 13TH ST,Withdrawn permit - Applicant S. Turner will not be proceeding with proposed project at this time 6/17/08 per MHH. New 2 story SF res. Covd porch uncovd wood deck detached garage.,2007-07-20,1,2,1403 E 13TH ST,78702,1,NA,https://abc.austintexas.gov/web/permit/public-search-other?t_detail=1&t_selected_folderrsn=10016633,1403 EAST 13TH STREET,NA,Austin,Texas,United States,2
1707 SANCHEZ ST UNIT A & B,See final demo permit 2011-050192**New 2 story duplex. att garage covd porch uncovd roof terrace above garage balconies on ends of units.,2007-08-10,2,2,1707 SANCHEZ ST UNIT A,78702,1,NA,https://abc.austintexas.gov/web/permit/public-search-other?t_detail=1&t_selected_folderrsn=737637,1707 SANCHEZ STREET UNIT A,NA,Austin,Texas,United States,2
7612 ESPINA DR,New 2-story single-family residence attached garage covered porch and patio.  **VOL BUILD PROJECT**,2007-08-24,1,2,7612 ESPINA DR,78739,8,NA,https://abc.austintexas.gov/web/permit/public-search-other?t_detail=1&t_selected_folderrsn=10065588,7612 ESPINA DRIVE,NA,Austin,Texas,United States,2
11108 MUDDLER CV,New 1 story sf res. att garage covd patio covd porch.,2007-07-24,1,1,11108 MUDDLER CV,78733,NA,NA,https://abc.austintexas.gov/web/permit/public-search-other?t_detail=1&t_selected_folderrsn=10055296,11108 MUDDLER CV,NA,Austin,Texas,United States,2
10924 DESERT WILLOW LOOP,New 2-story single-family residence attached garage covered porch and patio.  **VOL BUILD PROJECT**  (See 08-037123),2007-08-13,1,2,10924 DESERT WILLOW LOOP,78748,5,NA,https://abc.austintexas.gov/web/permit/public-search-other?t_detail=1&t_selected_folderrsn=10061267,10924 DESERT WILLOW LOOP,NA,Austin,Texas,United States,2
3904 AVENUE G,new detached 1st fl storage & 2nd fl effiecency apt & stairs & wood deck ( 3 off street parking) (Original permit #43510 2-10-50) (Demoliton#                   )(land status ok per hector avila),2007-08-17,1,2,3904 AVENUE G,78751,9,NA,https://abc.austintexas.gov/web/permit/public-search-other?t_detail=1&t_selected_folderrsn=10063287,3904 AVENUE G,NA,Austin,Texas,United States,2
6033 KELSING CV,New 2-story single-family residence attached garage covered porch.,2007-07-30,1,2,6033 KELSING CV,78735,8,NA,https://abc.austintexas.gov/web/permit/public-search-other?t_detail=1&t_selected_folderrsn=10056989,6033 KELSING CV,NA,Austin,Texas,United States,2
2100 WAYWARD SUN DR,New one story SF Res w/ attached garage & covd porch,2007-07-24,1,1,2100 WAYWARD SUN DR,78754,1,NA,https://abc.austintexas.gov/web/permit/public-search-other?t_detail=1&t_selected_folderrsn=10054392,2100 WAYWARD SUN DRIVE,NA,Austin,Texas,United States,2
10916 DESERT WILLOW LOOP,new one story sf res with att gar covrd porch & patio,2007-07-23,1,1,10916 DESERT WILLOW LOOP,78748,5,NA,https://abc.austintexas.gov/web/permit/public-search-other?t_detail=1&t_selected_folderrsn=10054401,10916 DESERT WILLOW LOOP,NA,Austin,Texas,United States,2
1912 WAYWARD SUN DR,New 1 story sf res. att garage covd porch.,2007-08-10,1,1,1912 WAYWARD SUN DR,78754,1,NA,https://abc.austintexas.gov/web/permit/public-search-other?t_detail=1&t_selected_folderrsn=10059653,1912 WAYWARD SUN DRIVE,NA,Austin,Texas,United States,2
8901 CORNISH HEN CV,New 2-story single-family residence attached garage covered porch.  **SMART HOUSE**  **RESOLUTION #000420-76 WAIVES FEES FOR THIS SMART HOUSING PROJECT**.,2007-08-20,1,2,8901 CORNISH HEN CV,78747,2,NA,https://abc.austintexas.gov/web/permit/public-search-other?t_detail=1&t_selected_folderrsn=10062808,8901 CORNISH HEN CV,NA,Austin,Texas,United States,2
7516 BRECOURT MANOR WAY,new two story sf res with att gar and covrd porch,2007-07-24,1,2,7516 BRECOURT MANOR WAY,78739,8,NA,https://abc.austintexas.gov/web/permit/public-search-other?t_detail=1&t_selected_folderrsn=10052078,7516 BRECOURT MANOR WAY,NA,Austin,Texas,United States,2
2002 WILLOW ST,New 2 story secondary apartment w/ carport on 1st floor. Ext stairs to uncovd balcony to access 2nd floor apartment.,2007-07-27,1,2,2002 WILLOW ST,78702,3,NA,https://abc.austintexas.gov/web/permit/public-search-other?t_detail=1&t_selected_folderrsn=10056714,2002 WILLOW STREET,NA,Austin,Texas,United States,2
7525 BRECOURT MANOR WAY,new two story sf res with att gar covrd porch,2007-07-24,1,2,7525 BRECOURT MANOR WAY,78739,8,NA,https://abc.austintexas.gov/web/permit/public-search-other?t_detail=1&t_selected_folderrsn=10052110,7525 BRECOURT MANOR WAY,NA,Austin,Texas,United States,2
121 MORNING PRIMROSE CT,"New 1 story sf res. att garage covd porch.
ref pwrmit#2008-042685",2007-07-23,1,1,121 MORNING PRIMROSE CT,78748,5,NA,https://abc.austintexas.gov/web/permit/public-search-other?t_detail=1&t_selected_folderrsn=10054354,121 MORNING PRIMROSE CT,NA,Austin,Texas,United States,2
1904 TOM MILLER ST,New 2 story sf yard house. att garage covd porch breezeway. Accessory dwelling unit (510 sf) over garage. SMART HOUSING,2007-08-09,1,1,1904 TOM MILLER ST,78723,9,NA,https://abc.austintexas.gov/web/permit/public-search-other?t_detail=1&t_selected_folderrsn=10060821,1904 TOM MILLER STREET,NA,Austin,Texas,United States,2
7908 WISTERIA VALLEY DR,New 2-story single-family residence attached garage covered porch.  **VOL BUILD PROJECT**,2007-08-24,1,2,7908 WISTERIA VALLEY DR,78739,8,NA,https://abc.austintexas.gov/web/permit/public-search-other?t_detail=1&t_selected_folderrsn=10065525,7908 WISTERIA VALLEY DRIVE,NA,Austin,Texas,United States,2
9809 SPANISH WELLS DR,New 2 story sf res. att garage covd patio covd porch.,2007-07-30,1,2,9809 SPANISH WELLS DR,78717,6,NA,https://abc.austintexas.gov/web/permit/public-search-other?t_detail=1&t_selected_folderrsn=10056796,9809 SPANISH WELLS DRIVE,NA,Austin,Texas,United States,2
8008 ALOPHIA DR,new 2 story sf res w att garage and cov porch and uncov patio,2007-08-24,1,2,8008 ALOPHIA DR,78739,8,NA,https://abc.austintexas.gov/web/permit/public-search-other?t_detail=1&t_selected_folderrsn=10065869,8008 ALOPHIA DRIVE,NA,Austin,Texas,United States,2
2006 RUE DE ST TROPEZ,New 3 story condo with attached garage,2007-07-26,1,2,2006 RUE DE ST TROPEZ,78746,8,NA,https://abc.austintexas.gov/web/permit/public-search-other?t_detail=1&t_selected_folderrsn=10055874,2006 RUE DE STREET TROPEZ,NA,Austin,Texas,United States,2
11625 CHERISSE DR,New 2-story single-family residence attached garage covered porch.  **VOL BUILD PROJECT**,2007-07-20,1,2,11625 CHERISSE DR,78739,8,NA,https://abc.austintexas.gov/web/permit/public-search-other?t_detail=1&t_selected_folderrsn=10052658,11625 CHERISSE DRIVE,NA,Austin,Texas,United States,2
10223 MILKY WAY DR,new two story sf res with att gar and covrd porches,2007-08-03,1,2,10223 MILKY WAY DR,78730,10,NA,https://abc.austintexas.gov/web/permit/public-search-other?t_detail=1&t_selected_folderrsn=10058582,10223 MILKY WAY DRIVE,NA,Austin,Texas,United States,2
5301 SENDERO HILLS PKWY,**SMART Housing**New one story SF Res w/ attached carport & covd porch,2007-06-19,1,1,5301 SENDERO HILLS PKWY,78724,1,NA,https://abc.austintexas.gov/web/permit/public-search-other?t_detail=1&t_selected_folderrsn=10042914,5301 SENDERO HILLS PKWY,NA,Austin,Texas,United States,2
7019 THANNAS WAY,New 2 story sf res. att storage covd porch. SMART HOUSING,2007-06-07,1,2,7019 THANNAS WAY,78744,2,NA,https://abc.austintexas.gov/web/permit/public-search-other?t_detail=1&t_selected_folderrsn=10040818,7019 THANNAS WAY,NA,Austin,Texas,United States,2
7425 EVENING SKY CIR,New 4-Plex W/Garages  (UNITS A B C D),2007-07-10,4,2,7425 EVENING SKY CIR,78735,8,NA,https://abc.austintexas.gov/web/permit/public-search-other?t_detail=1&t_selected_folderrsn=741237,7425 EVENING SKY CIR,NA,Austin,Texas,United States,2
2206 THORNTON RD,new two story sf res with att gar breezeway balcony and covrd porch,2007-06-28,1,2,2206 THORNTON RD,78704,5,NA,https://abc.austintexas.gov/web/permit/public-search-other?t_detail=1&t_selected_folderrsn=10047463,2206 THORNTON ROAD,NA,Austin,Texas,United States,2
8017 ALOPHIA DR,new 2 story sf residence w/attached garage covered porch****stratus bank building waived**not trades***,2007-07-05,1,2,8017 ALOPHIA DR,78739,8,NA,https://abc.austintexas.gov/web/permit/public-search-other?t_detail=1&t_selected_folderrsn=10047777,8017 ALOPHIA DRIVE,NA,Austin,Texas,United States,2
11208 BASTOGNE LOOP,New 2 story sf res. att garage covd porch.,2007-06-19,1,2,11208 BASTOGNE LOOP,78739,8,NA,https://abc.austintexas.gov/web/permit/public-search-other?t_detail=1&t_selected_folderrsn=10044258,11208 BASTOGNE LOOP,NA,Austin,Texas,United States,2
5501 AGATHA CIR,**reference permit # 2008-006587****SMART Housing** New two story SF Res w/ covd porch & covd patio,2007-06-19,1,2,5501 AGATHA CIR,78724,1,NA,https://abc.austintexas.gov/web/permit/public-search-other?t_detail=1&t_selected_folderrsn=10044405,5501 AGATHA CIR,NA,Austin,Texas,United States,2
5712 WALSER CV,New 2 story sf res. att garage covd porch.,2007-06-22,1,2,5712 WALSER CV,78735,8,NA,https://abc.austintexas.gov/web/permit/public-search-other?t_detail=1&t_selected_folderrsn=10043972,5712 WALSER CV,NA,Austin,Texas,United States,2
9924 MORGAN CREEK DR,New 2 story sf res. att garage covd patio covd porch.,2007-06-07,1,2,9924 MORGAN CREEK DR,78717,6,NA,https://abc.austintexas.gov/web/permit/public-search-other?t_detail=1&t_selected_folderrsn=10040691,9924 MORGAN CREEK DRIVE,NA,Austin,Texas,United States,2
7424 SUNSET HEIGHTS CIR,"New Construction Of 4plex Condos (Aviara Heights) (See 12-055342)
UNITS A B C D",2007-07-10,NA,NA,7424 SUNSET HEIGHTS CIR,78735,8,NA,https://abc.austintexas.gov/web/permit/public-search-other?t_detail=1&t_selected_folderrsn=742715,7424 SUNSET HEIGHTS CIR,NA,Austin,Texas,United States,2
7417 WISTERIA VALLEY DR,New 2 story sf res. att garage covd patio covd porch,2007-06-07,1,2,7417 WISTERIA VALLEY DR,78739,8,NA,https://abc.austintexas.gov/web/permit/public-search-other?t_detail=1&t_selected_folderrsn=10018536,7417 WISTERIA VALLEY DRIVE,NA,Austin,Texas,United States,2
13001 PERRYTON DR,New Two Story Sf Res W/ Attached Garage Breezeway CovD Patio CovD Porch & Balconies (See 2010-060074 for repermit),2007-06-26,1,2,13001 PERRYTON DR,78732,10,NA,https://abc.austintexas.gov/web/permit/public-search-other?t_detail=1&t_selected_folderrsn=739688,13001 PERRYTON DRIVE,NA,Austin,Texas,United States,2
124 CUMBERLAND RD,"New Construction Multi-Family Apartments
**Voided Permit New Permit Issued Refer to PMT# 2009-017633BP**",2007-07-05,4,3,124 CUMBERLAND RD,78704,3,NA,https://abc.austintexas.gov/web/permit/public-search-other?t_detail=1&t_selected_folderrsn=744501,124 CUMBERLAND ROAD,NA,Austin,Texas,United States,2
7625 EVENING SKY CIR,New 4-Plex W/Garages  (UNITS A B C D),2007-07-10,4,2,7625 EVENING SKY CIR,78735,8,NA,https://abc.austintexas.gov/web/permit/public-search-other?t_detail=1&t_selected_folderrsn=741243,7625 EVENING SKY CIR,NA,Austin,Texas,United States,2
3203 HARRIS PARK AVE,"Add New 1 story two family residential to rear of exst 1 story sf res. (Converting exst non-permitted garage structure)
**ref permit#2009-019164**",2007-06-13,1,1,3203 HARRIS PARK AVE,78705,9,NA,https://abc.austintexas.gov/web/permit/public-search-other?t_detail=1&t_selected_folderrsn=10042521,3203 HARRIS PARK AVE,NA,Austin,Texas,United States,2
11109 BASTOGNE LOOP,New 2 story sf res. att garage covd porch.,2007-07-10,1,2,11109 BASTOGNE LOOP,78739,8,NA,https://abc.austintexas.gov/web/permit/public-search-other?t_detail=1&t_selected_folderrsn=10050484,11109 BASTOGNE LOOP,NA,Austin,Texas,United States,2
1903 BITTER CREEK DR,foundation remodel relocated manufactured home & uncovered wood deck,2007-06-15,1,1,1903 BITTER CREEK DR,78744,2,NA,https://abc.austintexas.gov/web/permit/public-search-other?t_detail=1&t_selected_folderrsn=10043439,1903 BITTER CREEK DRIVE,NA,Austin,Texas,United States,2
10713 SORGHUM HILL CV,New two story SF Res w/ attached garage & covd patio,2007-06-20,1,2,10713 SORGHUM HILL CV,78754,1,NA,https://abc.austintexas.gov/web/permit/public-search-other?t_detail=1&t_selected_folderrsn=10044674,10713 SORGHUM HILL CV,NA,Austin,Texas,United States,2
8304 GARCREEK CIR,New 1 story sf res (manufactured home). uncovd rear deck covd front porch.,2007-06-19,1,1,8304 GARCREEK CIR,78724,1,NA,https://abc.austintexas.gov/web/permit/public-search-other?t_detail=1&t_selected_folderrsn=10044052,8304 GARCREEK CIR,NA,Austin,Texas,United States,2
6209 PANORAMA VISTA DR,New 4-Plex W/Garages  (UNITS A B C D),2007-07-10,4,2,6209 PANORAMA VISTA DR,78735,8,NA,https://abc.austintexas.gov/web/permit/public-search-other?t_detail=1&t_selected_folderrsn=741249,6209 PANORAMA VISTA DRIVE,NA,Austin,Texas,United States,2
2507 ANDREA WOODS CV,New two story SF Res w/ attached storage covd porch & brick ledge. **SMART HOUSING** (See 2008-051844),2007-06-08,1,2,2507 ANDREA WOODS CV,78744,2,NA,https://abc.austintexas.gov/web/permit/public-search-other?t_detail=1&t_selected_folderrsn=10041095,2507 ANDREA WOODS CV,NA,Austin,Texas,United States,2
13110 KENSWICK DR,New 1 story sf. res. w/ att. garage covd patio & covd porch.,2007-06-28,1,1,13110 KENSWICK DR,78754,7,NA,https://abc.austintexas.gov/web/permit/public-search-other?t_detail=1&t_selected_folderrsn=10045355,13110 KENSWICK DRIVE,NA,Austin,Texas,United States,2
7321 SUNSET HEIGHTS CIR,"New Construction Of 4 Plex Residential Condos (Avira Heights)
UNITS A B C D",2007-07-10,NA,NA,7321 SUNSET HEIGHTS CIR,78735,8,NA,https://abc.austintexas.gov/web/permit/public-search-other?t_detail=1&t_selected_folderrsn=742725,7321 SUNSET HEIGHTS CIR,NA,Austin,Texas,United States,2
6200 SEVILLE DR,new two story sf res w/ attached garage covd patio & covd porch,2007-07-13,1,2,6200 SEVILLE DR,78724,1,NA,https://abc.austintexas.gov/web/permit/public-search-other?t_detail=1&t_selected_folderrsn=10018268,6200 SEVILLE DRIVE,NA,Austin,Texas,United States,2
124 CUMBERLAND RD,New Construction Multi-Family Apartments,2007-07-05,3,2,124 CUMBERLAND RD,78704,3,NA,https://abc.austintexas.gov/web/permit/public-search-other?t_detail=1&t_selected_folderrsn=742097,124 CUMBERLAND ROAD,NA,Austin,Texas,United States,2
12421 TAY TER,New 2 story sf. res. w/ garage covd patio & covd porch. (See 2012-009000),2007-07-13,1,2,12421 TAY TER,78754,1,NA,https://abc.austintexas.gov/web/permit/public-search-other?t_detail=1&t_selected_folderrsn=10046856,12421 TAY TER,NA,Austin,Texas,United States,2
124 CUMBERLAND RD,"New Construction Multi-Family Apartments
**Voided Permit New Permit Issued refer to Pmt# 2009-017633BP**",2007-07-05,4,3,124 CUMBERLAND RD,78704,3,NA,https://abc.austintexas.gov/web/permit/public-search-other?t_detail=1&t_selected_folderrsn=742096,124 CUMBERLAND ROAD,NA,Austin,Texas,United States,2
7409 SUNSET HEIGHTS CIR,"New Ocnstruction Of 4plex Residential Condos (Aviara Heights)
UNITS A B C D",2007-07-10,NA,NA,7409 SUNSET HEIGHTS CIR,78735,8,NA,https://abc.austintexas.gov/web/permit/public-search-other?t_detail=1&t_selected_folderrsn=742721,7409 SUNSET HEIGHTS CIR,NA,Austin,Texas,United States,2
11028 SHORT SPRINGS DR,new 2 story sf res w att garage and cov porch/patio,2007-06-19,1,2,11028 SHORT SPRINGS DR,78754,1,NA,https://abc.austintexas.gov/web/permit/public-search-other?t_detail=1&t_selected_folderrsn=10044188,11028 SHORT SPRINGS DRIVE,NA,Austin,Texas,United States,2
7816 WISTERIA VALLEY DR,New 2 story sf. res. w/ att .garage covd patio & covd porch.  Bldg Fee Waived Stratus Bank Not Trades,2007-06-26,1,2,7816 WISTERIA VALLEY DR,78739,8,NA,https://abc.austintexas.gov/web/permit/public-search-other?t_detail=1&t_selected_folderrsn=10038504,7816 WISTERIA VALLEY DRIVE,NA,Austin,Texas,United States,2
124 CUMBERLAND RD,New Construction Multi-Family Apartments,2007-07-05,2,2,124 CUMBERLAND RD,78704,3,NA,https://abc.austintexas.gov/web/permit/public-search-other?t_detail=1&t_selected_folderrsn=742098,124 CUMBERLAND ROAD,NA,Austin,Texas,United States,2
8116 ALOPHIA DR,New 2 story sf res. att garage covd patio covd porch.,2007-06-07,1,2,8116 ALOPHIA DR,78739,8,NA,https://abc.austintexas.gov/web/permit/public-search-other?t_detail=1&t_selected_folderrsn=10035917,8116 ALOPHIA DRIVE,NA,Austin,Texas,United States,2
7512 BRECOURT MANOR WAY,New 2 story sf res. att garage covd porch.,2007-07-10,1,2,7512 BRECOURT MANOR WAY,78739,8,NA,https://abc.austintexas.gov/web/permit/public-search-other?t_detail=1&t_selected_folderrsn=10050476,7512 BRECOURT MANOR WAY,NA,Austin,Texas,United States,2
6217 PANORAMA VISTA DR,New 4-Plex W/Garages (UNITS A B C D),2007-07-10,4,2,6217 PANORAMA VISTA DR,78735,8,NA,https://abc.austintexas.gov/web/permit/public-search-other?t_detail=1&t_selected_folderrsn=741248,6217 PANORAMA VISTA DRIVE,NA,Austin,Texas,United States,2
3005 PATIO CIR,new two story sf res with att gar covrd porch and wood deck,2007-06-25,1,2,3005 PATIO CIR,78730,10,NA,https://abc.austintexas.gov/web/permit/public-search-other?t_detail=1&t_selected_folderrsn=10043234,3005 PATIO CIR,NA,Austin,Texas,United States,2
12024 CHERISSE DR,New 2 story sf. res. w/ att. garage covd patio covd porch & covd walkway,2007-07-02,1,2,12024 CHERISSE DR,78739,8,NA,https://abc.austintexas.gov/web/permit/public-search-other?t_detail=1&t_selected_folderrsn=10048324,12024 CHERISSE DRIVE,NA,Austin,Texas,United States,2
3321 MC CALL LN,new manufactured home with attached side entry stairs,2007-06-14,1,1,3321 MC CALL LN,78744,2,NA,https://abc.austintexas.gov/web/permit/public-search-other?t_detail=1&t_selected_folderrsn=10042213,3321 MC CALL LANE,NA,Austin,Texas,United States,2
11100 BASTOGNE LOOP,New 1-story single-family residence attached garage covered porch.,2007-06-27,1,1,11100 BASTOGNE LOOP,78739,8,NA,https://abc.austintexas.gov/web/permit/public-search-other?t_detail=1&t_selected_folderrsn=10046596,11100 BASTOGNE LOOP,NA,Austin,Texas,United States,2
10610 RIVER TER,new sf res w att garage apartment and w a wood deck and uncovered patio(See permit #08-06206),2007-06-18,1,2,10610 RIVER TER,78733,10,NA,https://abc.austintexas.gov/web/permit/public-search-other?t_detail=1&t_selected_folderrsn=10044114,10610 RIVER TER,NA,Austin,Texas,United States,2
7617 EVENING SKY CIR,New 4-Plex W/Garages  (UNITS A B C D),2007-07-10,4,2,7617 EVENING SKY CIR,78735,8,NA,https://abc.austintexas.gov/web/permit/public-search-other?t_detail=1&t_selected_folderrsn=741242,7617 EVENING SKY CIR,NA,Austin,Texas,United States,2
8110 FM 2222 RD BLDG 11,New Multi-family Apartments (See 2012-074000),2007-07-13,2,2,8110 FM 2222 RD BLDG 11,78750,10,NA,https://abc.austintexas.gov/web/permit/public-search-other?t_detail=1&t_selected_folderrsn=10048938,8110 FM 2222 ROAD BLDG 11,NA,Austin,Texas,United States,2
12220 TIMBER HEIGHTS DR,New one story SF Res w/ attached garage & covd patio (See 2009-012410),2007-06-18,1,1,12220 TIMBER HEIGHTS DR,78754,1,NA,https://abc.austintexas.gov/web/permit/public-search-other?t_detail=1&t_selected_folderrsn=10043757,12220 TIMBER HEIGHTS DRIVE,NA,Austin,Texas,United States,2
6225 PANORAMA VISTA DR,New 4-Plex W/Garages  (UNITS A B C D),2007-07-10,4,2,6225 PANORAMA VISTA DR,78735,8,NA,https://abc.austintexas.gov/web/permit/public-search-other?t_detail=1&t_selected_folderrsn=741247,6225 PANORAMA VISTA DRIVE,NA,Austin,Texas,United States,2
7637 EVENING SKY CIR,"VOID - REFER TO 2012-078163BP
New 4-Plex W/Garages (UNITS A B C D)",2007-07-10,4,2,7637 EVENING SKY CIR,78735,8,NA,https://abc.austintexas.gov/web/permit/public-search-other?t_detail=1&t_selected_folderrsn=741246,7637 EVENING SKY CIR,NA,Austin,Texas,United States,2
1023 W MILTON ST,"new two story sf res with att gar wood deck breezeway balconies& covrd porch
refer to pmt#2013-093437",2007-07-11,1,2,1023 W MILTON ST,78704,9,NA,https://abc.austintexas.gov/web/permit/public-search-other?t_detail=1&t_selected_folderrsn=10051180,1023 WEST MILTON STREET,NA,Austin,Texas,United States,2
12436 TAY TER,New 2 story sf res. att garage covd patio covd porch.,2007-06-22,1,2,12436 TAY TER,78754,1,NA,https://abc.austintexas.gov/web/permit/public-search-other?t_detail=1&t_selected_folderrsn=10045589,12436 TAY TER,NA,Austin,Texas,United States,2
6905 VALBURN DR,new two story res w/att garage covered patio & porch ( Project  Application H.B. 1704/Chapter 245 Determination approved per Susan Scallon 7-3-2007) (exempt from McMansion),2007-07-09,1,2,6905 VALBURN DR,78731,10,NA,https://abc.austintexas.gov/web/permit/public-search-other?t_detail=1&t_selected_folderrsn=10046969,6905 VALBURN DRIVE,NA,Austin,Texas,United States,2
9001 QUICK STREAM DR,New 2 story sf res. att garage covd porch covd patio. SMART HOUSING,2007-07-16,1,2,9001 QUICK STREAM DR,78724,1,NA,https://abc.austintexas.gov/web/permit/public-search-other?t_detail=1&t_selected_folderrsn=10052397,9001 QUICK STREAM DRIVE,NA,Austin,Texas,United States,2
11201 BASTOGNE LOOP,New 2 story sf res. att garage covd porch.,2007-05-22,1,2,11201 BASTOGNE LOOP,78739,8,NA,https://abc.austintexas.gov/web/permit/public-search-other?t_detail=1&t_selected_folderrsn=10031160,11201 BASTOGNE LOOP,NA,Austin,Texas,United States,2
2104 WAYWARD SUN DR,new 2 stroy sf res w att garage and cov patio,2007-05-24,1,2,2104 WAYWARD SUN DR,78754,1,NA,https://abc.austintexas.gov/web/permit/public-search-other?t_detail=1&t_selected_folderrsn=10036152,2104 WAYWARD SUN DRIVE,NA,Austin,Texas,United States,2
12413 DRUMMOND DR,New 1 story sf. res. w/ att. garage covd patio & covd porch,2007-05-21,1,1,12413 DRUMMOND DR,78754,1,NA,https://abc.austintexas.gov/web/permit/public-search-other?t_detail=1&t_selected_folderrsn=10032442,12413 DRUMMOND DRIVE,NA,Austin,Texas,United States,2
11512 OLTONS BLUFF CV,New one story SF Res w/ attached garage,2007-05-09,1,1,11512 OLTONS BLUFF CV,78754,1,NA,https://abc.austintexas.gov/web/permit/public-search-other?t_detail=1&t_selected_folderrsn=10030833,11512 OLTONS BLUFF CV,NA,Austin,Texas,United States,2
11436 FLUSHWING DR,new 1 strory sf res w att garage and cov patio,2007-04-20,1,1,11436 FLUSHWING DR,78754,1,NA,https://abc.austintexas.gov/web/permit/public-search-other?t_detail=1&t_selected_folderrsn=10024951,11436 FLUSHWING DRIVE,NA,Austin,Texas,United States,2
3101 BESSIE AVE,"NEW  MANUFACTURED HOME W/DECKS
**Voided permit new permit issued refer to pmt 2009-103597BP**",2007-05-09,1,1,3101 BESSIE AVE,78617,2,NA,https://abc.austintexas.gov/web/permit/public-search-other?t_detail=1&t_selected_folderrsn=10031419,3101 BESSIE AVE,NA,Austin,Texas,United States,2
5808 ANN JENE CT,new 2 story sf res w att garage and cov porch and uncovered patio. SMART Housing,2007-05-03,1,2,5808 ANN JENE CT,78744,2,NA,https://abc.austintexas.gov/web/permit/public-search-other?t_detail=1&t_selected_folderrsn=10028988,5808 ANN JENE CT,NA,Austin,Texas,United States,2
1207 JUSTIN LN,New 2-story duplex (two-family) residence detached garage covered porch and patio uncovered balcony.,2007-04-19,2,2,1207 JUSTIN LN,78757,7,NA,https://abc.austintexas.gov/web/permit/public-search-other?t_detail=1&t_selected_folderrsn=10019271,1207 JUSTIN LANE,NA,Austin,Texas,United States,2
8100 BIG VIEW DR,new two story sf res with covrd porches patios and balcony,2007-05-30,1,2,8100 BIG VIEW DR,78730,10,NA,https://abc.austintexas.gov/web/permit/public-search-other?t_detail=1&t_selected_folderrsn=10033613,8100 BIG VIEW DRIVE,NA,Austin,Texas,United States,2
3003 PATIO CIR,new two story sf res w/ att gar covrd porches and balconies,2007-06-01,1,2,3003 PATIO CIR,78730,10,NA,https://abc.austintexas.gov/web/permit/public-search-other?t_detail=1&t_selected_folderrsn=10038829,3003 PATIO CIR,NA,Austin,Texas,United States,2
7504 BRECOURT MANOR WAY,New 2 story sf. res. w/ att. garage covd porch & uncovd patio,2007-05-15,1,2,7504 BRECOURT MANOR WAY,78739,8,NA,https://abc.austintexas.gov/web/permit/public-search-other?t_detail=1&t_selected_folderrsn=10032672,7504 BRECOURT MANOR WAY,NA,Austin,Texas,United States,2
11324 CHURCH CANYON DR,New 2 story sf res. att garage covd patio covd porch. porte cochere,2007-04-25,1,2,11324 CHURCH CANYON DR,78754,1,NA,https://abc.austintexas.gov/web/permit/public-search-other?t_detail=1&t_selected_folderrsn=10026264,11324 CHURCH CANYON DRIVE,NA,Austin,Texas,United States,2
7604 ESPINA DR,New 2-story single-family residence attached garage covered porch and patio.,2007-05-07,1,2,7604 ESPINA DR,78739,8,NA,https://abc.austintexas.gov/web/permit/public-search-other?t_detail=1&t_selected_folderrsn=10027875,7604 ESPINA DRIVE,NA,Austin,Texas,United States,2
10705 SORGHUM HILL CV,new 1 story sf residence w/attached garage; covered patio,2007-05-21,1,1,10705 SORGHUM HILL CV,78754,1,NA,https://abc.austintexas.gov/web/permit/public-search-other?t_detail=1&t_selected_folderrsn=10034730,10705 SORGHUM HILL CV,NA,Austin,Texas,United States,2
2504 MAGIN MEADOW DR,New 2-story single-family residence attached garage covered porch.,2007-06-06,1,2,2504 MAGIN MEADOW DR,78744,2,NA,https://abc.austintexas.gov/web/permit/public-search-other?t_detail=1&t_selected_folderrsn=10040259,2504 MAGIN MEADOW DRIVE,NA,Austin,Texas,United States,2
13322 SHORE VISTA DR,"new one story sf res with att gar covrd patio
**VOIDED PMT NEW PMT ISSUED REFER TO PMT# 2008-075490BP**",2007-05-17,1,1,13322 SHORE VISTA DR,78732,10,NA,https://abc.austintexas.gov/web/permit/public-search-other?t_detail=1&t_selected_folderrsn=10034134,13322 SHORE VISTA DRIVE,NA,Austin,Texas,United States,2
5505 COLINTON AVE,New 2 story sf. res. w/ att. garage covd porch & uncovd patio,2007-05-21,1,2,5505 COLINTON AVE,78754,1,NA,https://abc.austintexas.gov/web/permit/public-search-other?t_detail=1&t_selected_folderrsn=10032432,5505 COLINTON AVE,NA,Austin,Texas,United States,2
7444 BRECOURT MANOR WAY,New two story SF Res w/ attached garage & covd porch,2007-05-04,1,2,7444 BRECOURT MANOR WAY,78739,8,NA,https://abc.austintexas.gov/web/permit/public-search-other?t_detail=1&t_selected_folderrsn=10029811,7444 BRECOURT MANOR WAY,NA,Austin,Texas,United States,2
12429 TAY TER,New 1-story single-family residence attached garage covered porch and patio.,2007-04-26,1,1,12429 TAY TER,78754,1,NA,https://abc.austintexas.gov/web/permit/public-search-other?t_detail=1&t_selected_folderrsn=10027188,12429 TAY TER,NA,Austin,Texas,United States,2
5512 LIBERTON LN,New 2-story single-family residence attached garage covered porch.,2007-05-21,1,2,5512 LIBERTON LN,78754,1,NA,https://abc.austintexas.gov/web/permit/public-search-other?t_detail=1&t_selected_folderrsn=10032572,5512 LIBERTON LANE,NA,Austin,Texas,United States,2
7904 RINGSBY CV,New 2 story sf res. att garage covd porch. SMART HOUSING,2007-05-15,1,2,7904 RINGSBY CV,78747,2,NA,https://abc.austintexas.gov/web/permit/public-search-other?t_detail=1&t_selected_folderrsn=10032524,7904 RINGSBY CV,NA,Austin,Texas,United States,2
2701 ALSATIA DR,New 2 story sf res. att garage covd patio covd porch,2007-05-15,1,2,2701 ALSATIA DR,78748,8,NA,https://abc.austintexas.gov/web/permit/public-search-other?t_detail=1&t_selected_folderrsn=10033132,2701 ALSATIA DRIVE,NA,Austin,Texas,United States,2
10601 PREZIA DR BLDG,New 2-story single-family residence attached garage covered porch and patio.,2007-05-17,1,2,10601 PREZIA DR,78733,NA,NA,https://abc.austintexas.gov/web/permit/public-search-other?t_detail=1&t_selected_folderrsn=10034256,10601 PREZIA DRIVE,NA,Austin,Texas,United States,2
13975 FM 2769 RD,new two story sf res w/att gar covrd porch patio and balcony,2007-05-22,1,2,13975 FM 2769 RD,78641,10,NA,https://abc.austintexas.gov/web/permit/public-search-other?t_detail=1&t_selected_folderrsn=10035545,13975 FM 2769 ROAD,NA,Austin,Texas,United States,2
5817 KEMPSON DR,New 1 story sf res. att garage covd porch.,2007-05-18,1,1,5817 KEMPSON DR,78735,8,NA,https://abc.austintexas.gov/web/permit/public-search-other?t_detail=1&t_selected_folderrsn=10034719,5817 KEMPSON DRIVE,NA,Austin,Texas,United States,2
125 DESERT PRIMROSE DR,New 1 story sf. res. w/ att. garage & covd porch.,2007-05-09,1,1,125 DESERT PRIMROSE DR,78748,5,NA,https://abc.austintexas.gov/web/permit/public-search-other?t_detail=1&t_selected_folderrsn=10030812,125 DESERT PRIMROSE DRIVE,NA,Austin,Texas,United States,2
2113 CALLINGWOOD DR,new 1 story sf res w att garage and cov porch.,2007-06-04,1,1,2113 CALLINGWOOD DR,78754,1,NA,https://abc.austintexas.gov/web/permit/public-search-other?t_detail=1&t_selected_folderrsn=10039340,2113 CALLINGWOOD DRIVE,NA,Austin,Texas,United States,2
7805 WISTERIA VALLEY DR,New one story SF Res w/ attached garage covd patio & covd porch,2007-06-05,1,1,7805 WISTERIA VALLEY DR,78739,8,NA,https://abc.austintexas.gov/web/permit/public-search-other?t_detail=1&t_selected_folderrsn=10031076,7805 WISTERIA VALLEY DRIVE,NA,Austin,Texas,United States,2
1908 SORGHUM HILL DR,new 1 story sf res w att garage and cov porch.,2007-05-31,1,1,1908 SORGHUM HILL DR,78754,1,NA,https://abc.austintexas.gov/web/permit/public-search-other?t_detail=1&t_selected_folderrsn=10038317,1908 SORGHUM HILL DRIVE,NA,Austin,Texas,United States,2
5500 COLINTON AVE,New 1 story sf. res. w/ att. garage covd patio & covd porch.,2007-05-21,1,1,5500 COLINTON AVE,78754,1,NA,https://abc.austintexas.gov/web/permit/public-search-other?t_detail=1&t_selected_folderrsn=10032272,5500 COLINTON AVE,NA,Austin,Texas,United States,2
7409 WISTERIA VALLEY DR,New two story Sf Res w/ attached garage covd porch & covd patio,2007-04-25,1,2,7409 WISTERIA VALLEY DR,78739,8,NA,https://abc.austintexas.gov/web/permit/public-search-other?t_detail=1&t_selected_folderrsn=10025716,7409 WISTERIA VALLEY DRIVE,NA,Austin,Texas,United States,2
72 SAN SABA ST,New 1-story single-family residence covered porch. Per applicant (4-19-07) 123 s.f of impervious covered WILL BE REMOVED from the existing concrete slab at the rear of the lot.  The resulting size of the slab will (MUST) be 10 x 10.5.(owner paid all fees still need trades to pull permits). (2008-050109),2007-04-23,1,1,72 SAN SABA ST,78702,3,NA,https://abc.austintexas.gov/web/permit/public-search-other?t_detail=1&t_selected_folderrsn=10025308,72 SAN SABA STREET,NA,Austin,Texas,United States,2
5708 BROUGHAM WAY,New 1-story single-family residence attached garage covered porch.,2007-04-27,1,1,5708 BROUGHAM WAY,78754,1,NA,https://abc.austintexas.gov/web/permit/public-search-other?t_detail=1&t_selected_folderrsn=10027525,5708 BROUGHAM WAY,NA,Austin,Texas,United States,2
220 CAMPERDOWN ELM DR,New 2-story single-family residence attached garage covered porch.,2007-04-24,1,2,220 CAMPERDOWN ELM DR,78748,5,NA,https://abc.austintexas.gov/web/permit/public-search-other?t_detail=1&t_selected_folderrsn=10025829,220 CAMPERDOWN ELM DRIVE,NA,Austin,Texas,United States,2
7516 BRECOURT MANOR WAY,New 2 story sf. res. w/ att. garage covd porch & uncovd patio,2007-05-16,1,2,7516 BRECOURT MANOR WAY,78739,8,NA,https://abc.austintexas.gov/web/permit/public-search-other?t_detail=1&t_selected_folderrsn=10033768,7516 BRECOURT MANOR WAY,NA,Austin,Texas,United States,2
8812 IPSWICH BAY DR,new 2 story sf res w att garage and cov porch and uncovered patio. SMART Housing,2007-05-04,1,2,8812 IPSWICH BAY DR,78747,2,NA,https://abc.austintexas.gov/web/permit/public-search-other?t_detail=1&t_selected_folderrsn=10029770,8812 IPSWICH BAY DRIVE,NA,Austin,Texas,United States,2
12525 LA PAZ LN,New 2 story sf res. att garage covd patio covd porch. SMART HOUSING,2007-05-04,1,2,12525 LA PAZ LN,78617,2,NA,https://abc.austintexas.gov/web/permit/public-search-other?t_detail=1&t_selected_folderrsn=10030124,12525 LA PAZ LANE,NA,Austin,Texas,United States,2
2113 WAYWARD SUN DR,new 2 stroy sf res w att garage and cov patio,2007-05-24,1,2,2113 WAYWARD SUN DR,78754,1,NA,https://abc.austintexas.gov/web/permit/public-search-other?t_detail=1&t_selected_folderrsn=10036038,2113 WAYWARD SUN DRIVE,NA,Austin,Texas,United States,2
11404 SPRINKLE CUTOFF RD,New two story SF Res w/ attached garage & covd patio,2007-05-09,1,2,11404 SPRINKLE CUTOFF RD,78754,1,NA,https://abc.austintexas.gov/web/permit/public-search-other?t_detail=1&t_selected_folderrsn=10031183,11404 SPRINKLE CUTOFF ROAD,NA,Austin,Texas,United States,2
5620 LIBERTON LN,New 1-story sf res attached garage covered porch and patio.,2007-03-19,1,1,5620 LIBERTON LN,78754,1,NA,https://abc.austintexas.gov/web/permit/public-search-other?t_detail=1&t_selected_folderrsn=10013668,5620 LIBERTON LANE,NA,Austin,Texas,United States,2
2825 Scotia Bluff Loop,*Cancel Permit *New Sf Residence W/Attached Garage CovD Porch & CovD Patio,2007-02-28,1,2,2825 SCOTIA BLUFF LOOP,78748,8,NA,https://abc.austintexas.gov/web/permit/public-search-other?t_detail=1&t_selected_folderrsn=728870,2825 SCOTIA BLUFF LOOP,NA,Austin,Texas,United States,2
7500 BRECOURT MANOR WAY,New 1 story sf res. att garage covd porch.,2007-04-11,1,1,7500 BRECOURT MANOR WAY,78739,8,NA,https://abc.austintexas.gov/web/permit/public-search-other?t_detail=1&t_selected_folderrsn=10021434,7500 BRECOURT MANOR WAY,NA,Austin,Texas,United States,2
1187 Branch St,New Two Story Residence W/Att Porch & Balcony W/Att Breezeway & Garage ( 3 Bathrooms 5/8 Meter) (Modular Construction)   **refer to pmt# 2012-081327**,2007-02-27,1,2,1187 BRANCH ST,78702,1,NA,https://abc.austintexas.gov/web/permit/public-search-other?t_detail=1&t_selected_folderrsn=763528,1187 BRANCH STREET,NA,Austin,Texas,United States,2
12452 TAY TER,new 2 story sf res w att garage and cov porch/patio,2007-04-03,1,2,12452 TAY TER,78754,1,NA,https://abc.austintexas.gov/web/permit/public-search-other?t_detail=1&t_selected_folderrsn=10018906,12452 TAY TER,NA,Austin,Texas,United States,2
5516 LIBERTON LN,New 2 story sf res. att garage covd porch covd patio.,2007-04-12,1,2,5516 LIBERTON LN,78754,1,NA,https://abc.austintexas.gov/web/permit/public-search-other?t_detail=1&t_selected_folderrsn=10021744,5516 LIBERTON LANE,NA,Austin,Texas,United States,2
7205 BETHUNE AVE,New 1 story sf res. w/ covd porch***smart hosuing******withdrawn resubmitted under pmt #2008-030059RH.,2007-04-09,1,1,7205 BETHUNE AVE,78752,4,NA,https://abc.austintexas.gov/web/permit/public-search-other?t_detail=1&t_selected_folderrsn=10020383,7205 BETHUNE AVE,NA,Austin,Texas,United States,2
7621 BRECOURT MANOR WAY,New 2 story sf res. att garage covd porch.,2007-04-11,1,2,7621 BRECOURT MANOR WAY,78739,8,NA,https://abc.austintexas.gov/web/permit/public-search-other?t_detail=1&t_selected_folderrsn=10021416,7621 BRECOURT MANOR WAY,NA,Austin,Texas,United States,2
5004 LYNNDALE DR,Garage Placement/Front Yard Ic. Need Elev Scale. New 2 Story Duplex W/ Att Garage Covd Porch Covd Patio Uncovd Balcony.,2007-04-17,2,2,5004 LYNNDALE DR,78756,7,NA,https://abc.austintexas.gov/web/permit/public-search-other?t_detail=1&t_selected_folderrsn=737881,5004 LYNNDALE DRIVE,NA,Austin,Texas,United States,2
7305 RIMCREST CV,New 2 Story Sf Condo W Att Garage And Cov Porch (See permit #08-00-001464),2007-03-29,1,2,7305 RIMCREST CV,78735,8,NA,https://abc.austintexas.gov/web/permit/public-search-other?t_detail=1&t_selected_folderrsn=742129,7305 RIMCREST CV,NA,Austin,Texas,United States,2
15213 INTERLACHEN DR,new 2 story sf res w att garage and cov patio/porch.  **Volume Builder Process** DCain-Res Rev,2007-03-29,1,2,15213 INTERLACHEN DR,78717,6,NA,https://abc.austintexas.gov/web/permit/public-search-other?t_detail=1&t_selected_folderrsn=10017761,15213 INTERLACHEN DRIVE,NA,Austin,Texas,United States,2
2329 GILIA DR,new 2 story sf residence w/attached garage; covered patio and porch,2007-04-04,1,2,2329 GILIA DR,78733,NA,NA,https://abc.austintexas.gov/web/permit/public-search-other?t_detail=1&t_selected_folderrsn=10019595,2329 GILIA DRIVE,NA,Austin,Texas,United States,2
5517 Thunder Gulch Dr,New 1 Story Sf Res W Att Garage And Cov Porch,2007-02-27,1,1,5517 THUNDER GULCH DR,78617,2,NA,https://abc.austintexas.gov/web/permit/public-search-other?t_detail=1&t_selected_folderrsn=742888,5517 THUNDER GULCH DRIVE,NA,Austin,Texas,United States,2
7608 ESPINA DR,new 1 story sf res w att garage and cov porch and patio. **STRATUS BANK BLDG WAIVED NOT TRADES **Volume Builder Process** DCain-Res Rev,2007-04-03,1,1,7608 ESPINA DR,78739,8,NA,https://abc.austintexas.gov/web/permit/public-search-other?t_detail=1&t_selected_folderrsn=10018125,7608 ESPINA DRIVE,NA,Austin,Texas,United States,2
12600 JEN LN,New 2 Story Condo W/Att Garage CovD Patio & CovD Porch. refer# 2011-074092,2007-02-28,NA,2,12600 JEN LN,78750,6,NA,https://abc.austintexas.gov/web/permit/public-search-other?t_detail=1&t_selected_folderrsn=741859,12600 JEN LANE,NA,Austin,Texas,United States,2
2408 Bridle Path,New Two Story Sf Res W/Attached Carport W/Covd Porches & Screened Patio,2007-02-28,1,2,2408 BRIDLE PATH,78703,10,NA,https://abc.austintexas.gov/web/permit/public-search-other?t_detail=1&t_selected_folderrsn=731136,2408 BRIDLE PATH,NA,Austin,Texas,United States,2
5720   ZACHARY SCOTT ST,New 1 story sf res. att garage covd patio covd porch. **SMART HOUSING**,2007-03-30,1,1,5720 ZACHARY SCOTT ST,78747,2,NA,https://abc.austintexas.gov/web/permit/public-search-other?t_detail=1&t_selected_folderrsn=10017867,5720 ZACHARY SCOTT STREET,NA,Austin,Texas,United States,2
1421 CORIANDER DR,New 2 Story Sf Res. Att Garage Covd Patio Covd Porch. **Smart Housing** **See Pipeline Comments**,2007-03-01,1,2,1421 CORIANDER DR,78741,3,NA,https://abc.austintexas.gov/web/permit/public-search-other?t_detail=1&t_selected_folderrsn=742373,1421 CORIANDER DRIVE,NA,Austin,Texas,United States,2
12504 PRANAV LN,New 2 Story Condo W/Att Garage CovD Patio & CovD Porch.,2007-02-28,NA,2,12504 PRANAV LN,78750,6,NA,https://abc.austintexas.gov/web/permit/public-search-other?t_detail=1&t_selected_folderrsn=743039,12504 PRANAV LANE,NA,Austin,Texas,United States,2
12808 PALOMA BLANCA WAY,New 2-story single-family residence attached garage covered porch. ****Smart Housing***,2007-03-28,1,2,12808 PALOMA BLANCA WAY,78617,2,NA,https://abc.austintexas.gov/web/permit/public-search-other?t_detail=1&t_selected_folderrsn=10017025,12808 PALOMA BLANCA WAY,NA,Austin,Texas,United States,2
5532 LIBERTON LN,new 1 story sf res w att garage and cov porch/patio. SMART Housing. **Volume Builder Program** DCain-Res Rev,2007-03-28,1,1,5532 LIBERTON LN,78754,1,NA,https://abc.austintexas.gov/web/permit/public-search-other?t_detail=1&t_selected_folderrsn=10017158,5532 LIBERTON LANE,NA,Austin,Texas,United States,2
7525 BRECOURT MANOR WAY,New 1 story sf res. att garage covd porch.,2007-04-11,1,1,7525 BRECOURT MANOR WAY,78739,8,NA,https://abc.austintexas.gov/web/permit/public-search-other?t_detail=1&t_selected_folderrsn=10021376,7525 BRECOURT MANOR WAY,NA,Austin,Texas,United States,2
5716   ZACHARY SCOTT ST,New 1 story sf res. att garage covd patio covd porch**Smart Housing**,2007-03-30,1,1,5716 ZACHARY SCOTT ST,78747,2,NA,https://abc.austintexas.gov/web/permit/public-search-other?t_detail=1&t_selected_folderrsn=10017844,5716 ZACHARY SCOTT STREET,NA,Austin,Texas,United States,2
3637   BRONCO BEND LOOP,**REF PERMIT#2009-043801**New 1-story Single-Family residence covered porch and patio attached garage.**SMART HOUSING**,2007-03-20,1,1,3637 BRONCO BEND LOOP,78744,2,NA,https://abc.austintexas.gov/web/permit/public-search-other?t_detail=1&t_selected_folderrsn=10010328,3637 BRONCO BEND LOOP,NA,Austin,Texas,United States,2
11129 BASTOGNE LOOP,New 2 story sf res. att garage covd porch.,2007-04-11,1,2,11129 BASTOGNE LOOP,78739,8,NA,https://abc.austintexas.gov/web/permit/public-search-other?t_detail=1&t_selected_folderrsn=10021462,11129 BASTOGNE LOOP,NA,Austin,Texas,United States,2
613 W JOHANNA ST,New Two Story Res W.At Garage & Wood Decks ( 2 & 1/2 Bathrooms 5/8 Meter),2007-03-08,NA,2,613 W JOHANNA ST,78704,3,NA,https://abc.austintexas.gov/web/permit/public-search-other?t_detail=1&t_selected_folderrsn=742727,613 WEST JOHANNA STREET,NA,Austin,Texas,United States,2
5917 CLEMENTINE LN,new 2 story sf res w att garage and cov porch and uncovd patio. SMART Housing. Volume Builder Process.  DCain - Res Rev,2007-03-27,1,2,5917 CLEMENTINE LN,78744,2,NA,https://abc.austintexas.gov/web/permit/public-search-other?t_detail=1&t_selected_folderrsn=10016897,5917 CLEMENTINE LANE,NA,Austin,Texas,United States,2
7436 BRECOURT MANOR WAY,new 2 story sf res w att garage and cov porch **Volume Builder Program** DCAIN,2007-03-22,1,2,7436 BRECOURT MANOR WAY,78739,8,NA,https://abc.austintexas.gov/web/permit/public-search-other?t_detail=1&t_selected_folderrsn=10014130,7436 BRECOURT MANOR WAY,NA,Austin,Texas,United States,2
12501 CHARLIES LN,New 2 Story Condo W/Att Garage CovD Patio & CovD Porch.,2007-02-28,NA,2,12501 CHARLIES LN,78750,6,NA,https://abc.austintexas.gov/web/permit/public-search-other?t_detail=1&t_selected_folderrsn=741943,12501 CHARLIES LANE,NA,Austin,Texas,United States,2
5608 LIBERTON LN,New 2 Story Sf Res W Att Garage And Cov Porch/Patio,2007-02-26,1,2,5608 LIBERTON LN,78754,1,NA,https://abc.austintexas.gov/web/permit/public-search-other?t_detail=1&t_selected_folderrsn=742925,5608 LIBERTON LANE,NA,Austin,Texas,United States,2
10804 MIDNIGHT CT,New 2 Story Condo W/Att Garage CovD Patio & CovD Porch.,2007-02-28,1,2,10804 MIDNIGHT CT,78750,6,NA,https://abc.austintexas.gov/web/permit/public-search-other?t_detail=1&t_selected_folderrsn=741873,10804 MIDNIGHT CT,NA,Austin,Texas,United States,2
12604 JEN LN,New 2 Story Condo W/Att Garage CovD Patio & CovD Porch.,2007-02-28,NA,2,12604 JEN LN,78750,6,NA,https://abc.austintexas.gov/web/permit/public-search-other?t_detail=1&t_selected_folderrsn=741833,12604 JEN LANE,NA,Austin,Texas,United States,2
7432 BRECOURT MANOR WAY,New 1 story sf res. att garage covd porch.,2007-04-11,1,1,7432 BRECOURT MANOR WAY,78739,8,NA,https://abc.austintexas.gov/web/permit/public-search-other?t_detail=1&t_selected_folderrsn=10021402,7432 BRECOURT MANOR WAY,NA,Austin,Texas,United States,2
7725 JABORANDI DR,New 2-story single-family residence attached garage covered porch and patio.,2007-03-20,1,2,7725 JABORANDI DR,78739,8,NA,https://abc.austintexas.gov/web/permit/public-search-other?t_detail=1&t_selected_folderrsn=10013841,7725 JABORANDI DRIVE,NA,Austin,Texas,United States,2
2036 WAYWARD SUN DR,New 1 Story Sf Res W Att Garage And Cov Patio,2007-03-01,1,1,2036 WAYWARD SUN DR,78754,1,NA,https://abc.austintexas.gov/web/permit/public-search-other?t_detail=1&t_selected_folderrsn=743206,2036 WAYWARD SUN DRIVE,NA,Austin,Texas,United States,2
10102 Talleyran Dr.,New 2 story sf. residence w/att. garage and 2 balconies,2007-04-04,1,2,10102 TALLEYRAN DR,78750,6,NA,https://abc.austintexas.gov/web/permit/public-search-other?t_detail=1&t_selected_folderrsn=10019626,10102 TALLEYRAN DRIVE,NA,Austin,Texas,United States,2
10608   PREZIA DR,New 2 story single family residence w/attached garage w/covd patio and porch.,2007-04-03,1,2,10608 PREZIA DR,78733,NA,NA,https://abc.austintexas.gov/web/permit/public-search-other?t_detail=1&t_selected_folderrsn=10015189,10608 PREZIA DRIVE,NA,Austin,Texas,United States,2
5624 THUNDER GULCH DR,New 1 story sf res. att garage covd porch,2007-04-04,1,1,5624 THUNDER GULCH DR,78617,2,NA,https://abc.austintexas.gov/web/permit/public-search-other?t_detail=1&t_selected_folderrsn=10018548,5624 THUNDER GULCH DRIVE,NA,Austin,Texas,United States,2
10505 BRANDEN CT,New 2 Story Condo W/Att Garage CovD Patio & CovD Porch. refer# 2011-080163,2007-02-28,1,2,10505 BRANDEN CT,78750,6,NA,https://abc.austintexas.gov/web/permit/public-search-other?t_detail=1&t_selected_folderrsn=743004,10505 BRANDEN CT,NA,Austin,Texas,United States,2
5528 LIBERTON LN,new 1 story sf res w att garage and cov porch and uncovered patio. SMART Housing. **Volume Builder Program** DCain-Res Rev,2007-03-28,1,1,5528 LIBERTON LN,78754,1,NA,https://abc.austintexas.gov/web/permit/public-search-other?t_detail=1&t_selected_folderrsn=10017119,5528 LIBERTON LANE,NA,Austin,Texas,United States,2
15201 INTERLACHEN DR,New 2-story single-family residence attached garage covered porch.,2007-03-19,1,2,15201 INTERLACHEN DR,78717,6,NA,https://abc.austintexas.gov/web/permit/public-search-other?t_detail=1&t_selected_folderrsn=10014202,15201 INTERLACHEN DRIVE,NA,Austin,Texas,United States,2
8901 Panadero Dr,"New 1-Story Sf Res Attached Garage Covered Porch.
**Smart Housing**",2007-02-27,1,1,8901 PANADERO DR,78747,2,NA,https://abc.austintexas.gov/web/permit/public-search-other?t_detail=1&t_selected_folderrsn=742924,8901 PANADERO DRIVE,NA,Austin,Texas,United States,2
5205 PARK AT WOODLANDS DR,New 2-story sf res attached garage covered porch.,2007-03-20,1,2,5205 PARK AT WOODLANDS DR,78724,1,NA,https://abc.austintexas.gov/web/permit/public-search-other?t_detail=1&t_selected_folderrsn=10013694,5205 PARK AT WOODLANDS DRIVE,NA,Austin,Texas,United States,2
10812 GATES LN,New 2 Story Condo W/Att Garage CovD Patio & CovD Porch.,2007-02-28,NA,2,10812 GATES LN,78750,6,NA,https://abc.austintexas.gov/web/permit/public-search-other?t_detail=1&t_selected_folderrsn=741809,10812 GATES LANE,NA,Austin,Texas,United States,2
5600 LIBERTON LN,new 1 story sf res w att garage and cov porch/patio. SMART Housing. **Volume Builder Program** DCain-Res Rev,2007-03-28,1,1,5600 LIBERTON LN,78754,1,NA,https://abc.austintexas.gov/web/permit/public-search-other?t_detail=1&t_selected_folderrsn=10017183,5600 LIBERTON LANE,NA,Austin,Texas,United States,2
6428   KEDINGTON ST,New 2 story sf res. att garage covd porch. smart housing,2007-04-03,1,2,6428 KEDINGTON ST,78747,2,NA,https://abc.austintexas.gov/web/permit/public-search-other?t_detail=1&t_selected_folderrsn=10018560,6428 KEDINGTON STREET,NA,Austin,Texas,United States,2
7508 WISTERIA VALLEY DR,New 2 story sf res. att garage covd porch.,2007-03-23,1,2,7508 WISTERIA VALLEY DR,78739,8,NA,https://abc.austintexas.gov/web/permit/public-search-other?t_detail=1&t_selected_folderrsn=10015713,7508 WISTERIA VALLEY DRIVE,NA,Austin,Texas,United States,2
12501 PIPER CT,New  2 Story Condo W/Att Garage CovD Patio & CovD Porch.,2007-02-28,NA,2,12501 PIPER CT,78750,6,NA,https://abc.austintexas.gov/web/permit/public-search-other?t_detail=1&t_selected_folderrsn=741765,12501 PIPER CT,NA,Austin,Texas,United States,2
5533 LIBERTON LN,New 2-story single-family residence attached garage covered porch and patio,2007-03-22,1,2,5533 LIBERTON LN,78754,1,NA,https://abc.austintexas.gov/web/permit/public-search-other?t_detail=1&t_selected_folderrsn=10013745,5533 LIBERTON LANE,NA,Austin,Texas,United States,2
3009 BOND DR,New 2-Story Condo with attached  1st sty Garage,2007-03-30,1,2,3009 BOND DR,78741,3,NA,https://abc.austintexas.gov/web/permit/public-search-other?t_detail=1&t_selected_folderrsn=10018481,3009 BOND DRIVE,NA,Austin,Texas,United States,2
12601 JEN LN,New 2 Story Condo W/Att Garage CovD Patio & CovD Porch. refer#2011-074099,2007-02-28,1,2,12601 JEN LN,78750,6,NA,https://abc.austintexas.gov/web/permit/public-search-other?t_detail=1&t_selected_folderrsn=743093,12601 JEN LANE,NA,Austin,Texas,United States,2
5613 LIBERTON LN,New 1-Story Sf Res Attached Garage Covered Porch And Patio.,2007-03-01,1,1,5613 LIBERTON LN,78754,1,NA,https://abc.austintexas.gov/web/permit/public-search-other?t_detail=1&t_selected_folderrsn=742429,5613 LIBERTON LANE,NA,Austin,Texas,United States,2
5905 GROVER AVE,New 2 Story Duplex. Att Garages Covd Patios Covd Porches Covd Balconies. Uncovd Roof Deck.,2007-03-22,2,2,5905 GROVER AVE,78757,7,NA,https://abc.austintexas.gov/web/permit/public-search-other?t_detail=1&t_selected_folderrsn=737883,5905 GROVER AVE,NA,Austin,Texas,United States,2
8905 Quick Stream Dr,New 1 Story Sf Res. Att Dropped Garage Covd Patio Covd Porch. **Smart Housing**,2007-03-01,1,1,8905 QUICK STREAM DR,78724,1,NA,https://abc.austintexas.gov/web/permit/public-search-other?t_detail=1&t_selected_folderrsn=743208,8905 QUICK STREAM DRIVE,NA,Austin,Texas,United States,2
6015 PONCA ST,new two story duplex w/att gar covrd porches and uncovrd patios,2007-03-13,2,2,6015 PONCA ST,78741,3,NA,https://abc.austintexas.gov/web/permit/public-search-other?t_detail=1&t_selected_folderrsn=10011764,6015 PONCA STREET,NA,Austin,Texas,United States,2
2104 E 8th St,**ref permit#2011-078430**New 2 Story Sf Res. Covd Porch Balcony.,2007-03-15,1,2,2104 E 8TH ST,78702,1,NA,https://abc.austintexas.gov/web/permit/public-search-other?t_detail=1&t_selected_folderrsn=737379,2104 EAST 8TH STREET,NA,Austin,Texas,United States,2
5728   ZACHARY SCOTT ST,New 2 story sf res. att garage covd patio covd porch. **SMART HOUSING**,2007-03-30,1,2,5728 ZACHARY SCOTT ST,78747,2,NA,https://abc.austintexas.gov/web/permit/public-search-other?t_detail=1&t_selected_folderrsn=10017909,5728 ZACHARY SCOTT STREET,NA,Austin,Texas,United States,2
11536 CHURCH CANYON DR,New 2 story sf res. att garage covd patio covd porch.,2007-03-29,1,2,11536 CHURCH CANYON DR,78754,1,NA,https://abc.austintexas.gov/web/permit/public-search-other?t_detail=1&t_selected_folderrsn=10017601,11536 CHURCH CANYON DRIVE,NA,Austin,Texas,United States,2
5724   ZACHARY SCOTT ST,New 1 story sf res. att garage covd patio covd porch. **SMART HOUSING**,2007-03-30,1,1,5724 ZACHARY SCOTT ST,78747,2,NA,https://abc.austintexas.gov/web/permit/public-search-other?t_detail=1&t_selected_folderrsn=10017886,5724 ZACHARY SCOTT STREET,NA,Austin,Texas,United States,2
2305 GILIA DR,new 2 story single family residene w/attached garage; covered porch,2007-04-04,1,2,2305 GILIA DR,78733,NA,NA,https://abc.austintexas.gov/web/permit/public-search-other?t_detail=1&t_selected_folderrsn=10019308,2305 GILIA DRIVE,NA,Austin,Texas,United States,2
11513 FLUSHWING DR,New 1 Story Sf Res W Att Garage And Cov Porch,2007-02-23,1,1,11513 FLUSHWING DR,78754,1,NA,https://abc.austintexas.gov/web/permit/public-search-other?t_detail=1&t_selected_folderrsn=742652,11513 FLUSHWING DRIVE,NA,Austin,Texas,United States,2
11213 BASTOGNE LOOP,New 1 story sf res. att garage covd porch.,2007-04-11,1,1,11213 BASTOGNE LOOP,78739,8,NA,https://abc.austintexas.gov/web/permit/public-search-other?t_detail=1&t_selected_folderrsn=10021449,11213 BASTOGNE LOOP,NA,Austin,Texas,United States,2
7428 CAYENNE LN,New 2 story sf. res. w/ att. garage covd patio & covd porch. *S.M.A.R.T. HOUSING*,2007-04-16,1,2,7428 CAYENNE LN,78741,3,NA,https://abc.austintexas.gov/web/permit/public-search-other?t_detail=1&t_selected_folderrsn=10022939,7428 CAYENNE LANE,NA,Austin,Texas,United States,2
9209 Hopeland Dr,New 2 Story Sf Res. Att Garage Covd Patio Covd Porch Porte Cochere Bay. **See Tree/Pipeline Comments**,2007-03-01,1,2,9209 HOPELAND DR,78749,8,NA,https://abc.austintexas.gov/web/permit/public-search-other?t_detail=1&t_selected_folderrsn=742587,9209 HOPELAND DRIVE,NA,Austin,Texas,United States,2
7317 RIMCREST CV,New 3 Story Sf Condo. Att Garage Covd Patio.,2007-03-29,1,3,7317 RIMCREST CV,78735,8,NA,https://abc.austintexas.gov/web/permit/public-search-other?t_detail=1&t_selected_folderrsn=742121,7317 RIMCREST CV,NA,Austin,Texas,United States,2
5334 Sendero Hills Pkwy,"New 2 Stry Sf Res W Att Gar And Cov Por/Pat/Balc. Det Gar And Att Carpt *Smart Housing*
ref permit#2007-149009",2007-02-26,1,2,5334 SENDERO HILLS PKWY,78724,1,NA,https://abc.austintexas.gov/web/permit/public-search-other?t_detail=1&t_selected_folderrsn=743020,5334 SENDERO HILLS PKWY,NA,Austin,Texas,United States,2
10704 STRAW FLOWER DR,new two story sf res w/ attached garage w/ covd porch & covd patio,2007-04-05,1,2,10704 STRAW FLOWER DR,78733,NA,NA,https://abc.austintexas.gov/web/permit/public-search-other?t_detail=1&t_selected_folderrsn=10018522,10704 STRAW FLOWER DRIVE,NA,Austin,Texas,United States,2
5521 LIBERTON LN,new 1 story sf res w att garage and cov porch/patio. SMART Housing. **Volume Builder Program** DCain-Res Rev,2007-03-28,1,1,5521 LIBERTON LN,78754,1,NA,https://abc.austintexas.gov/web/permit/public-search-other?t_detail=1&t_selected_folderrsn=10017143,5521 LIBERTON LANE,NA,Austin,Texas,United States,2
2705 Alsatia Dr,*Cancel Permit New 2 Story Sf- Residence W/ Attached Garage And CovD. Porch And Patio,2007-02-28,1,2,2705 ALSATIA DR,78748,8,NA,https://abc.austintexas.gov/web/permit/public-search-other?t_detail=1&t_selected_folderrsn=750206,2705 ALSATIA DRIVE,NA,Austin,Texas,United States,2
1114 HENNINGER ST,new one story sf res w/att gar and wood deck,2007-03-12,1,1,1114 HENNINGER ST,78702,3,NA,https://abc.austintexas.gov/web/permit/public-search-other?t_detail=1&t_selected_folderrsn=10012045,1114 HENNINGER STREET,NA,Austin,Texas,United States,2
10701 Pecan Park Blvd Unit 3630,New 2 Story Condo W/Att Garage CovD Patio & CovD Porch.,2007-02-28,NA,2,10701 PECAN PARK BLVD UNIT 3630,78750,6,NA,https://abc.austintexas.gov/web/permit/public-search-other?t_detail=1&t_selected_folderrsn=741920,10701 PECAN PARK BOULEVARD UNIT 3630,NA,Austin,Texas,United States,2
12025 STONEY MEADOW DR,New 2-story single-family residence attached garage covered porch.,2007-04-13,1,2,12025 STONEY MEADOW DR,78617,2,NA,https://abc.austintexas.gov/web/permit/public-search-other?t_detail=1&t_selected_folderrsn=10021250,12025 STONEY MEADOW DRIVE,NA,Austin,Texas,United States,2
7313 RIMCREST CV,New 2 Story Sf Res. Att Garage Covd Patio.,2007-03-29,1,2,7313 RIMCREST CV,78735,8,NA,https://abc.austintexas.gov/web/permit/public-search-other?t_detail=1&t_selected_folderrsn=742128,7313 RIMCREST CV,NA,Austin,Texas,United States,2
12021 STONEY MEADOW DR,New 1-story single-family residence attached garage covered porch.,2007-04-13,1,1,12021 STONEY MEADOW DR,78617,2,NA,https://abc.austintexas.gov/web/permit/public-search-other?t_detail=1&t_selected_folderrsn=10022116,12021 STONEY MEADOW DRIVE,NA,Austin,Texas,United States,2
7401 COLDWATER MOUNTAIN CT,New 3stry Sf Res. Elec Srv & Plbg Eud & Outside City,2007-03-01,NA,3,7401 COLDWATER MOUNTAIN CT,78730,10,NA,https://abc.austintexas.gov/web/permit/public-search-other?t_detail=1&t_selected_folderrsn=703452,7401 COLDWATER MOUNTAIN CT,NA,Austin,Texas,United States,2
5604 LIBERTON LN,New 1 Story Sf Res W Att Garage And Cov Porch/Patio,2007-02-27,1,1,5604 LIBERTON LN,78754,1,NA,https://abc.austintexas.gov/web/permit/public-search-other?t_detail=1&t_selected_folderrsn=743072,5604 LIBERTON LANE,NA,Austin,Texas,United States,2
6910 Villita Avenida,**Smart Housing**  New 1-Story Sf Res Covered Porch.,2007-03-01,1,1,6910 VILLITA AVENIDA,78741,3,NA,https://abc.austintexas.gov/web/permit/public-search-other?t_detail=1&t_selected_folderrsn=743005,6910 VILLITA AVENIDA,NA,Austin,Texas,United States,2
5529 LIBERTON LN,New 2 story sf res. att garage covd patio covd porch.,2007-04-13,1,2,5529 LIBERTON LN,78754,1,NA,https://abc.austintexas.gov/web/permit/public-search-other?t_detail=1&t_selected_folderrsn=10022619,5529 LIBERTON LANE,NA,Austin,Texas,United States,2
12504 PIPER CT,New 2 Story Condo W/Att Garage CovD Patio & CovD Porch.,2007-02-28,NA,2,12504 PIPER CT,78750,6,NA,https://abc.austintexas.gov/web/permit/public-search-other?t_detail=1&t_selected_folderrsn=743048,12504 PIPER CT,NA,Austin,Texas,United States,2
10701 Pecan Park Blvd Unit 2660,New 2 Story Condo W/Att Garage CovD Patio & CovD Porch.,2007-02-28,NA,2,10701 PECAN PARK BLVD UNIT 2660,78750,6,NA,https://abc.austintexas.gov/web/permit/public-search-other?t_detail=1&t_selected_folderrsn=743167,10701 PECAN PARK BOULEVARD UNIT 2660,NA,Austin,Texas,United States,2
5900   TERRAVISTA DR,New 2-story single-family residence attached garage covered porch and patio.,2007-04-09,1,2,5900 TERRAVISTA DR,78735,8,NA,https://abc.austintexas.gov/web/permit/public-search-other?t_detail=1&t_selected_folderrsn=10018963,5900 TERRAVISTA DRIVE,NA,Austin,Texas,United States,2
5628 LIBERTON LN,New 1-Story Sf Res Attched Garage Covered Porch.,2007-03-01,1,1,5628 LIBERTON LN,78754,1,NA,https://abc.austintexas.gov/web/permit/public-search-other?t_detail=1&t_selected_folderrsn=743238,5628 LIBERTON LANE,NA,Austin,Texas,United States,2
7716 Northwest Dr,New 2-Story Duplex Res Attached Garages Uncovered Wood Decks On 2nd.,2007-03-26,2,2,7716 NORTHWEST DR,78757,7,NA,https://abc.austintexas.gov/web/permit/public-search-other?t_detail=1&t_selected_folderrsn=737875,7716 NORTHWEST DRIVE,NA,Austin,Texas,United States,2
2803 ROBINSON AVE,New Two Family Res W/Uncovd Balcony(Ldc-2-774) Above New One Car Garage (Demo Pmt#07006481),2007-03-01,2,2,2803 ROBINSON AVE,78722,9,NA,https://abc.austintexas.gov/web/permit/public-search-other?t_detail=1&t_selected_folderrsn=763501,2803 ROBINSON AVE,NA,Austin,Texas,United States,2
13106 KENSWICK DR,New 1 Story Sf Res. Att Garage Covd Patio Covd Porch.,2007-03-15,1,1,13106 KENSWICK DR,78754,7,NA,https://abc.austintexas.gov/web/permit/public-search-other?t_detail=1&t_selected_folderrsn=742865,13106 KENSWICK DRIVE,NA,Austin,Texas,United States,2
7705 JABORANDI DR,new 2 story sf residence w/attached garage; covered patio & porch,2007-04-03,1,2,7705 JABORANDI DR,78739,8,NA,https://abc.austintexas.gov/web/permit/public-search-other?t_detail=1&t_selected_folderrsn=10018025,7705 JABORANDI DRIVE,NA,Austin,Texas,United States,2
7309 RIMCREST CV,New 3 Story Sf Condo. Att Garage Covd Patio.,2007-03-29,1,3,7309 RIMCREST CV,78735,8,NA,https://abc.austintexas.gov/web/permit/public-search-other?t_detail=1&t_selected_folderrsn=742487,7309 RIMCREST CV,NA,Austin,Texas,United States,2
7904 MENLER DR,new 2 story sf residence w/attached garage; covered porch*building waived not trades*,2007-04-11,1,2,7904 MENLER DR,78735,8,NA,https://abc.austintexas.gov/web/permit/public-search-other?t_detail=1&t_selected_folderrsn=10019122,7904 MENLER DRIVE,NA,Austin,Texas,United States,2
7301 RIMCREST CV,New Two Story Sf Res Condo W. Attached Garage & CovD Patio (See permit #08-001449),2007-03-29,1,2,7301 RIMCREST CV,78735,8,NA,https://abc.austintexas.gov/web/permit/public-search-other?t_detail=1&t_selected_folderrsn=755305,7301 RIMCREST CV,NA,Austin,Texas,United States,2
9725 RIAS WAY BLDG B,New 2-Story Sf Res Attached Garage Covered Porch And Patio.,2007-02-20,1,2,9725 RIAS WAY,78717,6,NA,https://abc.austintexas.gov/web/permit/public-search-other?t_detail=1&t_selected_folderrsn=763531,9725 RIAS WAY,NA,Austin,Texas,United States,2
8110 FM 2222 RD BLDG 21,New Multi-Family Townhomes,2007-02-16,2,2,8110 FM 2222 RD BLDG 21,78750,10,NA,https://abc.austintexas.gov/web/permit/public-search-other?t_detail=1&t_selected_folderrsn=740507,8110 FM 2222 ROAD BLDG 21,NA,Austin,Texas,United States,2
5612 LIBERTON LN,New 1-Story Sf Res Attached Garage Covered Porch And Patio.,2007-02-09,1,1,5612 LIBERTON LN,78754,1,NA,https://abc.austintexas.gov/web/permit/public-search-other?t_detail=1&t_selected_folderrsn=742313,5612 LIBERTON LANE,NA,Austin,Texas,United States,2
1108 S 5TH ST,New 2-Story Sf Res W/Attached Carport Uncovered Porches And Patios.,2007-01-23,1,3,1108 S 5TH ST,78704,9,NA,https://abc.austintexas.gov/web/permit/public-search-other?t_detail=1&t_selected_folderrsn=737257,1108 SOUTH 5TH STREET,NA,Austin,Texas,United States,2
7000 Villita Avenida,**Smart Housing**  New 2-Story Sf Res Covered Porch.   **refer to pmt # 2010-081771**,2007-02-09,1,2,7000 VILLITA AVENIDA,78741,3,NA,https://abc.austintexas.gov/web/permit/public-search-other?t_detail=1&t_selected_folderrsn=738200,7000 VILLITA AVENIDA,NA,Austin,Texas,United States,2
6901 Villita Avenida,**Smart Housing** New 2-Story Sf Res Covered Porches.,2007-02-08,1,2,6901 VILLITA AVENIDA,78741,3,NA,https://abc.austintexas.gov/web/permit/public-search-other?t_detail=1&t_selected_folderrsn=738269,6901 VILLITA AVENIDA,NA,Austin,Texas,United States,2
7508 Wisteria Valley Dr,New 1 Story Res W/ Att Garage And Cov Porch/Patio *Stratus Bank* Bldg Fee Waived Only (Not Trades),2007-02-22,1,1,7508 WISTERIA VALLEY DR,78739,8,NA,https://abc.austintexas.gov/web/permit/public-search-other?t_detail=1&t_selected_folderrsn=742876,7508 WISTERIA VALLEY DRIVE,NA,Austin,Texas,United States,2
5525 COLINTON AVE,New 1 Story Sf Res W Att Garage And Cov Porch,2007-01-23,1,1,5525 COLINTON AVE,78754,1,NA,https://abc.austintexas.gov/web/permit/public-search-other?t_detail=1&t_selected_folderrsn=741453,5525 COLINTON AVE,NA,Austin,Texas,United States,2
5501 COLINTON AVE,New Two Story Sf Res W/Attached Garage W/Covd Porch & Uncovd Patio,2007-01-23,1,2,5501 COLINTON AVE,78754,1,NA,https://abc.austintexas.gov/web/permit/public-search-other?t_detail=1&t_selected_folderrsn=763424,5501 COLINTON AVE,NA,Austin,Texas,United States,2
5912 Silver Screen Dr,New 2 Story Sf Res W Att Garage And Cov Porch/Patio **Smart Housing Program**,2007-01-30,1,2,5912 SILVER SCREEN DR,78747,2,NA,https://abc.austintexas.gov/web/permit/public-search-other?t_detail=1&t_selected_folderrsn=741694,5912 SILVER SCREEN DRIVE,NA,Austin,Texas,United States,2
11309 Long Winter Dr,New 1 Story Sf Res W Att Garage,2007-02-02,1,1,11309 LONG WINTER DR,78754,1,NA,https://abc.austintexas.gov/web/permit/public-search-other?t_detail=1&t_selected_folderrsn=741983,11309 LONG WINTER DRIVE,NA,Austin,Texas,United States,2
5313 Park At Woodlands Dr,New 2 Story Sf Res W Att Garage And Cov Porch/Patio,2007-01-23,1,2,5313 PARK AT WOODLANDS DR,78724,1,NA,https://abc.austintexas.gov/web/permit/public-search-other?t_detail=1&t_selected_folderrsn=741444,5313 PARK AT WOODLANDS DRIVE,NA,Austin,Texas,United States,2
6918 Villita Avenida,**Smart Housing**New 2-Story Sf Res Covered Porch.  **refer to pmt # 2010-107103**,2007-02-09,1,2,6918 VILLITA AVENIDA,78741,3,NA,https://abc.austintexas.gov/web/permit/public-search-other?t_detail=1&t_selected_folderrsn=738202,6918 VILLITA AVENIDA,NA,Austin,Texas,United States,2
1010 E 15TH ST,New Detached Garage W/Second Floor Apartment,2007-01-26,NA,2,1010 E 15TH ST,78702,1,NA,https://abc.austintexas.gov/web/permit/public-search-other?t_detail=1&t_selected_folderrsn=741582,1010 EAST 15TH STREET,NA,Austin,Texas,United States,2
1611 Brackenridge St,Paint Retile/Repair Bath Wall. Replace W Heater W/Tankless. Replace Toilet. **See Comments**,2007-01-31,1,1,1611 BRACKENRIDGE ST,78704,9,NA,https://abc.austintexas.gov/web/permit/public-search-other?t_detail=1&t_selected_folderrsn=741930,1611 BRACKENRIDGE STREET,NA,Austin,Texas,United States,2
9620 INDINA HILLS DR,(See 2010-032946 for repermit) New Two Story Res W/Att Garage Covered Patio & Covered Porch ( 4 Bathrooms 3/4 Meter),2007-02-21,1,2,9620 INDINA HILLS DR,78717,6,NA,https://abc.austintexas.gov/web/permit/public-search-other?t_detail=1&t_selected_folderrsn=742846,9620 INDINA HILLS DRIVE,NA,Austin,Texas,United States,2
6902 Villita Cv,**Smart Housing** New 2-Story Sf Res Covered Porch.   **refer to pmt # 2010-081004**,2007-02-15,1,2,6902 VILLITA CV,78741,3,NA,https://abc.austintexas.gov/web/permit/public-search-other?t_detail=1&t_selected_folderrsn=738134,6902 VILLITA CV,NA,Austin,Texas,United States,2
5908 Silver Screen Dr,New 1 Story Sf Res W Att Garage And Cov Porch/Patio **Smart Housing**,2007-01-30,1,1,5908 SILVER SCREEN DR,78747,2,NA,https://abc.austintexas.gov/web/permit/public-search-other?t_detail=1&t_selected_folderrsn=741695,5908 SILVER SCREEN DRIVE,NA,Austin,Texas,United States,2
7713 JABORANDI DR,New 2 Story Sf Res. Att Garage Covd Patio Covd Porch *Stratus Bank* Bldg.Fee Waived (Not Trades); Vegetative Filter Strip must be vegetated prior to CO - AW.,2007-01-23,1,2,7713 JABORANDI DR,78739,8,NA,https://abc.austintexas.gov/web/permit/public-search-other?t_detail=1&t_selected_folderrsn=741168,7713 JABORANDI DRIVE,NA,Austin,Texas,United States,2
11804 Timber Heights Dr,New 2 Story Sf Res W Att Garage And Cov Porch,2007-02-22,1,2,11804 TIMBER HEIGHTS DR,78754,1,NA,https://abc.austintexas.gov/web/permit/public-search-other?t_detail=1&t_selected_folderrsn=741588,11804 TIMBER HEIGHTS DRIVE,NA,Austin,Texas,United States,2
12037 TIMBER HEIGHTS DR,New 1 Story Sf Res W Att Garage And Cov Porch/Patio,2007-02-02,1,1,12037 TIMBER HEIGHTS DR,78754,1,NA,https://abc.austintexas.gov/web/permit/public-search-other?t_detail=1&t_selected_folderrsn=741985,12037 TIMBER HEIGHTS DRIVE,NA,Austin,Texas,United States,2
5408 Agatha Cir,**Smart Housing**  New 3-Story Sf Res Attached Carport Covered Porch And Wood Deck.,2007-01-22,1,3,5408 AGATHA CIR,78724,1,NA,https://abc.austintexas.gov/web/permit/public-search-other?t_detail=1&t_selected_folderrsn=740709,5408 AGATHA CIR,NA,Austin,Texas,United States,2
707 CARDINAL LN BLDG H,New Two Story Condo W/Balconies.,2007-01-30,1,2,707 CARDINAL LN BLDG H,78704,3,NA,https://abc.austintexas.gov/web/permit/public-search-other?t_detail=1&t_selected_folderrsn=736204,707 CARDINAL LANE BLDG H,NA,Austin,Texas,United States,2
5629 LIBERTON LN,New 1 Story Sf Res W Att Garage And Cov Porch/Patio,2007-01-31,1,1,5629 LIBERTON LN,78754,1,NA,https://abc.austintexas.gov/web/permit/public-search-other?t_detail=1&t_selected_folderrsn=741843,5629 LIBERTON LANE,NA,Austin,Texas,United States,2
6700 Walkup Ln,New 2 Story Sf Res W Att Garage And Cov Porch **Smart Housing**,2007-02-13,1,2,6700 WALKUP LN,78747,2,NA,https://abc.austintexas.gov/web/permit/public-search-other?t_detail=1&t_selected_folderrsn=742433,6700 WALKUP LANE,NA,Austin,Texas,United States,2
5621 LIBERTON LN,New 1 Story Sf Res W Att Garage And Cov Porch/Patio,2007-01-31,1,1,5621 LIBERTON LN,78754,1,NA,https://abc.austintexas.gov/web/permit/public-search-other?t_detail=1&t_selected_folderrsn=741846,5621 LIBERTON LANE,NA,Austin,Texas,United States,2
5600 Apple Orchard Ln,New 2 Story Sf Res. Att Garage Covd Porch. **Smart Housing**,2007-02-07,1,2,5600 APPLE ORCHARD LN,78744,2,NA,https://abc.austintexas.gov/web/permit/public-search-other?t_detail=1&t_selected_folderrsn=742101,5600 APPLE ORCHARD LANE,NA,Austin,Texas,United States,2
6914 Villita Avenida,**Smart Housing** New 2-Story Sf Res Covered Porch.,2007-02-08,1,2,6914 VILLITA AVENIDA,78741,3,NA,https://abc.austintexas.gov/web/permit/public-search-other?t_detail=1&t_selected_folderrsn=755266,6914 VILLITA AVENIDA,NA,Austin,Texas,United States,2
8110 FM 2222 RD BLDG 14,New Multi-Family Townhomes,2007-02-16,2,2,8110 FM 2222 RD BLDG 14,78750,10,NA,https://abc.austintexas.gov/web/permit/public-search-other?t_detail=1&t_selected_folderrsn=750481,8110 FM 2222 ROAD BLDG 14,NA,Austin,Texas,United States,2
6322 RIVER PLACE BLVD,New Two Story Sf Res W/Attached Garage W/Covered Patio & Porch,2007-02-12,1,2,6322 RIVER PLACE BLVD,78730,10,NA,https://abc.austintexas.gov/web/permit/public-search-other?t_detail=1&t_selected_folderrsn=741478,6322 RIVER PLACE BOULEVARD,NA,Austin,Texas,United States,2
7105 Villita Avenida,**Smart Housing**  New 2-Story Sf Res Covered Porch.  **refer to pmt # 2010-081036**,2007-02-09,1,2,7105 VILLITA AVENIDA,78741,3,NA,https://abc.austintexas.gov/web/permit/public-search-other?t_detail=1&t_selected_folderrsn=738203,7105 VILLITA AVENIDA,NA,Austin,Texas,United States,2
328 Camperdown Elm Dr,New 2 Story Res W Att Garage And Cov Porch,2007-01-30,1,2,328 CAMPERDOWN ELM DR,78748,5,NA,https://abc.austintexas.gov/web/permit/public-search-other?t_detail=1&t_selected_folderrsn=740989,328 CAMPERDOWN ELM DRIVE,NA,Austin,Texas,United States,2
8713 FENTON DR,New 2 Story Residential W/Att Garage And Cov Porch,2007-01-23,1,2,8713 FENTON DR,78736,8,NA,https://abc.austintexas.gov/web/permit/public-search-other?t_detail=1&t_selected_folderrsn=738131,8713 FENTON DRIVE,NA,Austin,Texas,United States,2
6903 VILLITA CV,**Smart Housing**  New 2-Story Sf Res Covered Porch.,2007-02-09,1,2,6903 VILLITA CV,78741,3,NA,https://abc.austintexas.gov/web/permit/public-search-other?t_detail=1&t_selected_folderrsn=738201,6903 VILLITA CV,NA,Austin,Texas,United States,2
1010 Hillside Ave,New Two Story Sf Res W/ Attached Garage & CovD Porch,2007-02-08,1,2,1010 HILLSIDE AVE,78704,9,NA,https://abc.austintexas.gov/web/permit/public-search-other?t_detail=1&t_selected_folderrsn=742307,1010 HILLSIDE AVE,NA,Austin,Texas,United States,2
309 Camperdown Elm Dr,New 2 Story Sf Res W Att Garage And Cov Porch,2007-01-30,1,2,309 CAMPERDOWN ELM DR,78748,5,NA,https://abc.austintexas.gov/web/permit/public-search-other?t_detail=1&t_selected_folderrsn=740422,309 CAMPERDOWN ELM DRIVE,NA,Austin,Texas,United States,2
2104 STAMFORD LN,"***On August 23 2007 City Council upheld the appeal by Michael Cannitti to cancel permit based on the application expiring.  Council vote (4-3) in favor of the appeal.***
New Three Story Sf Res W/Attached Garage W/Covd Porch & 2nd Fl Covd Balcony",2007-02-12,1,3,2104 STAMFORD LN,78703,10,NA,https://abc.austintexas.gov/web/permit/public-search-other?t_detail=1&t_selected_folderrsn=728745,2104 STAMFORD LANE,NA,Austin,Texas,United States,2
8110 FM 2222 RD BLDG 20,New Multi-Family Townhomes Only,2007-02-16,2,2,8110 FM 2222 RD BLDG 20,78750,10,NA,https://abc.austintexas.gov/web/permit/public-search-other?t_detail=1&t_selected_folderrsn=740506,8110 FM 2222 ROAD BLDG 20,NA,Austin,Texas,United States,2
6112 Bridlington Cir,Finish Out Conversion Of  Garage To Living Rm Storage Media Rm W/Closets Exst Utility.,2007-02-08,1,1,6112 BRIDLINGTON CIR,78745,5,NA,https://abc.austintexas.gov/web/permit/public-search-other?t_detail=1&t_selected_folderrsn=742246,6112 BRIDLINGTON CIR,NA,Austin,Texas,United States,2
5305 PARK AT WOODLANDS DR,"New 1 Story Sf Res W Att Garage And Cov Porch
**Smart Housing**",2007-02-15,1,1,5305 PARK AT WOODLANDS DR,78724,1,NA,https://abc.austintexas.gov/web/permit/public-search-other?t_detail=1&t_selected_folderrsn=742538,5305 PARK AT WOODLANDS DRIVE,NA,Austin,Texas,United States,2
5617 Liberton Ln,New 2-Story Sf Res Attached Garage Covered Porch And Patio.,2007-02-12,1,2,5617 LIBERTON LN,78754,1,NA,https://abc.austintexas.gov/web/permit/public-search-other?t_detail=1&t_selected_folderrsn=742413,5617 LIBERTON LANE,NA,Austin,Texas,United States,2
8110 FM 2222 RD BLDG 26,New Multi-Family Townhomes,2007-02-16,2,2,8110 FM 2222 RD BLDG 26,78750,10,NA,https://abc.austintexas.gov/web/permit/public-search-other?t_detail=1&t_selected_folderrsn=740509,8110 FM 2222 ROAD BLDG 26,NA,Austin,Texas,United States,2
8110 FM 2222 RD BLDG 22,New Multi-Family Townhomes Only,2007-02-16,2,2,8110 FM 2222 RD BLDG 22,78750,10,NA,https://abc.austintexas.gov/web/permit/public-search-other?t_detail=1&t_selected_folderrsn=740508,8110 FM 2222 ROAD BLDG 22,NA,Austin,Texas,United States,2
8110 FM 2222 RD BLDG 13,New Multi-Family Townhomes Only,2007-02-16,2,2,8110 FM 2222 RD BLDG 13,78750,10,NA,https://abc.austintexas.gov/web/permit/public-search-other?t_detail=1&t_selected_folderrsn=740505,8110 FM 2222 ROAD BLDG 13,NA,Austin,Texas,United States,2
5529 JACKIE ROBINSON ST,New 1-Story Sf Res W/Covered Porches.,2007-01-23,1,1,5529 JACKIE ROBINSON ST,78721,1,NA,https://abc.austintexas.gov/web/permit/public-search-other?t_detail=1&t_selected_folderrsn=741464,5529 JACKIE ROBINSON STREET,NA,Austin,Texas,United States,2
6405 Kedington St,New 2 Story Sf Res W Att Garage And Cov Porch  *Smart Housing Program**,2007-02-07,1,2,6405 KEDINGTON ST,78747,2,NA,https://abc.austintexas.gov/web/permit/public-search-other?t_detail=1&t_selected_folderrsn=742102,6405 KEDINGTON STREET,NA,Austin,Texas,United States,2
6916 VILLITA AVENIDA,**Smart Housing** New 2-Story Sf Res Covered Porch.,2007-02-09,1,2,6916 VILLITA AVENIDA,78741,3,NA,https://abc.austintexas.gov/web/permit/public-search-other?t_detail=1&t_selected_folderrsn=738354,6916 VILLITA AVENIDA,NA,Austin,Texas,United States,2
12213 ALCANZA DR,**ref permit#2009-031257**New 2-Story Sf Res Attached Garage Covered Porches And Patios. **Stratus Bank**Only Bldg Waived**;Vegetative Filter Strip must be restored prior to CO.,2007-02-02,1,2,12213 ALCANZA DR,78739,8,NA,https://abc.austintexas.gov/web/permit/public-search-other?t_detail=1&t_selected_folderrsn=741437,12213 ALCANZA DRIVE,NA,Austin,Texas,United States,2
7117 CAYENNE LN,**Smart Housing**  New 1-Story Sf Res Attached Garage Covered Porch.,2007-02-09,1,1,7117 CAYENNE LN,78741,3,NA,https://abc.austintexas.gov/web/permit/public-search-other?t_detail=1&t_selected_folderrsn=742252,7117 CAYENNE LANE,NA,Austin,Texas,United States,2
8110 FM 2222 RD BLDG 25,New Multi-Family Townhomes Only,2007-02-16,2,2,8110 FM 2222 RD BLDG 25,78750,10,NA,https://abc.austintexas.gov/web/permit/public-search-other?t_detail=1&t_selected_folderrsn=750482,8110 FM 2222 ROAD BLDG 25,NA,Austin,Texas,United States,2
8917 Quick Stream Dr,New 1 Story Sf Res. Att Garage Covd Porch. **Smart Housing**,2007-02-16,1,1,8917 QUICK STREAM DR,78724,1,NA,https://abc.austintexas.gov/web/permit/public-search-other?t_detail=1&t_selected_folderrsn=742642,8917 QUICK STREAM DRIVE,NA,Austin,Texas,United States,2
8913 Quick Stream Dr,"New 1 Story Sf Res W Att Garage And Cov Porch/Patio
*Smart Housing*",2007-02-16,1,1,8913 QUICK STREAM DR,78724,1,NA,https://abc.austintexas.gov/web/permit/public-search-other?t_detail=1&t_selected_folderrsn=742533,8913 QUICK STREAM DRIVE,NA,Austin,Texas,United States,2
6224 Crow Ln,"New 2-Story Sf Res Attached Garage Covered Poch & Covered Wood Deck.

Entire lot cleared; see CV (violation) folder",2007-02-14,1,2,6224 CROW LN,78745,2,NA,https://abc.austintexas.gov/web/permit/public-search-other?t_detail=1&t_selected_folderrsn=763474,6224 CROW LANE,NA,Austin,Texas,United States,2
11308 Hollister Dr,New 2 Story S.F. Residence W/Attached Garage CovD Patio & CovD Porch. (See 2006-003099 for final building),2006-12-08,1,2,11308 HOLLISTER DR,78739,8,NA,https://abc.austintexas.gov/web/permit/public-search-other?t_detail=1&t_selected_folderrsn=740264,11308 HOLLISTER DRIVE,NA,Austin,Texas,United States,2
5345 Agatha Cir,New Two Story Sf Res W/Attached W/Covd Patio & Porches - Smart Housing,2006-12-14,1,2,5345 AGATHA CIR,78724,1,NA,https://abc.austintexas.gov/web/permit/public-search-other?t_detail=1&t_selected_folderrsn=740383,5345 AGATHA CIR,NA,Austin,Texas,United States,2
10900 Short Springs Dr,New 2 Story Sf Res W Att Garage And Cov Porch,2006-12-14,1,2,10900 SHORT SPRINGS DR,78754,1,NA,https://abc.austintexas.gov/web/permit/public-search-other?t_detail=1&t_selected_folderrsn=740347,10900 SHORT SPRINGS DRIVE,NA,Austin,Texas,United States,2
9721 RIAS WAY BLDG B,New 1 Stry Sf Res. Att Garage Covd Patio Covd Porch.,2007-01-10,1,1,9721 RIAS WAY,78717,6,NA,https://abc.austintexas.gov/web/permit/public-search-other?t_detail=1&t_selected_folderrsn=741222,9721 RIAS WAY,NA,Austin,Texas,United States,2
5617 COLINTON AVE,New 2 Story Res W Att Garage And Cov Porch/Patio,2006-12-04,1,2,5617 COLINTON AVE,78754,1,NA,https://abc.austintexas.gov/web/permit/public-search-other?t_detail=1&t_selected_folderrsn=740738,5617 COLINTON AVE,NA,Austin,Texas,United States,2
8909 Quick Stream Dr,New One Story Sf Res W/Attached Garage W/Covd Patio & Porch - Smart Housing,2006-12-06,1,1,8909 QUICK STREAM DR,78724,1,NA,https://abc.austintexas.gov/web/permit/public-search-other?t_detail=1&t_selected_folderrsn=739378,8909 QUICK STREAM DRIVE,NA,Austin,Texas,United States,2
12405 Alcanza Dr,New Two Story Sf Res W/Attached Garage W/Covd Patio And Porch*Stratus Bank Only Bldg. Waived Not Trades***,2006-12-04,1,2,12405 ALCANZA DR,78739,8,NA,https://abc.austintexas.gov/web/permit/public-search-other?t_detail=1&t_selected_folderrsn=738853,12405 ALCANZA DRIVE,NA,Austin,Texas,United States,2
8009 Levata Dr,** Dormant** Not Building This Home-Per Cindi Gilcrest-12-15-06 New 1-Story Sf Res Attached 22 Drop Garage Covered Porch Uncovered Patio. *Stratus Bank*Bldg Fee Waived Only (Not Trades),2006-12-07,1,1,8009 LEVATA DR,78739,8,NA,https://abc.austintexas.gov/web/permit/public-search-other?t_detail=1&t_selected_folderrsn=739791,8009 LEVATA DRIVE,NA,Austin,Texas,United States,2
5520 COLINTON AVE,New 2 Story S.F. Residence W/Attached Garage CovD Patio & CovD Porch.,2006-12-18,1,2,5520 COLINTON AVE,78754,1,NA,https://abc.austintexas.gov/web/permit/public-search-other?t_detail=1&t_selected_folderrsn=742408,5520 COLINTON AVE,NA,Austin,Texas,United States,2
9109 Laguna Woods Dr,New 2 Story Sf Res. Att Garage Covd Patio Covd Porch.,2006-12-21,1,2,9109 LAGUNA WOODS DR,78717,6,NA,https://abc.austintexas.gov/web/permit/public-search-other?t_detail=1&t_selected_folderrsn=740343,9109 LAGUNA WOODS DRIVE,NA,Austin,Texas,United States,2
9008 Quick Stream Dr,New 2 Story Sf Res. Att Garage Covd Porch Covd Patio.  **Smart Housing**  **Elev Cert Reqd**,2006-12-12,1,2,9008 QUICK STREAM DR,78724,1,NA,https://abc.austintexas.gov/web/permit/public-search-other?t_detail=1&t_selected_folderrsn=741363,9008 QUICK STREAM DRIVE,NA,Austin,Texas,United States,2
6701 Jester Blvd,Two Story Sf Res With CovRd Patios CovRd Porches CovRd & UncovRd Balconies.,2006-12-22,1,2,6701 JESTER BLVD,78750,10,NA,https://abc.austintexas.gov/web/permit/public-search-other?t_detail=1&t_selected_folderrsn=733585,6701 JESTER BOULEVARD,NA,Austin,Texas,United States,2
5437 Agatha Cir,One Story Sf Res W/ Attached Carport CovD Porch & CovD Balcony *Smart Housing*,2007-01-02,1,1,5437 AGATHA CIR,78724,1,NA,https://abc.austintexas.gov/web/permit/public-search-other?t_detail=1&t_selected_folderrsn=740443,5437 AGATHA CIR,NA,Austin,Texas,United States,2
308 Camperdown Elm Dr,New 2 Story Single Fam Res W Att Garage And Cov Porch Only,2007-01-18,1,2,308 CAMPERDOWN ELM DR,78748,5,NA,https://abc.austintexas.gov/web/permit/public-search-other?t_detail=1&t_selected_folderrsn=750440,308 CAMPERDOWN ELM DRIVE,NA,Austin,Texas,United States,2
2615 GEORGIA COLEMAN BND,New 1 Story Sf Res W Att Garage And Cov Porch/Patio,2006-12-22,1,1,2615 GEORGIA COLEMAN BND,78748,5,NA,https://abc.austintexas.gov/web/permit/public-search-other?t_detail=1&t_selected_folderrsn=740705,2615 GEORGIA COLEMAN BND,NA,Austin,Texas,United States,2
1509 CORIANDER DR,**Smart Housing**  New 1-Story Sf Res Attached Gargae Covered Porch And Patio.,2006-12-12,1,1,1509 CORIANDER DR,78741,3,NA,https://abc.austintexas.gov/web/permit/public-search-other?t_detail=1&t_selected_folderrsn=740354,1509 CORIANDER DRIVE,NA,Austin,Texas,United States,2
7300 Moon Rock Rd,New Two Story Sf Res W/ CovD Patio & CovD Porch,2006-12-07,1,2,7300 MOON ROCK RD,78739,8,NA,https://abc.austintexas.gov/web/permit/public-search-other?t_detail=1&t_selected_folderrsn=741729,7300 MOON ROCK ROAD,NA,Austin,Texas,United States,2
1104 E 2ND ST,New 1-Story Sf Res Covered Wood Deck At Ground Level.,2007-01-19,1,1,1104 E 2ND ST,78702,3,NA,https://abc.austintexas.gov/web/permit/public-search-other?t_detail=1&t_selected_folderrsn=739618,1104 EAST 2ND STREET,NA,Austin,Texas,United States,2
1529 CORIANDER DR,New One Story Res W/Att Garage Covered Patio & Porch (S.M.A.R.T Housing) ( 2 Bathrooms 5/8 Meter),2006-12-08,0,1,1529 CORIANDER DR,78741,3,NA,https://abc.austintexas.gov/web/permit/public-search-other?t_detail=1&t_selected_folderrsn=739642,1529 CORIANDER DRIVE,NA,Austin,Texas,United States,2
328 Camperdown Elm Dr,New 2 Story Res W Att Garage And Cov Porch,2007-01-04,1,2,328 CAMPERDOWN ELM DR,78748,5,NA,https://abc.austintexas.gov/web/permit/public-search-other?t_detail=1&t_selected_folderrsn=740452,328 CAMPERDOWN ELM DRIVE,NA,Austin,Texas,United States,2
1522 Weatherford Dr,New 1-Story Sf Res Attached Garage Covered Porch And Patio.,2006-12-07,1,1,1522 WEATHERFORD DR,78754,7,NA,https://abc.austintexas.gov/web/permit/public-search-other?t_detail=1&t_selected_folderrsn=738763,1522 WEATHERFORD DRIVE,NA,Austin,Texas,United States,2
2303 MANANA ST,New 2 Story Sf Res. Att Garage Covd Porch Covd Patio Balcony. See Comments Re: Co.,2007-01-08,1,2,2303 MANANA ST,78730,10,NA,https://abc.austintexas.gov/web/permit/public-search-other?t_detail=1&t_selected_folderrsn=734740,2303 MANANA STREET,NA,Austin,Texas,United States,2
10212 FOSSMOOR ST,New Single Story Sf Res W/ Attached Garage CovD Porch & CovD Patio,2006-12-19,1,1,10212 FOSSMOOR ST,78717,6,NA,https://abc.austintexas.gov/web/permit/public-search-other?t_detail=1&t_selected_folderrsn=739683,10212 FOSSMOOR STREET,NA,Austin,Texas,United States,2
11901 Lansdowne Rd,New 2 Story Residence W/Attached Garage CovD Patio & CovD Porch.,2006-12-12,1,2,11901 LANSDOWNE RD,78754,1,NA,https://abc.austintexas.gov/web/permit/public-search-other?t_detail=1&t_selected_folderrsn=740223,11901 LANSDOWNE ROAD,NA,Austin,Texas,United States,2
7609 Jaborandi Dr,"New 2 Story Sf Res. Att Garage Covd Porch Covd Patio.
*Stratus Bank* Bldg Fee Waived (Not Trades)",2006-12-18,1,2,7609 JABORANDI DR,78739,8,NA,https://abc.austintexas.gov/web/permit/public-search-other?t_detail=1&t_selected_folderrsn=740409,7609 JABORANDI DRIVE,NA,Austin,Texas,United States,2
12004 Lansdowne Rd,New One Story Sf Res W/ Attached Garage CovD Patio & CovD Porch,2007-01-12,1,1,12004 LANSDOWNE RD,78754,1,NA,https://abc.austintexas.gov/web/permit/public-search-other?t_detail=1&t_selected_folderrsn=741255,12004 LANSDOWNE ROAD,NA,Austin,Texas,United States,2
7600 Menler Dr,New 2 Story Res W/ Att Garage And Cov Porch/Patio,2006-12-07,1,2,7600 MENLER DR,78735,8,NA,https://abc.austintexas.gov/web/permit/public-search-other?t_detail=1&t_selected_folderrsn=742407,7600 MENLER DRIVE,NA,Austin,Texas,United States,2
1908 BREMEN ST,New Two Sf Res With Att Gar CovRd Porch CovRd Patio,2006-12-12,1,2,1908 BREMEN ST,78703,10,NA,https://abc.austintexas.gov/web/permit/public-search-other?t_detail=1&t_selected_folderrsn=740385,1908 BREMEN STREET,NA,Austin,Texas,United States,2
1600 Pavelich Pass,**Cancel Permit*New 1 Story Residence W/Attached Garage CovD Patio & CovD Porch.,2006-12-21,1,1,1600 PAVELICH PASS,78748,5,NA,https://abc.austintexas.gov/web/permit/public-search-other?t_detail=1&t_selected_folderrsn=740574,1600 PAVELICH PASS,NA,Austin,Texas,United States,2
1100 Tillery St,Rebuild Existing Sf Residence  &  ( 2 Fam Res On Separate Pmt),2006-10-05,1,2,1100 TILLERY ST,78702,3,NA,https://abc.austintexas.gov/web/permit/public-search-other?t_detail=1&t_selected_folderrsn=735928,1100 TILLERY STREET,NA,Austin,Texas,United States,2
6701 Jester Blvd,Detached 1 Story Guest House.,2006-12-22,1,1,6701 JESTER BLVD,78750,10,NA,https://abc.austintexas.gov/web/permit/public-search-other?t_detail=1&t_selected_folderrsn=740788,6701 JESTER BOULEVARD,NA,Austin,Texas,United States,2
1411 CONCORDIA AVE UNIT B,"New Two Story Secondary Apartment W/2nd Fl Balcony (LDC-25-2-1463 see conditions below)
parking is prohibited in the front yard per ord #2006-0406-050 (17 x 17 & addl 8.5 x 17 parking pad provided) urban core parking reduction ord#031120-44 from 4 to 3 off street parking spaces.",2007-01-02,2,2,1411 CONCORDIA AVE UNIT B,78722,9,NA,https://abc.austintexas.gov/web/permit/public-search-other?t_detail=1&t_selected_folderrsn=740964,1411 CONCORDIA AVE UNIT B,NA,Austin,Texas,United States,2
11825 Lansdowne Rd,New 1 Story Residence W/Attached Garage CovD Porch & UncovD Patio.,2006-12-11,1,1,11825 LANSDOWNE RD,78754,1,NA,https://abc.austintexas.gov/web/permit/public-search-other?t_detail=1&t_selected_folderrsn=740222,11825 LANSDOWNE ROAD,NA,Austin,Texas,United States,2
5645 COLINTON AVE,New One Story Sf Res W/Attached Garage W/Covd Patio & Porch,2006-12-22,1,1,5645 COLINTON AVE,78754,1,NA,https://abc.austintexas.gov/web/permit/public-search-other?t_detail=1&t_selected_folderrsn=740627,5645 COLINTON AVE,NA,Austin,Texas,United States,2
2711 Park View Dr,Rebuild New 1 Story Sf Res W/ Carport Over Previous Build Footprint.,2006-12-06,1,1,2711 PARK VIEW DR,78757,7,NA,https://abc.austintexas.gov/web/permit/public-search-other?t_detail=1&t_selected_folderrsn=740202,2711 PARK VIEW DRIVE,NA,Austin,Texas,United States,2
5624 LIBERTON LN,New 2 Story Res W Att Garage And Cov Porch And Patio,2007-01-05,1,2,5624 LIBERTON LN,78754,1,NA,https://abc.austintexas.gov/web/permit/public-search-other?t_detail=1&t_selected_folderrsn=741050,5624 LIBERTON LANE,NA,Austin,Texas,United States,2
9001 Quick Stream Dr,New 2 Story S.F. Residence W/Attached Garage CovD Porch & CovD Patio. *S.M.A.R.T Housing*,2006-12-18,1,2,9001 QUICK STREAM DR,78724,1,NA,https://abc.austintexas.gov/web/permit/public-search-other?t_detail=1&t_selected_folderrsn=740388,9001 QUICK STREAM DRIVE,NA,Austin,Texas,United States,2
5414 Evans Ave,New Two Family Residential (Secondary Apt)(25-2-774) Above New Detached Garage,2006-12-06,1,2,5414 EVANS AVE UNIT B,78751,4,NA,https://abc.austintexas.gov/web/permit/public-search-other?t_detail=1&t_selected_folderrsn=740123,5414 EVANS AVE UNIT B,NA,Austin,Texas,United States,2
12513 SKY HARBOR DR,New 1 Story S.F. Residence W/Attached Garage CovD Porch & CovD Patio. -*S.M.A.R.T Housing*,2006-12-21,1,1,12513 SKY HARBOR DR,78617,2,NA,https://abc.austintexas.gov/web/permit/public-search-other?t_detail=1&t_selected_folderrsn=755284,12513 SKY HARBOR DRIVE,NA,Austin,Texas,United States,2
10909 Short Springs Dr,New 2 Story Sf Res W Att Garage And Cov Porch,2006-12-28,1,2,10909 SHORT SPRINGS DR,78754,1,NA,https://abc.austintexas.gov/web/permit/public-search-other?t_detail=1&t_selected_folderrsn=740757,10909 SHORT SPRINGS DRIVE,NA,Austin,Texas,United States,2
11605 HOLLISTER DR,New 2 Story Sf Res. Att Garage Covd Porch Covd Patio.,2006-12-21,1,2,11605 HOLLISTER DR,78739,8,NA,https://abc.austintexas.gov/web/permit/public-search-other?t_detail=1&t_selected_folderrsn=742176,11605 HOLLISTER DRIVE,NA,Austin,Texas,United States,2
10720 STRAW FLOWER DR,New 1 Story Res W/ Att Garage And Cov Porch/Patio **voided permit life safety pmt issued**,2006-12-07,1,1,10720 STRAW FLOWER DR,78733,NA,NA,https://abc.austintexas.gov/web/permit/public-search-other?t_detail=1&t_selected_folderrsn=739793,10720 STRAW FLOWER DRIVE,NA,Austin,Texas,United States,2
1629 CORIANDER DR,New 2 Story Res W/ Att Garage And Cov Porch/Patio**Smart Housing**,2006-12-06,1,2,1629 CORIANDER DR,78741,3,NA,https://abc.austintexas.gov/web/permit/public-search-other?t_detail=1&t_selected_folderrsn=739706,1629 CORIANDER DRIVE,NA,Austin,Texas,United States,2
4900 SANTA ANNA ST,New 2-Story Sf Res Covered Porch.,2007-01-10,1,2,1127 NICKOLS AVE,78721,1,NA,https://abc.austintexas.gov/web/permit/public-search-other?t_detail=1&t_selected_folderrsn=741054,1127 NICKOLS AVE,NA,Austin,Texas,United States,2
13205 KENSWICK DR,New 1 Story Sf Res. Att Garage Covd Patio Covd Porch.,2006-12-21,1,1,13205 KENSWICK DR,78753,7,NA,https://abc.austintexas.gov/web/permit/public-search-other?t_detail=1&t_selected_folderrsn=740386,13205 KENSWICK DRIVE,NA,Austin,Texas,United States,2
8905 Quick Stream Dr,New 2 Story S.F. Residence W/Attached Garage CovD Porch CovD Patio & Garage Storage. *S.M.A.R.T Housing*,2006-12-13,1,2,8905 QUICK STREAM DR,78724,1,NA,https://abc.austintexas.gov/web/permit/public-search-other?t_detail=1&t_selected_folderrsn=739328,8905 QUICK STREAM DRIVE,NA,Austin,Texas,United States,2
5524 Colinton Ave,New 1 Story S.F. Residence W/Attached Garage CovD Porch & UncovD Patio.,2006-12-06,1,1,5524 COLINTON AVE,78754,1,NA,https://abc.austintexas.gov/web/permit/public-search-other?t_detail=1&t_selected_folderrsn=740166,5524 COLINTON AVE,NA,Austin,Texas,United States,2
5724 WALSER CV BLDG WB4,"New 1 Story Sf Res. Att Garage Covd Patio Covd Porch.
*Stratus Bank* Bldg Fee Waived (Not Trades)",2006-12-18,1,1,5724 WALSER CV,78735,8,NA,https://abc.austintexas.gov/web/permit/public-search-other?t_detail=1&t_selected_folderrsn=740406,5724 WALSER CV,NA,Austin,Texas,United States,2
5636 LIBERTON LN,New 1 Story Res W Att Garage And Cov Porch,2007-01-05,1,1,5636 LIBERTON LN,78754,1,NA,https://abc.austintexas.gov/web/permit/public-search-other?t_detail=1&t_selected_folderrsn=741049,5636 LIBERTON LANE,NA,Austin,Texas,United States,2
4705 WESTSLOPE CIR,"Three Story Sf Res W/ Attached Garage CovD Patio & CovD Porch & Guest House
*************VOIDED per new Life-Safety Permit - see 2013-043608 PR.  10/17/13 PY.************",2006-12-15,1,3,4705 WESTSLOPE CIR,78731,10,NA,https://abc.austintexas.gov/web/permit/public-search-other?t_detail=1&t_selected_folderrsn=740063,4705 WESTSLOPE CIR,NA,Austin,Texas,United States,2
9000 Quick Stream Dr,Flood Plain Rev Reqd. New 1 Story Sf Res. Att Garage Covd Porch.  **Smart Housing** **Elev Cert Reqd**,2006-12-12,1,1,9000 QUICK STREAM DR,78724,1,NA,https://abc.austintexas.gov/web/permit/public-search-other?t_detail=1&t_selected_folderrsn=740263,9000 QUICK STREAM DRIVE,NA,Austin,Texas,United States,2
4610 WINDY BROOK DR,New Two Story Duplex W/ Attached Garage Breezeway CovD Patio CovD Porch & CovD Balcony,2006-12-11,1,2,4610 WINDY BROOK DR,78723,1,NA,https://abc.austintexas.gov/web/permit/public-search-other?t_detail=1&t_selected_folderrsn=737691,4610 WINDY BROOK DRIVE,NA,Austin,Texas,United States,2
4501 Ari Ct,New Two Story Sf Res W/ Att Gar CovRd Patio CovRd Porch UncovRd Balcony & Storage,2006-12-28,NA,2,4501 ARI CT,78741,3,NA,https://abc.austintexas.gov/web/permit/public-search-other?t_detail=1&t_selected_folderrsn=750489,4501 ARI CT,NA,Austin,Texas,United States,2
8917 Quick Stream Dr,New 2 Story S.F. Residence W/Attached Garage CovD Porch & CovD Patio. *S.M.A.R.T Housing*,2006-12-13,1,2,8917 QUICK STREAM DR,78724,1,NA,https://abc.austintexas.gov/web/permit/public-search-other?t_detail=1&t_selected_folderrsn=740110,8917 QUICK STREAM DRIVE,NA,Austin,Texas,United States,2
5612 COLINTON AVE,New 2-Story Sf Res Attached Garage Covered Porch And Patio.,2006-12-13,1,2,5612 COLINTON AVE,78754,1,NA,https://abc.austintexas.gov/web/permit/public-search-other?t_detail=1&t_selected_folderrsn=740266,5612 COLINTON AVE,NA,Austin,Texas,United States,2
8016 LEVATA DR,"New 1 Story Res W Att Garage And Cov Porch
**Stratus Bank Bldg Waived Only Not Trades**",2007-01-03,1,1,8016 LEVATA DR,78739,8,NA,https://abc.austintexas.gov/web/permit/public-search-other?t_detail=1&t_selected_folderrsn=740879,8016 LEVATA DRIVE,NA,Austin,Texas,United States,2
5529 COLINTON AVE,New One Story Sf Res W/Attached Garage W/Covd Patio & Porch,2006-12-22,1,1,5529 COLINTON AVE,78754,1,NA,https://abc.austintexas.gov/web/permit/public-search-other?t_detail=1&t_selected_folderrsn=740635,5529 COLINTON AVE,NA,Austin,Texas,United States,2
1304 Morgan Ln,Detached Garage W/ Two Family Residential Above (Ldc 25-2-774),2006-12-07,1,2,1304 MORGAN LN,78704,5,NA,https://abc.austintexas.gov/web/permit/public-search-other?t_detail=1&t_selected_folderrsn=763122,1304 MORGAN LANE,NA,Austin,Texas,United States,2
1509 ACACIA BUD DR,New 1 Story Sf Res. Att Garage Covd Patio.,2007-01-09,1,1,1509 ACACIA BUD DR,78733,NA,NA,https://abc.austintexas.gov/web/permit/public-search-other?t_detail=1&t_selected_folderrsn=741143,1509 ACACIA BUD DRIVE,NA,Austin,Texas,United States,2
3609 LAWTON AVE,New 2 Story Duplex. Covd Patio Covd Porch Mech Rm.,2006-12-11,2,2,3609 LAWTON AVE,78731,10,NA,https://abc.austintexas.gov/web/permit/public-search-other?t_detail=1&t_selected_folderrsn=737792,3609 LAWTON AVE,NA,Austin,Texas,United States,2
806 E 30TH ST,New 2 Sty Sf Residence W/Cvd Porch And A Circular Dw (Flood Plain Variance Approval 2006-0504-040),2006-12-08,1,2,806 E 30TH ST,78705,9,NA,https://abc.austintexas.gov/web/permit/public-search-other?t_detail=1&t_selected_folderrsn=715166,806 EAST 30TH STREET,NA,Austin,Texas,United States,2
10309 Grizzly Oak Dr,New 2 Story Res W Att Garage And Cov Porch,2007-01-04,1,2,10309 GRIZZLY OAK DR,78748,5,NA,https://abc.austintexas.gov/web/permit/public-search-other?t_detail=1&t_selected_folderrsn=740434,10309 GRIZZLY OAK DRIVE,NA,Austin,Texas,United States,2
9001 Quick Stream Dr,New 1 Story S.F. Residence W/Attached Garage CovD Patio & CovD Porch. *S.M.A.R.T Housing*,2006-12-06,1,1,9001 QUICK STREAM DR,78724,1,NA,https://abc.austintexas.gov/web/permit/public-search-other?t_detail=1&t_selected_folderrsn=739241,9001 QUICK STREAM DRIVE,NA,Austin,Texas,United States,2
5528 COLINTON AVE,New 2 Story S.F. Residence W/Attached Garage CovD Patio & CovD Porch.,2007-01-02,1,2,5528 COLINTON AVE,78754,1,NA,https://abc.austintexas.gov/web/permit/public-search-other?t_detail=1&t_selected_folderrsn=739603,5528 COLINTON AVE,NA,Austin,Texas,United States,2
5625 COLINTON AVE,New 2-Story Sf Res Attached Garage Covered Porch And Patio.,2006-11-21,1,2,5625 COLINTON AVE,78754,1,NA,https://abc.austintexas.gov/web/permit/public-search-other?t_detail=1&t_selected_folderrsn=739719,5625 COLINTON AVE,NA,Austin,Texas,United States,2
5324 Agatha Cir,New Two Story Sf Res W/ Attached Carport & Storage Saddle. **Smart Housing**,2006-11-13,1,2,5324 AGATHA CIR,78724,1,NA,https://abc.austintexas.gov/web/permit/public-search-other?t_detail=1&t_selected_folderrsn=734853,5324 AGATHA CIR,NA,Austin,Texas,United States,2
8713 Alum Rock Dr,New 1 Story Single Fam Res W/Att Garage And Cov Porch **Smart Housing** **Model Home** Dcain,2006-11-16,1,1,8713 ALUM ROCK DR,78747,2,NA,https://abc.austintexas.gov/web/permit/public-search-other?t_detail=1&t_selected_folderrsn=738674,8713 ALUM ROCK DRIVE,NA,Austin,Texas,United States,2
5609 Colinton Ave,New 1-Story Sf Res Attached Garage Covered Porch And Patio.,2006-11-16,1,1,5609 COLINTON AVE,78754,1,NA,https://abc.austintexas.gov/web/permit/public-search-other?t_detail=1&t_selected_folderrsn=739964,5609 COLINTON AVE,NA,Austin,Texas,United States,2
608 W Mary St,New 2-Story Sf Res Attached Garage Covered Porches.,2006-10-26,1,2,608 W MARY ST,78704,9,NA,https://abc.austintexas.gov/web/permit/public-search-other?t_detail=1&t_selected_folderrsn=737564,608 WEST MARY STREET,NA,Austin,Texas,United States,2
5613 Colinton Ave,New 1-Story Sf Res Attached Garage Covered Porch.,2006-11-20,1,1,5613 COLINTON AVE,78754,1,NA,https://abc.austintexas.gov/web/permit/public-search-other?t_detail=1&t_selected_folderrsn=738743,5613 COLINTON AVE,NA,Austin,Texas,United States,2
5644 Brougham Way,New 2 Story Res W/Att Garage And Covered Patio/Porch,2006-10-26,1,2,5644 BROUGHAM WAY,78754,1,NA,https://abc.austintexas.gov/web/permit/public-search-other?t_detail=1&t_selected_folderrsn=763305,5644 BROUGHAM WAY,NA,Austin,Texas,United States,2
5725 KEMPSON DR BLDG WB4,New 2 Story Sf Residence W/Attached Garage; Covered Porch **Stratus Bank*Bldg Fee Waived Only (Not Trades),2006-11-28,1,2,5725 KEMPSON DR,78735,8,NA,https://abc.austintexas.gov/web/permit/public-search-other?t_detail=1&t_selected_folderrsn=738345,5725 KEMPSON DRIVE,NA,Austin,Texas,United States,2
7405 Cayenne Ln,New 1 Story Res W Att Garage And Cov Patio And Porch**Smart Housing*,2006-12-01,1,1,7405 CAYENNE LN,78741,3,NA,https://abc.austintexas.gov/web/permit/public-search-other?t_detail=1&t_selected_folderrsn=738665,7405 CAYENNE LANE,NA,Austin,Texas,United States,2
12000 Pepperidge Dr,New 2 Story Sf Res. Att Garage Covd Porch Covd Patio.**Stratus Bank Bldg Fee Waived Only**,2006-10-27,1,2,12000 PEPPERIDGE DR,78739,8,NA,https://abc.austintexas.gov/web/permit/public-search-other?t_detail=1&t_selected_folderrsn=738132,12000 PEPPERIDGE DRIVE,NA,Austin,Texas,United States,2
1210 Cometa St,One Story Sf Res With Attached Garage And CovRd Patio CovRd Porch,2006-10-27,1,1,1210 COMETA ST,78721,1,NA,https://abc.austintexas.gov/web/permit/public-search-other?t_detail=1&t_selected_folderrsn=734367,1210 COMETA STREET,NA,Austin,Texas,United States,2
5907 Clementine Ln,New 1 Story Single Family Res W/ Att Garage And Cov Porch **Smart Housing**,2006-11-16,1,1,5907 CLEMENTINE LN,78744,2,NA,https://abc.austintexas.gov/web/permit/public-search-other?t_detail=1&t_selected_folderrsn=739006,5907 CLEMENTINE LANE,NA,Austin,Texas,United States,2
11520 Church Canyon Dr,New 1 Story S.F. Residence W/Attached Garage CovD Patio & CovD Porch.,2006-11-13,1,1,11520 CHURCH CANYON DR,78754,1,NA,https://abc.austintexas.gov/web/permit/public-search-other?t_detail=1&t_selected_folderrsn=739393,11520 CHURCH CANYON DRIVE,NA,Austin,Texas,United States,2
1528 Coriander Dr,New 2 Story S.F. Residence W/Attached Garage CovD Porch &  UncovD Patio. *S.M.A.R.T Housing*,2006-11-02,1,2,1528 CORIANDER DR,78741,3,NA,https://abc.austintexas.gov/web/permit/public-search-other?t_detail=1&t_selected_folderrsn=742188,1528 CORIANDER DRIVE,NA,Austin,Texas,United States,2
6935 CHINOOK DR,New 2-Story Sf Res Attached Garage Covered Porch Patio And Balcony.,2006-12-01,1,2,6935 CHINOOK DR,78736,8,NA,https://abc.austintexas.gov/web/permit/public-search-other?t_detail=1&t_selected_folderrsn=739114,6935 CHINOOK DRIVE,NA,Austin,Texas,United States,2
5412 Agatha Cir,New Two Story Sf Res W/Breezeway Covd Patio & Porch - Smart Housing,2006-11-14,1,2,5412 AGATHA CIR,78724,1,NA,https://abc.austintexas.gov/web/permit/public-search-other?t_detail=1&t_selected_folderrsn=738668,5412 AGATHA CIR,NA,Austin,Texas,United States,2
13111 Kenswick Dr,New Two Story Sf Res W/Attached Garage W/Covd Patio & Porch,2006-11-21,1,2,13111 KENSWICK DR,78753,7,NA,https://abc.austintexas.gov/web/permit/public-search-other?t_detail=1&t_selected_folderrsn=738508,13111 KENSWICK DRIVE,NA,Austin,Texas,United States,2
1516 Coriander Dr,New Two Story Sf Res W/Attached Garage W/Covd Porch & Uncovd Patio - Smart Housing,2006-10-31,1,2,1516 CORIANDER DR,78741,3,NA,https://abc.austintexas.gov/web/permit/public-search-other?t_detail=1&t_selected_folderrsn=739630,1516 CORIANDER DRIVE,NA,Austin,Texas,United States,2
7505 CAYENNE LN,New 1 Story S.F. Residence W/Attached Garage CovD Patio & CovD Porch. *S.M.A.R.T Housing*,2006-11-21,1,1,7505 CAYENNE LN,78741,3,NA,https://abc.austintexas.gov/web/permit/public-search-other?t_detail=1&t_selected_folderrsn=738811,7505 CAYENNE LANE,NA,Austin,Texas,United States,2
5648 COLINTON AVE,New 2-Story Sf Res Attached Garage Covered Porch.,2006-11-16,1,2,5648 COLINTON AVE,78754,1,NA,https://abc.austintexas.gov/web/permit/public-search-other?t_detail=1&t_selected_folderrsn=738740,5648 COLINTON AVE,NA,Austin,Texas,United States,2
1524 CORIANDER DR,New 2 Story S.F. Residence W/Attached Garage CovD Patio & CovD Porch. *S.M.A.R.T Housing*,2006-11-21,1,2,1524 CORIANDER DR,78741,3,NA,https://abc.austintexas.gov/web/permit/public-search-other?t_detail=1&t_selected_folderrsn=739110,1524 CORIANDER DRIVE,NA,Austin,Texas,United States,2
6413 Kedington St,New 1 Story Res W Att Garage And Cov Porch **Volume Builder/Smart Housing**,2006-11-17,1,1,6413 KEDINGTON ST,78747,2,NA,https://abc.austintexas.gov/web/permit/public-search-other?t_detail=1&t_selected_folderrsn=739387,6413 KEDINGTON STREET,NA,Austin,Texas,United States,2
5368 Agatha Cir,New 2 Story Sf Res. Att Carport Wood Deck Covd Porch Covd Patio.  **Smart Housing**,2006-10-31,1,2,5368 AGATHA CIR,78724,1,NA,https://abc.austintexas.gov/web/permit/public-search-other?t_detail=1&t_selected_folderrsn=750303,5368 AGATHA CIR,NA,Austin,Texas,United States,2
1506 W 39th Half St,New Two-Story Sf Res W/Attached Basement-Garage W/Covd Porch.  Driveway ReqD.,2006-10-27,1,3,1506 W 39TH HALF ST,78756,10,NA,https://abc.austintexas.gov/web/permit/public-search-other?t_detail=1&t_selected_folderrsn=733666,1506 WEST 39TH HALF STREET,NA,Austin,Texas,United States,2
5641 Colinton Ave,New 2-Story Sf Res Attached Garage Covered Porch And Patio.,2006-11-29,1,2,5641 COLINTON AVE,78754,1,NA,https://abc.austintexas.gov/web/permit/public-search-other?t_detail=1&t_selected_folderrsn=742073,5641 COLINTON AVE,NA,Austin,Texas,United States,2
8012 JOURNEYVILLE DR BLDG 350,New 2 Story Res W/ Att Garage And Cov Porch/Patio**Bldg Fee Only Waived**,2006-11-22,1,2,8012 JOURNEYVILLE DR,78735,8,NA,https://abc.austintexas.gov/web/permit/public-search-other?t_detail=1&t_selected_folderrsn=739152,8012 JOURNEYVILLE DRIVE,NA,Austin,Texas,United States,2
2207 S 3rd St,"New Two Family Residential (Ldc 25-2-774) ( 1 Bathrooms 5/8 Meter)

Expired permit replaced/resolved with new construction submitted under 12-126022 PR. PY.",2006-11-02,NA,2,2207 S 3RD ST,78704,3,NA,https://abc.austintexas.gov/web/permit/public-search-other?t_detail=1&t_selected_folderrsn=733970,2207 SOUTH 3RD STREET,NA,Austin,Texas,United States,2
8409 Georgian Dr,New 1-Story Duplex Res Covered Porch No Garages.,2006-11-28,2,1,8409 GEORGIAN DR,78753,4,NA,https://abc.austintexas.gov/web/permit/public-search-other?t_detail=1&t_selected_folderrsn=738672,8409 GEORGIAN DRIVE,NA,Austin,Texas,United States,2
7406 GENEVA DR,New 2-Story Duplex Res Detached Garages Covered Porches And Breezeway(1).,2006-11-08,2,2,7406 GENEVA DR,78723,1,NA,https://abc.austintexas.gov/web/permit/public-search-other?t_detail=1&t_selected_folderrsn=737926,7406 GENEVA DRIVE,NA,Austin,Texas,United States,2
5628 COLINTON AVE,New 2-Story Sf Res Attached Garage Covered Porch And Patio.,2006-11-29,1,2,5628 COLINTON AVE,78754,1,NA,https://abc.austintexas.gov/web/permit/public-search-other?t_detail=1&t_selected_folderrsn=739946,5628 COLINTON AVE,NA,Austin,Texas,United States,2
11905 Lansdowne Rd,New 2 Story Residence W/Attached Garage CovD Patio & CovD Porch.,2006-11-07,1,2,11905 LANSDOWNE RD,78754,1,NA,https://abc.austintexas.gov/web/permit/public-search-other?t_detail=1&t_selected_folderrsn=738084,11905 LANSDOWNE ROAD,NA,Austin,Texas,United States,2
12024 BRYONY DR,New 2 Story Sf Residence W/Attached Garage; Covered Patio And Porch Only**See Comments For New Bldg Fee**,2006-11-07,1,2,12024 BRYONY DR,78739,8,NA,https://abc.austintexas.gov/web/permit/public-search-other?t_detail=1&t_selected_folderrsn=738082,12024 BRYONY DRIVE,NA,Austin,Texas,United States,2
1512 CORIANDER DR,New 1 Story S.F. Residence W/Attached Garage CovD Patio & CovD Porch. *S.M.A.R.T Housing*,2006-11-21,1,1,1512 CORIANDER DR,78741,3,NA,https://abc.austintexas.gov/web/permit/public-search-other?t_detail=1&t_selected_folderrsn=739111,1512 CORIANDER DRIVE,NA,Austin,Texas,United States,2
9201 Brodie Ln Bldg 1,New Multi-Family Residential Triplex W/Attached Garages,2006-10-26,3,2,9201 BRODIE LN BLDG 1,78748,5,NA,https://abc.austintexas.gov/web/permit/public-search-other?t_detail=1&t_selected_folderrsn=738937,9201 BRODIE LANE BLDG 1,NA,Austin,Texas,United States,2
2204 Riverview St,New Two Story Sf Res With CovRd Porch Roof Deck W Exterior Wood Stairs (See 2011-072615 for repermit) **construction was never started due to funding now repermitting**,2006-10-31,1,2,2204 RIVERVIEW ST,78702,3,NA,https://abc.austintexas.gov/web/permit/public-search-other?t_detail=1&t_selected_folderrsn=737773,2204 RIVERVIEW STREET,NA,Austin,Texas,United States,2
5821 Kempson Dr,New 2 Story Res W/ Att Garage And Cov Porch/Patio,2006-11-21,1,2,5821 KEMPSON DR,78735,8,NA,https://abc.austintexas.gov/web/permit/public-search-other?t_detail=1&t_selected_folderrsn=738908,5821 KEMPSON DRIVE,NA,Austin,Texas,United States,2
12605 La Paz Ln,Withdrawn Per Applicant 12-20-06  Zoning Review By K. Batcher.,2006-10-26,1,1,12605 LA PAZ LN,78617,2,NA,https://abc.austintexas.gov/web/permit/public-search-other?t_detail=1&t_selected_folderrsn=738959,12605 LA PAZ LANE,NA,Austin,Texas,United States,2
5605 COLINTON AVE,New 2-Story Sf Res Attached Garage Covered Porch And Patio.,2006-11-16,1,2,5605 COLINTON AVE,78754,1,NA,https://abc.austintexas.gov/web/permit/public-search-other?t_detail=1&t_selected_folderrsn=740231,5605 COLINTON AVE,NA,Austin,Texas,United States,2
13216 Kenswick Dr,New Two Story Sf Res W/Attached Garage W/Covd Patio & Porch,2006-11-20,1,2,13216 KENSWICK DR,78753,7,NA,https://abc.austintexas.gov/web/permit/public-search-other?t_detail=1&t_selected_folderrsn=738509,13216 KENSWICK DRIVE,NA,Austin,Texas,United States,2
1600 CORIANDER DR,New 1 Story Res W/ Att Garage And Cov Porch**Smart Housing**,2006-12-01,1,1,1600 CORIANDER DR,78741,3,NA,https://abc.austintexas.gov/web/permit/public-search-other?t_detail=1&t_selected_folderrsn=738675,1600 CORIANDER DRIVE,NA,Austin,Texas,United States,2
5001 Woodrow Ave,New 2 Story Duplex W/Att Carport Covd Porch. (See 2011-072993),2006-10-27,2,2,5001 WOODROW AVE,78756,7,NA,https://abc.austintexas.gov/web/permit/public-search-other?t_detail=1&t_selected_folderrsn=737279,5001 WOODROW AVE,NA,Austin,Texas,United States,2
2206 Pennsylvania Ave,New Two Story Duplex With CovRd Porches.,2006-10-26,2,2,2206 PENNSYLVANIA AVE,78702,1,NA,https://abc.austintexas.gov/web/permit/public-search-other?t_detail=1&t_selected_folderrsn=738945,2206 PENNSYLVANIA AVE,NA,Austin,Texas,United States,2
11721 CHERISSE DR,New 1-Story Sf Res Attached Garage Covered Porch And Patio.,2006-11-28,1,1,11721 CHERISSE DR,78739,8,NA,https://abc.austintexas.gov/web/permit/public-search-other?t_detail=1&t_selected_folderrsn=740773,11721 CHERISSE DRIVE,NA,Austin,Texas,United States,2
5508 COLINTON AVE,New 2 Story Res W Att Garage And Cov Patio/Porch,2006-11-30,1,2,5508 COLINTON AVE,78754,1,NA,https://abc.austintexas.gov/web/permit/public-search-other?t_detail=1&t_selected_folderrsn=739967,5508 COLINTON AVE,NA,Austin,Texas,United States,2
1608 CORIANDER DR,New 1 Story S.F. Residence W/Attached Garage CovD Patio & CovD Porch. *S.M.A.R.T Housing*,2006-11-21,1,1,1608 CORIANDER DR,78741,3,NA,https://abc.austintexas.gov/web/permit/public-search-other?t_detail=1&t_selected_folderrsn=739786,1608 CORIANDER DRIVE,NA,Austin,Texas,United States,2
7400 Annette Cv,New One Story Sf Res W/ Covd Patio & Porch - Smart Housing,2006-11-29,1,1,7400 ANNETTE CV,78724,1,NA,https://abc.austintexas.gov/web/permit/public-search-other?t_detail=1&t_selected_folderrsn=738469,7400 ANNETTE CV,NA,Austin,Texas,United States,2
10500 Avery Club Dr Bldg 23,New Two Story Res W/Att Garage Covered Patio & Porch,2006-12-01,1,2,10500 AVERY CLUB DR BLDG 23,78717,6,NA,https://abc.austintexas.gov/web/permit/public-search-other?t_detail=1&t_selected_folderrsn=738193,10500 AVERY CLUB DRIVE BLDG 23,NA,Austin,Texas,United States,2
5629 Colinton Ave,New 1-Story Sf Res Attached Garage Covered Porch And Patio.,2006-11-29,1,1,5629 COLINTON AVE,78754,1,NA,https://abc.austintexas.gov/web/permit/public-search-other?t_detail=1&t_selected_folderrsn=743215,5629 COLINTON AVE,NA,Austin,Texas,United States,2
1609 CORIANDER DR,New 2 Story Res With Att Garage And Cov Porch/Patio**Smart House**,2006-11-29,1,2,1609 CORIANDER DR,78741,3,NA,https://abc.austintexas.gov/web/permit/public-search-other?t_detail=1&t_selected_folderrsn=740511,1609 CORIANDER DRIVE,NA,Austin,Texas,United States,2
5604 Colinton Ave,New 2 Story Sf Residence W/Attached Garage; Covered Patio And Porch,2006-11-06,1,2,5604 COLINTON AVE,78754,1,NA,https://abc.austintexas.gov/web/permit/public-search-other?t_detail=1&t_selected_folderrsn=738085,5604 COLINTON AVE,NA,Austin,Texas,United States,2
1628 Coriander Dr,New 1 Story S.F. Residence W/Attached Garage CovD Patio & CovD Porch. *S.M.A.R.T Housing*,2006-11-02,1,1,1628 CORIANDER DR,78741,3,NA,https://abc.austintexas.gov/web/permit/public-search-other?t_detail=1&t_selected_folderrsn=737979,1628 CORIANDER DRIVE,NA,Austin,Texas,United States,2
1533 CORIANDER DR,New 1 Story Res W Att Garage And Cov Porch Patio**Smart Housing**,2006-11-29,1,1,1533 CORIANDER DR,78741,3,NA,https://abc.austintexas.gov/web/permit/public-search-other?t_detail=1&t_selected_folderrsn=739326,1533 CORIANDER DRIVE,NA,Austin,Texas,United States,2
7924 Menler Dr,New Single Fam 1 Story Res W/ Att Garage And Cov Porch,2006-11-21,1,1,7924 MENLER DR,78735,8,NA,https://abc.austintexas.gov/web/permit/public-search-other?t_detail=1&t_selected_folderrsn=738909,7924 MENLER DRIVE,NA,Austin,Texas,United States,2
5448 Agatha Cir,New Two Story Sf Res W/Attached Carport W/Covd Patio Porch & Balcony - Smart Housing,2006-11-14,1,2,5448 AGATHA CIR,78724,1,NA,https://abc.austintexas.gov/web/permit/public-search-other?t_detail=1&t_selected_folderrsn=738669,5448 AGATHA CIR,NA,Austin,Texas,United States,2
9132 Ipswich Bay Dr,New 1 Story Res W Att Garage And Cov Porch ** Volume Builder/Smart Housing**,2006-11-17,1,1,9132 IPSWICH BAY DR,78747,2,NA,https://abc.austintexas.gov/web/permit/public-search-other?t_detail=1&t_selected_folderrsn=739485,9132 IPSWICH BAY DRIVE,NA,Austin,Texas,United States,2
7501 Cayenne Ln,New 1 Story Res W Att Gargae And Cov Porch**Smart Housing**,2006-12-01,1,1,7501 CAYENNE LN,78741,3,NA,https://abc.austintexas.gov/web/permit/public-search-other?t_detail=1&t_selected_folderrsn=738661,7501 CAYENNE LANE,NA,Austin,Texas,United States,2
5621 Colinton Ave,New 2-Story Sf Res Attached Garage Covered Porch And Patio.,2006-11-20,1,2,5621 COLINTON AVE,78754,1,NA,https://abc.austintexas.gov/web/permit/public-search-other?t_detail=1&t_selected_folderrsn=739616,5621 COLINTON AVE,NA,Austin,Texas,United States,2
5640 Colinton Ave,New 1-Story Sf Res Attached Garage Covered Porch.,2006-11-16,1,1,5640 COLINTON AVE,78754,1,NA,https://abc.austintexas.gov/web/permit/public-search-other?t_detail=1&t_selected_folderrsn=738741,5640 COLINTON AVE,NA,Austin,Texas,United States,2
5640 Liberton Ln,New 1 Story Sf Residence W/Attached Garage; Covered Porch,2006-10-30,1,1,5640 LIBERTON LN,78754,1,NA,https://abc.austintexas.gov/web/permit/public-search-other?t_detail=1&t_selected_folderrsn=739035,5640 LIBERTON LANE,NA,Austin,Texas,United States,2
12112 Timber Heights Dr,New 1 Story S.F. Residence W/Attached Garage & CovD Porch.,2006-11-13,1,1,12112 TIMBER HEIGHTS DR,78754,1,NA,https://abc.austintexas.gov/web/permit/public-search-other?t_detail=1&t_selected_folderrsn=738197,12112 TIMBER HEIGHTS DRIVE,NA,Austin,Texas,United States,2
10717 SORGHUM HILL CV,New 1 Story Sf Res. Att Garage Covd Patio Covd Porch.,2006-11-28,1,1,10717 SORGHUM HILL CV,78754,1,NA,https://abc.austintexas.gov/web/permit/public-search-other?t_detail=1&t_selected_folderrsn=739236,10717 SORGHUM HILL CV,NA,Austin,Texas,United States,2
5700 Colinton Ave,2 Story New Res W/ Att Garage And Covered Porch,2006-10-26,1,2,5700 COLINTON AVE,78754,1,NA,https://abc.austintexas.gov/web/permit/public-search-other?t_detail=1&t_selected_folderrsn=740269,5700 COLINTON AVE,NA,Austin,Texas,United States,2
2809 BONNIE RD,New Two Story Sf Res With Portecochere CovRd Porch CovRd Patio And UncovRd Patio,2006-11-30,2,2,2809 BONNIE RD,78703,10,NA,https://abc.austintexas.gov/web/permit/public-search-other?t_detail=1&t_selected_folderrsn=737779,2809 BONNIE ROAD,NA,Austin,Texas,United States,2
6017 Terravista Dr,New 2 Story Sf Residence W/Attached Garage; Covered Patio And Porch. *Stratus Bank-Bldg Waived Only-Not Trades*,2006-11-27,1,2,6017 TERRAVISTA DR,78735,8,NA,https://abc.austintexas.gov/web/permit/public-search-other?t_detail=1&t_selected_folderrsn=739873,6017 TERRAVISTA DRIVE,NA,Austin,Texas,United States,2
8717 Alum Rock Dr,New 2 Story Single Fam Res W/ Att Garage And Covered Porch.  **Smart Housing** *Model Home** Dcain,2006-11-16,1,2,8717 ALUM ROCK DR,78747,2,NA,https://abc.austintexas.gov/web/permit/public-search-other?t_detail=1&t_selected_folderrsn=739493,8717 ALUM ROCK DRIVE,NA,Austin,Texas,United States,2
5637 COLINTON AVE,New 1 Story Res W Att Garage And Cov Patio/Porch,2006-11-30,1,1,5637 COLINTON AVE,78754,1,NA,https://abc.austintexas.gov/web/permit/public-search-other?t_detail=1&t_selected_folderrsn=741139,5637 COLINTON AVE,NA,Austin,Texas,United States,2
1601 CORIANDER DR,"New 1 Story Res W Att Garage And Cov Porch And Patio
*Smart House*",2006-11-30,1,1,1600 CORIANDER DR,78741,3,NA,https://abc.austintexas.gov/web/permit/public-search-other?t_detail=1&t_selected_folderrsn=739327,1600 CORIANDER DRIVE,NA,Austin,Texas,United States,2
9201 Brodie Ln Bldg 3,New Multi-Family Residential Triplex W/Attached Garages,2006-10-26,3,2,9201 BRODIE LN BLDG 3,78748,5,NA,https://abc.austintexas.gov/web/permit/public-search-other?t_detail=1&t_selected_folderrsn=742116,9201 BRODIE LANE BLDG 3,NA,Austin,Texas,United States,2
5417 Rusk Ct,"New 2-Story Single Family Home W/ Att Garage & Covered Patio
**refer to pmt# 2007-120844 for new const.**",2006-09-28,1,2,5417 RUSK CT,78723,1,NA,https://abc.austintexas.gov/web/permit/public-search-other?t_detail=1&t_selected_folderrsn=736443,5417 RUSK CT,NA,Austin,Texas,United States,2
5412 Rusk Ct,New 1-Story Single Family Home W/ Att Garage & Covered Patio,2006-09-28,1,1,5412 RUSK CT,78723,1,NA,https://abc.austintexas.gov/web/permit/public-search-other?t_detail=1&t_selected_folderrsn=736268,5412 RUSK CT,NA,Austin,Texas,United States,2
5408 AURORA DR,New Two Story Two Family Duplex With Att Gar CovRd & UncovRd Porches Patios And Balconies,2006-10-25,2,2,5408 AURORA DR,78756,7,NA,https://abc.austintexas.gov/web/permit/public-search-other?t_detail=1&t_selected_folderrsn=736643,5408 AURORA DRIVE,NA,Austin,Texas,United States,2
1305 Cometa St,Detached Carport With Electricity,2006-09-26,1,1,1305 COMETA ST,78721,1,NA,https://abc.austintexas.gov/web/permit/public-search-other?t_detail=1&t_selected_folderrsn=736425,1305 COMETA STREET,NA,Austin,Texas,United States,2
6529 Quinton Dr,Cancel Permit**Smart Housing** New 2-Story Sf Res Attached Garage And Covered Porch.,2006-09-29,1,2,6529 QUINTON DR,78747,2,NA,https://abc.austintexas.gov/web/permit/public-search-other?t_detail=1&t_selected_folderrsn=737089,6529 QUINTON DRIVE,NA,Austin,Texas,United States,2
15500 Echo Hills Dr,New 1 Story S.F. Residence W/Attached Garage CovD Patio & CovD Porch & UncovD Patio.,2006-09-29,1,1,15500 ECHO HILLS DR,78717,6,NA,https://abc.austintexas.gov/web/permit/public-search-other?t_detail=1&t_selected_folderrsn=734998,15500 ECHO HILLS DRIVE,NA,Austin,Texas,United States,2
2114 Holly St,New Detached Garage W/Above Secondary Apartment,2006-09-26,1,2,60 ROBERT T MARTINEZ JR ST,78702,3,NA,https://abc.austintexas.gov/web/permit/public-search-other?t_detail=1&t_selected_folderrsn=737021,60 ROBERT T MARTINEZ JR STREET,NA,Austin,Texas,United States,2
1102 Walton Ln,New Single Story Sf Res W/ Attached Garage Wood Deck Breezeway & CovD Porch.,2006-09-28,1,1,1102 WALTON LN,78721,3,NA,https://abc.austintexas.gov/web/permit/public-search-other?t_detail=1&t_selected_folderrsn=737042,1102 WALTON LANE,NA,Austin,Texas,United States,2
5409 Rusk Ct,New Two-Story Sf Res W/Attached Garage And Covered Porch.  **Smart Housing**,2006-09-29,1,2,5409 RUSK CT,78723,1,NA,https://abc.austintexas.gov/web/permit/public-search-other?t_detail=1&t_selected_folderrsn=738153,5409 RUSK CT,NA,Austin,Texas,United States,2
10500 Avery Club Dr Bldg 7,New Two-Story Sf Res W/Attached Garage Covered Porches And Patios.,2006-09-22,1,2,10500 AVERY CLUB DR BLDG 7,78717,6,NA,https://abc.austintexas.gov/web/permit/public-search-other?t_detail=1&t_selected_folderrsn=750372,10500 AVERY CLUB DRIVE BLDG 7,NA,Austin,Texas,United States,2
7417 Cayenne Ln,**Smart Housing** New 1-Story Sf Res W/Attached Garage Covered Porch.,2006-09-27,1,1,7417 CAYENNE LN,78741,3,NA,https://abc.austintexas.gov/web/permit/public-search-other?t_detail=1&t_selected_folderrsn=736997,7417 CAYENNE LANE,NA,Austin,Texas,United States,2
5804 Nijmegen Dr,***ref permit#2009-034191**New Two Story Sf Res W/Attached Garage & CovD Porch.  ** Smart Housing**,2006-09-25,1,2,5804 NIJMEGEN DR,78617,2,NA,https://abc.austintexas.gov/web/permit/public-search-other?t_detail=1&t_selected_folderrsn=737492,5804 NIJMEGEN DRIVE,NA,Austin,Texas,United States,2
5416 Rusk Ct,New 1-Story Single Family Home W/ Att Garage & Covered Patio & Uncovered Porch,2006-09-27,1,1,5416 RUSK CT,78723,1,NA,https://abc.austintexas.gov/web/permit/public-search-other?t_detail=1&t_selected_folderrsn=736444,5416 RUSK CT,NA,Austin,Texas,United States,2
12524 Sky Harbor Dr,New 1 Story Sf Res. Att Garage Covd Patio Covd Porch. **Smart Housing**,2006-09-22,1,1,12524 SKY HARBOR DR,78617,2,NA,https://abc.austintexas.gov/web/permit/public-search-other?t_detail=1&t_selected_folderrsn=737001,12524 SKY HARBOR DRIVE,NA,Austin,Texas,United States,2
5405 Rusk Ct,New 1-Story Single Family Home W/ Att Garage & Covered Patio & Uncovered Porch,2006-09-28,1,1,5405 RUSK CT,78723,1,NA,https://abc.austintexas.gov/web/permit/public-search-other?t_detail=1&t_selected_folderrsn=762937,5405 RUSK CT,NA,Austin,Texas,United States,2
9201 Laguna Woods Dr,New Two Story Sf Res W/ Attached Garage Cov;D Patio & CovD Porch,2006-10-18,1,2,9201 LAGUNA WOODS DR,78717,6,NA,https://abc.austintexas.gov/web/permit/public-search-other?t_detail=1&t_selected_folderrsn=737714,9201 LAGUNA WOODS DRIVE,NA,Austin,Texas,United States,2
5609 Agatha Cir,New Two Story Sf Res W/ Attached Garage Breezeway & CovD Porch. **Smart Housing**,2006-10-09,1,2,5609 AGATHA CIR,78724,1,NA,https://abc.austintexas.gov/web/permit/public-search-other?t_detail=1&t_selected_folderrsn=738155,5609 AGATHA CIR,NA,Austin,Texas,United States,2
5436 Agatha Cir,Two Story Sf Res W/ Attached Garage & Storage Saddle **Smart Housing** **Pipeline Restricted**,2006-10-11,1,2,5436 AGATHA CIR,78724,1,NA,https://abc.austintexas.gov/web/permit/public-search-other?t_detail=1&t_selected_folderrsn=734856,5436 AGATHA CIR,NA,Austin,Texas,United States,2
513 EL PASO ST,New Two Story Sf Res With Attached Carport Ground Floor Storage And Covered Entry,2006-10-05,1,2,513 EL PASO ST,78704,3,NA,https://abc.austintexas.gov/web/permit/public-search-other?t_detail=1&t_selected_folderrsn=736649,513 EL PASO STREET,NA,Austin,Texas,United States,2
7112 Thannas Way,New 2 Story Sf Residence W/Attached Storage; Covered Porch And Uncovered Patio ** Smart Housing **,2006-10-04,1,2,7112 THANNAS WAY,78744,2,NA,https://abc.austintexas.gov/web/permit/public-search-other?t_detail=1&t_selected_folderrsn=737102,7112 THANNAS WAY,NA,Austin,Texas,United States,2
7107 Thannas Way,New 2 Story Sf Res. Att Storage Covd Porch Brick Ledge. **Smart Housing**,2006-10-05,1,2,7107 THANNAS WAY,78744,2,NA,https://abc.austintexas.gov/web/permit/public-search-other?t_detail=1&t_selected_folderrsn=737998,7107 THANNAS WAY,NA,Austin,Texas,United States,2
8009 LONG CANYON DR,**ref permit#2011-115873**New Detached One Storystudio ( 1 Bathroom 5/8 Meter),2006-10-24,1,1,8009 LONG CANYON DR,78730,10,NA,https://abc.austintexas.gov/web/permit/public-search-other?t_detail=1&t_selected_folderrsn=738769,8009 LONG CANYON DRIVE,NA,Austin,Texas,United States,2
5620 Alomar Cv,New Two Story Sf Res W/Attached Garage W/Covd Porch & Uncovd Patio - Smart Housing,2006-10-10,1,2,5620 ALOMAR CV,78617,2,NA,https://abc.austintexas.gov/web/permit/public-search-other?t_detail=1&t_selected_folderrsn=737519,5620 ALOMAR CV,NA,Austin,Texas,United States,2
12504 Sky Harbor Dr,New One Story Sf Res W/Attached Garage W/Covd Patio & Porch - Smart Housing,2006-10-24,1,1,12504 SKY HARBOR DR,78617,2,NA,https://abc.austintexas.gov/web/permit/public-search-other?t_detail=1&t_selected_folderrsn=739234,12504 SKY HARBOR DRIVE,NA,Austin,Texas,United States,2
7015 Thannas Way,New 2 Story Sf Res. Att Garage Covd Porch Brick Ledge. **Smart Housing**,2006-10-05,1,2,7015 THANNAS WAY,78744,2,NA,https://abc.austintexas.gov/web/permit/public-search-other?t_detail=1&t_selected_folderrsn=737988,7015 THANNAS WAY,NA,Austin,Texas,United States,2
7101 Thannas Way,New 2 Story Sf Res. Att Storage Covd Porch. **Smart Housing**,2006-10-05,1,2,7101 THANNAS WAY,78744,2,NA,https://abc.austintexas.gov/web/permit/public-search-other?t_detail=1&t_selected_folderrsn=737997,7101 THANNAS WAY,NA,Austin,Texas,United States,2
3915 Valley View Rd,New 2-Story Duplex Covered Porches And Patios Attached Carports,2006-10-09,2,2,3915 VALLEY VIEW RD,78704,5,NA,https://abc.austintexas.gov/web/permit/public-search-other?t_detail=1&t_selected_folderrsn=738140,3915 VALLEY VIEW ROAD,NA,Austin,Texas,United States,2
12313 Aralia Ridge Dr,New 1 Story Sf Residence W/Attached Garage; Covered Patio And Porch **Stratus Bank** Bldg Fees Only Waived - Not Trades *,2006-09-28,1,1,12313 ARALIA RIDGE DR,78739,8,NA,https://abc.austintexas.gov/web/permit/public-search-other?t_detail=1&t_selected_folderrsn=737039,12313 ARALIA RIDGE DRIVE,NA,Austin,Texas,United States,2
12021 Pepperidge Dr,New Two Storysf Res W/ Attached Garage & CovD Porch Media Rm. **Stratus Bank Bldg Waived Not Trades**.,2006-09-26,1,2,12021 PEPPERIDGE DR,78739,8,NA,https://abc.austintexas.gov/web/permit/public-search-other?t_detail=1&t_selected_folderrsn=752092,12021 PEPPERIDGE DRIVE,NA,Austin,Texas,United States,2
5421 Rusk Ct,New 2-Story Single Family Home W/ Att Garage,2006-09-28,1,2,5421 RUSK CT,78723,1,NA,https://abc.austintexas.gov/web/permit/public-search-other?t_detail=1&t_selected_folderrsn=736270,5421 RUSK CT,NA,Austin,Texas,United States,2
2018 Bergman Ave,"New One Story Res W/Att Covered Porch (Urban Home) ( 2 Bathrooms 5/8 Meter) ( S.Ma.R.T Housing) (Demolition#06008424)




0",2006-10-02,1,1,2018 JESSE E SEGOVIA ST,78702,3,NA,https://abc.austintexas.gov/web/permit/public-search-other?t_detail=1&t_selected_folderrsn=736178,2018 JESSE EAST SEGOVIA STREET,NA,Austin,Texas,United States,2
5644 Liberton Ln,New 1-Story Sf Res Attached Garage Covered Porch And Patio.,2006-09-27,1,1,5644 LIBERTON LN,78754,1,NA,https://abc.austintexas.gov/web/permit/public-search-other?t_detail=1&t_selected_folderrsn=744736,5644 LIBERTON LANE,NA,Austin,Texas,United States,2
7113 Thannas Way,New 2 Story Sf Residence W/Attached Storage; Covered Porch And Uncovered Patio. ** Smart Housing *,2006-10-04,1,2,7113 THANNAS WAY,78744,2,NA,https://abc.austintexas.gov/web/permit/public-search-other?t_detail=1&t_selected_folderrsn=753687,7113 THANNAS WAY,NA,Austin,Texas,United States,2
5504 Agatha Cir,New 3 Story Sf Res. Covd Porch Roof Terrace. **Smart Housing**  **Pipeline Restricted**,2006-10-11,1,3,5504 AGATHA CIR,78724,1,NA,https://abc.austintexas.gov/web/permit/public-search-other?t_detail=1&t_selected_folderrsn=734824,5504 AGATHA CIR,NA,Austin,Texas,United States,2
7104 Thannas Way,New 2 Story Sf Res. Att Storage Covd Porch Brick Ledge. **Smart Housing**,2006-10-05,1,2,7104 THANNAS WAY,78744,2,NA,https://abc.austintexas.gov/web/permit/public-search-other?t_detail=1&t_selected_folderrsn=737100,7104 THANNAS WAY,NA,Austin,Texas,United States,2
1132 Brookswood Ave,New Manufactured Home W/Steps ( 2 Bathrooms 5/8 Meter),2006-10-02,1,1,1132 BROOKSWOOD AVE,78721,3,NA,https://abc.austintexas.gov/web/permit/public-search-other?t_detail=1&t_selected_folderrsn=734176,1132 BROOKSWOOD AVE,NA,Austin,Texas,United States,2
511 EL PASO ST,New Two Story Sf Res With Attached Garage & CovRd Porch And Ground Floor Storage,2006-10-05,1,2,511 EL PASO ST,78704,3,NA,https://abc.austintexas.gov/web/permit/public-search-other?t_detail=1&t_selected_folderrsn=736493,511 EL PASO STREET,NA,Austin,Texas,United States,2
10500 Avery Club Dr Bldg 9,New Two-Story Sf Res W/Attached Garage Covered Porches And Patios.,2006-09-29,1,2,10500 AVERY CLUB DR BLDG 9,78717,6,NA,https://abc.austintexas.gov/web/permit/public-search-other?t_detail=1&t_selected_folderrsn=736796,10500 AVERY CLUB DRIVE BLDG 9,NA,Austin,Texas,United States,2
7517 Cayenne Ln,**Smart Housing** New 2-Story Sf Res W/Attached Garage Covered Porches And Patios.,2006-09-21,1,2,7517 CAYENNE LN,78741,3,NA,https://abc.austintexas.gov/web/permit/public-search-other?t_detail=1&t_selected_folderrsn=736919,7517 CAYENNE LANE,NA,Austin,Texas,United States,2
3913 Valley View Rd,New 2-Story Duplex Housing Unit Covered Porches And Patios Attached Carports,2006-10-09,2,2,3913 VALLEY VIEW RD,78704,5,NA,https://abc.austintexas.gov/web/permit/public-search-other?t_detail=1&t_selected_folderrsn=750368,3913 VALLEY VIEW ROAD,NA,Austin,Texas,United States,2
7109 Thannas Way,New 2 Story Sf Residence W/Attached Storage; Covered Porch And Uncovered Patio * Smart Housing *,2006-10-05,1,2,7109 THANNAS WAY,78744,2,NA,https://abc.austintexas.gov/web/permit/public-search-other?t_detail=1&t_selected_folderrsn=737095,7109 THANNAS WAY,NA,Austin,Texas,United States,2
7017 Thannas Way,New 2 Story Sf Res. Att Storage Covd Porch Unc Patio Brick Ledge. **Smart Housing**,2006-10-05,1,2,7017 THANNAS WAY,78744,2,NA,https://abc.austintexas.gov/web/permit/public-search-other?t_detail=1&t_selected_folderrsn=737990,7017 THANNAS WAY,NA,Austin,Texas,United States,2
5212 Hutchinson Dr,New 1 Story Sf Res. Att Garage Covd Patio Covd Porch. **Smart Housing**,2006-09-22,1,1,5212 HUTCHINSON DR,78723,1,NA,https://abc.austintexas.gov/web/permit/public-search-other?t_detail=1&t_selected_folderrsn=736922,5212 HUTCHINSON DRIVE,NA,Austin,Texas,United States,2
8809 Fenton Dr,New Two-Story Sf Res W/Attached Garage Covered Porches And Patios. (See permit #08-002575),2006-09-22,1,2,8809 FENTON DR,78736,8,NA,https://abc.austintexas.gov/web/permit/public-search-other?t_detail=1&t_selected_folderrsn=753663,8809 FENTON DRIVE,NA,Austin,Texas,United States,2
12001 BRYONY DR,"New 2-Story Sf Res Attached Garage Covered Porches.
**Stratus Bank**Bldg Fees Waived Only-Not Trades**",2006-10-13,1,2,12001 BRYONY DR,78739,8,NA,https://abc.austintexas.gov/web/permit/public-search-other?t_detail=1&t_selected_folderrsn=738255,12001 BRYONY DRIVE,NA,Austin,Texas,United States,2
9100 Laguna Woods Dr,*Cancel Permit*New 2-Story Sf Res W/Attached Garage Covered Porch And Patio.,2006-09-29,1,1,9100 LAGUNA WOODS DR,78717,6,NA,https://abc.austintexas.gov/web/permit/public-search-other?t_detail=1&t_selected_folderrsn=737074,9100 LAGUNA WOODS DRIVE,NA,Austin,Texas,United States,2
5400 Rusk Ct,New 1-Story Single Family Home W/ Att Garage & Covered Patio**Smart Housing**,2006-09-27,1,1,5400 RUSK CT,78723,1,NA,https://abc.austintexas.gov/web/permit/public-search-other?t_detail=1&t_selected_folderrsn=736269,5400 RUSK CT,NA,Austin,Texas,United States,2
2025 Wayward Sun Dr,New 2-Story Sf Res W/Attached Garage Covered Porch.,2006-10-13,1,2,2025 WAYWARD SUN DR,78754,1,NA,https://abc.austintexas.gov/web/permit/public-search-other?t_detail=1&t_selected_folderrsn=737778,2025 WAYWARD SUN DRIVE,NA,Austin,Texas,United States,2
5413 Rusk Ct,New 2-Story Single Family Home W/ Att Garage Covered  Patio & Uncovered Porch,2006-09-28,1,2,5413 RUSK CT,78723,1,NA,https://abc.austintexas.gov/web/permit/public-search-other?t_detail=1&t_selected_folderrsn=737722,5413 RUSK CT,NA,Austin,Texas,United States,2
7108 Thannas Way,New 2 Story Sf Res. Att Storage Covd Porch. **Smart Housing**,2006-10-05,1,2,7108 THANNAS WAY,78744,2,NA,https://abc.austintexas.gov/web/permit/public-search-other?t_detail=1&t_selected_folderrsn=738107,7108 THANNAS WAY,NA,Austin,Texas,United States,2
5608 Colinton Ave,New Two Story Sf Res W/Attached Garage W/Covd Patio/Porch & Uncovd Patio,2006-10-10,1,2,5608 COLINTON AVE,78754,1,NA,https://abc.austintexas.gov/web/permit/public-search-other?t_detail=1&t_selected_folderrsn=737378,5608 COLINTON AVE,NA,Austin,Texas,United States,2
7019 Thannas Way,New 2 Story Sf Res. Att Storage Covd Porch Brick Ledge.  **Smart Housing**,2006-10-05,1,2,7019 THANNAS WAY,78744,2,NA,https://abc.austintexas.gov/web/permit/public-search-other?t_detail=1&t_selected_folderrsn=750360,7019 THANNAS WAY,NA,Austin,Texas,United States,2
6204 Seville Dr,**Smart Housing** New 2-Story Sf Res Attached Garage Covered Porch And Patio.,2006-10-05,1,2,6204 SEVILLE DR,78724,1,NA,https://abc.austintexas.gov/web/permit/public-search-other?t_detail=1&t_selected_folderrsn=737233,6204 SEVILLE DRIVE,NA,Austin,Texas,United States,2
10512 PREZIA DR,New 2-Story Sf Res Attached Garage Covered Patios,2006-10-23,1,2,10512 PREZIA DR,78733,NA,NA,https://abc.austintexas.gov/web/permit/public-search-other?t_detail=1&t_selected_folderrsn=740177,10512 PREZIA DRIVE,NA,Austin,Texas,United States,2
8009 LONG CANYON DR,**ref permit#2011-115873**New Two Story Res W/Att Garage Covered Porch & Balcony ( 3 Bathrooms 5/8 Meter),2006-10-24,1,2,8009 LONG CANYON DR,78730,10,NA,https://abc.austintexas.gov/web/permit/public-search-other?t_detail=1&t_selected_folderrsn=738768,8009 LONG CANYON DRIVE,NA,Austin,Texas,United States,2
5401 Rusk Ct,New 1-Story Single Family Home W/ Att Garage & Covered Patio & Porch,2006-09-28,1,1,5401 RUSK CT,78723,1,NA,https://abc.austintexas.gov/web/permit/public-search-other?t_detail=1&t_selected_folderrsn=736551,5401 RUSK CT,NA,Austin,Texas,United States,2
5408 Rusk Ct,New 1 -Story Single Family Home W/ Att Garage & Without Covered Patio & Porch (See 2007-120878 for repermit),2006-09-28,1,1,5408 RUSK CT,78723,1,NA,https://abc.austintexas.gov/web/permit/public-search-other?t_detail=1&t_selected_folderrsn=745925,5408 RUSK CT,NA,Austin,Texas,United States,2
7622 Crackling Creek Dr,New Two Story Sf Res W/Attached Garage W/Covd Porch,2006-10-20,1,2,7622 CRACKLING CREEK DR,78736,8,NA,https://abc.austintexas.gov/web/permit/public-search-other?t_detail=1&t_selected_folderrsn=737509,7622 CRACKLING CREEK DRIVE,NA,Austin,Texas,United States,2
7536 Bonniebrook Dr,New 2 Story Residence W/Attached Garage  CovD Patio CovD Porch Balcony & Concrete Deck.,2006-10-19,1,2,7536 BONNIEBROOK DR,78735,8,NA,https://abc.austintexas.gov/web/permit/public-search-other?t_detail=1&t_selected_folderrsn=737461,7536 BONNIEBROOK DRIVE,NA,Austin,Texas,United States,2
7617 Cayenne Ln,New Single Story Sf Res W/ Attached Garage & CovD Porch. **Smart Housing**   **refer to pmt# 2011-106266**,2006-09-21,1,1,7617 CAYENNE LN,78741,3,NA,https://abc.austintexas.gov/web/permit/public-search-other?t_detail=1&t_selected_folderrsn=741944,7617 CAYENNE LANE,NA,Austin,Texas,United States,2
2216 Haskell St,New One Story Res W/Att Covered Porch ( 2 Bathrooms 5/8 Meter) ( S.M.A.R.T Housing Project) (Demolition#06019699),2006-10-02,1,1,2216 HASKELL ST,78702,3,NA,https://abc.austintexas.gov/web/permit/public-search-other?t_detail=1&t_selected_folderrsn=737181,2216 HASKELL STREET,NA,Austin,Texas,United States,2
10906 SPICEWOOD PKWY,New 2 Story Sf Res. Covd Patio.,2006-09-22,1,2,10906 SPICEWOOD PKWY,78750,6,NA,https://abc.austintexas.gov/web/permit/public-search-other?t_detail=1&t_selected_folderrsn=740138,10906 SPICEWOOD PKWY,NA,Austin,Texas,United States,2
5708 Colinton Ave,New One Story Sf Res W/Attached Garage W/Covd Patio & Porch,2006-10-20,1,1,5708 COLINTON AVE,78754,1,NA,https://abc.austintexas.gov/web/permit/public-search-other?t_detail=1&t_selected_folderrsn=745837,5708 COLINTON AVE,NA,Austin,Texas,United States,2
1604 CORIANDER DR,New Two Story Sf Res W/ Attached Garage CovD Patio & CovD Porch. **Smart Housing**,2006-10-09,1,2,1604 CORIANDER DR,78741,3,NA,https://abc.austintexas.gov/web/permit/public-search-other?t_detail=1&t_selected_folderrsn=737512,1604 CORIANDER DRIVE,NA,Austin,Texas,United States,2
11708 Cherisse Dr,New 2sty Sf Residence W/Att Garage/Bldg. Waived Not Trades***Stratus Bldg. Fee Waived Not Trades**,2006-09-07,1,NA,11708 CHERISSE DR,78739,8,NA,https://abc.austintexas.gov/web/permit/public-search-other?t_detail=1&t_selected_folderrsn=734834,11708 CHERISSE DRIVE,NA,Austin,Texas,United States,2
1617 W 12TH ST,New Two Story Duplex W/Att Breezeway & Storage Area & Balconies & 1st Fl Carport & 2nd Fl Living Area Sleeping Area & Bathroom  ( Unit A & B) ( 3 Bedrooms)  (3 Bathrooms 5/8 Meter) (Relocation#06018631 ),2006-08-21,NA,2,1617 W 12TH ST,78703,9,NA,https://abc.austintexas.gov/web/permit/public-search-other?t_detail=1&t_selected_folderrsn=735902,1617 WEST 12TH STREET,NA,Austin,Texas,United States,2
11801 Buzz Schneider Ln,New Single Story Sf Res W/ Attached Garage & CovD Porch,2006-09-15,1,1,11801 BUZZ SCHNEIDER LN,78748,5,NA,https://abc.austintexas.gov/web/permit/public-search-other?t_detail=1&t_selected_folderrsn=736235,11801 BUZZ SCHNEIDER LANE,NA,Austin,Texas,United States,2
6106 Richardson Ln,New One-Story Sf Residence W/Attached Carport Covered Porch.,2006-08-23,1,1,6106 RICHARDSON LN,78741,3,NA,https://abc.austintexas.gov/web/permit/public-search-other?t_detail=1&t_selected_folderrsn=736090,6106 RICHARDSON LANE,NA,Austin,Texas,United States,2
7509 Cayenne Ln,New One Story Sf Res With Attached Garage Covered Patio Covered Porch  Smart Housing,2006-09-13,1,1,7509 CAYENNE LN,78741,3,NA,https://abc.austintexas.gov/web/permit/public-search-other?t_detail=1&t_selected_folderrsn=736034,7509 CAYENNE LANE,NA,Austin,Texas,United States,2
2007 WRIGHT ST,New 2sty Duplex W/Attached Garages & CovD Porches,2006-08-24,2,0,2007 WRIGHT ST,78704,5,NA,https://abc.austintexas.gov/web/permit/public-search-other?t_detail=1&t_selected_folderrsn=729034,2007 WRIGHT STREET,NA,Austin,Texas,United States,2
1500 Milagro Dr,New Two Story Sf Res W/ Attached Garage CovD Patio CovD Porch & Balcony,2006-08-22,1,2,1500 MILAGRO DR,78733,NA,NA,https://abc.austintexas.gov/web/permit/public-search-other?t_detail=1&t_selected_folderrsn=736007,1500 MILAGRO DRIVE,NA,Austin,Texas,United States,2
1225 Anise Dr,New 2 Story S.F. Residence W/Attached Garage CovD Patio & CovD Porch. *S.M.A.R.T Housing*,2006-09-08,1,2,1225 ANISE DR,78741,3,NA,https://abc.austintexas.gov/web/permit/public-search-other?t_detail=1&t_selected_folderrsn=735116,1225 ANISE DRIVE,NA,Austin,Texas,United States,2
2009 WRIGHT ST,New 2sty Duplex W/Attached Garages & CovD Porches,2006-08-24,2,0,2009 WRIGHT ST,78704,5,NA,https://abc.austintexas.gov/web/permit/public-search-other?t_detail=1&t_selected_folderrsn=738127,2009 WRIGHT STREET,NA,Austin,Texas,United States,2
909 W Elizabeth St,Demolish & Rebuild New Two Story Residence W/Detached Garage Wood Deck (Demolition #: 06019402 Hdp-06-0459),2006-08-29,1,2,909 W ELIZABETH ST,78704,9,NA,https://abc.austintexas.gov/web/permit/public-search-other?t_detail=1&t_selected_folderrsn=735284,909 WEST ELIZABETH STREET,NA,Austin,Texas,United States,2
7508 CAYENNE LN,New Two Story Sf Res With Attached Garage Covered Patio Covered Porch    Smart Housing,2006-09-11,1,2,7508 CAYENNE LN,78741,3,NA,https://abc.austintexas.gov/web/permit/public-search-other?t_detail=1&t_selected_folderrsn=755252,7508 CAYENNE LANE,NA,Austin,Texas,United States,2
7501 JABORANDI DR,"New Two Story Sf Res W/ Attached Garage & CovD Porch
**Stratus Bank**Bldg Fee Only Waived**Not Trades**",2006-09-20,1,2,7501 JABORANDI DR,78739,8,NA,https://abc.austintexas.gov/web/permit/public-search-other?t_detail=1&t_selected_folderrsn=741690,7501 JABORANDI DRIVE,NA,Austin,Texas,United States,2
9208 Laguna Woods Dr,New 2 Story Sf Res. Att Garage Covd Patio Covd Porch.,2006-09-18,1,2,9208 LAGUNA WOODS DR,78717,6,NA,https://abc.austintexas.gov/web/permit/public-search-other?t_detail=1&t_selected_folderrsn=736702,9208 LAGUNA WOODS DRIVE,NA,Austin,Texas,United States,2
507 Beaver St Unit B,Detached Accessory Dwelling (Ldc-25-2-893-E) To Existing Sf Residence,2006-08-24,1,NA,507 BEAVER ST UNIT B,78753,4,NA,https://abc.austintexas.gov/web/permit/public-search-other?t_detail=1&t_selected_folderrsn=763376,507 BEAVER STREET UNIT B,NA,Austin,Texas,United States,2
11000 ANDERSON MILL RD BLDG W2 UNIT 97,New 2 Sty Condo W.Att Garage Cvd Porch-Patio,2006-08-29,1,2,11000 ANDERSON MILL RD BLDG W2 UNIT 97,78750,6,NA,https://abc.austintexas.gov/web/permit/public-search-other?t_detail=1&t_selected_folderrsn=735124,11000 ANDERSON MILL ROAD BLDG W2 UNIT 97,NA,Austin,Texas,United States,2
7408 Wisteria Valley Dr,New 2 Story Residence W/Attached Garage Covered Patio Coverd Porch. ** Stratus Credit Bank Bldg. Waived Not Trades **,2006-08-18,1,2,7408 WISTERIA VALLEY DR,78739,8,NA,https://abc.austintexas.gov/web/permit/public-search-other?t_detail=1&t_selected_folderrsn=738719,7408 WISTERIA VALLEY DRIVE,NA,Austin,Texas,United States,2
318 Le Grande Ave,Withdrawn Per Applicant 12-13-06.,2006-08-24,1,3,318 LE GRANDE AVE,78704,9,NA,https://abc.austintexas.gov/web/permit/public-search-other?t_detail=1&t_selected_folderrsn=730296,318 LE GRANDE AVE,NA,Austin,Texas,United States,2
503 Swanee Dr,New Two Story Duplex With On Site Parking Only CovRd Porches & Open Wood Decks,2006-09-20,1,2,503 SWANEE DR,78752,4,NA,https://abc.austintexas.gov/web/permit/public-search-other?t_detail=1&t_selected_folderrsn=738566,503 SWANEE DRIVE,NA,Austin,Texas,United States,2
7117 Cromarty Cv,New 1 Story Sf Res. Att Garage Covd Porch.,2006-08-29,1,1,7117 CROMARTY CV,78754,1,NA,https://abc.austintexas.gov/web/permit/public-search-other?t_detail=1&t_selected_folderrsn=735029,7117 CROMARTY CV,NA,Austin,Texas,United States,2
4704 REYES ST,New (3) bedroom (2.5) bath single familty residence.,2013-07-10,1,2,4704 REYES ST,78721,1,NA,https://abc.austintexas.gov/web/permit/public-search-other?t_detail=1&t_selected_folderrsn=10978192,4704 REYES STREET,NA,Austin,Texas,United States,2
1810 Bitter Creek Dr,New Mh Residence,2006-08-23,1,1,1810 BITTER CREEK DR,78744,2,NA,https://abc.austintexas.gov/web/permit/public-search-other?t_detail=1&t_selected_folderrsn=736088,1810 BITTER CREEK DRIVE,NA,Austin,Texas,United States,2
7401 Cayenne Ln,New 1 Story S.F. Residence W/Attached Garage CovD Patio & CovD Porch.  *S.M.A.R.T Housing*,2006-09-18,1,1,7401 CAYENNE LN,78741,3,NA,https://abc.austintexas.gov/web/permit/public-search-other?t_detail=1&t_selected_folderrsn=736620,7401 CAYENNE LANE,NA,Austin,Texas,United States,2
7421 Cayenne Ln,New 2 Story S.F. Residence W/Attached Garage CovD Patio & CovD Porch.  *S.M.A.R.T Housing*,2006-09-18,1,2,7421 CAYENNE LN,78741,3,NA,https://abc.austintexas.gov/web/permit/public-search-other?t_detail=1&t_selected_folderrsn=736619,7421 CAYENNE LANE,NA,Austin,Texas,United States,2
8020 Journeyville Dr,Withdrawn Per Builder/Alex Dadidakis Plantation Homes (Duplicate Application) New One Story Sf Res W/Attached Garage W/Covd Porch,2006-09-18,1,1,8020 JOURNEYVILLE DR,78735,8,NA,https://abc.austintexas.gov/web/permit/public-search-other?t_detail=1&t_selected_folderrsn=737198,8020 JOURNEYVILLE DRIVE,NA,Austin,Texas,United States,2
1903 W 36TH ST,New Two Story Sf Res With Attached Garage CovRd Porch & Balcony,2006-09-11,1,2,1903 W 36TH ST,78731,10,NA,https://abc.austintexas.gov/web/permit/public-search-other?t_detail=1&t_selected_folderrsn=735173,1903 WEST 36TH STREET,NA,Austin,Texas,United States,2
5621 Brougham Way,New 1 Story Sf Res. Att Garage Covd Patio Covd Porch.,2006-09-14,1,1,5621 BROUGHAM WAY,78754,1,NA,https://abc.austintexas.gov/web/permit/public-search-other?t_detail=1&t_selected_folderrsn=736231,5621 BROUGHAM WAY,NA,Austin,Texas,United States,2
12412 Tay Ter,New 1 Story Sf Res. Att Garage Covd Porch Covd Patio.,2006-08-25,1,1,12412 TAY TER,78754,1,NA,https://abc.austintexas.gov/web/permit/public-search-other?t_detail=1&t_selected_folderrsn=736675,12412 TAY TER,NA,Austin,Texas,United States,2
8713 Fenton Dr,New Two-Story Sf Res W/Attached Garage Covered Porch.  Sidewalk And Driveway Are ReqD,2006-08-28,1,2,8713 FENTON DR,78736,8,NA,https://abc.austintexas.gov/web/permit/public-search-other?t_detail=1&t_selected_folderrsn=740259,8713 FENTON DRIVE,NA,Austin,Texas,United States,2
2210 East Side Dr,VOID-permit expired applicant resubmitted new building permit refer to PR 08-019365 PR per MHH 5/14/08.  New 2 Story Sf Res Wd Decks CovD Patios & Porches & Storage Units.,2006-09-18,1,2,2210 EAST SIDE DR,78704,9,NA,https://abc.austintexas.gov/web/permit/public-search-other?t_detail=1&t_selected_folderrsn=734169,2210 EAST SIDE DRIVE,NA,Austin,Texas,United States,2
5713 Clyde Ln,New 2 Story Sf Res. Att Garage Covd Patio Covd Porch.,2006-08-21,1,2,5713 CLYDE LN,78754,1,NA,https://abc.austintexas.gov/web/permit/public-search-other?t_detail=1&t_selected_folderrsn=734247,5713 CLYDE LANE,NA,Austin,Texas,United States,2
9913 Morgan Creek Dr,New Two-Story Sf Res W/Attached Garage Covered Patios And Porches.,2006-09-18,1,2,9913 MORGAN CREEK DR,78717,6,NA,https://abc.austintexas.gov/web/permit/public-search-other?t_detail=1&t_selected_folderrsn=737184,9913 MORGAN CREEK DRIVE,NA,Austin,Texas,United States,2
1228 Anise Dr,New One Story Sf Res With Attached Garage Covered Patio Covered Porch   Smart Housing,2006-09-13,1,1,1228 ANISE DR,78741,3,NA,https://abc.austintexas.gov/web/permit/public-search-other?t_detail=1&t_selected_folderrsn=736027,1228 ANISE DRIVE,NA,Austin,Texas,United States,2
7508 Wisteria Valley Dr,New 2 Story Residence W/Attached Garage Covered Patio Covered Porch. ** Stratus Credit Bank Bldg. Waived Not Trades **,2006-08-18,1,2,7508 WISTERIA VALLEY DR,78739,8,NA,https://abc.austintexas.gov/web/permit/public-search-other?t_detail=1&t_selected_folderrsn=755231,7508 WISTERIA VALLEY DRIVE,NA,Austin,Texas,United States,2
5301 Sendero Hills Pkwy,New 1 Story Sf Res. Att Carport Covd Patio. **Smart Housing**,2006-09-06,1,1,5301 SENDERO HILLS PKWY,78724,1,NA,https://abc.austintexas.gov/web/permit/public-search-other?t_detail=1&t_selected_folderrsn=755257,5301 SENDERO HILLS PKWY,NA,Austin,Texas,United States,2
15605 Interlachen Dr,New Two-Story Sf Res W/Attached Garage Covered Porch. Dw And Sw ReqD.,2006-08-31,1,2,15605 INTERLACHEN DR,78717,6,NA,https://abc.austintexas.gov/web/permit/public-search-other?t_detail=1&t_selected_folderrsn=735383,15605 INTERLACHEN DRIVE,NA,Austin,Texas,United States,2
5920 Bold Ruler Way,New Two Story Sf Res W/ Attached Garage Breezeway CovD Patio CovD Porch & Balcony,2006-09-12,1,2,5920 BOLD RULER WAY,78746,8,NA,https://abc.austintexas.gov/web/permit/public-search-other?t_detail=1&t_selected_folderrsn=735565,5920 BOLD RULER WAY,NA,Austin,Texas,United States,2
3408 Caladium Cir,New 2 Story Sf Res. Att Garage Covd Patio.,2006-08-30,1,2,3408 CALADIUM CIR,78748,5,NA,https://abc.austintexas.gov/web/permit/public-search-other?t_detail=1&t_selected_folderrsn=735617,3408 CALADIUM CIR,NA,Austin,Texas,United States,2
7904 Levata Dr,New 2 Story Sf Res. Att Garage Covd Patio Covd Porch. **Bldg Fee Only Waived**,2006-09-05,1,2,7904 LEVATA DR,78739,8,NA,https://abc.austintexas.gov/web/permit/public-search-other?t_detail=1&t_selected_folderrsn=735714,7904 LEVATA DRIVE,NA,Austin,Texas,United States,2
5636 Brougham Way,New 1 Story Sf Res. Att Garage Covd Proch Covd Patio.,2006-08-21,1,1,5636 BROUGHAM WAY,78754,1,NA,https://abc.austintexas.gov/web/permit/public-search-other?t_detail=1&t_selected_folderrsn=735976,5636 BROUGHAM WAY,NA,Austin,Texas,United States,2
5616 Brougham Way,New 1 Story Sf Res. Att Garage Covd Porch Covd Patio.,2006-08-25,1,1,5616 BROUGHAM WAY,78754,1,NA,https://abc.austintexas.gov/web/permit/public-search-other?t_detail=1&t_selected_folderrsn=735605,5616 BROUGHAM WAY,NA,Austin,Texas,United States,2
12317 Aralia Ridge Dr,New 2 Story Sf Res. Att Garage Covd Patio Covd Porch. **Stratus Bank** Only Bldg Waived Not Trades**,2006-09-14,1,2,12317 ARALIA RIDGE DR,78739,8,NA,https://abc.austintexas.gov/web/permit/public-search-other?t_detail=1&t_selected_folderrsn=736135,12317 ARALIA RIDGE DRIVE,NA,Austin,Texas,United States,2
7521 Cayenne Ln,New Two Story Sf Res With Attached Garage Covered Patio Covered Porch  Smart Housing,2006-09-11,1,1,7521 CAYENNE LN,78741,3,NA,https://abc.austintexas.gov/web/permit/public-search-other?t_detail=1&t_selected_folderrsn=736028,7521 CAYENNE LANE,NA,Austin,Texas,United States,2
300 Camperdown Elm Dr,New 1 Story Sf Res. Att Garage Covd Porch.,2006-08-29,1,1,300 CAMPERDOWN ELM DR,78748,5,NA,https://abc.austintexas.gov/web/permit/public-search-other?t_detail=1&t_selected_folderrsn=755970,300 CAMPERDOWN ELM DRIVE,NA,Austin,Texas,United States,2
8928 IPSWICH BAY DR,New 2 Story Sf Res. Att Garage Covd Porch.  **Smart Housing**,2006-08-25,1,2,8928 IPSWICH BAY DR,78747,2,NA,https://abc.austintexas.gov/web/permit/public-search-other?t_detail=1&t_selected_folderrsn=736354,8928 IPSWICH BAY DRIVE,NA,Austin,Texas,United States,2
7529 Cayenne Ln,New 1 Story S.F. Residence W/Attached Garage  CovD Porch & UncovD Patio.  *S.M.A.R.T Housing*,2006-09-18,1,1,7529 CAYENNE LN,78741,3,NA,https://abc.austintexas.gov/web/permit/public-search-other?t_detail=1&t_selected_folderrsn=736441,7529 CAYENNE LANE,NA,Austin,Texas,United States,2
8629 Toro Creek Cv,New Two Story Sf Reswith Basement  W/Attach Garage Wood Decks CovRd Porch Balconies And Storage In Basement,2006-09-08,1,3,8629 TORO CREEK CV,78759,6,NA,https://abc.austintexas.gov/web/permit/public-search-other?t_detail=1&t_selected_folderrsn=735275,8629 TORO CREEK CV,NA,Austin,Texas,United States,2
1209 Anise Dr,New 1 Story S.F. Residence W/Attached Garage & CovD Porch. *S.M.A.R.T Housing*,2006-09-13,1,1,1209 ANISE DR,78741,3,NA,https://abc.austintexas.gov/web/permit/public-search-other?t_detail=1&t_selected_folderrsn=755892,1209 ANISE DRIVE,NA,Austin,Texas,United States,2
1007 1/2 E 16TH ST,New 3 Story Sf Res W/Uncovd Patio,2006-08-28,1,3,1007 1/2 E 16TH ST,78702,1,NA,https://abc.austintexas.gov/web/permit/public-search-other?t_detail=1&t_selected_folderrsn=732766,1007 1/2 EAST 16TH STREET,NA,Austin,Texas,United States,2
5441 Agatha Cir,New One-Story Sf Res W/Attached Carport. **Smart Housing**.,2006-09-19,1,1,5441 AGATHA CIR,78724,1,NA,https://abc.austintexas.gov/web/permit/public-search-other?t_detail=1&t_selected_folderrsn=736741,5441 AGATHA CIR,NA,Austin,Texas,United States,2
6825 Via Correto Dr,New 2 Story Sf Res. Att Garage Covd Porch.,2006-09-05,1,2,6825 VIA CORRETO DR,78749,8,NA,https://abc.austintexas.gov/web/permit/public-search-other?t_detail=1&t_selected_folderrsn=735705,6825 VIA CORRETO DRIVE,NA,Austin,Texas,United States,2
7533 Cayenne Ln,New 1 Story S.F. Residence W/Attached Garage CovD Patio & CovD Porch.  *S.M.A.R.T Housing*,2006-09-18,1,1,7533 CAYENNE LN,78741,3,NA,https://abc.austintexas.gov/web/permit/public-search-other?t_detail=1&t_selected_folderrsn=736626,7533 CAYENNE LANE,NA,Austin,Texas,United States,2
12004 Pepperidge Dr,New 2 Story Sf Res. Att Garage Covd Porch. **Bldg Fee Only Waived**. Duplicate Permit Withdrawn Per Applicant. Mhh 12/1/06.,2006-09-05,1,2,12004 PEPPERIDGE DR,78739,8,NA,https://abc.austintexas.gov/web/permit/public-search-other?t_detail=1&t_selected_folderrsn=737420,12004 PEPPERIDGE DRIVE,NA,Austin,Texas,United States,2
6001 Perlita Dr,New Two Story W/ CovD Pation & CovD Porch **Smart Housing**,2006-08-24,1,2,6001 PERLITA DR,78724,1,NA,https://abc.austintexas.gov/web/permit/public-search-other?t_detail=1&t_selected_folderrsn=750289,6001 PERLITA DRIVE,NA,Austin,Texas,United States,2
5237 Sendero Hills Pkwy,New 3 Story Sf Res. Att Carport Wood Deck Breezeway Covd Porch Roof Terrace. **Smart Housing**,2006-08-29,1,3,5237 SENDERO HILLS PKWY,78724,1,NA,https://abc.austintexas.gov/web/permit/public-search-other?t_detail=1&t_selected_folderrsn=735218,5237 SENDERO HILLS PKWY,NA,Austin,Texas,United States,2
10612 Camillia Blossom Ln,*Cancel Permit New 2 Story Sf Res. Att Garagecovd Patio Covd Porch.,2006-08-30,1,2,10612 CAMILLIA BLOSSOM LN,78748,5,NA,https://abc.austintexas.gov/web/permit/public-search-other?t_detail=1&t_selected_folderrsn=735626,10612 CAMILLIA BLOSSOM LANE,NA,Austin,Texas,United States,2
1109 Clermont Ave Unit B,"Voided - never bulit per recent survey dated 10/03/14 PY.
Detached 1sty Garage And 2nd Stry Apt To Existing Sf Residence Ldc-25-2-1463(Secondary Apt)",2006-09-14,2,2,1109 CLERMONT AVE UNIT B,78702,3,NA,https://abc.austintexas.gov/web/permit/public-search-other?t_detail=1&t_selected_folderrsn=737080,1109 CLERMONT AVE UNIT B,NA,Austin,Texas,United States,2
1036 LIBERTY PARK DR BLDG 45,New Two-Story Sf Res W/Attached Garage Covered Porches And Patios.,2006-09-18,1,2,1036 LIBERTY PARK DR BLDG 45,78746,8,NA,https://abc.austintexas.gov/web/permit/public-search-other?t_detail=1&t_selected_folderrsn=736737,1036 LIBERTY PARK DRIVE BLDG 45,NA,Austin,Texas,United States,2
7525 Cayenne Ln,New 2 Story S.F. Residence W/Attached Garage CovD Patio & CovD Porch.  *S.M.A.R.T Housing*,2006-09-18,1,2,7525 CAYENNE LN,78741,3,NA,https://abc.austintexas.gov/web/permit/public-search-other?t_detail=1&t_selected_folderrsn=738822,7525 CAYENNE LANE,NA,Austin,Texas,United States,2
5425 Agatha Cir,New One-Story Sf Res W/Attached Carport. **Smart Housing**,2006-09-19,1,1,5425 AGATHA CIR,78724,1,NA,https://abc.austintexas.gov/web/permit/public-search-other?t_detail=1&t_selected_folderrsn=736744,5425 AGATHA CIR,NA,Austin,Texas,United States,2
13306 Montview Dr,New Two Story Res W/Att Garage Covered Porch ( 2 & 1/2 Bathrooms 5/8 Meter),2006-08-29,1,2,13306 MONTVIEW DR,78732,10,NA,https://abc.austintexas.gov/web/permit/public-search-other?t_detail=1&t_selected_folderrsn=735295,13306 MONTVIEW DRIVE,NA,Austin,Texas,United States,2
1605 Nash Ave,New 2-Sty Sf Res W/Att Garage W/ Covd Porch Covd Balcony & Uncovd Wood Deck,2006-08-29,1,2,1605 NASH AVE,78704,5,NA,https://abc.austintexas.gov/web/permit/public-search-other?t_detail=1&t_selected_folderrsn=733651,1605 NASH AVE,NA,Austin,Texas,United States,2
9721 Spanish Wells Dr,New 2 Story Sf Res. Att Garage Covd Patio Covd Porch.,2006-08-31,1,2,9721 SPANISH WELLS DR,78717,6,NA,https://abc.austintexas.gov/web/permit/public-search-other?t_detail=1&t_selected_folderrsn=735671,9721 SPANISH WELLS DRIVE,NA,Austin,Texas,United States,2
5429 RAYBURN LN,New One Story Res W/Att Garage Covered Patio & Porch (2  Bathrooms 5/8 Meter) (S.M.A.R.T Housing),2006-08-22,1,1,5429 RAYBURN LN,78723,1,NA,https://abc.austintexas.gov/web/permit/public-search-other?t_detail=1&t_selected_folderrsn=734382,5429 RAYBURN LANE,NA,Austin,Texas,United States,2
7413 Black Mountain Dr,New Two-Story Sf Res W/Attached Garage W/Covd Porch.  Sidewalk And Driveway Are ReqD.,2006-08-17,1,2,7413 BLACK MOUNTAIN DR,78736,8,NA,https://abc.austintexas.gov/web/permit/public-search-other?t_detail=1&t_selected_folderrsn=733940,7413 BLACK MOUNTAIN DRIVE,NA,Austin,Texas,United States,2
15301 INTERLACHEN DR,New Two-Story Sf Res W/Attached Garage Covered Porches And Patios. Dw And Sw ReqD.,2006-08-31,1,2,15301 INTERLACHEN DR,78717,6,NA,https://abc.austintexas.gov/web/permit/public-search-other?t_detail=1&t_selected_folderrsn=736367,15301 INTERLACHEN DRIVE,NA,Austin,Texas,United States,2
1036 LIBERTY PARK DR BLDG 44,New 2 Story Sf Res. Att Garage Covd Patio Covd Porch.,2006-09-18,1,2,1036 LIBERTY PARK DR BLDG 44,78746,8,NA,https://abc.austintexas.gov/web/permit/public-search-other?t_detail=1&t_selected_folderrsn=736637,1036 LIBERTY PARK DRIVE BLDG 44,NA,Austin,Texas,United States,2
7425 Jaborandi Dr,**Cancel Bldg Perm**New 2 Story Sf Res. Att Garage Covd Patio Covd Porch**Stratus Bank Bldg. Waived Not Trades***,2006-09-07,1,2,7425 JABORANDI DR,78739,8,NA,https://abc.austintexas.gov/web/permit/public-search-other?t_detail=1&t_selected_folderrsn=736701,7425 JABORANDI DRIVE,NA,Austin,Texas,United States,2
7420 Jaborandi Dr,New 2-Story Single Family Home W/ Attached Garage & CovD Porch/Stratus Bank Bldg. Fee Waived Not Trades****Greenbelt/Critical Environmental Feature must be restored and fees paid prior to CO - AW.,2006-09-05,1,2,7420 JABORANDI DR,78739,8,NA,https://abc.austintexas.gov/web/permit/public-search-other?t_detail=1&t_selected_folderrsn=737481,7420 JABORANDI DRIVE,NA,Austin,Texas,United States,2
7312 E BEN WHITE BLVD WB UNIT 9,New Two Story Condo W/Attached Porch rear deck And Garage; **Smart Housing**,2006-08-07,1,2,7312 E BEN WHITE BLVD SVRD WB UNIT 9,78741,3,NA,https://abc.austintexas.gov/web/permit/public-search-other?t_detail=1&t_selected_folderrsn=763102,7312 EAST BEN WHITE BOULEVARD SVRD WB UNIT 9,NA,Austin,Texas,United States,2
503 Radam Ln,Detached Accessory Dwelling (Ldc-25-2-893 (E) To The Existing Sf Residence,2006-08-10,1,2,503 RADAM LN,78745,3,NA,https://abc.austintexas.gov/web/permit/public-search-other?t_detail=1&t_selected_folderrsn=735637,503 RADAM LANE,NA,Austin,Texas,United States,2
7309 Annette Cv,Three Story Sf Res W. Wood Decks & Roof Terrace. **Smart Housing**,2006-08-09,1,2,7309 ANNETTE CV,78724,1,NA,https://abc.austintexas.gov/web/permit/public-search-other?t_detail=1&t_selected_folderrsn=734852,7309 ANNETTE CV,NA,Austin,Texas,United States,2
7312 E BEN WHITE BLVD WB UNIT 13,New Two Story Condo  W/Att Garage & Covered Porch ( 2 Bathrooms 5/8 Meter) (S.M.A.R.T Housing),2006-08-07,1,2,7312 E BEN WHITE BLVD SVRD WB UNIT 13,78741,3,NA,https://abc.austintexas.gov/web/permit/public-search-other?t_detail=1&t_selected_folderrsn=734341,7312 EAST BEN WHITE BOULEVARD SVRD WB UNIT 13,NA,Austin,Texas,United States,2
7528 Cayenne Ln,New 1 Story Residence W/Attached Garage Covered Patio & Covered Porch. -S.M.A.R.T Housing,2006-07-24,1,1,7528 CAYENNE LN,78741,3,NA,https://abc.austintexas.gov/web/permit/public-search-other?t_detail=1&t_selected_folderrsn=734110,7528 CAYENNE LANE,NA,Austin,Texas,United States,2
501 North Bluff Dr,New Two Story Res W/Att Garage & Wood Deck & Walkway  ( 2 Bathrooms 5/8 Meter) ( Demolition#0002095),2006-07-31,NA,2,501 NORTH BLUFF DR,78745,2,NA,https://abc.austintexas.gov/web/permit/public-search-other?t_detail=1&t_selected_folderrsn=740560,501 NORTH BLUFF DRIVE,NA,Austin,Texas,United States,2
11416 Flushwing Dr,New Two Story Sf Res With Attached Garage CovRd Porch And CovRd Patio,2006-08-16,1,2,11416 FLUSHWING DR,78754,1,NA,https://abc.austintexas.gov/web/permit/public-search-other?t_detail=1&t_selected_folderrsn=734971,11416 FLUSHWING DRIVE,NA,Austin,Texas,United States,2
7320 Annette Cv,New Two Story Sf Res W/Wood Deck **Smart Housing**,2006-08-09,1,3,7320 ANNETTE CV,78724,1,NA,https://abc.austintexas.gov/web/permit/public-search-other?t_detail=1&t_selected_folderrsn=734855,7320 ANNETTE CV,NA,Austin,Texas,United States,2
7312 E BEN WHITE BLVD WB UNIT 10,New Two Story Condo W/Attached Patio And Garage; **Smart Housing **     **refer to pmt # 2010-017305**,2006-08-07,1,2,7312 E BEN WHITE BLVD SVRD WB UNIT 10,78741,3,NA,https://abc.austintexas.gov/web/permit/public-search-other?t_detail=1&t_selected_folderrsn=734343,7312 EAST BEN WHITE BOULEVARD SVRD WB UNIT 10,NA,Austin,Texas,United States,2
7312 E BEN WHITE BLVD WB UNIT 12,New Two Story Condo W/Att Garage & Porch ( 2 Bathrooms 5/8 Meter) ( S.M.A.R.T Housing),2006-08-07,1,2,7312 E BEN WHITE BLVD SVRD WB UNIT 12,78741,3,NA,https://abc.austintexas.gov/web/permit/public-search-other?t_detail=1&t_selected_folderrsn=734340,7312 EAST BEN WHITE BOULEVARD SVRD WB UNIT 12,NA,Austin,Texas,United States,2
7304 Annette Cv,New Two Story Sf Res W/Attached Carport &Wood Deck **Smart Housing**,2006-08-09,1,2,7304 ANNETTE CV,78724,1,NA,https://abc.austintexas.gov/web/permit/public-search-other?t_detail=1&t_selected_folderrsn=734854,7304 ANNETTE CV,NA,Austin,Texas,United States,2
7312 E BEN WHITE BLVD WB UNIT 11,"New Two Story Condos W/Attached Porch & Garage
**Smart Housing**        **refer to pmt # 2010-012261**",2006-08-07,1,2,7312 E BEN WHITE BLVD SVRD WB UNIT 11,78741,3,NA,https://abc.austintexas.gov/web/permit/public-search-other?t_detail=1&t_selected_folderrsn=735440,7312 EAST BEN WHITE BOULEVARD SVRD WB UNIT 11,NA,Austin,Texas,United States,2
10236 Grizzly Oak Dr,New 2 Story Sf Res. Att Garage Covd Porch.,2006-08-11,1,2,10236 GRIZZLY OAK DR,78748,5,NA,https://abc.austintexas.gov/web/permit/public-search-other?t_detail=1&t_selected_folderrsn=739843,10236 GRIZZLY OAK DRIVE,NA,Austin,Texas,United States,2
9708 S Chisholm Trl,**Ref Permit#2009-045563**New 1sty Sf Res-Refer To Pmt #04002471,2006-07-26,1,1,9708 S CHISHOLM TRL,78748,5,NA,https://abc.austintexas.gov/web/permit/public-search-other?t_detail=1&t_selected_folderrsn=735071,9708 SOUTH CHISHOLM TRAIL,NA,Austin,Texas,United States,2
14004 Panorama Dr,New 1 Sty Sf Residence,2006-07-18,1,1,14004 PANORAMA DR,78732,10,NA,https://abc.austintexas.gov/web/permit/public-search-other?t_detail=1&t_selected_folderrsn=734487,14004 PANORAMA DRIVE,NA,Austin,Texas,United States,2
7417 Jaborandi Dr,New 2 Story S.F. Residence W/Attached Garage Covered Porch & Uncovered Patio. **Stratus Credit Bank**(Only Bldg. Waived Not Trades),2006-08-16,1,2,7417 JABORANDI DR,78739,8,NA,https://abc.austintexas.gov/web/permit/public-search-other?t_detail=1&t_selected_folderrsn=740261,7417 JABORANDI DRIVE,NA,Austin,Texas,United States,2
5325 Sendero Hills Pkwy,New 2 Story Sf Residence W/Attached Carport; Covered Porch And Uncovered Wood Deck *Smart Housing*,2006-08-02,1,2,5325 SENDERO HILLS PKWY,78724,1,NA,https://abc.austintexas.gov/web/permit/public-search-other?t_detail=1&t_selected_folderrsn=734363,5325 SENDERO HILLS PKWY,NA,Austin,Texas,United States,2
9620 Indina Hills Dr,New Two Story Res W/Att Garage Covered Patio & Porch ( 4 Bathrooms 3/4 Meter) (See 2007-004514 for repermit),2006-07-24,NA,2,9620 INDINA HILLS DR,78717,6,NA,https://abc.austintexas.gov/web/permit/public-search-other?t_detail=1&t_selected_folderrsn=744212,9620 INDINA HILLS DRIVE,NA,Austin,Texas,United States,2
5501 Agatha Cir,New 2 Story Sf Residence; ** Smart Housing *,2006-08-02,1,2,5501 AGATHA CIR,78724,1,NA,https://abc.austintexas.gov/web/permit/public-search-other?t_detail=1&t_selected_folderrsn=734226,5501 AGATHA CIR,NA,Austin,Texas,United States,2
11405 Sprinkle Cutoff Rd,New Two Story Sf Res W/Attached Garage W/Covd Porch,2006-07-26,1,2,11405 SPRINKLE CUTOFF RD,78754,1,NA,https://abc.austintexas.gov/web/permit/public-search-other?t_detail=1&t_selected_folderrsn=733290,11405 SPRINKLE CUTOFF ROAD,NA,Austin,Texas,United States,2
6916 Providence Ave Bldg A,New Two Story Sf Res W/Attached Garage W/Covd Porch ( 3 Bathrooms 5/8 Meter),2006-08-07,1,2,6916 PROVIDENCE AVE BLDG A,78752,4,NA,https://abc.austintexas.gov/web/permit/public-search-other?t_detail=1&t_selected_folderrsn=733313,6916 PROVIDENCE AVE BLDG A,NA,Austin,Texas,United States,2
1404 Garner Ave,**ref permit#2011-017454**New Two Story Res W/Att Garage Covered Patio & Porch & Uncovered Deck ( 3 Bathrooms 5/8 Meter),2006-07-12,NA,2,1404 GARNER AVE,78704,5,NA,https://abc.austintexas.gov/web/permit/public-search-other?t_detail=1&t_selected_folderrsn=733337,1404 GARNER AVE,NA,Austin,Texas,United States,2
1821 Shaker Trl,New Two Story Sf Res With Attached Garage CovRd Patio & CovRd Porch,2006-08-16,1,2,1821 SHAKER TRL,78754,1,NA,https://abc.austintexas.gov/web/permit/public-search-other?t_detail=1&t_selected_folderrsn=734972,1821 SHAKER TRAIL,NA,Austin,Texas,United States,2
10229 Grizzly Oak Dr,New Two Story Sf Res With Attached Garage And CovRd Porch,2006-08-16,1,2,10229 GRIZZLY OAK DR,78748,5,NA,https://abc.austintexas.gov/web/permit/public-search-other?t_detail=1&t_selected_folderrsn=763204,10229 GRIZZLY OAK DRIVE,NA,Austin,Texas,United States,2
11436 Flushwing Dr,New One Story Sf Res W/Attached Garage W/Covd Porch,2006-07-26,1,1,11436 FLUSHWING DR,78754,1,NA,https://abc.austintexas.gov/web/permit/public-search-other?t_detail=1&t_selected_folderrsn=750244,11436 FLUSHWING DRIVE,NA,Austin,Texas,United States,2
10908 Roy Butler Dr,New Two Story Res W/Att Garage Covered Patio & Porch & Portico ( 4 & 1/2 Bathrooms 3/4 Meter),2006-08-10,1,2,10908 ROY BUTLER DR,78717,6,NA,https://abc.austintexas.gov/web/permit/public-search-other?t_detail=1&t_selected_folderrsn=736449,10908 ROY BUTLER DRIVE,NA,Austin,Texas,United States,2
11420 Flushwing Dr,New Two Story Sf Res With Attached Garage And CovrD Porch.,2006-08-16,1,2,11420 FLUSHWING DR,78754,1,NA,https://abc.austintexas.gov/web/permit/public-search-other?t_detail=1&t_selected_folderrsn=734975,11420 FLUSHWING DRIVE,NA,Austin,Texas,United States,2
1014 W Milton St,New Three Story Res W/Att Garage Covered Porch & Uncovered Patio,2006-08-11,NA,3,1014 W MILTON ST,78704,9,NA,https://abc.austintexas.gov/web/permit/public-search-other?t_detail=1&t_selected_folderrsn=733066,1014 WEST MILTON STREET,NA,Austin,Texas,United States,2
1700 RAVEY ST,New Two Story Duplex W/Attached Garage W/Covd Porch And Uncovd Balcony,2006-07-26,1,2,1700 RAVEY ST,78704,5,NA,https://abc.austintexas.gov/web/permit/public-search-other?t_detail=1&t_selected_folderrsn=733321,1700 RAVEY STREET,NA,Austin,Texas,United States,2
7312 E BEN WHITE BLVD WB UNIT 7,New2 Story Condo W/Attached Porch And Garage **Smart Housing**,2006-08-07,1,2,7312 E BEN WHITE BLVD SVRD WB UNIT 7,78741,3,NA,https://abc.austintexas.gov/web/permit/public-search-other?t_detail=1&t_selected_folderrsn=734344,7312 EAST BEN WHITE BOULEVARD SVRD WB UNIT 7,NA,Austin,Texas,United States,2
1416 Anise Dr,New Two Story Sf Residence W/ Attached Garage Covered Porch Balcony***Smart Housing***    **refer to pmt # 2015-015020**,2006-06-19,1,2,1416 ANISE DR,78741,3,NA,https://abc.austintexas.gov/web/permit/public-search-other?t_detail=1&t_selected_folderrsn=734001,1416 ANISE DRIVE,NA,Austin,Texas,United States,2
10212 James Ryan Way,New Two Story Res W/Att Garage Wood Deck Covered Porches (3.5 Bathrooms 5/8 Meter) (See 2007-121607 for repermit),2006-07-03,1,2,10212 JAMES RYAN WAY,78730,10,NA,https://abc.austintexas.gov/web/permit/public-search-other?t_detail=1&t_selected_folderrsn=753650,10212 JAMES RYAN WAY,NA,Austin,Texas,United States,2
3304 MEREDITH ST,New 2 Story Sf Residence W/ Att Garage & Covered Porch And Partially Covered 1st Floor Rear Patio,2006-06-19,1,2,3304 MEREDITH ST,78703,10,NA,https://abc.austintexas.gov/web/permit/public-search-other?t_detail=1&t_selected_folderrsn=732111,3304 MEREDITH STREET,NA,Austin,Texas,United States,2
8605 Cureton Cv,New 2 Story Res. W/Att Garage Covered Porch And Uncovered Patio. -S.M.A.R.T Housing,2006-06-19,1,2,8605 CURETON CV,78747,2,NA,https://abc.austintexas.gov/web/permit/public-search-other?t_detail=1&t_selected_folderrsn=732330,8605 CURETON CV,NA,Austin,Texas,United States,2
7904 Big View Dr,Inground Swimming Pool And Spa W/ReqD Enclosure Device For Sf Res,2006-06-27,1,2,7904 BIG VIEW DR,78730,10,NA,https://abc.austintexas.gov/web/permit/public-search-other?t_detail=1&t_selected_folderrsn=733935,7904 BIG VIEW DRIVE,NA,Austin,Texas,United States,2
2415 Durwood,New Two Family Residential (Ldc 25-2-774)  ( 1 Bathroom 5/8 Meter),2006-06-16,2,1,2415 DURWOOD ST,78704,3,NA,https://abc.austintexas.gov/web/permit/public-search-other?t_detail=1&t_selected_folderrsn=733558,2415 DURWOOD STREET,NA,Austin,Texas,United States,2
1900 Wayward Sun Dr,New Two Story Res W/Att Garage Covered Poch.,2006-06-13,NA,2,1900 WAYWARD SUN DR,78754,1,NA,https://abc.austintexas.gov/web/permit/public-search-other?t_detail=1&t_selected_folderrsn=732866,1900 WAYWARD SUN DRIVE,NA,Austin,Texas,United States,2
7904 Big View Dr,New Accessory Pool Cabana For Sf Res  /  demolished TH 9-24-2014,2006-06-27,1,2,7904 BIG VIEW DR,78730,10,NA,https://abc.austintexas.gov/web/permit/public-search-other?t_detail=1&t_selected_folderrsn=733936,7904 BIG VIEW DRIVE,NA,Austin,Texas,United States,2
2207 S 3RD ST,"New Two  Story Res W/Att Garage & Balconies ( 2 Bathrooms 5/8)

Expired permit replaced/resolved with new construction submitted under 12-126022 PR. PY.",2006-06-29,NA,2,2207 S 3RD ST,78704,3,NA,https://abc.austintexas.gov/web/permit/public-search-other?t_detail=1&t_selected_folderrsn=732550,2207 SOUTH 3RD STREET,NA,Austin,Texas,United States,2
2103 Mountainview Rd,New 1sty Sf Res W/CovD Porch & Wood Deck,2006-07-05,1,1,2103 MOUNTAIN VIEW RD,78703,10,NA,https://abc.austintexas.gov/web/permit/public-search-other?t_detail=1&t_selected_folderrsn=730811,2103 MOUNTAIN VIEW ROAD,NA,Austin,Texas,United States,2
1320 MILAGRO DR,New Two Storysingle Family Residence W/Attached Garage W/Covered Patio And Porch,2006-07-03,1,2,1320 MILAGRO DR,78733,NA,NA,https://abc.austintexas.gov/web/permit/public-search-other?t_detail=1&t_selected_folderrsn=731992,1320 MILAGRO DRIVE,NA,Austin,Texas,United States,2
2504 Flora Cv,New Two Story Res W/Att Carport Covered Breezeway Covered Porches & Balconies & Storage( 1 & 3 1/2 Bathrooms 5/8 Meter),2006-06-23,NA,2,2504 FLORA CV,78746,8,NA,https://abc.austintexas.gov/web/permit/public-search-other?t_detail=1&t_selected_folderrsn=731960,2504 FLORA CV,NA,Austin,Texas,United States,2
608 W Live Oak St,New Detached Carport,2006-06-23,1,2,608 W LIVE OAK ST,78704,3,NA,https://abc.austintexas.gov/web/permit/public-search-other?t_detail=1&t_selected_folderrsn=733823,608 WEST LIVE OAK STREET,NA,Austin,Texas,United States,2
7405 Magenta Ln,New 2-Story Residence With Attached Garage; Covered Porch; Covered Patio,2006-06-23,1,2,7405 MAGENTA LN,78739,8,NA,https://abc.austintexas.gov/web/permit/public-search-other?t_detail=1&t_selected_folderrsn=732380,7405 MAGENTA LANE,NA,Austin,Texas,United States,2
8025 Levata Dr,New 2 Story Sf Residence W/Attached Garage; Covered Patio And Porch*Bldg. Waived Not Trades*,2006-06-26,1,2,8025 LEVATA DR,78739,8,NA,https://abc.austintexas.gov/web/permit/public-search-other?t_detail=1&t_selected_folderrsn=732768,8025 LEVATA DRIVE,NA,Austin,Texas,United States,2
4204 Canoas Dr,New 2 Sty Sf Res W.Att Garage Cvd Porches-Patios (4 Bdrms- 4 Off Street Parking Spaces),2006-06-28,1,2,4204 CANOAS DR,78730,10,NA,https://abc.austintexas.gov/web/permit/public-search-other?t_detail=1&t_selected_folderrsn=733968,4204 CANOAS DRIVE,NA,Austin,Texas,United States,2
11516 Viridian Way,New 2 Story Sf Res. W/ Attached Garage Covered Porch & Covered Patio.,2006-06-21,1,2,11516 VIRIDIAN WAY,78739,8,NA,https://abc.austintexas.gov/web/permit/public-search-other?t_detail=1&t_selected_folderrsn=742400,11516 VIRIDIAN WAY,NA,Austin,Texas,United States,2
5604 STANDING ROCK DR,Inground Swimming Pool W/ReqD Enclosure Device,2006-06-23,1,2,5604 STANDING ROCK DR,78730,10,NA,https://abc.austintexas.gov/web/permit/public-search-other?t_detail=1&t_selected_folderrsn=730986,5604 STANDING ROCK DRIVE,NA,Austin,Texas,United States,2
2606 THOMAS DR,New Two Story Sf Res W/Covd Attached Garage W/Covd Patio & Balcony,2006-06-20,1,2,2606 THOMAS DR,78703,10,NA,https://abc.austintexas.gov/web/permit/public-search-other?t_detail=1&t_selected_folderrsn=728738,2606 THOMAS DRIVE,NA,Austin,Texas,United States,2
11320 Church Canyon Dr,New Two Story Sf Res With Attached Garage With CovD Patio And Porch.,2006-06-23,1,2,11320 CHURCH CANYON DR,78754,1,NA,https://abc.austintexas.gov/web/permit/public-search-other?t_detail=1&t_selected_folderrsn=732958,11320 CHURCH CANYON DRIVE,NA,Austin,Texas,United States,2
2600 Bridle Path,Rebuild Existing Studio And Convert To An Accessory Dwelling (Ldc-25-2-893-D),2006-06-09,2,1,2600 BRIDLE PATH,78703,10,NA,https://abc.austintexas.gov/web/permit/public-search-other?t_detail=1&t_selected_folderrsn=733244,2600 BRIDLE PATH,NA,Austin,Texas,United States,2
7608 Cayenne Ln,New One Story Sf-Residence W/ Attached Garage And CovD Porch And Patio **Smart Housing**,2006-07-03,1,1,7608 CAYENNE LN,78741,3,NA,https://abc.austintexas.gov/web/permit/public-search-other?t_detail=1&t_selected_folderrsn=733440,7608 CAYENNE LANE,NA,Austin,Texas,United States,2
11400 Sprinkle Cutoff Rd,New Two Story Sf-Residence W/ Attached Garage And CovD. Porch,2006-06-23,1,2,11400 SPRINKLE CUTOFF RD,78754,1,NA,https://abc.austintexas.gov/web/permit/public-search-other?t_detail=1&t_selected_folderrsn=732869,11400 SPRINKLE CUTOFF ROAD,NA,Austin,Texas,United States,2
13703 MONTVIEW DR,New One Story Sf-Residence W/ Attached Garage And CovD. Porch/Patio (Ldc 25-2-943 Substandard Lot),2006-06-27,1,1,13703 MONTVIEW DR,78732,10,NA,https://abc.austintexas.gov/web/permit/public-search-other?t_detail=1&t_selected_folderrsn=735339,13703 MONTVIEW DRIVE,NA,Austin,Texas,United States,2
2725 Alsatia Dr,New 2 Story Sf-Residence W/ Attached Garage And CovD. Porch And Patio,2006-05-08,1,2,2725 ALSATIA DR,78748,8,NA,https://abc.austintexas.gov/web/permit/public-search-other?t_detail=1&t_selected_folderrsn=745915,2725 ALSATIA DRIVE,NA,Austin,Texas,United States,2
10100 Chiltern Forest Dr,New Two Story Sf-Residence W/ Attached Garage And CovD. Porch/Patio,2006-05-17,1,2,10100 CHILTERN FOREST DR,78717,6,NA,https://abc.austintexas.gov/web/permit/public-search-other?t_detail=1&t_selected_folderrsn=731369,10100 CHILTERN FOREST DRIVE,NA,Austin,Texas,United States,2
2507 E 9th St,New 1sty Sf Res W/Attached Garage CovD Porch & CovD Patio (see 2011-095029),2006-05-15,1,1,2507 E 9TH ST,78702,1,NA,https://abc.austintexas.gov/web/permit/public-search-other?t_detail=1&t_selected_folderrsn=729100,2507 EAST 9TH STREET,NA,Austin,Texas,United States,2
7404 Wisteria Valley Dr,new permit #2007-1574962-Sty Sf Res W/Att Garage CovD Porch & UncovD Patio Stratus Credit Bank(Not Trades),2006-04-25,1,2,7404 WISTERIA VALLEY DR,78739,8,NA,https://abc.austintexas.gov/web/permit/public-search-other?t_detail=1&t_selected_folderrsn=730671,7404 WISTERIA VALLEY DRIVE,NA,Austin,Texas,United States,2
2805 Alsatia Dr,New 2 Story Sf-Residence W/ Attached Garage And CovD. Porch And Patio,2006-05-05,1,2,2805 ALSATIA DR,78748,8,NA,https://abc.austintexas.gov/web/permit/public-search-other?t_detail=1&t_selected_folderrsn=731046,2805 ALSATIA DRIVE,NA,Austin,Texas,United States,2
2609 Alsatia Dr,New 2 Story Sf- Residence W/ Attached Garage And CovD. Porch/Patio   **refer to pmt # 2007-103942**,2006-05-05,1,2,2609 ALSATIA DR,78748,5,NA,https://abc.austintexas.gov/web/permit/public-search-other?t_detail=1&t_selected_folderrsn=731026,2609 ALSATIA DRIVE,NA,Austin,Texas,United States,2
2801 Alsatia Dr,New 2 Story Sf-Residence W/ Attached Garage And,2006-05-05,1,2,2801 ALSATIA DR,78748,8,NA,https://abc.austintexas.gov/web/permit/public-search-other?t_detail=1&t_selected_folderrsn=731048,2801 ALSATIA DRIVE,NA,Austin,Texas,United States,2
10704 ROY BUTLER DR,New 2 Story Sf-Residence W/ Attached Garage CovD. Porch/Patio And Wood Deck,2006-04-26,1,2,10704 ROY BUTLER DR,78717,6,NA,https://abc.austintexas.gov/web/permit/public-search-other?t_detail=1&t_selected_folderrsn=739425,10704 ROY BUTLER DRIVE,NA,Austin,Texas,United States,2
2113 Wayward Sun Dr,New 2 Story Sf Res W/Attached Garage W/Covd Porch,2006-05-05,1,2,2113 WAYWARD SUN DR,78754,1,NA,https://abc.austintexas.gov/web/permit/public-search-other?t_detail=1&t_selected_folderrsn=755222,2113 WAYWARD SUN DRIVE,NA,Austin,Texas,United States,2
2621 Alsatia Dr,New 2 Story Sf-Residence W/ Attached Garage And CovD. Porch And Patio,2006-05-05,NA,NA,2621 ALSATIA DR,78748,8,NA,https://abc.austintexas.gov/web/permit/public-search-other?t_detail=1&t_selected_folderrsn=731032,2621 ALSATIA DRIVE,NA,Austin,Texas,United States,2
10001 Grizzly Oak Dr,New Two Story Sf-Residence W/ Attached Garage CovD. Porch And UncovD Patio,2006-05-10,1,2,10001 GRIZZLY OAK DR,78748,5,NA,https://abc.austintexas.gov/web/permit/public-search-other?t_detail=1&t_selected_folderrsn=731152,10001 GRIZZLY OAK DRIVE,NA,Austin,Texas,United States,2
2701 Alsatia Dr,New Sf-Residence W/ Attached Garage And CovD. Porch And Patio,2006-05-05,1,2,2701 ALSATIA DR,78748,8,NA,https://abc.austintexas.gov/web/permit/public-search-other?t_detail=1&t_selected_folderrsn=731045,2701 ALSATIA DRIVE,NA,Austin,Texas,United States,2
2100 Wayward Sun Dr,New 1 Story Sf-Residence W/ Attached Garage And CovD. Porch,2006-05-04,1,1,2100 WAYWARD SUN DR,78754,1,NA,https://abc.austintexas.gov/web/permit/public-search-other?t_detail=1&t_selected_folderrsn=730957,2100 WAYWARD SUN DRIVE,NA,Austin,Texas,United States,2
12000 Cherisse Dr,New Two Story Sf-Residence W/ Attached Garage CovD. Porch And UncovD. Patio**Bldg. Waived Not Trades*,2006-05-24,1,2,12000 CHERISSE DR,78739,8,NA,https://abc.austintexas.gov/web/permit/public-search-other?t_detail=1&t_selected_folderrsn=731431,12000 CHERISSE DRIVE,NA,Austin,Texas,United States,2
5308 Sendero Hills Pkwy,New Two Story Sf-Residence W/ Attached Garage CovD. Porch  And Balcony **Smart Housing**,2006-05-19,1,2,5308 SENDERO HILLS PKWY,78724,1,NA,https://abc.austintexas.gov/web/permit/public-search-other?t_detail=1&t_selected_folderrsn=732520,5308 SENDERO HILLS PKWY,NA,Austin,Texas,United States,2
9729 Spanish Wells Dr,New Two Story Sf-Residence W/ Attached Garage And CovD. Porch And Patio,2006-05-12,1,2,9729 SPANISH WELLS DR,78717,6,NA,https://abc.austintexas.gov/web/permit/public-search-other?t_detail=1&t_selected_folderrsn=731338,9729 SPANISH WELLS DRIVE,NA,Austin,Texas,United States,2
2809 Alsatia Dr,New 2 Story Sf-Residence W/ Attached Garage And CovD. Porch And Patio,2006-05-05,1,2,2809 ALSATIA DR,78748,8,NA,https://abc.austintexas.gov/web/permit/public-search-other?t_detail=1&t_selected_folderrsn=731030,2809 ALSATIA DRIVE,NA,Austin,Texas,United States,2
6003 TASAJILLO TRL,New Sf Residence W/Attached Garage CovD Porch & UncovD Patio,2006-04-25,1,1,6003 TASAJILLO TRL,78739,8,NA,https://abc.austintexas.gov/web/permit/public-search-other?t_detail=1&t_selected_folderrsn=733954,6003 TASAJILLO TRAIL,NA,Austin,Texas,United States,2
3205 Brass Buttons Trl,New 3 Sty Sf Res W/Attached Garage CovD Patio & Balcony,2006-05-02,1,3,3205 BRASS BUTTONS TRL,78734,10,NA,https://abc.austintexas.gov/web/permit/public-search-other?t_detail=1&t_selected_folderrsn=729546,3205 BRASS BUTTONS TRAIL,NA,Austin,Texas,United States,2
2104 Wayward Sun Dr,New Two Story Sf-Residence W/ Attached Garage And CovD. Porch,2006-05-19,1,2,2104 WAYWARD SUN DR,78754,1,NA,https://abc.austintexas.gov/web/permit/public-search-other?t_detail=1&t_selected_folderrsn=731496,2104 WAYWARD SUN DRIVE,NA,Austin,Texas,United States,2
5332 Agatha Cir,New 3 Story Sf-Residence W/ Attached GarageCovD. Porch And Patio Balcony And UncovD. Patio **Smart Housing**,2006-05-08,1,3,5332 AGATHA CIR,78724,1,NA,https://abc.austintexas.gov/web/permit/public-search-other?t_detail=1&t_selected_folderrsn=731052,5332 AGATHA CIR,NA,Austin,Texas,United States,2
2601 Alsatia Dr,New 2 Story Sf-Residence W/ Attached Garage And CovD. Porch And Patio,2006-05-05,NA,NA,2601 ALSATIA DR,78748,5,NA,https://abc.austintexas.gov/web/permit/public-search-other?t_detail=1&t_selected_folderrsn=731028,2601 ALSATIA DRIVE,NA,Austin,Texas,United States,2
2813 Alsatia Dr,New 2 Story Sf-Residence W/ Attached Garage And CovD. Porch And Patio,2006-05-05,NA,NA,2813 ALSATIA DR,78748,8,NA,https://abc.austintexas.gov/web/permit/public-search-other?t_detail=1&t_selected_folderrsn=731982,2813 ALSATIA DRIVE,NA,Austin,Texas,United States,2
2713 Alsatia Dr,New 2 Story Sf-Residence W/ Attached Garage And CovD. Porch And Patio,2006-05-05,1,2,2713 ALSATIA DR,78748,8,NA,https://abc.austintexas.gov/web/permit/public-search-other?t_detail=1&t_selected_folderrsn=731050,2713 ALSATIA DRIVE,NA,Austin,Texas,United States,2
12017 CHERISSE DR,New Two Story Sf-Residence W/ Attached Garage CovD Porch And UncovD. Patio**Bldg. Waived Not Trades*,2006-05-24,1,2,12017 CHERISSE DR,78739,8,NA,https://abc.austintexas.gov/web/permit/public-search-other?t_detail=1&t_selected_folderrsn=733538,12017 CHERISSE DRIVE,NA,Austin,Texas,United States,2
2721 Alsatia Dr,New 2 Story Sf-Residence W/ Attached Garage And CovD Porch And Patio,2006-05-08,1,2,2721 ALSATIA DR,78748,8,NA,https://abc.austintexas.gov/web/permit/public-search-other?t_detail=1&t_selected_folderrsn=731049,2721 ALSATIA DRIVE,NA,Austin,Texas,United States,2
2206 Sunny Slope Dr,New 2sty Duplex W/Attached Garage & UncovD Patio (6 Bdrms & 6 Bath=1 Wtr Meter),2006-05-23,2,NA,2206 SUNNY SLOPE DR,78703,10,NA,https://abc.austintexas.gov/web/permit/public-search-other?t_detail=1&t_selected_folderrsn=731127,2206 SUNNY SLOPE DRIVE,NA,Austin,Texas,United States,2
906 DAWSON RD,New 2sty Sf Res W/Attached Away Cabin (Bdrm Bath & Closet) Attached Garage & CovD Porch,2006-03-29,1,2,906 DAWSON RD,78704,9,NA,https://abc.austintexas.gov/web/permit/public-search-other?t_detail=1&t_selected_folderrsn=728587,906 DAWSON ROAD,NA,Austin,Texas,United States,2
2508 Lark Glen Ln,New 1sty Sf Res W/Attached Garage CovD Porch & CovD Patio,2006-04-12,1,1,2508 LARK GLEN LN,78748,5,NA,https://abc.austintexas.gov/web/permit/public-search-other?t_detail=1&t_selected_folderrsn=730902,2508 LARK GLEN LANE,NA,Austin,Texas,United States,2
6720 Quinton Dr,2-Sty Sf Res W/Att Garage UncovD Patio & CovD Porch *Smart Housing*,2006-04-21,1,2,6720 QUINTON DR,78747,2,NA,https://abc.austintexas.gov/web/permit/public-search-other?t_detail=1&t_selected_folderrsn=745539,6720 QUINTON DRIVE,NA,Austin,Texas,United States,2
5413 AGATHA CIR,"New 2 Story Sf-Residence W/ Attached Carport
**Smart Housing**",2006-04-19,1,2,5413 AGATHA CIR,78724,1,NA,https://abc.austintexas.gov/web/permit/public-search-other?t_detail=1&t_selected_folderrsn=730493,5413 AGATHA CIR,NA,Austin,Texas,United States,2
7421 Jaborandi Dr,New 2sty Sf Res W/Attached Garage CovD Porch & CovD Patio/Bldg. Pmt. Waived Not Trades** (See 2006-012215),2006-03-21,1,2,7421 JABORANDI DR,78739,8,NA,https://abc.austintexas.gov/web/permit/public-search-other?t_detail=1&t_selected_folderrsn=729083,7421 JABORANDI DRIVE,NA,Austin,Texas,United States,2
12919 PERRYTON DR,Inground Swimming Pool W/Reqd Enclosure Device,2006-04-21,1,1,12919 PERRYTON DR,78732,10,NA,https://abc.austintexas.gov/web/permit/public-search-other?t_detail=1&t_selected_folderrsn=731439,12919 PERRYTON DRIVE,NA,Austin,Texas,United States,2
3310 Elija St,**ref permit#2009-094423**New 2sty Sf Res W/Attached Garage CovD Porch & UncovD Patio,2006-03-24,1,2,3310 ELIJA ST,78745,8,NA,https://abc.austintexas.gov/web/permit/public-search-other?t_detail=1&t_selected_folderrsn=729629,3310 ELIJA STREET,NA,Austin,Texas,United States,2
7233 MANCHACA RD BLDG 34,New 2 sty sf townhouse w/attached garage.,2010-12-14,1,2,7233 MENCHACA RD BLDG 34,78745,5,NA,https://abc.austintexas.gov/web/permit/public-search-other?t_detail=1&t_selected_folderrsn=10525455,7233 MENCHACA ROAD BLDG 34,NA,Austin,Texas,United States,2
9550 SAVANNAH RIDGE DR BLDG 8,New sf condo w/attached garage & covd porch.,2010-12-20,1,1,9550 SAVANNAH RIDGE DR BLDG 8,78726,6,NA,https://abc.austintexas.gov/web/permit/public-search-other?t_detail=1&t_selected_folderrsn=10528348,9550 SAVANNAH RIDGE DRIVE BLDG 8,NA,Austin,Texas,United States,2
1805 HELIOTROPE CT,New 2-story single-family residence attached garage covered porch and patio covered balcony.  **VOL BUILD PROJECT**,2010-11-22,1,2,1805 HELIOTROPE CT,78733,NA,NA,https://abc.austintexas.gov/web/permit/public-search-other?t_detail=1&t_selected_folderrsn=10515558,1805 HELIOTROPE CT,NA,Austin,Texas,United States,2
2017 SURREY HILL DR,New 2sty Sf Res W/Attached Garage Breezeway CovD Patios & Porches Balcony & Attached Guest Bdrm,2006-03-24,1,2,2017 SURREY HILL DR,78746,8,NA,https://abc.austintexas.gov/web/permit/public-search-other?t_detail=1&t_selected_folderrsn=729387,2017 SURREY HILL DRIVE,NA,Austin,Texas,United States,2
12316 Drummond Dr,New One Story Sf Res W/Attached Garage W/Covd Porch & Uncovd Patio,2006-03-24,1,1,12316 DRUMMOND DR,78754,1,NA,https://abc.austintexas.gov/web/permit/public-search-other?t_detail=1&t_selected_folderrsn=729445,12316 DRUMMOND DRIVE,NA,Austin,Texas,United States,2
5013 Westfield Dr,New 2sty Sf Res W/Attached Garage & CovD Porch,2006-03-27,1,2,5013 WESTFIELD DR,78731,7,NA,https://abc.austintexas.gov/web/permit/public-search-other?t_detail=1&t_selected_folderrsn=729644,5013 WESTFIELD DRIVE,NA,Austin,Texas,United States,2
11500 Arroyo Blanco Dr,New Sf Residence W/Attached Garage CovD Porch & CovD Patio,2006-03-06,1,2,11500 ARROYO BLANCO DR,78748,8,NA,https://abc.austintexas.gov/web/permit/public-search-other?t_detail=1&t_selected_folderrsn=728863,11500 ARROYO BLANCO DRIVE,NA,Austin,Texas,United States,2
3714 STEVENSON AVE,New Two Family Residential (Ldc 25-2-774) 2st Fl Garage & 2nd Fl Studio (Demoltion#05009131),2006-02-16,2,2,3714 STEVENSON AVE,78703,10,NA,https://abc.austintexas.gov/web/permit/public-search-other?t_detail=1&t_selected_folderrsn=750123,3714 AVE, STEVENSON,Austin,Texas,United States,2
2821 Scotia Bluff Loop,New Sf Residence W/Attached Garage CovD Porch & CovD Patio,2006-03-06,1,2,2821 SCOTIA BLUFF LOOP,78748,8,NA,https://abc.austintexas.gov/web/permit/public-search-other?t_detail=1&t_selected_folderrsn=729612,2821 SCOTIA BLUFF LOOP,NA,Austin,Texas,United States,2
2517 Exposition Blvd,Withdrawn Per Homeowner. 1/23/07 Dword. New 2sty Duplex W/Attached Garages CovD Porches & Balconies,2006-03-10,2,2,2517 EXPOSITION BLVD,78703,10,NA,https://abc.austintexas.gov/web/permit/public-search-other?t_detail=1&t_selected_folderrsn=728928,2517 EXPOSITION BOULEVARD,NA,Austin,Texas,United States,2
11509 Arroyo Blanco Dr,New Sf Residence W/Attached Garage CovD Patio & CovD Porch,2006-03-06,1,2,11509 ARROYO BLANCO DR,78748,8,NA,https://abc.austintexas.gov/web/permit/public-search-other?t_detail=1&t_selected_folderrsn=729608,11509 ARROYO BLANCO DRIVE,NA,Austin,Texas,United States,2
1712 Milagro Dr,New Sf Residence W/Attached Garage CovD Porch & Sunroom,2006-03-07,1,2,1712 MILAGRO DR,78733,NA,NA,https://abc.austintexas.gov/web/permit/public-search-other?t_detail=1&t_selected_folderrsn=729659,1712 MILAGRO DRIVE,NA,Austin,Texas,United States,2
11409 Arroyo Blanco Dr,New Sf Residence W/Attached Garage CovD Porch & CovD Patio,2006-03-06,1,2,11409 ARROYO BLANCO DR,78748,8,NA,https://abc.austintexas.gov/web/permit/public-search-other?t_detail=1&t_selected_folderrsn=728867,11409 ARROYO BLANCO DRIVE,NA,Austin,Texas,United States,2
11504 Arroyo Blanco Dr,New Sf Residence W/Attached Garage CovD Porch & CovD Patio,2006-03-06,1,2,11504 ARROYO BLANCO DR,78748,8,NA,https://abc.austintexas.gov/web/permit/public-search-other?t_detail=1&t_selected_folderrsn=728871,11504 ARROYO BLANCO DRIVE,NA,Austin,Texas,United States,2
11513 Arroyo Blanco Dr,New Sf Residence W/Attached Garage CovD Porch & CovD Patio,2006-03-06,1,2,11513 ARROYO BLANCO DR,78748,8,NA,https://abc.austintexas.gov/web/permit/public-search-other?t_detail=1&t_selected_folderrsn=729604,11513 ARROYO BLANCO DRIVE,NA,Austin,Texas,United States,2
11508 Arroyo Blanco Dr,New Sf Res W/Attached Garage CovD Porch & CovD Patio,2006-03-06,1,2,11508 ARROYO BLANCO DR,78748,8,NA,https://abc.austintexas.gov/web/permit/public-search-other?t_detail=1&t_selected_folderrsn=729610,11508 ARROYO BLANCO DRIVE,NA,Austin,Texas,United States,2
2009 ARTHUR LN,New Two Story Duplex W/Att Garage Covered Patio & Porch  (Unit A & B) ( 6 Bedrooms) (2 2-1/2 Bathrooms 5/8 Meter),2006-02-09,2,2,2009 ARTHUR LN,78704,5,NA,https://abc.austintexas.gov/web/permit/public-search-other?t_detail=1&t_selected_folderrsn=728363,2009 ARTHUR LANE,NA,Austin,Texas,United States,2
11401 Arroyo Blanco Dr,New Two Story Res W/Att Garage Covered Patio & Porch ( 3 1/2 Bathrooms 3/4 Meter),2006-03-06,NA,2,11401 ARROYO BLANCO DR,78748,8,NA,https://abc.austintexas.gov/web/permit/public-search-other?t_detail=1&t_selected_folderrsn=729625,11401 ARROYO BLANCO DRIVE,NA,Austin,Texas,United States,2
11501 Arroyo Blanco Dr,New Sf Residence W/Attached Garage CovD Porch & CovD Patio,2006-03-06,1,2,11501 ARROYO BLANCO DR,78748,8,NA,https://abc.austintexas.gov/web/permit/public-search-other?t_detail=1&t_selected_folderrsn=728869,11501 ARROYO BLANCO DRIVE,NA,Austin,Texas,United States,2
2813 Scotia Bluff Loop,New Sf Residence W/Attached Garage CovD Porch & CovD Patio,2006-03-06,1,2,2813 SCOTIA BLUFF LOOP,78748,8,NA,https://abc.austintexas.gov/web/permit/public-search-other?t_detail=1&t_selected_folderrsn=728868,2813 SCOTIA BLUFF LOOP,NA,Austin,Texas,United States,2
7525 Cedar Edge Dr,Temporary Construction Trailer. Lim. 6 Mo. Max,2006-02-06,NA,NA,7525 CEDAR EDGE DR,78744,2,NA,https://abc.austintexas.gov/web/permit/public-search-other?t_detail=1&t_selected_folderrsn=728530,7525 CEDAR EDGE DRIVE,NA,Austin,Texas,United States,2
6104 Atwood St,New Two Story Sf Res W/Covd Porch,2006-03-01,NA,2,6104 ATWOOD ST,78741,3,NA,https://abc.austintexas.gov/web/permit/public-search-other?t_detail=1&t_selected_folderrsn=728983,6104 ATWOOD STREET,NA,Austin,Texas,United States,2
6104 Atwood St,New Two Family Residential (Ldc 25-2-774),2006-03-01,NA,2,6104 ATWOOD ST,78741,3,NA,https://abc.austintexas.gov/web/permit/public-search-other?t_detail=1&t_selected_folderrsn=729050,6104 ATWOOD STREET,NA,Austin,Texas,United States,2
11505 Arroyo Blanco Dr,**REF PERMIT#2007-121519**New Sf Res W/Attached Garage CovD Porch & CovD Patio,2006-03-06,1,2,11505 ARROYO BLANCO DR,78748,8,NA,https://abc.austintexas.gov/web/permit/public-search-other?t_detail=1&t_selected_folderrsn=728873,11505 ARROYO BLANCO DRIVE,NA,Austin,Texas,United States,2
2109 NEWFIELD LN,refer# 2011-003586-BP)Rebuild To Maintain Non-Complying  Two Story Duplex W/Att Garage Covered Porch & Balcony ( 6 Bedrooms) (4 Parking Spaces) ( 4 Bathrooms 3/4 Meter) Demolition#06003659 (Ldc 25-2964) Restoration And Use Of Damage Or Destroyed Noncomplying Structures,2006-02-15,NA,2,2109 NEWFIELD LN,78703,10,NA,https://abc.austintexas.gov/web/permit/public-search-other?t_detail=1&t_selected_folderrsn=734248,2109 NEWFIELD LANE,NA,Austin,Texas,United States,2
11405 Arroyo Blanco Dr,New Two Story Res W/Att Garage Covered Patio & Porch (3 1/2 Bathrooms 3/4 Meter),2006-03-06,NA,2,11405 ARROYO BLANCO DR,78748,8,NA,https://abc.austintexas.gov/web/permit/public-search-other?t_detail=1&t_selected_folderrsn=728865,11405 ARROYO BLANCO DRIVE,NA,Austin,Texas,United States,2
11413 Arroyo Blanco Dr,New Two Story Res W/Att Garage Covered Patio & Porch ( 3 Bathrooms 5/8 Meter),2006-03-06,NA,2,11413 ARROYO BLANCO DR,78748,8,NA,https://abc.austintexas.gov/web/permit/public-search-other?t_detail=1&t_selected_folderrsn=728864,11413 ARROYO BLANCO DRIVE,NA,Austin,Texas,United States,2
1621 W 12TH ST,New Two Story Duplex W/Att Garage Covered Patio Porch & Balcony (4 Bedrooms) (4 Parking Spaces) (4 Bedrooms 2-1/2 Bathrooms) with a loft in each side.,2006-02-08,2,2,1621 W 12TH ST,78703,9,NA,https://abc.austintexas.gov/web/permit/public-search-other?t_detail=1&t_selected_folderrsn=739500,1621 WEST 12TH STREET,NA,Austin,Texas,United States,2
2817 Scotia Bluff Loop,New Sf Residence W/Attached Garage CovD Porch & CovD Patio,2006-03-06,1,2,2817 SCOTIA BLUFF LOOP,78748,8,NA,https://abc.austintexas.gov/web/permit/public-search-other?t_detail=1&t_selected_folderrsn=750121,2817 SCOTIA BLUFF LOOP,NA,Austin,Texas,United States,2
3302 Greenlee Dr,New Sf Residence W/Attached Garage & CovD Patios,2006-02-22,NA,2,3302 GREENLEE DR,78703,10,NA,https://abc.austintexas.gov/web/permit/public-search-other?t_detail=1&t_selected_folderrsn=728684,3302 GREENLEE DRIVE,NA,Austin,Texas,United States,2
11804 Timber Heights Dr,New 2sty Sf Res W/Attached Garage CovD Porch & CovD Patio,2006-03-14,1,2,11804 TIMBER HEIGHTS DR,78754,1,NA,https://abc.austintexas.gov/web/permit/public-search-other?t_detail=1&t_selected_folderrsn=729068,11804 TIMBER HEIGHTS DRIVE,NA,Austin,Texas,United States,2
5106 Duval St,Coverting Garage To Garage Apt With A/C Window Unit,2006-02-03,2,1,5106 DUVAL ST,78751,9,NA,https://abc.austintexas.gov/web/permit/public-search-other?t_detail=1&t_selected_folderrsn=728448,5106 DUVAL STREET,NA,Austin,Texas,United States,2
10828 Straw Flower Dr,New Two Story Res W/Att Garage Covered Patio & Porch (3 Bathrooms 5/8 Meter),2006-02-03,NA,NA,10828 STRAW FLOWER DR,78733,NA,NA,https://abc.austintexas.gov/web/permit/public-search-other?t_detail=1&t_selected_folderrsn=755966,10828 STRAW FLOWER DRIVE,NA,Austin,Texas,United States,2
11417 Arroyo Blanco Dr,New Sf Res W/Attached Garage CovD Porch & CovD Patio,2006-03-06,1,2,11417 ARROYO BLANCO DR,78748,8,NA,https://abc.austintexas.gov/web/permit/public-search-other?t_detail=1&t_selected_folderrsn=728874,11417 ARROYO BLANCO DRIVE,NA,Austin,Texas,United States,2
7901 W Rogers Ln,New Manufactured Home W/Stairs  (** REFER TO PMT# 2008-050805BP**),2006-01-11,NA,1,7901 W ROGERS LN,78724,1,NA,https://abc.austintexas.gov/web/permit/public-search-other?t_detail=1&t_selected_folderrsn=727477,7901 WEST ROGERS LANE,NA,Austin,Texas,United States,2
1800-B Nueces St,Rebuild  Exist 2 Sty Accessory Apt (Non-Complying Ldc-25-2-964)Expand Dw Approach-Sidwalk,2006-02-01,2,2,1800 NUECES ST BLDG B,78701,9,NA,https://abc.austintexas.gov/web/permit/public-search-other?t_detail=1&t_selected_folderrsn=728319,1800 NUECES STREET BLDG B,NA,Austin,Texas,United States,2
4109 E 12th St,New Two Story Duplex W/Att Breezeway & Covered Porches (Unit A & B ) ( 6 Bedrooms),2005-12-20,NA,NA,4109 E 12TH ST,78721,1,NA,https://abc.austintexas.gov/web/permit/public-search-other?t_detail=1&t_selected_folderrsn=762513,4109 EAST 12TH STREET,NA,Austin,Texas,United States,2
1209 GARNER AVE,New 2 Story Sf Res W/Attached Garage W/Covd Patio/ Porch,2006-01-12,1,2,1209 GARNER AVE,78704,5,NA,https://abc.austintexas.gov/web/permit/public-search-other?t_detail=1&t_selected_folderrsn=727690,1209 GARNER AVE,NA,Austin,Texas,United States,2
1408 Perez St,New One Story Res W/Att Covered Porch & W/Attached Accessory Apartment (Ldc 25-2-901),2005-12-28,NA,1,1408 PEREZ ST,78721,1,NA,https://abc.austintexas.gov/web/permit/public-search-other?t_detail=1&t_selected_folderrsn=726900,1408 PEREZ STREET,NA,Austin,Texas,United States,2
2621 EXPOSITION BLVD,New 2sty Sf Res W/Attached Garage & CovD Porch,2006-01-12,NA,2,2621 EXPOSITION BLVD,78703,10,NA,https://abc.austintexas.gov/web/permit/public-search-other?t_detail=1&t_selected_folderrsn=724297,2621 EXPOSITION BOULEVARD,NA,Austin,Texas,United States,2
1709 Vista Ln,New Two Story Res W/Att Porch,2006-01-24,NA,2,1709 VISTA LN,78703,10,NA,https://abc.austintexas.gov/web/permit/public-search-other?t_detail=1&t_selected_folderrsn=727795,1709 VISTA LANE,NA,Austin,Texas,United States,2
11732 Timber Heights Dr,New One Story Res W/Att Garage & Covered Porch,2006-01-20,NA,1,11732 TIMBER HEIGHTS DR,78754,1,NA,https://abc.austintexas.gov/web/permit/public-search-other?t_detail=1&t_selected_folderrsn=727888,11732 TIMBER HEIGHTS DRIVE,NA,Austin,Texas,United States,2
2610 E 2nd St,Rebuild Existing Duplex- Due To Fire Damage (Exist Carport) 4 Off Street Parking Spaces Provided,2006-01-13,2,2,2610 E 2ND ST,78702,3,NA,https://abc.austintexas.gov/web/permit/public-search-other?t_detail=1&t_selected_folderrsn=723990,2610 EAST 2ND STREET,NA,Austin,Texas,United States,2
1512 Poppy Seed Ln,New Sf Residence W/Attached Garage CovD Porch & UncovD Patio. S.M.A.R.T. Housing,2005-12-30,1,2,1512 POPPY SEED LN,78741,3,NA,https://abc.austintexas.gov/web/permit/public-search-other?t_detail=1&t_selected_folderrsn=728910,1512 POPPY SEED LANE,NA,Austin,Texas,United States,2
10102 Talleyran Dr,New Two Story Res W/Att Basement Garage Wood  Deck & Covered Porch,2005-12-19,NA,2,10102 TALLEYRAN DR,78750,6,NA,https://abc.austintexas.gov/web/permit/public-search-other?t_detail=1&t_selected_folderrsn=726843,10102 TALLEYRAN DRIVE,NA,Austin,Texas,United States,2
3604 BRIDLE PATH,New three story res w/att garage covered porch covered patio (basement Included) ( 3.5 bathrooms 3/4 meter),2006-01-12,1,2,3604 BRIDLE PATH,78703,10,NA,https://abc.austintexas.gov/web/permit/public-search-other?t_detail=1&t_selected_folderrsn=727594,3604 BRIDLE PATH,NA,Austin,Texas,United States,2
1036 Liberty Park Dr Bldg 20,New 2-Sty Condo W/Attached Garage CovD Patio CovD Porch,2005-12-20,1,2,1036 LIBERTY PARK DR BLDG 20,78746,8,NA,https://abc.austintexas.gov/web/permit/public-search-other?t_detail=1&t_selected_folderrsn=726282,1036 LIBERTY PARK DRIVE BLDG 20,NA,Austin,Texas,United States,2
10517 Roy Butler Dr,New Two Story Res W/Att Garage Covered Porch & Uncovered Patio,2005-11-18,NA,2,10517 ROY BUTLER DR,78717,6,NA,https://abc.austintexas.gov/web/permit/public-search-other?t_detail=1&t_selected_folderrsn=726049,10517 ROY BUTLER DRIVE,NA,Austin,Texas,United States,2
1900 Scenic Dr,New Sf Residence W/Attached Garage CovD Porches Balconies Attic Storage & Landscape Wall,2005-12-05,1,2,1900 SCENIC DR,78703,10,NA,https://abc.austintexas.gov/web/permit/public-search-other?t_detail=1&t_selected_folderrsn=726120,1900 SCENIC DRIVE,NA,Austin,Texas,United States,2
5337 Sendero Hills Pkwy,Sf Residence W/Attached Carport CovD Porch Patio & Balcony (Smart Housing),2005-12-14,1,2,5337 SENDERO HILLS PKWY,78724,1,NA,https://abc.austintexas.gov/web/permit/public-search-other?t_detail=1&t_selected_folderrsn=727043,5337 SENDERO HILLS PKWY,NA,Austin,Texas,United States,2
2709 Greenlee Dr,New Two Story Res W/Att Garage Balconies & Uncovered Patio,2005-12-05,NA,2,2709 GREENLEE DR,78703,10,NA,https://abc.austintexas.gov/web/permit/public-search-other?t_detail=1&t_selected_folderrsn=726632,2709 GREENLEE DRIVE,NA,Austin,Texas,United States,2
2413 Spring Ln,New 3 Sty-6 Bdrm Duplex W./Att Garages Cvd Porches-Patios (See Comments),2005-11-07,2,3,2413 SPRING LN,78703,10,NA,https://abc.austintexas.gov/web/permit/public-search-other?t_detail=1&t_selected_folderrsn=762658,2413 SPRING LANE,NA,Austin,Texas,United States,2
9608 Newfoundland Cir,Detached 2 Fam Residential (Ldc 25-2-774),2005-11-04,1,1,9608 NEWFOUNDLAND CIR,78758,4,NA,https://abc.austintexas.gov/web/permit/public-search-other?t_detail=1&t_selected_folderrsn=725988,9608 NEWFOUNDLAND CIR,NA,Austin,Texas,United States,2
4700 Cypress Bnd,New Sf Residence W/Attached Garage CovD Porch & UncovD Patio. S.M.A.R.T. Housing,2005-12-01,1,2,4700 CYPRESS BND,78744,2,NA,https://abc.austintexas.gov/web/permit/public-search-other?t_detail=1&t_selected_folderrsn=745585,4700 CYPRESS BND,NA,Austin,Texas,United States,2
2409 SPRING LN,New 3 Sty 6 Bdrm Duplex W.Att Garages Cvd Porches-Patios (See Comments),2005-11-07,2,3,2409 SPRING LN,78703,10,NA,https://abc.austintexas.gov/web/permit/public-search-other?t_detail=1&t_selected_folderrsn=723813,2409 SPRING LANE,NA,Austin,Texas,United States,2
3108 Fallwell Ln,New Sf Residence W/CovD Porch,2005-11-29,1,1,3108 FALLWELL LN,78617,2,NA,https://abc.austintexas.gov/web/permit/public-search-other?t_detail=1&t_selected_folderrsn=726063,3108 FALLWELL LANE,NA,Austin,Texas,United States,2
6013 Terravista Dr,Temporary Construction Trailer -Limited 6 Months Maximum***Stratus-Only Bldg Fee Waived***,2005-11-23,NA,NA,6013 TERRAVISTA DR,78735,8,NA,https://abc.austintexas.gov/web/permit/public-search-other?t_detail=1&t_selected_folderrsn=729280,6013 TERRAVISTA DRIVE,NA,Austin,Texas,United States,2
10209 Milky Way Dr,New Two Story Res W/Att Garage Wood Deck & Covered Porch (Limited To 20%),2005-11-14,NA,2,10209 MILKY WAY DR,78730,10,NA,https://abc.austintexas.gov/web/permit/public-search-other?t_detail=1&t_selected_folderrsn=724983,10209 MILKY WAY DRIVE,NA,Austin,Texas,United States,2
9122 BALCONES CLUB DR BLDG C,New Apartments,2005-12-19,4,2,9122 BALCONES CLUB DR BLDG C,78750,6,NA,https://abc.austintexas.gov/web/permit/public-search-other?t_detail=1&t_selected_folderrsn=725574,9122 BALCONES CLUB DRIVE BLDG C,NA,Austin,Texas,United States,2
3804 Byron Dr,New Sf Residence W/Attached Garage CovD Patio & CovD Porch,2005-11-10,1,2,3804 BYRON DR,78704,5,NA,https://abc.austintexas.gov/web/permit/public-search-other?t_detail=1&t_selected_folderrsn=726179,3804 BYRON DRIVE,NA,Austin,Texas,United States,2
11300 Hollister Dr,New Two Story Sf Res. W/Covered Porch/Patio,2005-11-01,NA,2,11300 HOLLISTER DR,78739,8,NA,https://abc.austintexas.gov/web/permit/public-search-other?t_detail=1&t_selected_folderrsn=725820,11300 HOLLISTER DRIVE,NA,Austin,Texas,United States,2
7009 Covered Bridge Dr,New 2 Sty Sf Residence Wa.Tt Garage Cvd Porch-Patio,2005-10-13,1,2,7009 COVERED BRIDGE DR,78736,8,NA,https://abc.austintexas.gov/web/permit/public-search-other?t_detail=1&t_selected_folderrsn=723786,7009 COVERED BRIDGE DRIVE,NA,Austin,Texas,United States,2
15412 Prestancia Dr,New 2 Story Sf Res W/Attached Garage W/Covd Patio/Porch & Uncovd Patio,2005-10-04,NA,2,15412 PRESTANCIA DR,78717,6,NA,https://abc.austintexas.gov/web/permit/public-search-other?t_detail=1&t_selected_folderrsn=724178,15412 PRESTANCIA DRIVE,NA,Austin,Texas,United States,2
6928 Nubian Ln,New Two Story Sf Res W/Attached Garage W/Covd Patio/Porch,2005-10-12,1,2,7200 NUBIAN CV,78739,8,NA,https://abc.austintexas.gov/web/permit/public-search-other?t_detail=1&t_selected_folderrsn=724448,7200 NUBIAN CV,NA,Austin,Texas,United States,2
2005 Greenwood Ave,New 1 Sty Sf Residence W.Att Garage And Att Accessory Dwelling Breezeway-Cvd Porch-Patio,2005-10-19,2,1,2005 GREENWOOD AVE,78723,1,NA,https://abc.austintexas.gov/web/permit/public-search-other?t_detail=1&t_selected_folderrsn=724457,2005 GREENWOOD AVE,NA,Austin,Texas,United States,2
2115 E 9th St Unit 2,Convert Exist Sf Residence To 2 Fam Residential Use/Ldc-25-2-774(3 Off St Parking Spaces Reqd),2005-10-25,2,1,814 PROSPECT AVE UNIT DEL2,78702,1,NA,https://abc.austintexas.gov/web/permit/public-search-other?t_detail=1&t_selected_folderrsn=725531,814 PROSPECT AVE UNIT DEL2,NA,Austin,Texas,United States,2
913 Vargas Rd,Addn To Exist Sf Res To Create An Accessory Apt & Porch -Ldc-25-2-901,2005-10-07,2,1,913 VARGAS RD,78741,3,NA,https://abc.austintexas.gov/web/permit/public-search-other?t_detail=1&t_selected_folderrsn=725000,913 VARGAS ROAD,NA,Austin,Texas,United States,2
6804 Walkup Ln,New Two Story Res W/Att Garage Covered Porch  (S.M.A.R.T Housing),2005-10-13,NA,2,6804 WALKUP LN,78747,2,NA,https://abc.austintexas.gov/web/permit/public-search-other?t_detail=1&t_selected_folderrsn=750028,6804 WALKUP LANE,NA,Austin,Texas,United States,2
2205 E 10th St,Sf Residence W/CovD Porch,2005-10-19,1,1,2205 E 10TH ST,78702,1,NA,https://abc.austintexas.gov/web/permit/public-search-other?t_detail=1&t_selected_folderrsn=724487,2205 EAST 10TH STREET,NA,Austin,Texas,United States,2
1801 WESTLAKE PASS,"New 1 Sty Sf Residence W.Att Carport  Cvd Porch-Patio Att Acc Dwelling-Pool Cabana
**VOIDED PERMIT LIFE SAFETY PERMIT ISSUED REFER TO PMT# 2009-011906BP**",2005-10-21,2,1,1801 WESTLAKE PASS,78746,8,NA,https://abc.austintexas.gov/web/permit/public-search-other?t_detail=1&t_selected_folderrsn=727943,1801 WESTLAKE PASS,NA,Austin,Texas,United States,2
1500 Mohle Dr,Detached Garage W/New Apt CovD Balcony &  Attached Carport (25-2-774),2005-10-27,1,2,1500 MOHLE DR,78703,10,NA,https://abc.austintexas.gov/web/permit/public-search-other?t_detail=1&t_selected_folderrsn=724283,1500 MOHLE DRIVE,NA,Austin,Texas,United States,2
713 W 35th St,New Two Story Sf Res W/Attached Porch,2005-09-27,NA,2,713 W 35TH ST,78705,9,NA,https://abc.austintexas.gov/web/permit/public-search-other?t_detail=1&t_selected_folderrsn=724045,713 WEST 35TH STREET,NA,Austin,Texas,United States,2
11300 Hollister Dr,New Detached Garage,2005-11-01,1,1,11300 HOLLISTER DR,78739,8,NA,https://abc.austintexas.gov/web/permit/public-search-other?t_detail=1&t_selected_folderrsn=721285,11300 HOLLISTER DRIVE,NA,Austin,Texas,United States,2
10500 Avery Club Dr Bldg 24,New 2 Sty Sf Residence W.Att Garage Cvd Porch-Patio,2005-10-13,1,2,10500 AVERY CLUB DR UNIT 124,78717,6,NA,https://abc.austintexas.gov/web/permit/public-search-other?t_detail=1&t_selected_folderrsn=724798,10500 AVERY CLUB DRIVE UNIT 124,NA,Austin,Texas,United States,2
3413 Savage Springs Dr,*Cancel Permit*Sf Residence W/Attached Garage CovD Porch & Patio,2005-10-26,1,1,3413 SAVAGE SPRINGS DR,78754,1,NA,https://abc.austintexas.gov/web/permit/public-search-other?t_detail=1&t_selected_folderrsn=724792,3413 SAVAGE SPRINGS DRIVE,NA,Austin,Texas,United States,2
2115 E 9TH ST Bldg A,Move On-Foundation-Rmdl Sf Res From 1111 Salina(3 Off Street Parking Spaces Reqd) For Sf Residence,2005-10-25,1,1,814 PROSPECT AVE BLDG A,78702,1,NA,https://abc.austintexas.gov/web/permit/public-search-other?t_detail=1&t_selected_folderrsn=725533,814 PROSPECT AVE BLDG A,NA,Austin,Texas,United States,2
2006 ROSEWOOD AVE,New 2 Sty Duplexes(6 Bdrms) Att Garages (5 Off Street Parking Spaces Provided),2005-09-06,2,2,2006 ROSEWOOD AVE,78702,1,NA,https://abc.austintexas.gov/web/permit/public-search-other?t_detail=1&t_selected_folderrsn=725347,2006 ROSEWOOD AVE,NA,Austin,Texas,United States,2
11812 Morning View Dr,New Two Story Sf Res W/Attached Garage W/Covd Porch & Uncovd Patio,2005-09-16,1,2,11812 MORNING VIEW DR,78617,2,NA,https://abc.austintexas.gov/web/permit/public-search-other?t_detail=1&t_selected_folderrsn=723523,11812 MORNING VIEW DRIVE,NA,Austin,Texas,United States,2
13218 Shore Vista Dr,Detached  1st Floor Garage/Shop/Porch-2nd Floor Deck-Excercise Room-Bath (See 2010-035108 for repermit),2005-08-23,1,2,13218 SHORE VISTA DR,78732,10,NA,https://abc.austintexas.gov/web/permit/public-search-other?t_detail=1&t_selected_folderrsn=723424,13218 SHORE VISTA DRIVE,NA,Austin,Texas,United States,2
13218 Shore Vista Dr,New 1 Sty Sf Residence W/Att Garage And Accessory Dwelling Cvd Porch-Patio (See 2010- 034791for repermit),2005-08-23,2,1,13218 SHORE VISTA DR,78732,10,NA,https://abc.austintexas.gov/web/permit/public-search-other?t_detail=1&t_selected_folderrsn=721815,13218 SHORE VISTA DRIVE,NA,Austin,Texas,United States,2
5412 Duval St Unit B,New Detached Two Family Residential (Ldc 25-2-774),2005-08-31,NA,NA,5412 DUVAL ST UNIT B,78751,4,NA,https://abc.austintexas.gov/web/permit/public-search-other?t_detail=1&t_selected_folderrsn=731971,5412 DUVAL STREET UNIT B,NA,Austin,Texas,United States,2
7910 Running Water Dr,Smart Housing 1 Story Sf Res W/AttDgarage And Covd Porches And Uncovd Patio,2005-07-15,1,1,7910 RUNNING WATER DR,78747,2,NA,https://abc.austintexas.gov/web/permit/public-search-other?t_detail=1&t_selected_folderrsn=721865,7910 RUNNING WATER DRIVE,NA,Austin,Texas,United States,2
12817 Sky Harbor Dr,Smart Housing  1 Story Sf Res W/AttD Garage And Covd Patios And Uncovd Porches,2005-08-09,1,1,12817 SKY HARBOR DR,78617,2,NA,https://abc.austintexas.gov/web/permit/public-search-other?t_detail=1&t_selected_folderrsn=722718,12817 SKY HARBOR DRIVE,NA,Austin,Texas,United States,2
9400 Castle Pines Dr,Temporary Construction Trailer Permit (Limited To 6 Months.),2005-07-11,NA,NA,9400 CASTLE PINES DR,78717,6,NA,https://abc.austintexas.gov/web/permit/public-search-other?t_detail=1&t_selected_folderrsn=721737,9400 CASTLE PINES DRIVE,NA,Austin,Texas,United States,2
8904 Georgian Dr,1 Story 4 Bedroom  Duplex  W/AttD Garage And Covd Porches,2005-07-19,2,1,8904 GEORGIAN DR,78753,4,NA,https://abc.austintexas.gov/web/permit/public-search-other?t_detail=1&t_selected_folderrsn=721126,8904 GEORGIAN DRIVE,NA,Austin,Texas,United States,2
15996 N I 35 Svc Rd Sb Bldg 2,Modular**Model** Home On Existing Commercial Mobile Home Sales Lot,2005-08-11,NA,NA,15996 N IH 35 SVRD SB BLDG 2,78728,7,NA,https://abc.austintexas.gov/web/permit/public-search-other?t_detail=1&t_selected_folderrsn=722988,15996 NORTH INTERSTATE 35 SVRD SB BLDG 2,NA,Austin,Texas,United States,2
15996 N I 35 Svc Rd Sb Bldg 3,Modular **Model** Home On Commercial Mobile Home Sales Lot,2005-08-11,NA,NA,15996 N IH 35 SVRD SB BLDG 3,78728,7,NA,https://abc.austintexas.gov/web/permit/public-search-other?t_detail=1&t_selected_folderrsn=722989,15996 NORTH INTERSTATE 35 SVRD SB BLDG 3,NA,Austin,Texas,United States,2
8540 Adirondack Trl Bldg 19,New 2 Sty Sf Residence W.Att Garage Cvd Porch-Patio,2005-07-11,1,2,8540 ADIRONDACK TRL BLDG 19,78759,10,NA,https://abc.austintexas.gov/web/permit/public-search-other?t_detail=1&t_selected_folderrsn=720698,8540 ADIRONDACK TRAIL BLDG 19,NA,Austin,Texas,United States,2
10500 Avery Club Dr Bldg 28,New  2 Story Sf Res W/Attd Garage And Covd Patio/Porch And Uncovd Patio,2005-06-17,NA,NA,10500 AVERY CLUB DR BLDG 28,78717,6,NA,https://abc.austintexas.gov/web/permit/public-search-other?t_detail=1&t_selected_folderrsn=720290,10500 AVERY CLUB DRIVE BLDG 28,NA,Austin,Texas,United States,2
6704 Manchaca Rd Unit 39,"Unit #39  2 Story  Condo W/Attd Garage And Covd Patio And 
2 Nd Story Deck",2005-07-06,1,2,6704 MENCHACA RD UNIT 39,78745,5,NA,https://abc.austintexas.gov/web/permit/public-search-other?t_detail=1&t_selected_folderrsn=719597,6704 MENCHACA ROAD UNIT 39,NA,Austin,Texas,United States,2
1305 Bluff St,Duplex 2 Story W/AttD Garage And Covered Balconies And Cantilevers (Setback Averaging Ldc-25-2-778),2005-05-26,2,2,1305 BLUFF ST,78704,9,NA,https://abc.austintexas.gov/web/permit/public-search-other?t_detail=1&t_selected_folderrsn=719407,1305 BLUFF STREET,NA,Austin,Texas,United States,2
3315 Minnie St,New Two Story Res W/Att Garage,2005-05-26,NA,2,3315 MINNIE ST,78745,8,NA,https://abc.austintexas.gov/web/permit/public-search-other?t_detail=1&t_selected_folderrsn=719483,3315 MINNIE STREET,NA,Austin,Texas,United States,2
6110 Harold Ct,New Manufactured Home W/Decks (Existing Dw Approach),2004-12-15,1,1,6110 HAROLD CT,78721,1,NA,https://abc.austintexas.gov/web/permit/public-search-other?t_detail=1&t_selected_folderrsn=715408,6110 HAROLD CT,NA,Austin,Texas,United States,2
6109 Landscape Dr,New Mobile Home W.Decks,2005-05-12,1,1,6109 LANDSCAPE DR,78735,8,NA,https://abc.austintexas.gov/web/permit/public-search-other?t_detail=1&t_selected_folderrsn=719854,6109 LANDSCAPE DRIVE,NA,Austin,Texas,United States,2
2107 GARDEN ST,New Two Story Res W/Att  Covered Porch,2005-05-27,NA,2,2107 GARDEN ST,78702,3,NA,https://abc.austintexas.gov/web/permit/public-search-other?t_detail=1&t_selected_folderrsn=719390,2107 GARDEN STREET,NA,Austin,Texas,United States,2
11600 Hollister Dr,New Two Story Sf Res. W/Attached Garage W/Covered Porch And Uncovered Patio,2005-05-18,1,2,11600 HOLLISTER DR,78739,8,NA,https://abc.austintexas.gov/web/permit/public-search-other?t_detail=1&t_selected_folderrsn=720571,11600 HOLLISTER DRIVE,NA,Austin,Texas,United States,2
1036 Liberty Park Dr Bldg 31,New 2 Sty Condo W/Att Cvd Porch-Patio,2005-05-06,NA,2,1036 LIBERTY PARK DR BLDG 31,78746,8,NA,https://abc.austintexas.gov/web/permit/public-search-other?t_detail=1&t_selected_folderrsn=718503,1036 LIBERTY PARK DRIVE BLDG 31,NA,Austin,Texas,United States,2
2908 E 14th St,New Manufactured Home W/Deck,2005-05-25,1,1,2908 E 14TH ST,78702,1,NA,https://abc.austintexas.gov/web/permit/public-search-other?t_detail=1&t_selected_folderrsn=720044,2908 EAST 14TH STREET,NA,Austin,Texas,United States,2
10221 David Moore Dr,New Two Story Res W/Att Garage & (2nd Fl Above Garage Is Garage Guest House),2005-05-13,NA,NA,10221 DAVID MOORE DR,78748,5,NA,https://abc.austintexas.gov/web/permit/public-search-other?t_detail=1&t_selected_folderrsn=762755,10221 DAVID MOORE DRIVE,NA,Austin,Texas,United States,2
8540 Adirondack Trl Bldg 17,Deck Added To Approved Site Plan. See Comments,2005-05-26,1,2,8540 ADIRONDACK TRL BLDG 17,78759,10,NA,https://abc.austintexas.gov/web/permit/public-search-other?t_detail=1&t_selected_folderrsn=719661,8540 ADIRONDACK TRAIL BLDG 17,NA,Austin,Texas,United States,2
4614 Lyra Cir,New 1 Story Sf Res W/Atached Garage And Covered Porches And Uncovered Patios,2005-05-11,1,2,4614 LYRA CIR,78744,2,NA,https://abc.austintexas.gov/web/permit/public-search-other?t_detail=1&t_selected_folderrsn=719609,4614 LYRA CIR,NA,Austin,Texas,United States,2
11204 Long Winter Dr,New 2 Story Sf Res W/ Attached Garage And Covered Porches,2005-04-27,1,2,11204 LONG WINTER DR,78754,1,NA,https://abc.austintexas.gov/web/permit/public-search-other?t_detail=1&t_selected_folderrsn=718905,11204 LONG WINTER DRIVE,NA,Austin,Texas,United States,2
2113 THORNTON RD,New One Story Detached Two-Family Residential (Ldc 25-2-8774) (See 2009-031049 for life safety),2005-05-05,NA,1,2113 THORNTON RD,78704,5,NA,https://abc.austintexas.gov/web/permit/public-search-other?t_detail=1&t_selected_folderrsn=719207,2113 THORNTON ROAD,NA,Austin,Texas,United States,2
12720 Sky Harbor Dr,Smart Housing.....New 1 Story Sf Res W/Attached Garage And Covered Porches And Uncovered Patios,2005-05-10,1,1,12720 SKY HARBOR DR,78617,2,NA,https://abc.austintexas.gov/web/permit/public-search-other?t_detail=1&t_selected_folderrsn=719621,12720 SKY HARBOR DRIVE,NA,Austin,Texas,United States,2
2608 GERONIMO TRL,New Sf Residence W/ CovD Patio CovD Porch,2005-04-21,1,3,2608 GERONIMO TRL,78734,10,NA,https://abc.austintexas.gov/web/permit/public-search-other?t_detail=1&t_selected_folderrsn=717562,2608 GERONIMO TRAIL,NA,Austin,Texas,United States,2
11317 Long Winter Dr,New One Story Res W/Att Garage Covered Patio & Porch,2005-05-05,NA,1,11317 LONG WINTER DR,78754,1,NA,https://abc.austintexas.gov/web/permit/public-search-other?t_detail=1&t_selected_folderrsn=719139,11317 LONG WINTER DRIVE,NA,Austin,Texas,United States,2
13507 Montview Dr,"**ref permit#2010-067306**New Two Story Res W/Att Garage & Covered Porch
2nd Story Attic Used For Storage Only. May Be Finished Out In Future As Per Owner.",2005-05-27,NA,2,13507 MONTVIEW DR,78732,10,NA,https://abc.austintexas.gov/web/permit/public-search-other?t_detail=1&t_selected_folderrsn=719792,13507 MONTVIEW DRIVE,NA,Austin,Texas,United States,2
7909 Crandall Rd,Sf Residence W/Attached Garage CovD Porch & CovD Patio,2005-04-01,1,2,7909 CRANDALL RD,78739,8,NA,https://abc.austintexas.gov/web/permit/public-search-other?t_detail=1&t_selected_folderrsn=717718,7909 CRANDALL ROAD,NA,Austin,Texas,United States,2
5653 N Oak Blvd,New Sf Residence W/ Attached Garage CovD Patio CovD Porch Balcony,2005-04-11,1,2,5653 N OAK BLVD,78735,8,NA,https://abc.austintexas.gov/web/permit/public-search-other?t_detail=1&t_selected_folderrsn=717591,5653 NORTH OAK BOULEVARD,NA,Austin,Texas,United States,2
2500 Saratoga Dr,New 2 Sty Sf Residence W.Att Garage Cvd Porch-Patio-Finish Out Bldg Permit#06005133,2005-03-30,1,2,2500 SARATOGA DR,78733,10,NA,https://abc.austintexas.gov/web/permit/public-search-other?t_detail=1&t_selected_folderrsn=718495,2500 SARATOGA DRIVE,NA,Austin,Texas,United States,2
7100 Othello Cv,New Sf Residence W/ Attached Garage CovD Porch UncvoD Patio @ Grade**All Fees Waived**,2005-03-16,1,2,7100 OTHELLO CV,78735,8,NA,https://abc.austintexas.gov/web/permit/public-search-other?t_detail=1&t_selected_folderrsn=717469,7100 OTHELLO CV,NA,Austin,Texas,United States,2
11120 Casitas Dr,New 1 Sty Sf Residence W.Att Garage Cvd Porch-Patio,2005-04-18,1,1,11120 CASITAS DR,78717,6,NA,https://abc.austintexas.gov/web/permit/public-search-other?t_detail=1&t_selected_folderrsn=717909,11120 CASITAS DRIVE,NA,Austin,Texas,United States,2
1907 Newning Ave,New 2 Sty Sf Residence W. Basement  & Mezzanine And Att Porch,2005-04-14,1,2,1907 NEWNING AVE,78704,9,NA,https://abc.austintexas.gov/web/permit/public-search-other?t_detail=1&t_selected_folderrsn=717798,1907 NEWNING AVE,NA,Austin,Texas,United States,2
5411 Bennett Ave,New Sf Residence W Garage Attached By Breezeway  CovD Porch,2005-03-16,1,1,5411 BENNETT AVE,78751,4,NA,https://abc.austintexas.gov/web/permit/public-search-other?t_detail=1&t_selected_folderrsn=749805,5411 BENNETT AVE,NA,Austin,Texas,United States,2
8120 Two Coves Dr,New Sf Residence W/ Attached Garage CovD Patio CovD Porch Balcony UncovD Patio @ Grade,2005-03-16,1,2,8120 TWO COVES DR,78730,10,NA,https://abc.austintexas.gov/web/permit/public-search-other?t_detail=1&t_selected_folderrsn=717529,8120 TWO COVES DRIVE,NA,Austin,Texas,United States,2
639 W Dittmar Rd,New 1 Sty Sf Residence ( 1 bathroom 5/8 meter) (no land status required per Hector Avila 10-14-2003),2005-04-07,NA,NA,639 W DITTMAR RD,78748,2,NA,https://abc.austintexas.gov/web/permit/public-search-other?t_detail=1&t_selected_folderrsn=718024,639 WEST DITTMAR ROAD,NA,Austin,Texas,United States,2
5609 Viewpoint Dr,New One Story Res W/Att Garage Covered Porch & Uncovered Patio (S.Ma.R.T Housing),2005-03-18,NA,1,5609 VIEWPOINT DR,78744,2,NA,https://abc.austintexas.gov/web/permit/public-search-other?t_detail=1&t_selected_folderrsn=717990,5609 VIEWPOINT DRIVE,NA,Austin,Texas,United States,2
1113 Salina St,New 1 Sty Sf Residence W/Cvd Porch,2005-01-31,1,1,1113 SALINA ST,78702,1,NA,https://abc.austintexas.gov/web/permit/public-search-other?t_detail=1&t_selected_folderrsn=716576,1113 SALINA STREET,NA,Austin,Texas,United States,2
1607 Newning Ave,New Two Family Residential (Ldc 25-2-774) One Story With Basement,2005-02-28,NA,2,1607 NEWNING AVE,78704,9,NA,https://abc.austintexas.gov/web/permit/public-search-other?t_detail=1&t_selected_folderrsn=717440,1607 NEWNING AVE,NA,Austin,Texas,United States,2
6802 Mira Loma Ln,Finish Out Permit #01006129 For New Manufactured Home W/Deck,2005-02-02,NA,NA,6802 MIRA LOMA LN,78723,4,NA,https://abc.austintexas.gov/web/permit/public-search-other?t_detail=1&t_selected_folderrsn=716677,6802 MIRA LOMA LANE,NA,Austin,Texas,United States,2
6605 Regiene Rd,New One Story Res W/Att Covered Porch,2005-03-03,NA,1,6605 REGIENE RD,78725,1,NA,https://abc.austintexas.gov/web/permit/public-search-other?t_detail=1&t_selected_folderrsn=717020,6605 REGIENE ROAD,NA,Austin,Texas,United States,2
1127 Brookswood Ave,New  Manufactured Home W/Decks,2005-02-15,NA,NA,1127 BROOKSWOOD AVE,78721,3,NA,https://abc.austintexas.gov/web/permit/public-search-other?t_detail=1&t_selected_folderrsn=715696,1127 BROOKSWOOD AVE,NA,Austin,Texas,United States,2
5809 York Bridge Cir,New One Story Res W/Att Garage Covered Patio & Porch,2005-02-04,NA,1,5809 YORK BRIDGE CIR,78749,8,NA,https://abc.austintexas.gov/web/permit/public-search-other?t_detail=1&t_selected_folderrsn=716534,5809 YORK BRIDGE CIR,NA,Austin,Texas,United States,2
10517 Huxley St,New Sf Residence W/ Attached Garage CovD Patio CovD Porch,2005-02-11,1,2,10517 HUXLEY ST,78748,5,NA,https://abc.austintexas.gov/web/permit/public-search-other?t_detail=1&t_selected_folderrsn=716982,10517 HUXLEY STREET,NA,Austin,Texas,United States,2
11315 Naples Cv,New Sf Residence W/ Attached Garage CovD Patio CovD Porch,2005-02-08,1,1,11315 NAPLES CV,78739,8,NA,https://abc.austintexas.gov/web/permit/public-search-other?t_detail=1&t_selected_folderrsn=716192,11315 NAPLES CV,NA,Austin,Texas,United States,2
6905 Valburn Dr,New Three Story Res W/Att Garage Covered Patio & Porch,2005-02-09,NA,3,6905 VALBURN DR,78731,10,NA,https://abc.austintexas.gov/web/permit/public-search-other?t_detail=1&t_selected_folderrsn=716390,6905 VALBURN DRIVE,NA,Austin,Texas,United States,2
9410 Rowlands Sayle Rd,New Single Story Detached Garage,2004-12-17,0,1,9410 ROWLANDS SAYLE RD,78744,5,NA,https://abc.austintexas.gov/web/permit/public-search-other?t_detail=1&t_selected_folderrsn=715415,9410 ROWLANDS SAYLE ROAD,NA,Austin,Texas,United States,2
1036 LIBERTY PARK DR BLDG 27,New Sf Residence W/ Attached Garage CovD Patio CovD Porch / provide life safety inspection,2004-12-09,1,2,1036 LIBERTY PARK DR BLDG 27,78746,8,NA,https://abc.austintexas.gov/web/permit/public-search-other?t_detail=1&t_selected_folderrsn=714808,1036 LIBERTY PARK DRIVE BLDG 27,NA,Austin,Texas,United States,2
1517 W St Johns Ave,Remove Existing Detached Garage & Build New Detached Sf Residence (25-2-774),2004-12-08,1,1,1517 W ST JOHNS AVE,78757,7,NA,https://abc.austintexas.gov/web/permit/public-search-other?t_detail=1&t_selected_folderrsn=714736,1517 WEST STREET JOHNS AVE,NA,Austin,Texas,United States,2
5713 Terravista Dr,New Detached Garage,2004-12-09,1,2,5713 TERRAVISTA DR,78735,8,NA,https://abc.austintexas.gov/web/permit/public-search-other?t_detail=1&t_selected_folderrsn=718913,5713 TERRAVISTA DRIVE,NA,Austin,Texas,United States,2
8200 Southwest Pkwy Unit 24,New Condominiums,2004-10-06,4,1,8200 SOUTHWEST PKWY UNIT 24,78735,8,NA,https://abc.austintexas.gov/web/permit/public-search-other?t_detail=1&t_selected_folderrsn=709628,8200 SOUTHWEST PKWY UNIT 24,NA,Austin,Texas,United States,2
7800 Southwest Pkwy Unit 18,New Condominiums,2004-10-06,4,2,7800 SOUTHWEST PKWY UNIT 18,78735,8,NA,https://abc.austintexas.gov/web/permit/public-search-other?t_detail=1&t_selected_folderrsn=709623,7800 SOUTHWEST PKWY UNIT 18,NA,Austin,Texas,United States,2
8200 Southwest Pkwy Unit 26,New Condominiums,2004-10-06,7,2,8200 SOUTHWEST PKWY UNIT 26,78735,8,NA,https://abc.austintexas.gov/web/permit/public-search-other?t_detail=1&t_selected_folderrsn=709629,8200 SOUTHWEST PKWY UNIT 26,NA,Austin,Texas,United States,2
8504 Fall Meadow Ln,New Sf Residence W/ Attached Garage CovD Porch UncovD Patio @ Grade ( Smart Housing),2004-09-28,1,2,8504 FALL MEADOW LN,78747,2,NA,https://abc.austintexas.gov/web/permit/public-search-other?t_detail=1&t_selected_folderrsn=713362,8504 FALL MEADOW LANE,NA,Austin,Texas,United States,2
7800 Southwest Pkwy Unit 17,New Condominiums,2004-10-06,4,2,7800 SOUTHWEST PKWY UNIT 17,78735,8,NA,https://abc.austintexas.gov/web/permit/public-search-other?t_detail=1&t_selected_folderrsn=709622,7800 SOUTHWEST PKWY UNIT 17,NA,Austin,Texas,United States,2
10616 Medinah Greens Dr,New Two Story Res W/Att Garage Covered Porch & Uncovered Patio,2004-09-29,NA,2,10616 MEDINAH GREENS DR,78717,6,NA,https://abc.austintexas.gov/web/permit/public-search-other?t_detail=1&t_selected_folderrsn=713132,10616 MEDINAH GREENS DRIVE,NA,Austin,Texas,United States,2
8200 Southwest Pkwy Unit 27,New Condominiums,2004-10-06,4,1,8200 SOUTHWEST PKWY UNIT 27,78735,8,NA,https://abc.austintexas.gov/web/permit/public-search-other?t_detail=1&t_selected_folderrsn=709630,8200 SOUTHWEST PKWY UNIT 27,NA,Austin,Texas,United States,2
8200 Southwest Pkwy Unit 21,New Condominiums,2004-10-06,4,1,8200 SOUTHWEST PKWY UNIT 21,78735,8,NA,https://abc.austintexas.gov/web/permit/public-search-other?t_detail=1&t_selected_folderrsn=709626,8200 SOUTHWEST PKWY UNIT 21,NA,Austin,Texas,United States,2
1036 LIBERTY PARK DR BLDG 2 UNIT A,New 2 Sty Duplex W.Att Garage Cvd Porch-Patio,2004-11-03,2,2,1036 LIBERTY PARK DR BLDG 2 UNIT A,78746,8,NA,https://abc.austintexas.gov/web/permit/public-search-other?t_detail=1&t_selected_folderrsn=713378,1036 LIBERTY PARK DRIVE BLDG 2 UNIT A,NA,Austin,Texas,United States,2
8200 Southwest Pkwy Unit 25,New Condominiums,2004-10-06,8,2,8200 SOUTHWEST PKWY UNIT 25,78735,8,NA,https://abc.austintexas.gov/web/permit/public-search-other?t_detail=1&t_selected_folderrsn=713678,8200 SOUTHWEST PKWY UNIT 25,NA,Austin,Texas,United States,2
8200 Southwest Pkwy Unit 22,New Condominiums,2004-10-06,4,1,8200 SOUTHWEST PKWY UNIT 22,78735,8,NA,https://abc.austintexas.gov/web/permit/public-search-other?t_detail=1&t_selected_folderrsn=709627,8200 SOUTHWEST PKWY UNIT 22,NA,Austin,Texas,United States,2
8200 Southwest Pkwy Unit 23,New Condominiums,2004-10-06,4,1,8200 SOUTHWEST PKWY UNIT 23,78735,8,NA,https://abc.austintexas.gov/web/permit/public-search-other?t_detail=1&t_selected_folderrsn=751875,8200 SOUTHWEST PKWY UNIT 23,NA,Austin,Texas,United States,2
5601 Sunset Ridge Bldg B,New Sf Residence W/ Attached Garage CovD Patio CovD Porch,2004-10-14,1,1,5601 SUNSET RIDGE BLDG B,78735,8,NA,https://abc.austintexas.gov/web/permit/public-search-other?t_detail=1&t_selected_folderrsn=713660,5601 SUNSET RIDGE BLDG B,NA,Austin,Texas,United States,2
2002 S L Davis Ave,New 1 Sty Manufactured Home For Sf Residence,2004-11-03,1,1,2002 S L DAVIS AVE,78702,1,NA,https://abc.austintexas.gov/web/permit/public-search-other?t_detail=1&t_selected_folderrsn=749754,2002 SOUTH L DAVIS AVE,NA,Austin,Texas,United States,2
2200 E 10th St,New Sf Residence W/ Attached Garage CovD Patio,2004-08-16,1,1,2200 E 10TH ST,78702,1,NA,https://abc.austintexas.gov/web/permit/public-search-other?t_detail=1&t_selected_folderrsn=711860,2200 EAST 10TH STREET,NA,Austin,Texas,United States,2
12909 Park Dr,New Two Story Res W/Att Garage Covered Patio & Porch,2004-08-20,NA,2,PARK DR,NA,NA,NA,https://abc.austintexas.gov/web/permit/public-search-other?t_detail=1&t_selected_folderrsn=712169,PARK DRIVE,NA,Austin,Texas,United States,2
6402 Ken Caryl Dr,New Sf Residence W/ Attached Garage CovD Porch UncovD Patio @ Grade (Smart Housing),2004-08-16,1,2,6402 KEN CARYL DR,78747,2,NA,https://abc.austintexas.gov/web/permit/public-search-other?t_detail=1&t_selected_folderrsn=712186,6402 KEN CARYL DRIVE,NA,Austin,Texas,United States,2
6101 Cherrylawn Cir,New 1 Sty Sf Residence W/Att Garage Cvd Porch-Unvd Patio (Smart Housing Project),2004-09-14,1,1,6101 CHERRYLAWN CIR,78723,1,NA,https://abc.austintexas.gov/web/permit/public-search-other?t_detail=1&t_selected_folderrsn=712950,6101 CHERRYLAWN CIR,NA,Austin,Texas,United States,2
507 W Grady Dr,New One Story Manufactured Home W/Steps   **refer to pmt # 2010-097665**,2004-09-14,NA,NA,507 W GRADY DR,78753,4,NA,https://abc.austintexas.gov/web/permit/public-search-other?t_detail=1&t_selected_folderrsn=713087,507 WEST GRADY DRIVE,NA,Austin,Texas,United States,2
1709 Canterbury St Unit B,New Detached 2 Family Secondary Apt-Ldc-25-2-1463,2004-08-31,2,1,1709 CANTERBURY ST UNIT B,78702,3,NA,https://abc.austintexas.gov/web/permit/public-search-other?t_detail=1&t_selected_folderrsn=713564,1709 CANTERBURY STREET UNIT B,NA,Austin,Texas,United States,2
14204 LAKE VICTOR DR,New Construction.  Volume Builder. New 2-story single-family residence attached garage covered porch and patio.,2010-03-09,1,2,14204 LAKE VICTOR DR,78660,7,NA,https://abc.austintexas.gov/web/permit/public-search-other?t_detail=1&t_selected_folderrsn=10409350,14204 LAKE VICTOR DRIVE,NA,Austin,Texas,United States,2
6817 SPRUCE GUM LN,"New 1story mobile home with front and rear uncovered decks
**voided permit ok to void per debra fonseca**",2010-02-12,1,1,6817 SPRUCE GUM LN,78744,2,NA,https://abc.austintexas.gov/web/permit/public-search-other?t_detail=1&t_selected_folderrsn=10399970,6817 SPRUCE GUM LANE,NA,Austin,Texas,United States,2
5515 DUVAL ST,Add new detached secondary apartment to existing site.  Structure will be 750 square feet in area.,2010-02-12,1,1,5515 DUVAL ST,78751,4,NA,https://abc.austintexas.gov/web/permit/public-search-other?t_detail=1&t_selected_folderrsn=10399708,5515 DUVAL STREET,NA,Austin,Texas,United States,2
804 Garner Ave,Remove Exist. Carport Garage W/ Room & Build Detached Garage W/ 2nd Fl Apt (25-2-774),2004-06-23,1,2,804 GARNER AVE,78704,5,NA,https://abc.austintexas.gov/web/permit/public-search-other?t_detail=1&t_selected_folderrsn=710797,804 GARNER AVE,NA,Austin,Texas,United States,2
1406 Kent Ln,New Detached 1st Fl  Garage W/Hand Sink 2nd Flr Attic & Future Plumbing For Bathroom,2004-06-23,NA,2,1406 KENT LN,78703,10,NA,https://abc.austintexas.gov/web/permit/public-search-other?t_detail=1&t_selected_folderrsn=710619,1406 KENT LANE,NA,Austin,Texas,United States,2
2829 Palomino Trl,New Manufactured Home W/Deck,2004-08-04,NA,1,2829 PALOMINO TRL,78744,2,NA,https://abc.austintexas.gov/web/permit/public-search-other?t_detail=1&t_selected_folderrsn=711946,2829 PALOMINO TRAIL,NA,Austin,Texas,United States,2
2012 Long Rifle Dr,New Sf Residence W/ Attached Garage CovD Porch,2004-07-27,1,1,11813 LARCH VALLEY DR,78754,1,NA,https://abc.austintexas.gov/web/permit/public-search-other?t_detail=1&t_selected_folderrsn=711364,11813 LARCH VALLEY DRIVE,NA,Austin,Texas,United States,2
15400 Belfin Dr,New 2 Sty Sf Residence W.Att Garage Cvd Porch-Patio,2004-08-05,1,2,15400 BELFIN DR,78717,6,NA,https://abc.austintexas.gov/web/permit/public-search-other?t_detail=1&t_selected_folderrsn=712070,15400 BELFIN DRIVE,NA,Austin,Texas,United States,2
1708 Bowerton Dr,***Need To Cancel***New 1 Stry Sf Residence W/Att Garage Cvd Porch Ucvd Patio,2004-06-25,1,1,1708 BOWERTON DR,78754,1,NA,https://abc.austintexas.gov/web/permit/public-search-other?t_detail=1&t_selected_folderrsn=710649,1708 BOWERTON DRIVE,NA,Austin,Texas,United States,2
5411 Link Ave,New Detached Garage W/ 2nd Fl Apt (25-2-1473),2004-06-23,1,2,5411 LINK AVE,78751,4,NA,https://abc.austintexas.gov/web/permit/public-search-other?t_detail=1&t_selected_folderrsn=710800,5411 LINK AVE,NA,Austin,Texas,United States,2
2813 Palomino Trl,"New Manufactured Home W.Porch-Patio
**voided permit life safety permit 2009-133742BP**",2004-06-22,NA,NA,2813 PALOMINO TRL,78744,2,NA,https://abc.austintexas.gov/web/permit/public-search-other?t_detail=1&t_selected_folderrsn=712015,2813 PALOMINO TRAIL,NA,Austin,Texas,United States,2
6711 Notre Dame Dr,New 1sty Sf Residence W.Att Garage Cvd Porch-Patio,2004-06-10,1,1,6711 NOTRE DAME DR,78723,4,NA,https://abc.austintexas.gov/web/permit/public-search-other?t_detail=1&t_selected_folderrsn=709892,6711 NOTRE DAME DRIVE,NA,Austin,Texas,United States,2
2405 Gardenia Dr,New Man Home For Use As Sf Res.,2004-05-20,1,1,2405 GARDENIA DR,78727,7,NA,https://abc.austintexas.gov/web/permit/public-search-other?t_detail=1&t_selected_folderrsn=709764,2405 GARDENIA DRIVE,NA,Austin,Texas,United States,2
8917 OLD LAMPASAS TRL UNIT 24,New S/F Resid With Gar Porch & CovD Patio Elec & Plbg Srv Only Eud / provide life safety inspection,2004-05-04,NA,NA,8917 OLD LAMPASAS TRL UNIT 24,78750,6,NA,https://abc.austintexas.gov/web/permit/public-search-other?t_detail=1&t_selected_folderrsn=709245,8917 OLD LAMPASAS TRAIL UNIT 24,NA,Austin,Texas,United States,2
603 Elmwood Pl,Change Of Use From A Four-Plex To A Duplex And Remodel,2004-06-18,2,2,603 ELMWOOD PL,78705,9,NA,https://abc.austintexas.gov/web/permit/public-search-other?t_detail=1&t_selected_folderrsn=710641,603 ELMWOOD PLACE,NA,Austin,Texas,United States,2
10705 GAILLARDIA DR,New 2-story single-family residence attached garage covered porch and patio.  **VOL BUILD PROJECT**,2010-02-23,1,2,10705 GAILLARDIA DR,78733,NA,NA,https://abc.austintexas.gov/web/permit/public-search-other?t_detail=1&t_selected_folderrsn=10403085,10705 GAILLARDIA DRIVE,NA,Austin,Texas,United States,2
1023 W Milton St,New Sf Residence W/ Attached Garage CovD Porch Wd Deck (See 2007-135366),2004-05-28,1,2,1023 W MILTON ST,78704,9,NA,https://abc.austintexas.gov/web/permit/public-search-other?t_detail=1&t_selected_folderrsn=710038,1023 WEST MILTON STREET,NA,Austin,Texas,United States,2
3100 PRADO ST,New Two-Story Sf Res W/Covered Front Porch.,2006-09-29,1,2,3100 PRADO ST,78702,3,NA,https://abc.austintexas.gov/web/permit/public-search-other?t_detail=1&t_selected_folderrsn=736964,3100 PRADO STREET,NA,Austin,Texas,United States,2
7110 Thannas Way,New 2 Story Sf Residence W/Attached Garage; Covered Porch And Uncovered Patio ** Smart Housing *,2006-10-04,1,2,7110 THANNAS WAY,78744,2,NA,https://abc.austintexas.gov/web/permit/public-search-other?t_detail=1&t_selected_folderrsn=737093,7110 THANNAS WAY,NA,Austin,Texas,United States,2
12417 Alcanza Dr,New Two-Story Sf Res Attached Garage Covered Porches And Patios.**Only Bldg Waived Not Trades**; Vegetative Filter Strip must be restored prior to CO.,2006-10-04,1,2,12417 ALCANZA DR,78739,8,NA,https://abc.austintexas.gov/web/permit/public-search-other?t_detail=1&t_selected_folderrsn=737491,12417 ALCANZA DRIVE,NA,Austin,Texas,United States,2
7106 Thannas Way,New 2 Story Sf Res. Att Storage Covd Porch Brick Ledge. **Smart Housing**,2006-10-05,1,2,7106 THANNAS WAY,78744,2,NA,https://abc.austintexas.gov/web/permit/public-search-other?t_detail=1&t_selected_folderrsn=737081,7106 THANNAS WAY,NA,Austin,Texas,United States,2
5404 Rusk Ct,New 1-Story Single Family Home W/ Att Garage**Smart Housing**,2006-09-27,1,1,5404 RUSK CT,78723,1,NA,https://abc.austintexas.gov/web/permit/public-search-other?t_detail=1&t_selected_folderrsn=736635,5404 RUSK CT,NA,Austin,Texas,United States,2
1413 MILAGRO DR,New 2-Story Sf Res Attached Garage Covered Patios.,2006-10-23,1,2,1413 MILAGRO DR,78733,NA,NA,https://abc.austintexas.gov/web/permit/public-search-other?t_detail=1&t_selected_folderrsn=737797,1413 MILAGRO DRIVE,NA,Austin,Texas,United States,2
1821 W 37th St,New Detached Garage,2004-04-28,2,2,1821 W 37TH ST,78731,10,NA,https://abc.austintexas.gov/web/permit/public-search-other?t_detail=1&t_selected_folderrsn=708895,1821 WEST 37TH STREET,NA,Austin,Texas,United States,2
606 Terrell Hill Dr,House is no longer on site according to both 2006 and 2009 COA aerials. JMM 4-13-2011 Demo Sf Res.,2004-04-12,NA,NA,606 TERRELL HILL DR,78704,3,NA,https://abc.austintexas.gov/web/permit/public-search-other?t_detail=1&t_selected_folderrsn=708205,606 TERRELL HILL DRIVE,NA,Austin,Texas,United States,2
9105 Hopeland Dr,New Detached Garage,2004-03-22,1,2,9105 HOPELAND DR,78749,8,NA,https://abc.austintexas.gov/web/permit/public-search-other?t_detail=1&t_selected_folderrsn=707970,9105 HOPELAND DRIVE,NA,Austin,Texas,United States,2
2000 National Park Blvd,New Sf Residence W/ Attached Garage CovD Patio CovD Porch,2004-03-22,1,1,2000 NATIONAL PARK BLVD,78747,5,NA,https://abc.austintexas.gov/web/permit/public-search-other?t_detail=1&t_selected_folderrsn=708002,2000 NATIONAL PARK BOULEVARD,NA,Austin,Texas,United States,2
7211 Providence Ave,New 5 Bedrm Duplex W/ Attached Carport CovD Patio (Smart Housing) Units C & D,2004-04-14,2,2,7211 PROVIDENCE AVE,78752,4,NA,https://abc.austintexas.gov/web/permit/public-search-other?t_detail=1&t_selected_folderrsn=705692,7211 PROVIDENCE AVE,NA,Austin,Texas,United States,2
6101 Landscape Dr,New Manufactured Home & Stairs,2004-04-15,NA,1,6101 LANDSCAPE DR,78735,8,NA,https://abc.austintexas.gov/web/permit/public-search-other?t_detail=1&t_selected_folderrsn=707806,6101 LANDSCAPE DRIVE,NA,Austin,Texas,United States,2
2705 Scenic Dr,Remove Exist. Detached Garage & Replace W/ Detached Garage W/ 2nd Fl. Guest House,2004-04-14,1,2,2705 SCENIC DR,78703,10,NA,https://abc.austintexas.gov/web/permit/public-search-other?t_detail=1&t_selected_folderrsn=708686,2705 SCENIC DRIVE,NA,Austin,Texas,United States,2
1503 Murray Ln,Detached 2 Fam Residencial -Ldc-25-2-774 (1sty Sty Garage 2nd Sty 2 Fam Res),2004-05-03,NA,2,1503 MURRAY LN,78703,10,NA,https://abc.austintexas.gov/web/permit/public-search-other?t_detail=1&t_selected_folderrsn=709216,1503 MURRAY LANE,NA,Austin,Texas,United States,2
11601 Blue Spring Way,New Sf Residence W/Attached Garage & Covered Porch & Uncovered Patio,2004-03-18,1,1,11601 BLUE SPRING WAY,78753,1,NA,https://abc.austintexas.gov/web/permit/public-search-other?t_detail=1&t_selected_folderrsn=704216,11601 BLUE SPRING WAY,NA,Austin,Texas,United States,2
2810 Oak Springs Dr,New Manufactured Home W/ Patio,2004-04-21,1,1,2810 OAK SPRINGS DR,78702,1,NA,https://abc.austintexas.gov/web/permit/public-search-other?t_detail=1&t_selected_folderrsn=711145,2810 OAK SPRINGS DRIVE,NA,Austin,Texas,United States,2
809 E Applegate Dr,Detached Accessory Dwelling(Ldc-25-2-893(E),2004-04-07,1,1,809 E APPLEGATE DR,78753,1,NA,https://abc.austintexas.gov/web/permit/public-search-other?t_detail=1&t_selected_folderrsn=762408,809 EAST APPLEGATE DRIVE,NA,Austin,Texas,United States,2
6704 Manchaca Rd Unit 35,New 2 Sty Condo W/Att Garage Cvd Porch-Patio / appears to be a duplicate of 2005-002433,2004-04-28,NA,NA,6704 MENCHACA RD UNIT 35,78745,5,NA,https://abc.austintexas.gov/web/permit/public-search-other?t_detail=1&t_selected_folderrsn=762416,6704 MENCHACA ROAD UNIT 35,NA,Austin,Texas,United States,2
11416 Robert Wooding Dr,New Two Story Res W/Att Garage Covered Porch & Uncovered Patio (S.M.A.R.T. Housing),2004-04-02,NA,2,11416 ROBERT WOODING DR,78748,5,NA,https://abc.austintexas.gov/web/permit/public-search-other?t_detail=1&t_selected_folderrsn=708266,11416 ROBERT WOODING DRIVE,NA,Austin,Texas,United States,2
7211 Providence Ave,New 5 Bedrm Duplex W/ Attached Carport CovD Patios (Smart Housing) (Units A & B),2004-04-14,2,2,7211 PROVIDENCE AVE,78752,4,NA,https://abc.austintexas.gov/web/permit/public-search-other?t_detail=1&t_selected_folderrsn=705691,7211 PROVIDENCE AVE,NA,Austin,Texas,United States,2
3806 Manchaca Rd Unit C,New 1 Sty Sf Residence W.Att Garage Cvd Porch-Patio,2004-03-30,1,1,3806 MENCHACA RD UNIT C,78704,5,NA,https://abc.austintexas.gov/web/permit/public-search-other?t_detail=1&t_selected_folderrsn=707515,3806 MENCHACA ROAD UNIT C,NA,Austin,Texas,United States,2
9603 North Creek Dr,Interior Rmdl To Create An Accessory Apt & Enlarge To Create 2bdrms-Dining Living Kitchen 2 Baths.,2004-04-05,NA,NA,9603 NORTH CREEK DR,78753,4,NA,https://abc.austintexas.gov/web/permit/public-search-other?t_detail=1&t_selected_folderrsn=708411,9603 NORTH CREEK DRIVE,NA,Austin,Texas,United States,2
9210 Pioneer Forest Dr,New 1 Sty Sf Residence W.Att Garage Cvd Porch-Patio,2004-04-15,1,1,9210 PIONEER FOREST DR,78744,5,NA,https://abc.austintexas.gov/web/permit/public-search-other?t_detail=1&t_selected_folderrsn=708439,9210 PIONEER FOREST DRIVE,NA,Austin,Texas,United States,2
12421 River Bnd,New  Manufactured Home W/Att Decks (Land Status C8i-04-0037),2004-02-20,NA,NA,12421 RIVER BND,78732,10,NA,https://abc.austintexas.gov/web/permit/public-search-other?t_detail=1&t_selected_folderrsn=707189,12421 RIVER BND,NA,Austin,Texas,United States,2
1412 PAYTON FALLS DR,New One Story Res W/Att Garage & Uncovered Patio,2004-03-08,NA,NA,1412 PAYTON FALLS DR,78754,1,NA,https://abc.austintexas.gov/web/permit/public-search-other?t_detail=1&t_selected_folderrsn=709171,1412 PAYTON FALLS DRIVE,NA,Austin,Texas,United States,2
4602 Rivka Cv,New Sf Residence W/ Attached Garage Wood Deck CovD Porch,2004-02-24,1,1,4602 RIVKA CV,78741,3,NA,https://abc.austintexas.gov/web/permit/public-search-other?t_detail=1&t_selected_folderrsn=706580,4602 RIVKA CV,NA,Austin,Texas,United States,2
6600 Quincy Cv,New Sf Residence W/ Garage Attached By Breezeway CovD Patio CovD Porch,2004-02-03,1,2,6600 QUINCY CV,78739,8,NA,https://abc.austintexas.gov/web/permit/public-search-other?t_detail=1&t_selected_folderrsn=708466,6600 QUINCY CV,NA,Austin,Texas,United States,2
12224 Tanglewild Dr,New Sf Residence W/ Attached Garage CovD Patio CovD Porch,2004-01-23,1,2,12224 TANGLEWILD DR,78758,7,NA,https://abc.austintexas.gov/web/permit/public-search-other?t_detail=1&t_selected_folderrsn=706120,12224 TANGLEWILD DRIVE,NA,Austin,Texas,United States,2
10433 Tasajillo Cv,New Sf Residence W/ Attached Garage CovD Patio CovD Porch,2004-02-25,1,1,10433 TASAJILLO CV,78739,8,NA,https://abc.austintexas.gov/web/permit/public-search-other?t_detail=1&t_selected_folderrsn=749624,10433 TASAJILLO CV,NA,Austin,Texas,United States,2
12216 Tanglewild Dr,resubmit residential application finish out permit #04001908 & 05009509 for new sf res w/att garage cvd patio-porch under pmt #2008-0012181RM. 3-24-08sb.New Sf Residence W/ Attached Garage CovD Patio CovD Porch,2004-02-10,1,2,12216 TANGLEWILD DR,78758,7,NA,https://abc.austintexas.gov/web/permit/public-search-other?t_detail=1&t_selected_folderrsn=709303,12216 TANGLEWILD DRIVE,NA,Austin,Texas,United States,2
12220 Tanglewild Dr,New Two Story Res W/Att Garage Covered Porch & Patio,2004-02-12,NA,2,12220 TANGLEWILD DR,78758,7,NA,https://abc.austintexas.gov/web/permit/public-search-other?t_detail=1&t_selected_folderrsn=706809,12220 TANGLEWILD DRIVE,NA,Austin,Texas,United States,2
12222 Tanglewild Dr,New Sf Residence W/ Attached Garage CovD Patio CovD Porch,2004-02-10,1,2,12222 TANGLEWILD DR,78758,7,NA,https://abc.austintexas.gov/web/permit/public-search-other?t_detail=1&t_selected_folderrsn=706723,12222 TANGLEWILD DRIVE,NA,Austin,Texas,United States,2
7121 Magenta Ln,New Sf Residence W/ Attached Garage CovD Patio CovD Porch,2004-03-16,1,1,7121 MAGENTA LN,78739,8,NA,https://abc.austintexas.gov/web/permit/public-search-other?t_detail=1&t_selected_folderrsn=707624,7121 MAGENTA LANE,NA,Austin,Texas,United States,2
9708 S Chisholm Trl,New One Story Residence W/Cvd Porch,2004-02-23,NA,1,9708 S CHISHOLM TRL,78748,5,NA,https://abc.austintexas.gov/web/permit/public-search-other?t_detail=1&t_selected_folderrsn=755023,9708 SOUTH CHISHOLM TRAIL,NA,Austin,Texas,United States,2
515 Montopolis Dr,"Detached Accessory   Dwelling To Exist Primary Sf Res-Ldc-25-893 (E)
**Voided permit new permit issued refer to pmt 2011-040737BP**",2004-03-15,2,1,515 MONTOPOLIS DR,78741,3,NA,https://abc.austintexas.gov/web/permit/public-search-other?t_detail=1&t_selected_folderrsn=707822,515 MONTOPOLIS DRIVE,NA,Austin,Texas,United States,2
4813 Belvedere St Unit 1,New Two Story Res W/Att Garage Covered Patio & Covered Porch & Balconies,2004-01-05,NA,2,4813 BELVEDERE ST UNIT 1,78731,10,NA,https://abc.austintexas.gov/web/permit/public-search-other?t_detail=1&t_selected_folderrsn=705746,4813 BELVEDERE STREET UNIT 1,NA,Austin,Texas,United States,2
15616 Pumpkin Ridge Dr,New Sf Residence W/ Attached Garage CovD Patio CovD Porch,2004-01-13,1,2,15616 PUMPKIN RIDGE DR,78717,6,NA,https://abc.austintexas.gov/web/permit/public-search-other?t_detail=1&t_selected_folderrsn=706008,15616 PUMPKIN RIDGE DRIVE,NA,Austin,Texas,United States,2
3001 Cherrywood Rd,New Detached Garage W/ 1st Fl Studio & Half Bath & 2nd Fl Apt. & 2nd Sty Wd Deck,2003-12-04,1,2,3001 CHERRYWOOD RD,78722,9,NA,https://abc.austintexas.gov/web/permit/public-search-other?t_detail=1&t_selected_folderrsn=705352,3001 CHERRYWOOD ROAD,NA,Austin,Texas,United States,2
411 W St Elmo Rd Unit 43,New Sf Residence W/ Attached Garage CovD Porch,2003-12-09,1,2,411 W ST ELMO RD UNIT 43,78745,3,NA,https://abc.austintexas.gov/web/permit/public-search-other?t_detail=1&t_selected_folderrsn=749491,411 WEST STREET ELMO ROAD UNIT 43,NA,Austin,Texas,United States,2
11100 F M 2244 Rd Bldg B,New One Story Res W/Att Covered Porch,2003-12-03,NA,1,11100 FM 2244 RD BLDG B,78733,10,NA,https://abc.austintexas.gov/web/permit/public-search-other?t_detail=1&t_selected_folderrsn=705069,11100 FM 2244 ROAD BLDG B,NA,Austin,Texas,United States,2
11108 Conchos Trl,New Two Story Res W/Att Garage Covered Patio Porch & Balconies,2004-01-06,NA,2,11108 CONCHOS TRL,78726,6,NA,https://abc.austintexas.gov/web/permit/public-search-other?t_detail=1&t_selected_folderrsn=705914,11108 CONCHOS TRAIL,NA,Austin,Texas,United States,2
7413 CAYENNE LN,New Two Story Sf Res W/ Attached Garage CovD Patio & CovD Porch. **Smart Housing**,2006-09-20,1,2,7413 CAYENNE LN,78741,3,NA,https://abc.austintexas.gov/web/permit/public-search-other?t_detail=1&t_selected_folderrsn=736801,7413 CAYENNE LANE,NA,Austin,Texas,United States,2
12216 Alcanza Dr,New 1 Story Sf Res. Att Garage Covd Patio Covd Porch**Bldg Fee Onlywaived**,2006-09-13,1,1,12216 ALCANZA DR,78739,8,NA,https://abc.austintexas.gov/web/permit/public-search-other?t_detail=1&t_selected_folderrsn=737034,12216 ALCANZA DRIVE,NA,Austin,Texas,United States,2
1206 ALAMO ST,New One Story Res W/Att Garage & Covered Porch (Land Status C8i-05-0480) ***See Comments****,2006-03-31,0,2,1206 ALAMO ST,78702,1,NA,https://abc.austintexas.gov/web/permit/public-search-other?t_detail=1&t_selected_folderrsn=728219,1206 ALAMO STREET,NA,Austin,Texas,United States,2
8701 Alum Rock Dr,New Two Story Res W/Att Garage & Covered Porch & Uncovered Patio ( 2 1/2 Bathrooms 5/8 Meter) (S.Ma.R.T Housing),2006-04-06,1,2,8701 ALUM ROCK DR,78747,2,NA,https://abc.austintexas.gov/web/permit/public-search-other?t_detail=1&t_selected_folderrsn=730080,8701 ALUM ROCK DRIVE,NA,Austin,Texas,United States,2
10904 ROY BUTLER DR,New 2sty Sf Res W/Attached Garage CovD Porch & CovD Patio,2006-04-04,1,2,10904 ROY BUTLER DR,78717,6,NA,https://abc.austintexas.gov/web/permit/public-search-other?t_detail=1&t_selected_folderrsn=730017,10904 ROY BUTLER DRIVE,NA,Austin,Texas,United States,2
5338 Sendero Hills Pkwy,Ne W2 Story Sf-Residence W/ Attached Carport And  UncovD. Wood Decks,2006-04-19,1,2,5338 SENDERO HILLS PKWY,78724,1,NA,https://abc.austintexas.gov/web/permit/public-search-other?t_detail=1&t_selected_folderrsn=733998,5338 SENDERO HILLS PKWY,NA,Austin,Texas,United States,2
5613 JEFF DAVIS AVE,New Two Family Residential (Ldc 25-2-774) 1st Fl Garage Kitchen Bathroom & Covered Porch & 2nd Fl Bedroom Bathroom & Covered Wood Deck ( 2 Bathrooms 5/8 Meter),2006-03-30,2,2,5613 WILLIAM HOLLAND AVE,78756,7,NA,https://abc.austintexas.gov/web/permit/public-search-other?t_detail=1&t_selected_folderrsn=730571,5613 WILLIAM HOLLAND AVE,NA,Austin,Texas,United States,2
3405 Hampton Rd,New Sf Residence W/ CovD Porch,2004-01-15,1,2,3402 RED RIVER ST,78705,9,NA,https://abc.austintexas.gov/web/permit/public-search-other?t_detail=1&t_selected_folderrsn=709421,3402 RED RIVER STREET,NA,Austin,Texas,United States,2
6212 Landscape Dr,"Move Manufactured Home Onto Lot & Add UncovD Deck
**Voide permit life safety permit issued refer to pmt 2009-073998BP**",2003-12-23,NA,NA,6212 LANDSCAPE DR,78735,8,NA,https://abc.austintexas.gov/web/permit/public-search-other?t_detail=1&t_selected_folderrsn=705789,6212 LANDSCAPE DRIVE,NA,Austin,Texas,United States,2
3705 Garden Villa Ln,Move Manufactured Home Onto Lot,2003-10-17,NA,NA,3705 GARDEN VILLA LN,78704,3,NA,https://abc.austintexas.gov/web/permit/public-search-other?t_detail=1&t_selected_folderrsn=704210,3705 GARDEN VILLA LANE,NA,Austin,Texas,United States,2
7112 Doswell Ln,New Two Story Res W/Att Garage Covered Porch & Uncovered Patio,2003-10-06,NA,2,7112 DOSWELL LN,78739,8,NA,https://abc.austintexas.gov/web/permit/public-search-other?t_detail=1&t_selected_folderrsn=703954,7112 DOSWELL LANE,NA,Austin,Texas,United States,2
10529 Hendon St,New 2 Sty Residence W.Att Garage Cvd Porch-Patio,2003-10-14,1,2,10529 HENDON ST,78748,5,NA,https://abc.austintexas.gov/web/permit/public-search-other?t_detail=1&t_selected_folderrsn=703897,10529 HENDON STREET,NA,Austin,Texas,United States,2
3406 RED RIVER ST,New 6 Bedrm Sf Residence W/ CovD Porch,2003-10-30,1,2,3406 RED RIVER ST,78705,9,NA,https://abc.austintexas.gov/web/permit/public-search-other?t_detail=1&t_selected_folderrsn=707699,3406 RED RIVER STREET,NA,Austin,Texas,United States,2
2900 Webberville Rd,New Two-Family Residential (Ordinance 020110-17) ( No Electric Service Upgrades),2003-10-23,NA,1,2900 WEBBERVILLE RD,78702,1,NA,https://abc.austintexas.gov/web/permit/public-search-other?t_detail=1&t_selected_folderrsn=702025,2900 WEBBERVILLE ROAD,NA,Austin,Texas,United States,2
2519 Jarratt Ave,Tear Down & Rebuild Garage W/ 2nd Fl Apt To Be Used As Guest House Per 25-2-893 (D) (Existing Slab To Remain),2003-11-13,1,2,2519 JARRATT AVE,78703,10,NA,https://abc.austintexas.gov/web/permit/public-search-other?t_detail=1&t_selected_folderrsn=704841,2519 JARRATT AVE,NA,Austin,Texas,United States,2
11013 Beggars Cv,New Sf Residence W/ Attached Garage CovD Porch UncovD Patio @ Grade,2003-10-13,1,2,11013 SIERRA RIDGE CT,78739,8,NA,https://abc.austintexas.gov/web/permit/public-search-other?t_detail=1&t_selected_folderrsn=704028,11013 SIERRA RIDGE CT,NA,Austin,Texas,United States,2
1704 Summit Vw,New Detached Storage Bldg,2003-10-30,NA,1,1704 SUMMIT VW,78703,10,NA,https://abc.austintexas.gov/web/permit/public-search-other?t_detail=1&t_selected_folderrsn=704529,1704 SUMMIT VW,NA,Austin,Texas,United States,2
10616 Hendon St,New Two Story Res W/Att Garage Covered Patio & Porch,2003-10-17,NA,2,10616 HENDON ST,78748,5,NA,https://abc.austintexas.gov/web/permit/public-search-other?t_detail=1&t_selected_folderrsn=704004,10616 HENDON STREET,NA,Austin,Texas,United States,2
12513 Tabor Oaks Dr,New One Story Res W/Att Garage Covered Patio & Porch,2003-11-14,NA,1,12513 TABOR OAKS DR,78739,8,NA,https://abc.austintexas.gov/web/permit/public-search-other?t_detail=1&t_selected_folderrsn=704853,12513 TABOR OAKS DRIVE,NA,Austin,Texas,United States,2
11005 Beggars Cv,New Two Story Res W/Att Garage & Covered Porch,2003-10-06,NA,2,11005 SIERRA RIDGE CT,78739,8,NA,https://abc.austintexas.gov/web/permit/public-search-other?t_detail=1&t_selected_folderrsn=703707,11005 SIERRA RIDGE CT,NA,Austin,Texas,United States,2
2406 Woodmont Ave,New Two Story Res W/Att Garage & Covered Patio,2003-11-06,NA,2,2410 WOODMONT AVE,78703,10,NA,https://abc.austintexas.gov/web/permit/public-search-other?t_detail=1&t_selected_folderrsn=714438,2410 WOODMONT AVE,NA,Austin,Texas,United States,2
6913 Whispering Oaks Dr,Detached Workshop W/Bath  To Exist Sf Residence,2003-11-17,2,1,6913 WHISPERING OAKS DR,78745,5,NA,https://abc.austintexas.gov/web/permit/public-search-other?t_detail=1&t_selected_folderrsn=704918,6913 WHISPERING OAKS DRIVE,NA,Austin,Texas,United States,2
15918 Webb Ln,New Res. Elec Srv Only-Eud,2003-10-07,NA,NA,15918 WEBB LN,78734,NA,NA,https://abc.austintexas.gov/web/permit/public-search-other?t_detail=1&t_selected_folderrsn=703219,15918 WEBB LANE,NA,Austin,Texas,United States,2
2314 Shoalmont Dr,Detached Guesthouse To Existing Sf Residence,2003-10-24,NA,NA,2314 SHOALMONT DR,78756,7,NA,https://abc.austintexas.gov/web/permit/public-search-other?t_detail=1&t_selected_folderrsn=704416,2314 SHOALMONT DRIVE,NA,Austin,Texas,United States,2
4509 E St Elmo Rd Bldg Lc,New Apartment Complex Leasing Center,2003-11-05,1,1,4509 E ST ELMO RD BLDG LC,78744,2,NA,https://abc.austintexas.gov/web/permit/public-search-other?t_detail=1&t_selected_folderrsn=703144,4509 EAST STREET ELMO ROAD BLDG LC,NA,Austin,Texas,United States,2
11009 Cusseta Ln,New Two Story Res W/Att Garage & Covered Porch   **refer to pmt # 2010-029064**,2003-10-03,NA,2,11009 CUSSETA LN,78739,8,NA,https://abc.austintexas.gov/web/permit/public-search-other?t_detail=1&t_selected_folderrsn=703626,11009 CUSSETA LANE,NA,Austin,Texas,United States,2
1200 Terjo Ln,New Sf Residence W/ Attached Garage Covd Porch CovD Patio Wd Deck,2003-10-08,1,2,1200 TERJO LN,78732,10,NA,https://abc.austintexas.gov/web/permit/public-search-other?t_detail=1&t_selected_folderrsn=705196,1200 TERJO LANE,NA,Austin,Texas,United States,2
11806 White Wing Ave,2nd Sty Addn Over Exist  Garage To Create An Accessory Dwelling Add Wd Deck And Stairs,2003-08-07,2,2,11806 WHITE WING AVE,78753,7,NA,https://abc.austintexas.gov/web/permit/public-search-other?t_detail=1&t_selected_folderrsn=702447,11806 WHITE WING AVE,NA,Austin,Texas,United States,2
8622 Foggy Mountain Dr,New Sf Residence W/ Attached Garage CovD Porch UncovD Wood Deck,2003-09-15,1,2,8622 FOGGY MOUNTAIN DR,78736,8,NA,https://abc.austintexas.gov/web/permit/public-search-other?t_detail=1&t_selected_folderrsn=703139,8622 FOGGY MOUNTAIN DRIVE,NA,Austin,Texas,United States,2
9500 F M 2222 Rd Unit 48,New 2 Sty Condo W.Att Garage Cvd Porch,2003-09-08,NA,NA,9500 FM 2222 RD UNIT 48,78750,10,NA,https://abc.austintexas.gov/web/permit/public-search-other?t_detail=1&t_selected_folderrsn=702853,9500 FM 2222 ROAD UNIT 48,NA,Austin,Texas,United States,2
9500 F M 2222 Rd Unit 51,New 2 Stry Condo W/Att Garage Cvd Porch & Patio,2003-09-08,1,2,9500 FM 2222 RD UNIT 51,78750,10,NA,https://abc.austintexas.gov/web/permit/public-search-other?t_detail=1&t_selected_folderrsn=702856,9500 FM 2222 ROAD UNIT 51,NA,Austin,Texas,United States,2
6408 Carson Ridge,New Two Story Res W/Att Garages Carports & Porches (Unit A & B) (5 Bedrooms),2003-08-18,2,2,6408 CARSON RIDGE,78741,3,NA,https://abc.austintexas.gov/web/permit/public-search-other?t_detail=1&t_selected_folderrsn=702291,6408 CARSON RIDGE,NA,Austin,Texas,United States,2
11400 Day Camp Ln,New One Story Res W/Att Garage & Covered Porch (See 2009-081947),2003-08-26,NA,1,11400 DAY CAMP LN,78754,1,NA,https://abc.austintexas.gov/web/permit/public-search-other?t_detail=1&t_selected_folderrsn=751820,11400 DAY CAMP LANE,NA,Austin,Texas,United States,2
9500 F M 2222 Rd Unit 52,New 2 Sty Residence W.Att Garage Covd Porch,2003-09-08,1,2,9500 FM 2222 RD UNIT 52,78750,10,NA,https://abc.austintexas.gov/web/permit/public-search-other?t_detail=1&t_selected_folderrsn=702857,9500 FM 2222 ROAD UNIT 52,NA,Austin,Texas,United States,2
9500 F M 2222 Rd Unit 53,New 2 Sty Condo W.Att Garage Cvd Porch,2003-09-08,1,2,9500 FM 2222 RD UNIT 53,78750,10,NA,https://abc.austintexas.gov/web/permit/public-search-other?t_detail=1&t_selected_folderrsn=702858,9500 FM 2222 ROAD UNIT 53,NA,Austin,Texas,United States,2
4710 Switch Willo,New Sf Residence W/ Attached Garage CovD Porch,2003-09-23,1,1,4710 SWITCH WILLO,78727,6,NA,https://abc.austintexas.gov/web/permit/public-search-other?t_detail=1&t_selected_folderrsn=705358,4710 SWITCH WILLO,NA,Austin,Texas,United States,2
9208 Westminster Glen Ave,New Sf Residence W/ Attached Garage CovD Patio Balcony,2003-08-11,1,2,9208 WESTMINSTER GLEN AVE,78730,10,NA,https://abc.austintexas.gov/web/permit/public-search-other?t_detail=1&t_selected_folderrsn=702073,9208 WESTMINSTER GLEN AVE,NA,Austin,Texas,United States,2
9500 F M 2222 Rd Unit 49,New 2 Sty Condo W.Att Garage Cvd Porch,2003-09-08,1,2,9500 FM 2222 RD UNIT 49,78750,10,NA,https://abc.austintexas.gov/web/permit/public-search-other?t_detail=1&t_selected_folderrsn=702854,9500 FM 2222 ROAD UNIT 49,NA,Austin,Texas,United States,2
1609 Westmoor Dr,New Detached Residence For 2nd Dwelling On The Site & Widen Existing Dw Approach,2003-09-04,NA,1,1609 WESTMOOR DR,78723,4,NA,https://abc.austintexas.gov/web/permit/public-search-other?t_detail=1&t_selected_folderrsn=754997,1609 WESTMOOR DRIVE,NA,Austin,Texas,United States,2
6404 Carson Ridge,New Two Story Duplex W/Att Carports Garaes Porches (Unit A & B) (5 Bedrooms),2003-08-18,2,2,6404 CARSON RIDGE,78741,3,NA,https://abc.austintexas.gov/web/permit/public-search-other?t_detail=1&t_selected_folderrsn=702292,6404 CARSON RIDGE,NA,Austin,Texas,United States,2
1710 Forest Trl,New Two Story Res W/Att Storage & Porches (See 04014002 For Plumbing Finsih),2003-08-14,NA,2,1710 FOREST TRL,78703,10,NA,https://abc.austintexas.gov/web/permit/public-search-other?t_detail=1&t_selected_folderrsn=702268,1710 FOREST TRAIL,NA,Austin,Texas,United States,2
2912 Padina Dr,New Two Story Res W/Att Garage & Covered Porches,2003-09-17,NA,2,2912 PADINA DR,78733,10,NA,https://abc.austintexas.gov/web/permit/public-search-other?t_detail=1&t_selected_folderrsn=703480,2912 PADINA DRIVE,NA,Austin,Texas,United States,2
605 Vermont Rd,New One Story Res W/Att Front Porch,2003-08-08,NA,1,605 VERMONT RD,78702,3,NA,https://abc.austintexas.gov/web/permit/public-search-other?t_detail=1&t_selected_folderrsn=714351,605 VERMONT ROAD,NA,Austin,Texas,United States,2
4712 Mount Vernon Dr,Detached Gameroom-Gym W/Bath To Existing Sf Residence,2003-08-08,1,1,4712 MOUNT VERNON DR,78745,5,NA,https://abc.austintexas.gov/web/permit/public-search-other?t_detail=1&t_selected_folderrsn=702497,4712 MOUNT VERNON DRIVE,NA,Austin,Texas,United States,2
5211 Avenue G,New Detached Secondary Apt Ldc-25-2-1463& Carport,2003-09-12,2,1,5211 AVENUE G,78751,9,NA,https://abc.austintexas.gov/web/permit/public-search-other?t_detail=1&t_selected_folderrsn=703355,5211 AVENUE G,NA,Austin,Texas,United States,2
10720 Finsbury Dr,New Two Story Res W/Att Garage Covered Patio & Porch,2003-09-10,NA,2,10720 FINSBURY DR,78748,5,NA,https://abc.austintexas.gov/web/permit/public-search-other?t_detail=1&t_selected_folderrsn=702648,10720 FINSBURY DRIVE,NA,Austin,Texas,United States,2
9500 F M 2222 Rd Unit 50,New 2 Sty Condo W.Att Garage Cvd Porch,2003-09-08,1,2,9500 FM 2222 RD UNIT 50,78750,10,NA,https://abc.austintexas.gov/web/permit/public-search-other?t_detail=1&t_selected_folderrsn=702855,9500 FM 2222 ROAD UNIT 50,NA,Austin,Texas,United States,2
2011 Thrasher Ln,New 1 Sty Duplex W/Wd-Decks - Uncvd Concrete Decks,2003-06-13,2,1,2011 THRASHER LN,78741,3,NA,https://abc.austintexas.gov/web/permit/public-search-other?t_detail=1&t_selected_folderrsn=751781,2011 THRASHER LANE,NA,Austin,Texas,United States,2
1704 Sanchez St,New Detached Studio,2003-07-24,1,1,1704 SANCHEZ ST,78702,1,NA,https://abc.austintexas.gov/web/permit/public-search-other?t_detail=1&t_selected_folderrsn=702050,1704 SANCHEZ STREET,NA,Austin,Texas,United States,2
6636 Tasajillo Trl,New Two Story Res W/Att Garage Covered Porch & Uncovered Patio & Personal Studio,2003-07-02,NA,NA,6636 TASAJILLO TRL,78739,8,NA,https://abc.austintexas.gov/web/permit/public-search-other?t_detail=1&t_selected_folderrsn=701168,6636 TASAJILLO TRAIL,NA,Austin,Texas,United States,2
15101 F M 1825 Rd Bldg B,Detached 2 Sty Accessory Dwelling To Existing Sf Residence (Ldc-25-893(E),2003-06-24,2,2,15101 FM 1825 RD BLDG B,78660,7,NA,https://abc.austintexas.gov/web/permit/public-search-other?t_detail=1&t_selected_folderrsn=701246,15101 FM 1825 ROAD BLDG B,NA,Austin,Texas,United States,2
1108 S 1st St,Move On-Rmdl-Foundation From Outside The City To Create Accessory Dwelling-(Ldc-25-2-893 (E) ),2003-06-17,2,1,1108 S 1ST ST,78704,9,NA,https://abc.austintexas.gov/web/permit/public-search-other?t_detail=1&t_selected_folderrsn=700938,1108 SOUTH 1ST STREET,NA,Austin,Texas,United States,2
3007 Sunridge Dr,New One Story Res W/Att Garage Covered Patio & Porch,2003-07-17,NA,1,3007 SUNRIDGE DR,78741,3,NA,https://abc.austintexas.gov/web/permit/public-search-other?t_detail=1&t_selected_folderrsn=700589,3007 SUNRIDGE DRIVE,NA,Austin,Texas,United States,2
1108 S 1st St,Relocate Residence From  Outside The City,2003-06-17,NA,NA,1108 S 1ST ST,78704,9,NA,https://abc.austintexas.gov/web/permit/public-search-other?t_detail=1&t_selected_folderrsn=700443,1108 SOUTH 1ST STREET,NA,Austin,Texas,United States,2
605 Carismatic Ln,"New 1 Sty Residence W.Att Garage Cvd Porch-Patio & Uncvd Patio
**voided permit life safety pmt issued**",2003-07-22,1,1,605 CARISMATIC LN,78748,5,NA,https://abc.austintexas.gov/web/permit/public-search-other?t_detail=1&t_selected_folderrsn=701757,605 CARISMATIC LANE,NA,Austin,Texas,United States,2
906 Ebony St,New Two Story Res W/Att Garage Covered Porch & Uncovered Patio,2003-07-28,NA,2,906 EBONY ST,78704,9,NA,https://abc.austintexas.gov/web/permit/public-search-other?t_detail=1&t_selected_folderrsn=701421,906 EBONY STREET,NA,Austin,Texas,United States,2
2400 Lynnbrook Dr,New Two Story Res W/Att Garage Covered Porch & Covered Patio,2003-07-09,NA,2,2400 LYNNBROOK DR,78748,5,NA,https://abc.austintexas.gov/web/permit/public-search-other?t_detail=1&t_selected_folderrsn=701613,2400 LYNNBROOK DRIVE,NA,Austin,Texas,United States,2
4414 Sinclair Ave,Replace Exist. Detached Gar/Apt With New Garage & 2nd Flr Apt,2003-07-14,1,2,4414 SINCLAIR AVE,78756,10,NA,https://abc.austintexas.gov/web/permit/public-search-other?t_detail=1&t_selected_folderrsn=702064,4414 SINCLAIR AVE,NA,Austin,Texas,United States,2
2404 Avenue N,New 1 Sty Residence W.Att Garage Cvd Porch-Patio,2003-07-11,1,1,2404 AVENUE N,78727,7,NA,https://abc.austintexas.gov/web/permit/public-search-other?t_detail=1&t_selected_folderrsn=701450,2404 AVENUE NORTH,NA,Austin,Texas,United States,2
909 E 54th St,Detached 1st Sty  Secondary Apt- W/Bath. Ldc-25-2-1463-,2003-04-25,2,1,909 E 54TH ST,78751,4,NA,https://abc.austintexas.gov/web/permit/public-search-other?t_detail=1&t_selected_folderrsn=699669,909 EAST 54TH STREET,NA,Austin,Texas,United States,2
15425 Bandon Dr,New 1 Sty Residence W.Att Garage Cvd Porch Uncvd Patio,2003-05-13,1,1,15425 BANDON DR,78717,6,NA,https://abc.austintexas.gov/web/permit/public-search-other?t_detail=1&t_selected_folderrsn=700075,15425 BANDON DRIVE,NA,Austin,Texas,United States,2
4712 Westslope Cir,New Two Story Res W/Att Garage Covered Porch & Uncovered Patio,2003-04-24,NA,2,4712 WESTSLOPE CIR,78731,10,NA,https://abc.austintexas.gov/web/permit/public-search-other?t_detail=1&t_selected_folderrsn=699135,4712 WESTSLOPE CIR,NA,Austin,Texas,United States,2
13504 Montview Dr,Addn To Exist Sf Res- Utility Garage & Nook,2003-06-09,2,1,13504 MONTVIEW DR,78732,10,NA,https://abc.austintexas.gov/web/permit/public-search-other?t_detail=1&t_selected_folderrsn=700788,13504 MONTVIEW DRIVE,NA,Austin,Texas,United States,2
3008 Silverleaf Dr,Addn To Existing Sf Res-To Create Accessory Apt-Ldc-25-2-901 (See 2010-053160 for life safety),2003-05-21,2,1,3008 SILVERLEAF DR,78757,7,NA,https://abc.austintexas.gov/web/permit/public-search-other?t_detail=1&t_selected_folderrsn=700328,3008 SILVERLEAF DRIVE,NA,Austin,Texas,United States,2
11016 Pairnoy Ln,New Sf Residence W/ Attached Garage CovD Porch CovD Patio,2003-05-27,1,2,11016 PAIRNOY LN,78739,8,NA,https://abc.austintexas.gov/web/permit/public-search-other?t_detail=1&t_selected_folderrsn=700445,11016 PAIRNOY LANE,NA,Austin,Texas,United States,2
9121 Ovalla Dr,New Two Story Res W/Att Garage Covered Porch & Uncovered Patio,2003-06-02,NA,2,9121 OVALLA DR,78749,8,NA,https://abc.austintexas.gov/web/permit/public-search-other?t_detail=1&t_selected_folderrsn=699442,9121 OVALLA DRIVE,NA,Austin,Texas,United States,2
1607-D Palma Plz,New Single Unit Multi-Family Residence,2003-05-08,1,2,1607 PALMA PLZ BLDG D,78703,9,NA,https://abc.austintexas.gov/web/permit/public-search-other?t_detail=1&t_selected_folderrsn=699181,1607 PALMA PLZ BLDG D,NA,Austin,Texas,United States,2
5601 Merrywing Cir,New 2 Stry Residence W.Att Garage Cvd Porch-Patio   **refer to pmt # 2012-065930**,2003-05-15,1,2,5601 MERRYWING CIR,78730,10,NA,https://abc.austintexas.gov/web/permit/public-search-other?t_detail=1&t_selected_folderrsn=699534,5601 MERRYWING CIR,NA,Austin,Texas,United States,2
411 W St Elmo Rd Unit 24d,New Sf Residence W/ Attached Garage,2003-03-31,1,1,411 W ST ELMO RD UNIT 24D,78745,3,NA,https://abc.austintexas.gov/web/permit/public-search-other?t_detail=1&t_selected_folderrsn=698526,411 WEST STREET ELMO ROAD UNIT 24D,NA,Austin,Texas,United States,2
7616 Bethune Ave,Addn To Create Accessory Apt For A Family Memeber That Is 62 Yrs Old,2003-03-25,2,1,7616 BETHUNE AVE,78752,4,NA,https://abc.austintexas.gov/web/permit/public-search-other?t_detail=1&t_selected_folderrsn=698650,7616 BETHUNE AVE,NA,Austin,Texas,United States,2
9704 Llano Estacado Ln,"Newsf Residence W/ Attached Garage Wood Deck CovD Porch CovD Patio

New Sf Residence W/ Attached Garage Covered Patio Covered Porch Wood Deck",2003-04-22,1,2,9704 LLANO ESTACADO LN,78759,6,NA,https://abc.austintexas.gov/web/permit/public-search-other?t_detail=1&t_selected_folderrsn=698619,9704 LLANO ESTACADO LANE,NA,Austin,Texas,United States,2
907 Romeria Dr,2nd Sty Addn To Create Duplex 5 Parking Spaces Reqd,2003-03-25,2,2,907 ROMERIA DR,78757,7,NA,https://abc.austintexas.gov/web/permit/public-search-other?t_detail=1&t_selected_folderrsn=698659,907 ROMERIA DRIVE,NA,Austin,Texas,United States,2
411 W St Elmo Rd Unit 25,New 2 Sty Condo W.Att Garage Cvd Porch,2003-04-11,NA,NA,411 W ST ELMO RD UNIT 25,78745,3,NA,https://abc.austintexas.gov/web/permit/public-search-other?t_detail=1&t_selected_folderrsn=698847,411 WEST STREET ELMO ROAD UNIT 25,NA,Austin,Texas,United States,2
2300 Marcus Abrams Blvd,New 2 Sty Residence W/Att Garage Cvd Porch-Patio Uncvd Patio,2003-03-17,1,2,2300 MARCUS ABRAMS BLVD,78748,5,NA,https://abc.austintexas.gov/web/permit/public-search-other?t_detail=1&t_selected_folderrsn=698383,2300 MARCUS ABRAMS BOULEVARD,NA,Austin,Texas,United States,2
8806 Thunderbird Rd,New Manufacted Home W/Decks,2003-04-04,1,1,8806 THUNDERBIRD RD,78736,8,NA,https://abc.austintexas.gov/web/permit/public-search-other?t_detail=1&t_selected_folderrsn=698651,8806 THUNDERBIRD ROAD,NA,Austin,Texas,United States,2
11817 Dunfries Ln,New Sf Residence W/ Attached Gar. CovD Porch CovD Patio UncovD Patio @ Grade,2003-04-04,1,1,11817 DUNFRIES LN,78754,1,NA,https://abc.austintexas.gov/web/permit/public-search-other?t_detail=1&t_selected_folderrsn=698732,11817 DUNFRIES LANE,NA,Austin,Texas,United States,2
7401 Williamson Creek Dr,New Manufactured Home W/Wd Decks-Porch,2003-04-17,1,1,7401 WILLIAMSON CREEK DR,78736,8,NA,https://abc.austintexas.gov/web/permit/public-search-other?t_detail=1&t_selected_folderrsn=698823,7401 WILLIAMSON CREEK DRIVE,NA,Austin,Texas,United States,2
4007 Clawson Rd,Add Bedroom Bathroom Kitchen & Create Duplex,2003-03-11,NA,1,4007 CLAWSON RD,78704,5,NA,https://abc.austintexas.gov/web/permit/public-search-other?t_detail=1&t_selected_folderrsn=698234,4007 CLAWSON ROAD,NA,Austin,Texas,United States,2
6400 Carrington Dr,New Sf Residence W/ Covered Porch Covered Patio,2003-03-20,1,2,6400 CARRINGTON DR,78749,8,NA,https://abc.austintexas.gov/web/permit/public-search-other?t_detail=1&t_selected_folderrsn=698519,6400 CARRINGTON DRIVE,NA,Austin,Texas,United States,2
6704 Tanaqua Cv,New Sf Residence W/ Attached Garage Covered Porch (See 2011-005927 for repermit),2003-04-09,1,2,6704 TANAQUA CV,78739,8,NA,https://abc.austintexas.gov/web/permit/public-search-other?t_detail=1&t_selected_folderrsn=700087,6704 TANAQUA CV,NA,Austin,Texas,United States,2
6624 Nusser Ln,New Sf Residence W/ Covered Porches,2003-01-30,NA,NA,6624 NUSSER LN,78739,8,NA,https://abc.austintexas.gov/web/permit/public-search-other?t_detail=1&t_selected_folderrsn=697223,6624 NUSSER LANE,NA,Austin,Texas,United States,2
2909 Demona Dr,New Sf Residence W/ Attached Garage And Basement,2003-02-07,1,2,2909 DEMONA DR,78733,10,NA,https://abc.austintexas.gov/web/permit/public-search-other?t_detail=1&t_selected_folderrsn=762025,2909 DEMONA DRIVE,NA,Austin,Texas,United States,2
10400 Medinah Greens Dr,New 2sty Residence W.Att Garage Cvd Porch-Uncvd Patio,2003-02-28,1,2,10400 MEDINAH GREENS DR,78717,6,NA,https://abc.austintexas.gov/web/permit/public-search-other?t_detail=1&t_selected_folderrsn=761976,10400 MEDINAH GREENS DRIVE,NA,Austin,Texas,United States,2
2632 Century Park Blvd Bldg 17,New Residential Condominiums,2003-02-04,4,2,2632 CENTURY PARK BLVD BLDG 17,78727,7,NA,https://abc.austintexas.gov/web/permit/public-search-other?t_detail=1&t_selected_folderrsn=702150,2632 CENTURY PARK BOULEVARD BLDG 17,NA,Austin,Texas,United States,2
9405 La Puente Dr,New Two Story Res W/Att Garage Covered Porch & Uncovered Patio,2003-02-18,NA,2,9405 LA PUENTE DR,78749,8,NA,https://abc.austintexas.gov/web/permit/public-search-other?t_detail=1&t_selected_folderrsn=697584,9405 LA PUENTE DRIVE,NA,Austin,Texas,United States,2
6367 Tasajillo Trl,New Two Story Res W/Att Garage Covered Porch & Uncovered Patio,2003-02-13,NA,2,6367 TASAJILLO TRL,78739,8,NA,https://abc.austintexas.gov/web/permit/public-search-other?t_detail=1&t_selected_folderrsn=697394,6367 TASAJILLO TRAIL,NA,Austin,Texas,United States,2
2108 S L Davis Ave,New Detached Secondary Apartment (Ldc-25-2-1463) (See 2010-003083 for life safety),2003-01-31,NA,NA,2108 S L DAVIS AVE,78702,1,NA,https://abc.austintexas.gov/web/permit/public-search-other?t_detail=1&t_selected_folderrsn=697268,2108 SOUTH L DAVIS AVE,NA,Austin,Texas,United States,2
7216 Iwanna Dr,New Sf Residence W/ Attached Garage Covered Porch Covered Patio,2003-01-13,1,2,7216 IWANNA DR,78617,2,NA,https://abc.austintexas.gov/web/permit/public-search-other?t_detail=1&t_selected_folderrsn=696645,7216 IWANNA DRIVE,NA,Austin,Texas,United States,2
6717 Mountain Trl,New 2 Sty Residence W/Att Garage Cvd Wd Deck Cvd Porch,2003-01-09,1,2,6717 MOUNTAIN TRL,78732,10,NA,https://abc.austintexas.gov/web/permit/public-search-other?t_detail=1&t_selected_folderrsn=696401,6717 MOUNTAIN TRAIL,NA,Austin,Texas,United States,2
9407 La Puente Dr,New One Story Res W/Att Garage Covered Porch & Uncovered Patio,2003-02-18,NA,1,9407 LA PUENTE DR,78749,8,NA,https://abc.austintexas.gov/web/permit/public-search-other?t_detail=1&t_selected_folderrsn=697427,9407 LA PUENTE DRIVE,NA,Austin,Texas,United States,2
10601 Melcher Ct,New 2 Sty Residence W.Att Garage Cvd Porch Uncvd Patio   **refer to pmt # 2011-069856**,2003-02-05,1,2,10601 MELCHER CT,78739,8,NA,https://abc.austintexas.gov/web/permit/public-search-other?t_detail=1&t_selected_folderrsn=697129,10601 MELCHER CT,NA,Austin,Texas,United States,2
2632 Century Park Blvd Bldg 1,New Residential Condominiums,2003-02-04,4,2,2632 CENTURY PARK BLVD BLDG 1,78727,7,NA,https://abc.austintexas.gov/web/permit/public-search-other?t_detail=1&t_selected_folderrsn=761797,2632 CENTURY PARK BOULEVARD BLDG 1,NA,Austin,Texas,United States,2
2106 Allwood Dr,New 3 Sty Residence W/Attic (Deck & Balcony As The 3rd Fl),2002-12-31,1,3,2106 ALLWOOD DR,78704,5,NA,https://abc.austintexas.gov/web/permit/public-search-other?t_detail=1&t_selected_folderrsn=696435,2106 ALLWOOD DRIVE,NA,Austin,Texas,United States,2
6715 Windrift Way Unit 29,New Two Story Condo W/Att Garage Covered Patio Porch &  Balcony,2003-01-07,NA,2,6715 WINDRIFT WAY UNIT 29,78745,2,NA,https://abc.austintexas.gov/web/permit/public-search-other?t_detail=1&t_selected_folderrsn=696225,6715 WINDRIFT WAY UNIT 29,NA,Austin,Texas,United States,2
1506 Oxford Ave,2nd Floor Addn To Create Bdrm-Bath (Over Existing Ic),2002-12-11,NA,1,1506 OXFORD AVE,78704,5,NA,https://abc.austintexas.gov/web/permit/public-search-other?t_detail=1&t_selected_folderrsn=696248,1506 OXFORD AVE,NA,Austin,Texas,United States,2
7200 Twilight Mesa Dr,New One Story Res W/Att Garage Covered Patio & Porch,2002-11-14,NA,1,7200 TWILIGHT MESA DR,78737,8,NA,https://abc.austintexas.gov/web/permit/public-search-other?t_detail=1&t_selected_folderrsn=695485,7200 TWILIGHT MESA DRIVE,NA,Austin,Texas,United States,2
1817 Alta Vista Ave,New Two Story Res W/Att Covered Porch & Uncovered Patio (See 2011-059600 for repermit),2003-01-07,NA,2,1817 ALTA VISTA AVE,78704,9,NA,https://abc.austintexas.gov/web/permit/public-search-other?t_detail=1&t_selected_folderrsn=698330,1817 ALTA VISTA AVE,NA,Austin,Texas,United States,2
6715 Windrift Way Unit 26,New Two Story Condo W/Att Garage Covered Patio Porch & Balcony,2003-01-07,NA,2,6715 WINDRIFT WAY UNIT 26,78745,2,NA,https://abc.austintexas.gov/web/permit/public-search-other?t_detail=1&t_selected_folderrsn=698494,6715 WINDRIFT WAY UNIT 26,NA,Austin,Texas,United States,2
11123 Alison Parke Trl,New 2 Sty Residence W.Att Garage Cvd Porch- Uncvd Patio,2002-12-27,1,2,11123 ALISON PARKE TRL,78750,6,NA,https://abc.austintexas.gov/web/permit/public-search-other?t_detail=1&t_selected_folderrsn=749293,11123 ALISON PARKE TRAIL,NA,Austin,Texas,United States,2
10501 Medinah Greens Dr,2-Story Sf Res. W/ Attached Garage & Covered Porch.,2002-11-22,1,2,10501 MEDINAH GREENS DR,78717,6,NA,https://abc.austintexas.gov/web/permit/public-search-other?t_detail=1&t_selected_folderrsn=699768,10501 MEDINAH GREENS DRIVE,NA,Austin,Texas,United States,2
7508 Shadywood Dr,New Detached Dwelling Unit For Two-Family Residential Use 25-2-774,2002-10-31,NA,1,7508 SHADYWOOD DR,78745,2,NA,https://abc.austintexas.gov/web/permit/public-search-other?t_detail=1&t_selected_folderrsn=695356,7508 SHADYWOOD DRIVE,NA,Austin,Texas,United States,2
8304 Twilight Terrace Dr,2-Story Sf Res. W/ Attached Garage Covered Porch & Uncovered Patio.,2002-10-03,1,2,8304 TWILIGHT TERRACE DR,78749,8,NA,https://abc.austintexas.gov/web/permit/public-search-other?t_detail=1&t_selected_folderrsn=694321,8304 TWILIGHT TERRACE DRIVE,NA,Austin,Texas,United States,2
6817 Spruce Gum Ln,Remove Mobile Home & Replace W/ New Mobile Home W/ Deck,2002-09-12,1,1,6817 SPRUCE GUM LN,78744,2,NA,https://abc.austintexas.gov/web/permit/public-search-other?t_detail=1&t_selected_folderrsn=694085,6817 SPRUCE GUM LANE,NA,Austin,Texas,United States,2
10008 Whitley Bay Dr,New Sf Residence W/ Attached Garage And Covered Porch,2002-10-07,1,2,10008 WHITLEY BAY DR,78717,6,NA,https://abc.austintexas.gov/web/permit/public-search-other?t_detail=1&t_selected_folderrsn=749244,10008 WHITLEY BAY DRIVE,NA,Austin,Texas,United States,2
4601 Rimrock Trl,"New Manufactured Home W/ Wood Deck
refer to pmt#2002-019100",2002-09-24,1,1,4601 RIMROCK TRL,78723,1,NA,https://abc.austintexas.gov/web/permit/public-search-other?t_detail=1&t_selected_folderrsn=694475,4601 RIMROCK TRAIL,NA,Austin,Texas,United States,2
1417 Payton Falls Dr,New Two Story Res W/Att Garage Covered Patio & Porch,2002-10-14,NA,2,1417 PAYTON FALLS DR,78754,1,NA,https://abc.austintexas.gov/web/permit/public-search-other?t_detail=1&t_selected_folderrsn=694643,1417 PAYTON FALLS DRIVE,NA,Austin,Texas,United States,2
1302 Perez St,Variance Approval  For  Exist Detached Res,2002-09-27,2,1,1302 PEREZ ST,78721,1,NA,https://abc.austintexas.gov/web/permit/public-search-other?t_detail=1&t_selected_folderrsn=694551,1302 PEREZ STREET,NA,Austin,Texas,United States,2
1408 Mussett St,"Cancel Permit #02006778 Before Issuing
New One Story Res W/Att Garage Covered Patio & Porch",2002-10-01,NA,1,1408 MUSSETT ST,78754,1,NA,https://abc.austintexas.gov/web/permit/public-search-other?t_detail=1&t_selected_folderrsn=694487,1408 MUSSETT STREET,NA,Austin,Texas,United States,2
6400 Salcon Cliff Dr,New One Story Res W/Att Garage Covered Porch & Uncovered P Atio,2002-09-06,NA,1,6400 SALCON CLIFF DR,78749,8,NA,https://abc.austintexas.gov/web/permit/public-search-other?t_detail=1&t_selected_folderrsn=754933,6400 SALCON CLIFF DRIVE,NA,Austin,Texas,United States,2
4208 Canoas Dr,**ref permit#2011-115605**2-Story Sf Res. W/ Attached Garage Covered Porch & Patio.,2002-10-08,1,2,4208 CANOAS DR,78730,10,NA,https://abc.austintexas.gov/web/permit/public-search-other?t_detail=1&t_selected_folderrsn=694275,4208 CANOAS DRIVE,NA,Austin,Texas,United States,2
411 W St Elmo Rd Unit 13,New One Story Condo W/Att Garage & Covered Porch (Unit 13-B) Ordiance 000608-15,2002-09-12,NA,1,411 W ST ELMO RD UNIT 13,78745,3,NA,https://abc.austintexas.gov/web/permit/public-search-other?t_detail=1&t_selected_folderrsn=694624,411 WEST STREET ELMO ROAD UNIT 13,NA,Austin,Texas,United States,2
6715 Windrift Way Unit 32,2-Story Sf Condominimum W/ Attached Garage & Covered Porch.,2002-09-24,1,2,6715 WINDRIFT WAY UNIT 32,78745,2,NA,https://abc.austintexas.gov/web/permit/public-search-other?t_detail=1&t_selected_folderrsn=694260,6715 WINDRIFT WAY UNIT 32,NA,Austin,Texas,United States,2
1815 Ralph C Craig  Ln,2-Story Sf Res. W/ Attached Garage Covered Porch & Patio.,2002-09-17,1,2,1815 RALPH C CRAIG LN,78748,5,NA,https://abc.austintexas.gov/web/permit/public-search-other?t_detail=1&t_selected_folderrsn=694300,1815 RALPH C CRAIG LANE,NA,Austin,Texas,United States,2
1603 Suffolk Dr,Detached Garage Apt (Ldc-25-2-774)1st Fl-Storage/Wk Area 2nd Fl-Bdrm-Bath-Kitchen-Living Area,2002-07-12,2,2,1603 SUFFOLK DR,78723,4,NA,https://abc.austintexas.gov/web/permit/public-search-other?t_detail=1&t_selected_folderrsn=692565,1603 SUFFOLK DRIVE,NA,Austin,Texas,United States,2
6715 Windrift Way Unit 3,New One Story Condo  W/Att Garage & Covered Porch,2002-07-31,NA,1,6715 WINDRIFT WAY UNIT 3,78745,2,NA,https://abc.austintexas.gov/web/permit/public-search-other?t_detail=1&t_selected_folderrsn=692668,6715 WINDRIFT WAY UNIT 3,NA,Austin,Texas,United States,2
9501 Lynnhaven St,Detached Garage.,2002-07-31,1,1,9501 LYNNHAVEN ST,78749,8,NA,https://abc.austintexas.gov/web/permit/public-search-other?t_detail=1&t_selected_folderrsn=692887,9501 LYNNHAVEN STREET,NA,Austin,Texas,United States,2
6715 Windrift Way Unit 2,New Two Story Condo W/Att Garage & Covered Porch,2002-07-31,NA,2,6715 WINDRIFT WAY UNIT 2,78745,2,NA,https://abc.austintexas.gov/web/permit/public-search-other?t_detail=1&t_selected_folderrsn=692667,6715 WINDRIFT WAY UNIT 2,NA,Austin,Texas,United States,2
3507 Cherry Ln,New Detached Garage,2002-07-09,NA,1,3507 CHERRY LN,78703,10,NA,https://abc.austintexas.gov/web/permit/public-search-other?t_detail=1&t_selected_folderrsn=691647,3507 CHERRY LANE,NA,Austin,Texas,United States,2
2001 Marcus Abrams Blvd,New Sf Residence W/ Attached Garage Covered Porch,2002-07-11,1,1,2001 MARCUS ABRAMS BLVD,78748,5,NA,https://abc.austintexas.gov/web/permit/public-search-other?t_detail=1&t_selected_folderrsn=696471,2001 MARCUS ABRAMS BOULEVARD,NA,Austin,Texas,United States,2
1309 W St Johns Ave Unit B,To Finish 2 Stry 2 Family Residence Refer To #01015730,2002-07-30,NA,2,1309 W ST JOHNS AVE UNIT B,78757,7,NA,https://abc.austintexas.gov/web/permit/public-search-other?t_detail=1&t_selected_folderrsn=693019,1309 WEST STREET JOHNS AVE UNIT B,NA,Austin,Texas,United States,2
6715 Windrift Way Unit 1,New Two Story Condo W/Att Garage Covered Patio & Porch,2002-07-31,NA,2,6715 WINDRIFT WAY UNIT 1,78745,2,NA,https://abc.austintexas.gov/web/permit/public-search-other?t_detail=1&t_selected_folderrsn=751745,6715 WINDRIFT WAY UNIT 1,NA,Austin,Texas,United States,2
903 W Annie St,New Detached Single Family Apartment (Ldc 25-2-774),2002-07-24,1,1,903 W ANNIE ST,78704,9,NA,https://abc.austintexas.gov/web/permit/public-search-other?t_detail=1&t_selected_folderrsn=692860,903 WEST ANNIE STREET,NA,Austin,Texas,United States,2
313 Venetian Cv,New 1 Sty Residence W.Att Garage Cvd Porch-Patio Uncvd Patio,2002-07-09,1,1,313 VENETIAN CV,78748,5,NA,https://abc.austintexas.gov/web/permit/public-search-other?t_detail=1&t_selected_folderrsn=691916,313 VENETIAN CV,NA,Austin,Texas,United States,2
6348 Tasajillo Trl,New 2sty Residence W/Att Garage & Covered Porch  & Covered Patio,2002-07-22,1,2,6348 TASAJILLO TRL,78739,8,NA,https://abc.austintexas.gov/web/permit/public-search-other?t_detail=1&t_selected_folderrsn=691902,6348 TASAJILLO TRAIL,NA,Austin,Texas,United States,2
11301 Blairview Ln,New Two Story Res W/Att Garage Covered Porch & Uncovered Patio,2002-08-22,NA,2,11301 BLAIRVIEW LN,78748,5,NA,https://abc.austintexas.gov/web/permit/public-search-other?t_detail=1&t_selected_folderrsn=693502,11301 BLAIRVIEW LANE,NA,Austin,Texas,United States,2
8019 Dark Valley Cv,New Sf Residence W/ Attached Garage Covered Porch Covered Patio,2002-05-20,NA,1,8019 DARK VALLEY CV,78737,8,NA,https://abc.austintexas.gov/web/permit/public-search-other?t_detail=1&t_selected_folderrsn=693221,8019 DARK VALLEY CV,NA,Austin,Texas,United States,2
201 Brazos St,Relocate Building From 1605 Toomey Road,2002-05-14,NA,NA,201 BRAZOS ST,78701,9,NA,https://abc.austintexas.gov/web/permit/public-search-other?t_detail=1&t_selected_folderrsn=690876,201 BRAZOS STREET,NA,Austin,Texas,United States,2
2420 Lynnbrook Dr,New Two Story Res W/Att Garage Covered Patio & Porch,2002-06-03,NA,2,2420 LYNNBROOK DR,78748,5,NA,https://abc.austintexas.gov/web/permit/public-search-other?t_detail=1&t_selected_folderrsn=691051,2420 LYNNBROOK DRIVE,NA,Austin,Texas,United States,2
1501 Easy St,New Sf Residence W/ Attached Garage Circular Drive Covered Patio Covered Porch,2002-07-01,1,1,1501 EASY ST,78746,8,NA,https://abc.austintexas.gov/web/permit/public-search-other?t_detail=1&t_selected_folderrsn=692322,1501 EASY STREET,NA,Austin,Texas,United States,2
9113 Hopeland Dr,New 2 Sty Residence W.Att Garage  Cvd Porch-Uncvd Patio,2002-05-22,NA,2,9113 HOPELAND DR,78749,8,NA,https://abc.austintexas.gov/web/permit/public-search-other?t_detail=1&t_selected_folderrsn=691071,9113 HOPELAND DRIVE,NA,Austin,Texas,United States,2
12208 Cascade Caverns Trl,Temporary Construction Trailer,2002-07-02,1,1,12208 CASCADE CAVERNS TRL,78739,8,NA,https://abc.austintexas.gov/web/permit/public-search-other?t_detail=1&t_selected_folderrsn=692179,12208 CASCADE CAVERNS TRAIL,NA,Austin,Texas,United States,2
7708 San Felipe Blvd Unit P,New Multi-Family Townhome (5522sf) W/Garage (1080sf),2002-05-14,4,2,7708 SAN FELIPE BLVD UNIT P,78729,6,NA,https://abc.austintexas.gov/web/permit/public-search-other?t_detail=1&t_selected_folderrsn=751835,7708 SAN FELIPE BOULEVARD UNIT P,NA,Austin,Texas,United States,2
328 Middle Ground Cv,New One Story Res W/Att Garage Porch & Uncovered Patio,2002-06-20,NA,1,328 MIDDLE GROUND CV,78748,5,NA,https://abc.austintexas.gov/web/permit/public-search-other?t_detail=1&t_selected_folderrsn=755952,328 MIDDLE GROUND CV,NA,Austin,Texas,United States,2
517 River Rd,New Sf Residence W/ Garage Attached By Breezeway Covered Porch Balcony Storage Attached To Garage,2002-06-11,NA,2,517 RIVER RD,78734,10,NA,https://abc.austintexas.gov/web/permit/public-search-other?t_detail=1&t_selected_folderrsn=690843,517 RIVER ROAD,NA,Austin,Texas,United States,2
6300 Hickman Ave,New Detached Structure To Create 2 Fam Res (Ldc-25-2-774),2002-06-27,2,1,6300 HICKMAN AVE,78723,4,NA,https://abc.austintexas.gov/web/permit/public-search-other?t_detail=1&t_selected_folderrsn=749192,6300 HICKMAN AVE,NA,Austin,Texas,United States,2
6504 Nusser Ln,New Sf Residence W/ Attached Garage Covered Porch Covered Patio,2002-04-25,NA,2,6504 NUSSER LN,78739,8,NA,https://abc.austintexas.gov/web/permit/public-search-other?t_detail=1&t_selected_folderrsn=694937,6504 NUSSER LANE,NA,Austin,Texas,United States,2
9516 Lynnhaven St,New Two Story Res W/Att  Covered Patio & Porch,2002-05-03,NA,2,9516 LYNNHAVEN ST,78749,8,NA,https://abc.austintexas.gov/web/permit/public-search-other?t_detail=1&t_selected_folderrsn=690886,9516 LYNNHAVEN STREET,NA,Austin,Texas,United States,2
8311 Riverstone Dr,New Manufactured Home W/Wd Decks,2002-04-01,NA,1,8311 RIVERSTONE DR,78724,1,NA,https://abc.austintexas.gov/web/permit/public-search-other?t_detail=1&t_selected_folderrsn=692520,8311 RIVERSTONE DRIVE,NA,Austin,Texas,United States,2
3406 NEAL ST,New Swimming Pool & Spa,2002-05-07,NA,1,3406 NEAL ST,78702,3,NA,https://abc.austintexas.gov/web/permit/public-search-other?t_detail=1&t_selected_folderrsn=690801,3406 NEAL STREET,NA,Austin,Texas,United States,2
7404 Twilight Mesa Dr,New Sf Residence W/  Attached Garage Covered Porch Covered Patio,2002-05-01,NA,2,7404 TWILIGHT MESA DR,78737,8,NA,https://abc.austintexas.gov/web/permit/public-search-other?t_detail=1&t_selected_folderrsn=690202,7404 TWILIGHT MESA DRIVE,NA,Austin,Texas,United States,2
6704 O'Henry Cv,2-Story Duplex W/ Attached Garage Covered Porch Patio & Uncovered Patio.,2002-05-13,2,2,6704 O HENRY CV,78731,10,NA,https://abc.austintexas.gov/web/permit/public-search-other?t_detail=1&t_selected_folderrsn=690668,6704 O HENRY CV,NA,Austin,Texas,United States,2
1802 Brackenridge St,New Detached 2 Sty Garage-Study/Bath (See 2012-062572),2002-04-15,1,2,1802 BRACKENRIDGE ST,78704,9,NA,https://abc.austintexas.gov/web/permit/public-search-other?t_detail=1&t_selected_folderrsn=690201,1802 BRACKENRIDGE STREET,NA,Austin,Texas,United States,2
7800 Old Bee Caves Rd,Move Man. Home On To Lot And Connect Services,2002-05-02,NA,1,7800 OLD BEE CAVES RD,78735,8,NA,https://abc.austintexas.gov/web/permit/public-search-other?t_detail=1&t_selected_folderrsn=761648,7800 OLD BEE CAVES ROAD,NA,Austin,Texas,United States,2
6704 Manchaca Rd Unit 33,2-Story Sf Res. W/ Attached Garage Carport Covered Porch & Patio.,2002-05-09,NA,2,6704 MENCHACA RD UNIT 33,78745,5,NA,https://abc.austintexas.gov/web/permit/public-search-other?t_detail=1&t_selected_folderrsn=690730,6704 MENCHACA ROAD UNIT 33,NA,Austin,Texas,United States,2
6512 Goodall Ct,2-Story Sf Res. W/ Attached Garage Covered Porch & Uncovered Patio.,2002-05-13,NA,2,6512 GOODALL CT,78739,8,NA,https://abc.austintexas.gov/web/permit/public-search-other?t_detail=1&t_selected_folderrsn=692766,6512 GOODALL CT,NA,Austin,Texas,United States,2
8005 Forest Wood Rd,New Manufactured Home W/Porch-Patio,2002-04-30,1,1,8005 FOREST WOOD RD,78745,5,NA,https://abc.austintexas.gov/web/permit/public-search-other?t_detail=1&t_selected_folderrsn=690648,8005 FOREST WOOD ROAD,NA,Austin,Texas,United States,2
905 Valdez St,Move Manufactured Home Onto Lot & Add A Carport,2002-04-12,NA,1,905 VALDEZ ST,78741,3,NA,https://abc.austintexas.gov/web/permit/public-search-other?t_detail=1&t_selected_folderrsn=689758,905 VALDEZ STREET,NA,Austin,Texas,United States,2
506 W 51st St,New Detached Secondary Resid Ldc 25-2-774,2002-04-02,NA,2,506 W 51ST ST,78751,9,NA,https://abc.austintexas.gov/web/permit/public-search-other?t_detail=1&t_selected_folderrsn=693790,506 WEST 51ST STREET,NA,Austin,Texas,United States,2
7416 Carissa Cv,New 3sty Residence W.Att Garage Cvd Porch -Patios- Balcony,2002-02-08,NA,3,7416 CARISSA CV,78759,6,NA,https://abc.austintexas.gov/web/permit/public-search-other?t_detail=1&t_selected_folderrsn=686714,7416 CARISSA CV,NA,Austin,Texas,United States,2
6926 Covered Bridge Dr,New Model Home W/Att Garage Covered Patio & Porch,2002-03-12,NA,1,6926 COVERED BRIDGE DR,78736,8,NA,https://abc.austintexas.gov/web/permit/public-search-other?t_detail=1&t_selected_folderrsn=688966,6926 COVERED BRIDGE DRIVE,NA,Austin,Texas,United States,2
2501 Nueces St Unit 2,New Townhome - Bldg 2,2002-02-14,1,3,2501 NUECES ST UNIT 2,78705,9,NA,https://abc.austintexas.gov/web/permit/public-search-other?t_detail=1&t_selected_folderrsn=688443,2501 NUECES STREET UNIT 2,NA,Austin,Texas,United States,2
14221 Ballycastle Trl,2-Story Sf Res. W/ Attached Garage Covered Porch & Patio.,2002-02-27,1,2,14221 BALLYCASTLE TRL,78717,6,NA,https://abc.austintexas.gov/web/permit/public-search-other?t_detail=1&t_selected_folderrsn=688806,14221 BALLYCASTLE TRAIL,NA,Austin,Texas,United States,2
6922 Covered Bridge Dr,New Model Home  W/ Att Gar CovD Porch CovD Patio And Wood Deck,2002-03-07,NA,2,6922 COVERED BRIDGE DR,78736,8,NA,https://abc.austintexas.gov/web/permit/public-search-other?t_detail=1&t_selected_folderrsn=717016,6922 COVERED BRIDGE DRIVE,NA,Austin,Texas,United States,2
9901 Pumpkin Ridge Ct,Add 2nd Story Bonus Room,2002-01-30,1,2,9901 PUMPKIN RIDGE CT,78717,6,NA,https://abc.austintexas.gov/web/permit/public-search-other?t_detail=1&t_selected_folderrsn=753278,9901 PUMPKIN RIDGE CT,NA,Austin,Texas,United States,2
2103 Cullen Ave,New Detached 1st & 2nd Sty Accessory Guest House W/Cvd Patio,2002-03-04,NA,2,2103 CULLEN AVE,78757,7,NA,https://abc.austintexas.gov/web/permit/public-search-other?t_detail=1&t_selected_folderrsn=689040,2103 CULLEN AVE,NA,Austin,Texas,United States,2
2103 Cullen Ave,New 2 Sty Garage Apt (1st Fl Gar 2nd Fl( Max Of 850 Sq Ft Of  Living Area)2nd Fl Balcony,2002-03-04,2,2,2103 CULLEN AVE,78757,7,NA,https://abc.austintexas.gov/web/permit/public-search-other?t_detail=1&t_selected_folderrsn=689036,2103 CULLEN AVE,NA,Austin,Texas,United States,2
