project_name,description,issued_date,housing_units,number_of_floors,original_address_1,original_zip,council_district,completed_date,link,clean_address,clean_address_2,city,state,country,"gl(n(), chunk_size, length = n())"
3811 GRAYSON LN BLDG 2,Bldg. 2:  New single story SFR with 2 bedrooms 2 bathrooms covered front porch and uncovered wood deck.,2026-06-02,1,1,3811 GRAYSON LN BLDG 2,78722,9,NA,https://abc.austintexas.gov/web/permit/public-search-other?t_detail=1&t_selected_folderrsn=13705570,3811 GRAYSON LANE BLDG 2,NA,Austin,Texas,United States,1
8622 CHALGRIN PL,*Green Building* New 2-story 4 bedroom 3.5 bathroom single family residence with attached garage covered front porch and side covered patio.,2026-06-02,1,2,8622 CHALGRIN PL,78744,2,NA,https://abc.austintexas.gov/web/permit/public-search-other?t_detail=1&t_selected_folderrsn=13711620,8622 CHALGRIN PLACE,NA,Austin,Texas,United States,1
8103 ERMIS FARM RD,PB CONDO: New construction of a 2-story single family dwelling in a condo regime. 3 BEDROOMS 2.5 BATHROOM ATTACHED 2 CAR GARAGE,2026-06-02,1,2,8103 ERMIS FARM RD,78745,5,NA,https://abc.austintexas.gov/web/permit/public-search-other?t_detail=1&t_selected_folderrsn=13700030,8103 ERMIS FARM ROAD,NA,Austin,Texas,United States,1
10929 TALLSALT DR,New construction of SFR,2026-04-23,1,2,10929 TALLSALT DR,78754,1,NA,https://abc.austintexas.gov/web/permit/public-search-other?t_detail=1&t_selected_folderrsn=13690276,10929 TALLSALT DRIVE,NA,Austin,Texas,United States,1
8010 BIRD SONG CIR,New construction of 2 story duplex condo each with 3 beds 2.5 baths and attached garage (Unit B),2026-04-22,1,2,8010 BIRD SONG CIR,78745,5,NA,https://abc.austintexas.gov/web/permit/public-search-other?t_detail=1&t_selected_folderrsn=13690851,8010 BIRD SONG CIR,NA,Austin,Texas,United States,1
2710 ENFIELD RD UNIT B,UNIT B:  New duplex unit front unit.   1-car garage covered porch 3 bedroom 3.5 bathroom loft.,2026-04-20,1,2,2710 ENFIELD RD UNIT B,78703,10,NA,https://abc.austintexas.gov/web/permit/public-search-other?t_detail=1&t_selected_folderrsn=13688926,2710 ENFIELD ROAD UNIT B,NA,Austin,Texas,United States,1
4512 LAVA ISLAND DR,Falcon S404 A Left New - 2 Story SFR w/ 4 bedrooms 2.5 bathrooms attached 2 car garage covered entry porch and patio required parking: 2.,2026-03-11,1,2,4512 LAVA ISLAND DR,78747,5,NA,https://abc.austintexas.gov/web/permit/public-search-other?t_detail=1&t_selected_folderrsn=13667272,4512 LAVA ISLAND DRIVE,NA,Austin,Texas,United States,1
806 VARGAS RD,BLDG 2: New Single story SFR,2026-01-26,1,1,806 VARGAS RD,78741,3,NA,https://abc.austintexas.gov/web/permit/public-search-other?t_detail=1&t_selected_folderrsn=13535494,806 VARGAS ROAD,NA,Austin,Texas,United States,1
9117 CORVALLIS DR,Pizarro S414 A Right New - 1 Story SFR w/ 4 bedrooms 3 bathrooms attached 2 car garage covered entry porch and patio required parking: 2.,2026-01-22,1,1,9117 CORVALLIS DR,78747,2,NA,https://abc.austintexas.gov/web/permit/public-search-other?t_detail=1&t_selected_folderrsn=13643046,9117 CORVALLIS DRIVE,NA,Austin,Texas,United States,1
300 W MOCKINGBIRD LN BLDG 1,New 2-story 3 bedroom 2.5 bathroom dwelling unit with attached garage covered front porch rear covered patio and 2nd floor covered balcony.,2025-11-06,1,2,300 W MOCKINGBIRD LN BLDG 1,78745,3,NA,https://abc.austintexas.gov/web/permit/public-search-other?t_detail=1&t_selected_folderrsn=13609294,300 WEST MOCKINGBIRD LANE BLDG 1,NA,Austin,Texas,United States,1
10121 CURB STRAP DR,PB: New construction of 1 story SFR,2025-06-27,1,1,10121 CURB STRAP DR,78724,1,NA,https://abc.austintexas.gov/web/permit/public-search-other?t_detail=1&t_selected_folderrsn=13538737,10121 CURB STRAP DRIVE,NA,Austin,Texas,United States,1
900 S 2ND ST BLDG 2,SUBCHPTR F 3 story SFR detached Condo,2025-02-25,1,3,900 S 2ND ST BLDG 2,78704,9,NA,https://abc.austintexas.gov/web/permit/public-search-other?t_detail=1&t_selected_folderrsn=12870739,900 SOUTH 2ND STREET BLDG 2,NA,Austin,Texas,United States,1
4000 CLAWSON RD,New Townhomes Building 3 Unit A-D,2024-03-18,1,3,4000 CLAWSON RD,78704,5,NA,https://abc.austintexas.gov/web/permit/public-search-other?t_detail=1&t_selected_folderrsn=13297810,4000 CLAWSON ROAD,NA,Austin,Texas,United States,1
1600 WHELESS LN,New 3 bedroom 21/2 bath 2 story single family house with attached garage. MAIN STRUCTURE,2020-03-04,1,2,1600 WHELESS LN,78723,4,NA,https://abc.austintexas.gov/web/permit/public-search-other?t_detail=1&t_selected_folderrsn=12325297,1600 WHELESS LANE,NA,Austin,Texas,United States,1
10136 MILLA CIR,New 2 story Contruction with att garage,2012-05-09,1,2,10136 MILLA CIR,78748,5,NA,https://abc.austintexas.gov/web/permit/public-search-other?t_detail=1&t_selected_folderrsn=10764018,10136 MILLA CIR,NA,Austin,Texas,United States,1
1903 E 17TH ST,New garage apartment.,2012-05-02,2,2,1903 E 17TH ST,78702,1,NA,https://abc.austintexas.gov/web/permit/public-search-other?t_detail=1&t_selected_folderrsn=10758293,1903 EAST 17TH STREET,NA,Austin,Texas,United States,1
1209 JUSTIN LN,withdrawn refer to 2008-015626  3-20-08sbenavidez...New 2-story duplex (two-family) residence detached garage covered porch and patio uncovered balcony.,2007-04-19,2,2,1209 JUSTIN LN,78757,7,NA,https://abc.austintexas.gov/web/permit/public-search-other?t_detail=1&t_selected_folderrsn=10019322,1209 JUSTIN LANE,NA,Austin,Texas,United States,1
12540 Campana Dr,New Sf Residence W/ Attached Garage  CovD Porch  CovD Patio (Smart Housing),2005-03-03,1,1,12540 CAMPANA DR,78617,2,NA,https://abc.austintexas.gov/web/permit/public-search-other?t_detail=1&t_selected_folderrsn=717477,12540 CAMPANA DRIVE,NA,Austin,Texas,United States,1
15996 N I 35 Svc Rd Sb Bldg 1,Modular** Model** Home On Existing Mobile Home Sales Lot,2005-08-11,NA,NA,15996 N IH 35 SVRD SB BLDG 1,78728,7,NA,https://abc.austintexas.gov/web/permit/public-search-other?t_detail=1&t_selected_folderrsn=762521,15996 NORTH INTERSTATE 35 SVRD SB BLDG 1,NA,Austin,Texas,United States,1
2108 Tillery St,New Two Family Residential (Ldc 25-2774),2005-06-28,NA,NA,2108 TILLERY ST,78723,1,NA,https://abc.austintexas.gov/web/permit/public-search-other?t_detail=1&t_selected_folderrsn=721306,2108 TILLERY STREET,NA,Austin,Texas,United States,1
3105 NORTHEAST DR,"ePlan: Residential Expedited Review - New THREE UNIT RES.
Bldg 1: New construction of a 2-Story Single Family Res. [4bed 3bath] with Attached Garage. 3105 Northeast Dr.",2026-05-09,1,2,3105 NORTHEAST DR,78723,4,NA,https://abc.austintexas.gov/web/permit/public-search-other?t_detail=1&t_selected_folderrsn=13588334,3105 NORTHEAST DRIVE,NA,Austin,Texas,United States,1
4900 EASTON LN,Cascade 330-T-L Is a New one-story single family residence with (3) bedrooms (2) bathrooms an attached two-car garage and a covered entry porch and patio.,2026-06-02,1,1,4900 EASTON LN,78617,2,NA,https://abc.austintexas.gov/web/permit/public-search-other?t_detail=1&t_selected_folderrsn=13711496,4900 EASTON LANE,NA,Austin,Texas,United States,1
5808 VAN WINKLE LN,"Two Stry Res W/Breezway Att Gar&Covered Porch

5/22/26 Life safety inspection to occur for purposes of establishing CO.",2026-05-22,1,2,5808 VAN WINKLE LN,78739,8,NA,https://abc.austintexas.gov/web/permit/public-search-other?t_detail=1&t_selected_folderrsn=630385,5808 VAN WINKLE LANE,NA,Austin,Texas,United States,1
9512 WIGGY WAY,New construction single-family residential 1-story 4 bedroom 3 bedroom with attached 3-car garage covered front porch and covered rear patio.,2026-05-21,1,1,9512 WIGGY WAY,78744,2,NA,https://abc.austintexas.gov/web/permit/public-search-other?t_detail=1&t_selected_folderrsn=13707959,9512 WIGGY WAY,NA,Austin,Texas,United States,1
1207 DWYCE DR,ePlan: Residential Expedited Review - New Construction of a 2-Story Single Family Res. [4bed 4bath] with attached garage,2026-05-15,1,2,1207 DWYCE DR,78757,7,NA,https://abc.austintexas.gov/web/permit/public-search-other?t_detail=1&t_selected_folderrsn=13704977,1207 DWYCE DRIVE,NA,Austin,Texas,United States,1
6400 LAUTNER LN,"New construction of 2 story sfr condo with 3 beds 2.5 baths and attached 2 car garage

PUD",2026-05-11,1,2,6400 LAUTNER LN,78747,2,NA,https://abc.austintexas.gov/web/permit/public-search-other?t_detail=1&t_selected_folderrsn=13700350,6400 LAUTNER LANE,NA,Austin,Texas,United States,1
11212 KOKO CAYUSE TRL,*PB* New construction of 2 Story SFR with attached garage and covered patio and porch 4/3,2026-05-20,1,2,11212 KOKO CAYUSE TRL,78653,1,NA,https://abc.austintexas.gov/web/permit/public-search-other?t_detail=1&t_selected_folderrsn=13704677,11212 KOKO CAYUSE TRAIL,NA,Austin,Texas,United States,1
7205 EAGLE ROSE RD,"New 1-story single family residence 3 bedrooms/2 bathrooms attached garage covered porch and patio

PUD",2026-05-05,1,1,7205 EAGLE ROSE RD,78744,2,NA,https://abc.austintexas.gov/web/permit/public-search-other?t_detail=1&t_selected_folderrsn=13698547,7205 EAGLE ROSE ROAD,NA,Austin,Texas,United States,1
6311 ROTUNDA VW,"New construction of sfr with 3 beds 2 baths 2 car garage alley access

PUD",2026-05-24,1,1,6311 ROTUNDA VW,78747,2,NA,https://abc.austintexas.gov/web/permit/public-search-other?t_detail=1&t_selected_folderrsn=13708393,6311 ROTUNDA VW,NA,Austin,Texas,United States,1
4816 ABERDEEN DR BLDG 2,Bldg 2 New Construction of  3-Story Single Family Res. [3bed 2.5bath],2026-05-21,1,3,4816 ABERDEEN DR BLDG 2,78745,3,NA,https://abc.austintexas.gov/web/permit/public-search-other?t_detail=1&t_selected_folderrsn=13707328,4816 ABERDEEN DRIVE BLDG 2,NA,Austin,Texas,United States,1
12183 WINDY RIDGE RD,New 2-story single family residence 4 bed/3.5 bath attached garage covered patio and porch water service by well and septic for WW.,2026-05-06,1,2,12183 WINDY RIDGE RD,78726,6,NA,https://abc.austintexas.gov/web/permit/public-search-other?t_detail=1&t_selected_folderrsn=13668818,12183 WINDY RIDGE ROAD,NA,Austin,Texas,United States,1
1708 COLLIER ST BLDG 1,Bldg 1: New construction of 3 story SFR 3 bedroom 2.5 bath w/ covered porch and patio,2026-06-03,1,3,1708 COLLIER ST BLDG 1,78704,5,NA,https://abc.austintexas.gov/web/permit/public-search-other?t_detail=1&t_selected_folderrsn=13708640,1708 COLLIER STREET BLDG 1,NA,Austin,Texas,United States,1
1812 MARGARET ST UNIT A,ePlan: Residential Expedited Review - New construction of a 2-Story Duplex [4bed 4bath]. Unit A,2026-05-01,1,2,1812 MARGARET ST UNIT A,78704,5,NA,https://abc.austintexas.gov/web/permit/public-search-other?t_detail=1&t_selected_folderrsn=13695853,1812 MARGARET STREET UNIT A,NA,Austin,Texas,United States,1
1508 MADISON AVE,ePlan: Residential Expedited Review - New construction of a 2-Story Single Family Res. [5bed 4bath] with Habitable Attic and Attached Carport.,2026-05-22,1,2,1508 MADISON AVE,78757,7,NA,https://abc.austintexas.gov/web/permit/public-search-other?t_detail=1&t_selected_folderrsn=13709157,1508 MADISON AVE,NA,Austin,Texas,United States,1
8000 BIRD SONG CIR,*PRODUCTION BUILDER- CONDO* - New construction of a 2-story single family dwelling in a condo regime. Duplex 3 bedroom 2.5 bath with attached garage (Unit A),2026-05-04,1,2,8000 BIRD SONG CIR,78745,5,NA,https://abc.austintexas.gov/web/permit/public-search-other?t_detail=1&t_selected_folderrsn=13696875,8000 BIRD SONG CIR,NA,Austin,Texas,United States,1
9701 MURMURING CREEK DR BLDG 2,New 1-story 2 bedroom 1 bathroom dwelling unit.,2026-05-12,1,1,9701 MURMURING CREEK DR BLDG 2,78736,8,NA,https://abc.austintexas.gov/web/permit/public-search-other?t_detail=1&t_selected_folderrsn=13701290,9701 MURMURING CREEK DRIVE BLDG 2,NA,Austin,Texas,United States,1
13208 KEEFER DR,Randall 3314 C Right New - 2 Story SFR CONDOMINUM w/ 3 bedrooms 2.5 bathrooms attached 2 car garage covered entry porch and patio FFE: 681.34 Site Plan: SP-2021-0328C Site Plan Exp.: 01/09/27 Max Bld height: 30-9 Actual Bld height: 30-9 required parking: 2.,2026-05-01,1,2,13208 KEEFER DR,78652,5,NA,https://abc.austintexas.gov/web/permit/public-search-other?t_detail=1&t_selected_folderrsn=13694452,13208 KEEFER DRIVE,NA,Austin,Texas,United States,1
9405 CORVALLIS DR,Eastland S352 B Left New - 1 Story SFR w/ 3 bedrooms 2 bathrooms attached 2 car garage covered entry porch and patio required parking: 2.,2026-05-30,1,1,9405 CORVALLIS DR,78747,2,NA,https://abc.austintexas.gov/web/permit/public-search-other?t_detail=1&t_selected_folderrsn=13711583,9405 CORVALLIS DRIVE,NA,Austin,Texas,United States,1
17110 RADIANT DR,"New construction of 1 story SFR 4 beds 2 baths

PUD",2026-05-08,1,1,17110 RADIANT DR,78653,1,NA,https://abc.austintexas.gov/web/permit/public-search-other?t_detail=1&t_selected_folderrsn=13614971,17110 RADIANT DRIVE,NA,Austin,Texas,United States,1
8106 BIRD SONG CIR,New construction of 2 story Duplex Condo each with 3 beds 2.5 baths and attached garage (8104 and 8106 Bird Song) - Unit B,2026-04-29,1,2,8106 BIRD SONG CIR,78745,5,NA,https://abc.austintexas.gov/web/permit/public-search-other?t_detail=1&t_selected_folderrsn=13694427,8106 BIRD SONG CIR,NA,Austin,Texas,United States,1
4115 AVENUE D,ePlan: Commercial Expedited Review - New Construction of FourPlex- Retroactive Permitting to work completed without permits (3585 SF),2026-05-28,4,2,4115 AVENUE D,78751,9,NA,https://abc.austintexas.gov/web/permit/public-search-other?t_detail=1&t_selected_folderrsn=13711280,4115 AVENUE D,NA,Austin,Texas,United States,1
7604 MULLEN DR,ePlan: Residential Expedited Review - New construction of a 1-Story Single Family Res. [5bed 4bath] with Attached Garage.,2026-05-08,1,1,7604 MULLEN DR,78757,7,NA,https://abc.austintexas.gov/web/permit/public-search-other?t_detail=1&t_selected_folderrsn=13688433,7604 MULLEN DRIVE,NA,Austin,Texas,United States,1
8019 ERMIS FARM RD,New 2-story single family dwelling condo 4 Bed/3.5 bath with attached garage and covered patio,2026-05-04,1,2,8019 ERMIS FARM RD,78745,5,NA,https://abc.austintexas.gov/web/permit/public-search-other?t_detail=1&t_selected_folderrsn=13696939,8019 ERMIS FARM ROAD,NA,Austin,Texas,United States,1
4812 BRIDWELL LN,New single family residence with 4 bedrooms 3 bathrooms and attached garage and covered patio,2026-04-29,1,1,4812 BRIDWELL LN,78754,1,NA,https://abc.austintexas.gov/web/permit/public-search-other?t_detail=1&t_selected_folderrsn=13693217,4812 BRIDWELL LANE,NA,Austin,Texas,United States,1
8737 BIRMINGHAM DR,new construction - new 19x14 single story closed structure that will be on pier and beam foundation. electric is needed for outlets and lights as well as a mini split system.,2026-05-19,1,1,8737 BIRMINGHAM DR,78748,5,NA,https://abc.austintexas.gov/web/permit/public-search-other?t_detail=1&t_selected_folderrsn=13704658,8737 BIRMINGHAM DRIVE,NA,Austin,Texas,United States,1
1704 MIRIAM AVE UNIT 1B,Unit 1B: New construction three-unit use duplex residential: Unit 1B: 3 bedroom 3 bath.,2026-05-20,1,2,1704 MIRIAM AVE UNIT 1B,78702,1,NA,https://abc.austintexas.gov/web/permit/public-search-other?t_detail=1&t_selected_folderrsn=13704072,1704 MIRIAM AVE UNIT 1B,NA,Austin,Texas,United States,1
4807 NATIVE PEARL LN,New single family residence - 2 story 3 bed/2.5 bath 2335 sqft living with attached garage,2026-06-02,1,2,4807 NATIVE PEARL LN,78754,1,NA,https://abc.austintexas.gov/web/permit/public-search-other?t_detail=1&t_selected_folderrsn=13712252,4807 NATIVE PEARL LANE,NA,Austin,Texas,United States,1
6403 ROTUNDA VW,New 2 Story SFR 4 bed 3 bath 2 care garage alley access,2026-06-03,1,2,6403 ROTUNDA VW,78747,2,NA,https://abc.austintexas.gov/web/permit/public-search-other?t_detail=1&t_selected_folderrsn=13714290,6403 ROTUNDA VW,NA,Austin,Texas,United States,1
1801 FAIR OAKS DR UNIT A,UNIT A: New 2-story 3 bedroom 2.5 bathroom duplex residence with attached carport covered front porch and rear covered patio.,2026-05-22,1,2,1801 FAIR OAKS DR UNIT A,78745,5,NA,https://abc.austintexas.gov/web/permit/public-search-other?t_detail=1&t_selected_folderrsn=13708683,1801 FAIR OAKS DRIVE UNIT A,NA,Austin,Texas,United States,1
1911 PASADENA DR,ePlan: Residential Expedited Review - New Construction of 2-Story Single Family Res [5bed 4.5bath] with Habitable Attic  and attached garage,2026-05-07,1,2,1911 PASADENA DR,78757,7,NA,https://abc.austintexas.gov/web/permit/public-search-other?t_detail=1&t_selected_folderrsn=13700012,1911 PASADENA DRIVE,NA,Austin,Texas,United States,1
605 E 55TH ST BLDG 2,"*Type 2 RESIDENTIAL AFFORDABLE HOUSING DEVELOPMENT BONUS PROGRAM* 
ePlan: Residential Expedited Review - New construction of a 2-Story Single Family Res. [2bed 1.5bath]. Bldg 2",2026-05-11,1,2,605 E 55TH ST BLDG 2,78751,4,NA,https://abc.austintexas.gov/web/permit/public-search-other?t_detail=1&t_selected_folderrsn=13700453,605 EAST 55TH STREET BLDG 2,NA,Austin,Texas,United States,1
5001 PECAN SPRINGS RD BLDG 8,SP Condo: New 3 story single family residence with 3 bedrooms 3.5 baths covered patio and 2 car garage,2026-05-11,1,3,5001 PECAN SPRINGS RD BLDG 8,78723,1,NA,https://abc.austintexas.gov/web/permit/public-search-other?t_detail=1&t_selected_folderrsn=13700966,5001 PECAN SPRINGS ROAD BLDG 8,NA,Austin,Texas,United States,1
902 W JOHANNA ST BLDG 1,Building 1 Home: New construction of two-unit residential homes.,2026-05-08,1,2,902 W JOHANNA ST BLDG 1,78704,3,NA,https://abc.austintexas.gov/web/permit/public-search-other?t_detail=1&t_selected_folderrsn=13687928,902 WEST JOHANNA STREET BLDG 1,NA,Austin,Texas,United States,1
8013 ERMIS FARM RD,PB Condo: New construction of a 2-story single family dwelling in a condo regime. 3 bedrooms 2.5 bath with attached garage,2026-05-06,1,2,8013 ERMIS FARM RD,78745,5,NA,https://abc.austintexas.gov/web/permit/public-search-other?t_detail=1&t_selected_folderrsn=13698147,8013 ERMIS FARM ROAD,NA,Austin,Texas,United States,1
11209 GOLDEN CLOUD BND,New two-story SFR *PRODUCTION BUILDER- GREEN BUILDING*,2026-05-08,1,2,11209 GOLDEN CLOUD BND,78653,1,NA,https://abc.austintexas.gov/web/permit/public-search-other?t_detail=1&t_selected_folderrsn=13699798,11209 GOLDEN CLOUD BND,NA,Austin,Texas,United States,1
14717 INCH WORM RD,New 1-story single family residence 4 bedroom 2 bath 2 car garage covered patio and porch,2026-05-11,1,2,14717 INCH WORM RD,78617,2,NA,https://abc.austintexas.gov/web/permit/public-search-other?t_detail=1&t_selected_folderrsn=13700115,14717 INCH WORM ROAD,NA,Austin,Texas,United States,1
13224 KINCANE DR,New 1-story 3 bedroom 2 bathroom single family residence with attached garage covered front porch and rear covered patio.,2026-05-04,1,1,13224 KINCANE DR,78617,2,NA,https://abc.austintexas.gov/web/permit/public-search-other?t_detail=1&t_selected_folderrsn=13538372,13224 KINCANE DRIVE,NA,Austin,Texas,United States,1
8014 ERMIS FARM RD,New construction of 2 story SFR condo - 3 beds 2.5 baths attached garage covered patio,2026-05-06,1,2,8014 ERMIS FARM RD,78745,5,NA,https://abc.austintexas.gov/web/permit/public-search-other?t_detail=1&t_selected_folderrsn=13698054,8014 ERMIS FARM ROAD,NA,Austin,Texas,United States,1
11004 MYSTIC TIMBER DR,PB: New construction of 1 story sfr - 3 beds 2 baths 2 car garage and covered patio,2026-06-02,1,1,11004 MYSTIC TIMBER DR,78754,1,NA,https://abc.austintexas.gov/web/permit/public-search-other?t_detail=1&t_selected_folderrsn=13712606,11004 MYSTIC TIMBER DRIVE,NA,Austin,Texas,United States,1
4006 MONTAGE PASS,*S.M.A.R.T. HOUSING* *GREEN BUILDING* ePlan: Residential Expedited Review - New construction of a 3-Story Townhome [3bed 3.5bath] with Attached Garage. 4206 MONTAGE PASS,2026-06-02,1,3,4006 MONTAGE PASS,78731,10,NA,https://abc.austintexas.gov/web/permit/public-search-other?t_detail=1&t_selected_folderrsn=13712082,4006 MONTAGE PASS,NA,Austin,Texas,United States,1
1206 MARSHALL LN,New 2-story single family residence 4 bed/4.5 bath with attached carport and covered patio,2026-05-15,1,2,1206 MARSHALL LN,78703,9,NA,https://abc.austintexas.gov/web/permit/public-search-other?t_detail=1&t_selected_folderrsn=13696987,1206 MARSHALL LANE,NA,Austin,Texas,United States,1
605 E 55TH ST BLDG 3,"*Type 2 RESIDENTIAL AFFORDABLE HOUSING DEVELOPMENT BONUS PROGRAM* 
ePlan: Residential Expedited Review - New construction of a 2-Story Single Family Res. [2bed 1.5bath]. Bldg 3",2026-05-11,1,2,605 E 55TH ST BLDG 3,78751,4,NA,https://abc.austintexas.gov/web/permit/public-search-other?t_detail=1&t_selected_folderrsn=13700454,605 EAST 55TH STREET BLDG 3,NA,Austin,Texas,United States,1
8901 PEAFOWL ST,*Green Building* New 2-story 4 bedroom 3 bathroom single family residence with attached garage covered front porch and rear covered patio.,2026-05-14,1,2,8901 PEAFOWL ST,78744,2,NA,https://abc.austintexas.gov/web/permit/public-search-other?t_detail=1&t_selected_folderrsn=13701012,8901 PEAFOWL STREET,NA,Austin,Texas,United States,1
4203 PRICKLY PEAR DR,ePlan: Residential Expedited Review - New Construction of a 2-Story Single Family Res. [4bed 3.5bath] with attached garage,2026-05-11,1,2,4203 PRICKLY PEAR DR,78731,10,NA,https://abc.austintexas.gov/web/permit/public-search-other?t_detail=1&t_selected_folderrsn=13695810,4203 PRICKLY PEAR DRIVE,NA,Austin,Texas,United States,1
8705 SILVERHILL LN,ePlan: Residential Expedited Review - New Construction of 2-Story SF Res [5bed 4bath] with attached garage,2026-05-06,1,2,8705 SILVERHILL LN,78759,10,NA,https://abc.austintexas.gov/web/permit/public-search-other?t_detail=1&t_selected_folderrsn=13692512,8705 SILVERHILL LANE,NA,Austin,Texas,United States,1
3006 FRUTH ST BLDG 1,ePlan: Residential Expedited Review - New construction TWO Unit; Bldg 1 New construction 2-story SF Res [6bed 6bath],2026-05-22,1,2,3006 FRUTH ST BLDG 1,78705,9,NA,https://abc.austintexas.gov/web/permit/public-search-other?t_detail=1&t_selected_folderrsn=13706725,3006 FRUTH STREET BLDG 1,NA,Austin,Texas,United States,1
2956 HIGGINS ST BLDG 1,ePlan: Residential Expedited Review - New Two Units: Bldg 1 New Construction of  2-Story Single Family Res. [3bed 2.5bath] with attached carport,2026-06-02,1,2,2956 HIGGINS ST BLDG 1,78722,1,NA,https://abc.austintexas.gov/web/permit/public-search-other?t_detail=1&t_selected_folderrsn=13706813,2956 HIGGINS STREET BLDG 1,NA,Austin,Texas,United States,1
8015 ERMIS FARM RD,New construction of a 2-story single family dwelling in a condo regime. 3 bedroom 2.5 bath with attached garage,2026-05-05,1,2,8015 ERMIS FARM RD,78745,5,NA,https://abc.austintexas.gov/web/permit/public-search-other?t_detail=1&t_selected_folderrsn=13697632,8015 ERMIS FARM ROAD,NA,Austin,Texas,United States,1
7005 FROG POND BND,*Green Building* New 2-story 4 bedroom 3 bathroom single family residence with attached garage covered front porch and rear covered patio.,2026-06-03,1,2,7005 FROG POND BND,78617,2,NA,https://abc.austintexas.gov/web/permit/public-search-other?t_detail=1&t_selected_folderrsn=13712936,7005 FROG POND BND,NA,Austin,Texas,United States,1
10601 BROWNIE DR BLDG 1,ePlan: Residential Expedited Review - Three Unit - Bldg 1 New Construction of  2-Story SF Res [3bed 2.5bath] w/ attached garage,2026-06-01,1,2,10601 BROWNIE DR BLDG 1,78753,4,NA,https://abc.austintexas.gov/web/permit/public-search-other?t_detail=1&t_selected_folderrsn=13712999,10601 BROWNIE DRIVE BLDG 1,NA,Austin,Texas,United States,1
6107 CADDIE ST,New 1-story 3 bedroom 2.5 bathroom single family residence with covered porches.,2026-05-01,1,1,6107 CADDIE ST,78741,3,NA,https://abc.austintexas.gov/web/permit/public-search-other?t_detail=1&t_selected_folderrsn=13695740,6107 CADDIE STREET,NA,Austin,Texas,United States,1
8004 BIRD SONG CIR,New construction of 2 story Duplex Condo each with 3 beds 2.5 baths and attached garage (Unit A),2026-05-14,1,2,8004 BIRD SONG CIR,78745,5,NA,https://abc.austintexas.gov/web/permit/public-search-other?t_detail=1&t_selected_folderrsn=13702732,8004 BIRD SONG CIR,NA,Austin,Texas,United States,1
6403 ARNOLD DR,"ePlan: Residential Expedited Review - New THREE UNIT RES.
Bldg 3: New construction of a 2-Story Single Family Res. [4bed 3bath] with Attached Garage. 6403 Arnold Dr.",2026-05-09,1,2,6403 ARNOLD DR,78723,4,NA,https://abc.austintexas.gov/web/permit/public-search-other?t_detail=1&t_selected_folderrsn=13588336,6403 ARNOLD DRIVE,NA,Austin,Texas,United States,1
7115 EAGLE ROSE RD,*Green Building* New 2-story 4 bedroom 3.5 bathroom single family residence with attached garage covered front porch and rear covered patio.,2026-05-28,1,2,7115 EAGLE ROSE RD,78744,2,NA,https://abc.austintexas.gov/web/permit/public-search-other?t_detail=1&t_selected_folderrsn=13711858,7115 EAGLE ROSE ROAD,NA,Austin,Texas,United States,1
5223 RAGWEED DR,Coolidge 1027-V-R New 2-Story Single Family Residence with (4) bedrooms (3) bathrooms Attached Garage Covered Patio & Porch Cafe & Loft,2026-05-12,1,2,5223 RAGWEED DR,78653,1,NA,https://abc.austintexas.gov/web/permit/public-search-other?t_detail=1&t_selected_folderrsn=13696192,5223 RAGWEED DRIVE,NA,Austin,Texas,United States,1
5019 WEST PARK DR,ePlan: Residential Expedited Review - New construction of a 1-Story Single Family Res. [1bed 1bath],2026-05-19,1,1,5019 WEST PARK DR,78731,7,NA,https://abc.austintexas.gov/web/permit/public-search-other?t_detail=1&t_selected_folderrsn=13702511,5019 WEST PARK DRIVE,NA,Austin,Texas,United States,1
8619 DONGAN DR,New two-story SFR (5br/4ba) with attached garage covered patio and covered porch *PRODUCTION BUILDER- GREEN BUILDING*,2026-04-29,1,2,8619 DONGAN DR,78744,2,NA,https://abc.austintexas.gov/web/permit/public-search-other?t_detail=1&t_selected_folderrsn=13694292,8619 DONGAN DRIVE,NA,Austin,Texas,United States,1
17244 RADIANT DR,*SMART Housing* *Green Building* New 1-story 4 bedroom 2 bathroom single family residence with covered front porch and rear covered patio.,2026-05-08,1,1,17244 RADIANT DR,78653,1,NA,https://abc.austintexas.gov/web/permit/public-search-other?t_detail=1&t_selected_folderrsn=13619538,17244 RADIANT DRIVE,NA,Austin,Texas,United States,1
605 E 55TH ST BLDG 1,"*Type 2 RESIDENTIAL AFFORDABLE HOUSING DEVELOPMENT BONUS PROGRAM* 
ePlan: Residential Expedited Review - New construction of a 2-Story Single Family Res. [2bed 1.5bath]. Bldg 1",2026-05-11,1,2,605 E 55TH ST BLDG 1,78751,4,NA,https://abc.austintexas.gov/web/permit/public-search-other?t_detail=1&t_selected_folderrsn=13700452,605 EAST 55TH STREET BLDG 1,NA,Austin,Texas,United States,1
937 E 53RD ST,BLDG 1: 3 stroy SFR with 4 bedrooms 3 bath covered patio an attached carport.,2026-06-01,1,3,937 E 53RD ST,78751,9,NA,https://abc.austintexas.gov/web/permit/public-search-other?t_detail=1&t_selected_folderrsn=13608639,937 EAST 53RD STREET,NA,Austin,Texas,United States,1
13316 KINCANE DR,1360BR NEW 1 STORY 3 BEDROOM 2 BATH SINGLE FAMILY RESIDENTIAL HOME WITH ATTACHED GARAGE COVERED FRONT PORCH AND REAR PATIO,2026-05-08,1,1,13316 KINCANE DR,78617,2,NA,https://abc.austintexas.gov/web/permit/public-search-other?t_detail=1&t_selected_folderrsn=13698751,13316 KINCANE DRIVE,NA,Austin,Texas,United States,1
2113 HASKELL ST BLDG 3,ePlan: Residential Expedited Review - Three Unit - Bldg 3 New Construction of  2-Story SF Res [3bed 2.5bath] w/ attached carport,2026-06-03,1,2,2113 HASKELL ST BLDG 3,78702,3,NA,https://abc.austintexas.gov/web/permit/public-search-other?t_detail=1&t_selected_folderrsn=13712340,2113 HASKELL STREET BLDG 3,NA,Austin,Texas,United States,1
2000 BREEZE HOLW BLDG 1,Bldg. 1 New two story residence w/ 4 bed 3.5 baths front porch and deck.,2026-05-15,1,2,2000 BREEZE HOLW BLDG 1,78741,9,NA,https://abc.austintexas.gov/web/permit/public-search-other?t_detail=1&t_selected_folderrsn=13703302,2000 BREEZE HOLW BLDG 1,NA,Austin,Texas,United States,1
13206 KEEFER DR,Galloway 3312 A Right New - 1 Story SFR CONDOMINUM w/ 3 bedrooms 2 bathrooms attached 2 car garage covered entry porch and patio FFE: 681.62 Site Plan: SP-2021-0328C Site Plan Exp.: 01/09/27 Max Bld height: 21-10 Actual Bld height: 21-10 required parking: 2.,2026-05-01,1,1,13206 KEEFER DR,78652,5,NA,https://abc.austintexas.gov/web/permit/public-search-other?t_detail=1&t_selected_folderrsn=13695148,13206 KEEFER DRIVE,NA,Austin,Texas,United States,1
1902 EVA ST BLDG 2,New 2-story 1 bedroom 1 bathroom dwelling unit with attached garage covered porch and covered 2nd floor balcony.,2026-05-01,1,2,1902 EVA ST BLDG 2,78704,3,NA,https://abc.austintexas.gov/web/permit/public-search-other?t_detail=1&t_selected_folderrsn=13686653,1902 EVA STREET BLDG 2,NA,Austin,Texas,United States,1
2807 ROCK TERRACE DR,ePlan: Residential Expedited Review - New construction of a 2-Story Single Family Res. [4bed 4.5bath] with Attached Garage.,2026-05-20,1,2,2807 ROCK TERRACE DR,78704,5,NA,https://abc.austintexas.gov/web/permit/public-search-other?t_detail=1&t_selected_folderrsn=13706287,2807 ROCK TERRACE DRIVE,NA,Austin,Texas,United States,1
9305 FURMAN DR,Moscoso S423 B Right New - 1 Story SFR w/ 4 bedrooms 2 bathrooms attached 2 car garage covered entry porch and patio required parking: 2.,2026-05-30,1,1,9305 FURMAN DR,78747,2,NA,https://abc.austintexas.gov/web/permit/public-search-other?t_detail=1&t_selected_folderrsn=13711530,9305 FURMAN DRIVE,NA,Austin,Texas,United States,1
7013 FROG POND BND,New 1-story single family residence 4 bed/2 bath with attached garage covered porch and patio green building smart housing,2026-06-03,1,1,7013 FROG POND BND,78617,2,NA,https://abc.austintexas.gov/web/permit/public-search-other?t_detail=1&t_selected_folderrsn=13713328,7013 FROG POND BND,NA,Austin,Texas,United States,1
9708 OXBOW STRAP DR,"New construction of 1 story sfr  3 beds 2 baths attached garage covered porch and patio

PUD",2026-06-01,1,1,9708 OXBOW STRAP DR,78724,1,NA,https://abc.austintexas.gov/web/permit/public-search-other?t_detail=1&t_selected_folderrsn=13708068,9708 OXBOW STRAP DRIVE,NA,Austin,Texas,United States,1
8626 CHALGRIN PL,*Green Building* New 1-story 3 bedroom 2 bathroom single family residence with attached garage covered front porch and side covered patio.,2026-05-05,1,1,8626 CHALGRIN PL,78744,2,NA,https://abc.austintexas.gov/web/permit/public-search-other?t_detail=1&t_selected_folderrsn=13695098,8626 CHALGRIN PLACE,NA,Austin,Texas,United States,1
12308 SAINT THOMAS DR,Congaree 340-T-R Is A new one-story single family residence with (3) bedrooms (2) bathrooms an attached two-car garage and a covered entry porch and patio.,2026-05-15,1,1,12308 SAINT THOMAS DR,78617,2,NA,https://abc.austintexas.gov/web/permit/public-search-other?t_detail=1&t_selected_folderrsn=13704783,12308 SAINT THOMAS DRIVE,NA,Austin,Texas,United States,1
12316 SAINT THOMAS DR,Hughes 841-O-R Is a New one-story single-family residence with (4) bedrooms (3) bathrooms an attached two-car garage and a covered entry porch and patio.,2026-05-27,1,1,12316 SAINT THOMAS DR,78617,2,NA,https://abc.austintexas.gov/web/permit/public-search-other?t_detail=1&t_selected_folderrsn=13708450,12316 SAINT THOMAS DRIVE,NA,Austin,Texas,United States,1
12112 SAGRADA ST,2527BR NEW 2 STORY 4 BEDROOM 2 1/2 BATH SINGLE FAMILY RESIDENTIAL HOME WITH ATTACHED GARAGE COVERED FRONT PORCH AND REAR PATIO,2026-05-27,1,2,12112 SAGRADA ST,78748,5,NA,https://abc.austintexas.gov/web/permit/public-search-other?t_detail=1&t_selected_folderrsn=13710193,12112 SAGRADA STREET,NA,Austin,Texas,United States,1
9509 GOLDEN LION DR,New 2-story single family residence 4 bed/4.5 bath with attached garage covered porch and patio,2026-05-15,1,2,9509 GOLDEN LION DR,78744,2,NA,https://abc.austintexas.gov/web/permit/public-search-other?t_detail=1&t_selected_folderrsn=13702237,9509 GOLDEN LION DRIVE,NA,Austin,Texas,United States,1
908 REDD ST,"ePlan: Residential Expedited Review - New Construction of a 2-Story Single Family Res [4bed 5bath] with Attached Garage.
*Repair curb and gutter with new drive permit",2026-04-30,1,2,908 REDD ST,78745,5,NA,https://abc.austintexas.gov/web/permit/public-search-other?t_detail=1&t_selected_folderrsn=13695792,908 REDD STREET,NA,Austin,Texas,United States,1
4012 MONTAGE PASS,*S.M.A.R.T. HOUSING* *GREEN BUILDING* ePlan: Residential Expedited Review - New construction of a 3-Story Townhome [3bed 3.5bath] with Attached Garage. 4012 MONTAGE PASS,2026-06-02,1,3,4012 MONTAGE PASS,78731,10,NA,https://abc.austintexas.gov/web/permit/public-search-other?t_detail=1&t_selected_folderrsn=13712085,4012 MONTAGE PASS,NA,Austin,Texas,United States,1
12400 SAINT THOMAS DR,Callahan 830-O-R Is a New one-story single family residence with (4) bedrooms (2) bathrooms an attached two-car garage and a covered entry porch and patio.,2026-05-27,1,1,12400 SAINT THOMAS DR,78617,2,NA,https://abc.austintexas.gov/web/permit/public-search-other?t_detail=1&t_selected_folderrsn=13709981,12400 SAINT THOMAS DRIVE,NA,Austin,Texas,United States,1
6308 ROTUNDA VW,New SFR 3 Bed 2.5 Bath 2 car garage alley access,2026-06-01,1,2,6308 ROTUNDA VW,78747,2,NA,https://abc.austintexas.gov/web/permit/public-search-other?t_detail=1&t_selected_folderrsn=13712006,6308 ROTUNDA VW,NA,Austin,Texas,United States,1
2816 PALOMINO TRL,New Manufactured home to be placed on vacant lot with permanent foundation standard utilities,2026-05-29,1,1,2816 PALOMINO TRL,78744,2,NA,https://abc.austintexas.gov/web/permit/public-search-other?t_detail=1&t_selected_folderrsn=13536131,2816 PALOMINO TRAIL,NA,Austin,Texas,United States,1
10111 DOBBIN DR,ePlan: Residential Expedited Review - New construction of a 2-Story Single Family Res. [4bed 3.5bath] with Attached Garage.,2026-05-01,1,2,10111 DOBBIN DR,78748,5,NA,https://abc.austintexas.gov/web/permit/public-search-other?t_detail=1&t_selected_folderrsn=13524940,10111 DOBBIN DRIVE,NA,Austin,Texas,United States,1
3406 DUVAL ST BLDG 3,ePlan: Residential Expedited Review -New construction of a 2-Story Single Family Res. [4bed 3bath]. Bldg 3,2026-06-02,1,2,3406 DUVAL ST BLDG 3,78705,9,NA,https://abc.austintexas.gov/web/permit/public-search-other?t_detail=1&t_selected_folderrsn=13698857,3406 DUVAL STREET BLDG 3,NA,Austin,Texas,United States,1
14900 FROG POND CV,"New construction of 1 story sfr attached garage covered porch and patio

PUD",2026-05-08,1,1,14900 FROG POND CV,78617,2,NA,https://abc.austintexas.gov/web/permit/public-search-other?t_detail=1&t_selected_folderrsn=13699742,14900 FROG POND CV,NA,Austin,Texas,United States,1
2956 HIGGINS ST BLDG 2,ePlan: Residential Expedited Review - New Two Units: Bldg 2 New Construction of  2-Story Single Family Res. [3bed 2.5bath] with attached carport,2026-06-02,1,2,2956 HIGGINS ST BLDG 2,78722,1,NA,https://abc.austintexas.gov/web/permit/public-search-other?t_detail=1&t_selected_folderrsn=13706814,2956 HIGGINS STREET BLDG 2,NA,Austin,Texas,United States,1
1812 MARGARET ST UNIT B,ePlan: Residential Expedited Review - New construction of a 2-Story Duplex [1bed 1bath] over Attached Garage. Unit B,2026-05-01,1,2,1812 MARGARET ST UNIT B,78704,5,NA,https://abc.austintexas.gov/web/permit/public-search-other?t_detail=1&t_selected_folderrsn=13695855,1812 MARGARET STREET UNIT B,NA,Austin,Texas,United States,1
8617 DONGAN DR,New two-story SFR (3 br/2ba) with attached garage covered patio and covered porch  New second floor dwelling-unit  garage apartment.  1 bathroom. *PRODUCTION BUILDER- GREEN BUILDING*,2026-05-11,1,2,8617 DONGAN DR,78744,2,NA,https://abc.austintexas.gov/web/permit/public-search-other?t_detail=1&t_selected_folderrsn=13700715,8617 DONGAN DRIVE,NA,Austin,Texas,United States,1
8026 BIRD SONG CIR,New construction of 2 story Duplex Condo each with 3 beds 2.5 baths and attached garage (8024 and 8026 bird song) - Unit B,2026-05-04,1,2,8026 BIRD SONG CIR,78745,5,NA,https://abc.austintexas.gov/web/permit/public-search-other?t_detail=1&t_selected_folderrsn=13696425,8026 BIRD SONG CIR,NA,Austin,Texas,United States,1
2608 BARTON HILLS DR BLDG 2,New construction two-unit use single-family residential 1-story 2 bedroom 1 bath with covered patio.,2026-05-12,1,1,2608 BARTON HILLS DR BLDG 2,78704,5,NA,https://abc.austintexas.gov/web/permit/public-search-other?t_detail=1&t_selected_folderrsn=13677582,2608 BARTON HILLS DRIVE BLDG 2,NA,Austin,Texas,United States,1
4610 AVENUE F,New 2-story 3 bedroom 2.5 bathroom single family residence with covered porch and screened patio.,2026-05-13,1,2,4610 AVENUE F,78751,9,NA,https://abc.austintexas.gov/web/permit/public-search-other?t_detail=1&t_selected_folderrsn=13692665,4610 AVENUE F,NA,Austin,Texas,United States,1
5211 MONARDA MINT DR,Coolidge 1027-W-L New 2-Story Single Family Residence with (4) bedrooms (3) bathrooms Attached Garage Covered Patio & Porch Cafe & Loft,2026-05-28,1,2,5211 MONARDA MINT DR,78653,1,NA,https://abc.austintexas.gov/web/permit/public-search-other?t_detail=1&t_selected_folderrsn=13708535,5211 MONARDA MINT DRIVE,NA,Austin,Texas,United States,1
1210 W 12TH ST,ePlan: Residential Expedited Review - New Construction of 2-Story Single Family Res [3bed 3.5bath] with Attached Carport.,2026-05-28,1,2,1210 W 12TH ST,78703,9,NA,https://abc.austintexas.gov/web/permit/public-search-other?t_detail=1&t_selected_folderrsn=13707193,1210 WEST 12TH STREET,NA,Austin,Texas,United States,1
1608 PEASE RD UNIT B,ePlan: Residential Expedited Review - New construction of a 2-Story Duplex [1bed 1.5bath] with attached Garage. Unit B,2026-05-22,1,2,1608 PEASE RD UNIT B,78703,10,NA,https://abc.austintexas.gov/web/permit/public-search-other?t_detail=1&t_selected_folderrsn=13690838,1608 PEASE ROAD UNIT B,NA,Austin,Texas,United States,1
8110 BIRD SONG CIR,New construction of 2 story Duplex Condo each with 3 beds 2.5 baths and attached garage (8108 and 8110 Bird Song) - Unit B,2026-05-21,1,2,8110 BIRD SONG CIR,78745,5,NA,https://abc.austintexas.gov/web/permit/public-search-other?t_detail=1&t_selected_folderrsn=13707413,8110 BIRD SONG CIR,NA,Austin,Texas,United States,1
3407 FOOTHILL TER BLDG 2,ePlan: Residential Expedited Review - TWO Unit- Bldg 2 New Construction of Carport with Apartment above [1bed 1.5bath]. Existing SF Res to Remain as is.,2026-05-26,1,2,3407 FOOTHILL TER BLDG 2,78731,10,NA,https://abc.austintexas.gov/web/permit/public-search-other?t_detail=1&t_selected_folderrsn=13700526,3407 FOOTHILL TER BLDG 2,NA,Austin,Texas,United States,1
4708 GONZALES ST--BLDG 2,ePlan: Residential Expedited Review - New Two Units: Bldg 2 New Construction of 2-Story Single Family Res.[3bed 2.5bath] with attached carport,2026-05-08,1,2,4708 GONZALES ST BLDG 2,78702,3,NA,https://abc.austintexas.gov/web/permit/public-search-other?t_detail=1&t_selected_folderrsn=13700544,4708 GONZALES STREET BLDG 2,NA,Austin,Texas,United States,1
13236 LOSGLAID DR,1548AR NEW 1 STORY 3 BEDROOM 2 BATH SINGLE FAMILY RESIDENTIAL HOME WITH ATTACHED GARAGE COVERED FRONT PORCH AND REAR PATIO,2026-05-18,1,1,13236 LOSGLAID DR,78617,2,NA,https://abc.austintexas.gov/web/permit/public-search-other?t_detail=1&t_selected_folderrsn=13704808,13236 LOSGLAID DRIVE,NA,Austin,Texas,United States,1
4816 ABERDEEN DR UNIT 1A,Bldg 1A New Construction of  2-Story Single Family Res. [3bed 2.5bath] attached garage,2026-05-21,1,2,4816 ABERDEEN DR UNIT 1A,78745,3,NA,https://abc.austintexas.gov/web/permit/public-search-other?t_detail=1&t_selected_folderrsn=13707327,4816 ABERDEEN DRIVE UNIT 1A,NA,Austin,Texas,United States,1
6310 ROTUNDA VW,New two story w/ covered porch 4 bed 3 bath single family home,2026-04-30,1,2,6310 ROTUNDA VW,78747,2,NA,https://abc.austintexas.gov/web/permit/public-search-other?t_detail=1&t_selected_folderrsn=13694208,6310 ROTUNDA VW,NA,Austin,Texas,United States,1
8624 CHALGRIN PL,*Green Building* New 2-story 4 bedroom 3 bathroom single family residence with attached garage covered front porch and side covered patio.,2026-06-03,1,2,8624 CHALGRIN PL,78744,2,NA,https://abc.austintexas.gov/web/permit/public-search-other?t_detail=1&t_selected_folderrsn=13714181,8624 CHALGRIN PLACE,NA,Austin,Texas,United States,1
2812 SCENIC DR,ePlan: Residential Expedited Review - New construction of a 3-Story Single Family Res. [4bed 5bath] with Basement and Attached Garage.,2026-06-02,1,2,2812 SCENIC DR,78703,10,NA,https://abc.austintexas.gov/web/permit/public-search-other?t_detail=1&t_selected_folderrsn=13677128,2812 SCENIC DRIVE,NA,Austin,Texas,United States,1
8104 BIRD SONG CIR,New construction of 2 story Duplex Condo each with 3 beds 2.5 baths and attached garage (8104 and 8106 Bird Song) - Unit A,2026-04-29,1,2,8104 BIRD SONG CIR,78745,5,NA,https://abc.austintexas.gov/web/permit/public-search-other?t_detail=1&t_selected_folderrsn=13694426,8104 BIRD SONG CIR,NA,Austin,Texas,United States,1
9505 WIGGY WAY,New construction single-family residential 2-story 4 bedroom 4.5 bath with attached 3-car garage covered front porch and covered patio.,2026-05-01,1,2,9505 WIGGY WAY,78744,2,NA,https://abc.austintexas.gov/web/permit/public-search-other?t_detail=1&t_selected_folderrsn=13696516,9505 WIGGY WAY,NA,Austin,Texas,United States,1
13233 RIVERSDALE RD,2566CL NEW 2 STORY 4 BEDROOM 2 1/2 BATH SINGLE FAMILY RESIDENTIAL HOME WITH ATTACHED GARAGE COVERED FRONT PORCH AND REAR PATIO,2026-05-28,1,2,13233 RIVERSDALE RD,78617,2,NA,https://abc.austintexas.gov/web/permit/public-search-other?t_detail=1&t_selected_folderrsn=13711012,13233 RIVERSDALE ROAD,NA,Austin,Texas,United States,1
11408 CRAZY ALICE RUN,PB- New construction 4 bed 2.5 bath SFR with attached garage and covered front porch/rear covered patio,2026-05-21,1,2,11408 CRAZY ALICE RUN,78653,1,NA,https://abc.austintexas.gov/web/permit/public-search-other?t_detail=1&t_selected_folderrsn=13705636,11408 CRAZY ALICE RUN,NA,Austin,Texas,United States,1
6403 LAUTNER LN,"New construction of 2 story SFR Condo with 3 beds 2.5 baths and attached 2 car garage

PUD",2026-04-30,1,2,6403 LAUTNER LN,78747,2,NA,https://abc.austintexas.gov/web/permit/public-search-other?t_detail=1&t_selected_folderrsn=13678287,6403 LAUTNER LANE,NA,Austin,Texas,United States,1
200 W O DELL ST BLDG 1,ePlan: Residential Expedited Review - TWO Unit; Bldg 1 New Construction of 2-Story SF Res [4bed 3.5 bath] with attached garage,2026-06-01,1,2,200 W O DELL ST BLDG 1,78752,4,NA,https://abc.austintexas.gov/web/permit/public-search-other?t_detail=1&t_selected_folderrsn=13710648,200 WEST O DELL STREET BLDG 1,NA,Austin,Texas,United States,1
1801 FAIR OAKS DR UNIT B,UNIT B: New 2-story 3 bedroom 2.5 bathroom duplex residence with covered front porch and rear covered patio.,2026-05-22,1,2,1801 FAIR OAKS DR UNIT B,78745,5,NA,https://abc.austintexas.gov/web/permit/public-search-other?t_detail=1&t_selected_folderrsn=13708684,1801 FAIR OAKS DRIVE UNIT B,NA,Austin,Texas,United States,1
9601 WIGGY WAY,New construction single-family residential 1-story 4 bedroom 3 bath with attached 3-car garage covered front porch and covered patio.,2026-05-29,1,1,9601 WIGGY WAY,78744,2,NA,https://abc.austintexas.gov/web/permit/public-search-other?t_detail=1&t_selected_folderrsn=13710937,9601 WIGGY WAY,NA,Austin,Texas,United States,1
14709 INCH WORM RD,New two-story single family residence with covered patio porch two-car garage.,2026-05-08,1,2,14709 INCH WORM RD,78617,2,NA,https://abc.austintexas.gov/web/permit/public-search-other?t_detail=1&t_selected_folderrsn=13699828,14709 INCH WORM ROAD,NA,Austin,Texas,United States,1
8617 PEAFOWL ST,*Green Building* New 2-story 5 bedroom 4 bathroom single family residence with attached garage covered front porch and rear covered patio.,2026-05-04,1,2,8617 PEAFOWL ST,78744,2,NA,https://abc.austintexas.gov/web/permit/public-search-other?t_detail=1&t_selected_folderrsn=13697477,8617 PEAFOWL STREET,NA,Austin,Texas,United States,1
6400 ROTUNDA VW,New 2 story single family residence 3 bedroom/2.5 bathroom with attached garage covered porch and patio,2026-06-03,1,2,6400 ROTUNDA VW,78747,2,NA,https://abc.austintexas.gov/web/permit/public-search-other?t_detail=1&t_selected_folderrsn=13713474,6400 ROTUNDA VW,NA,Austin,Texas,United States,1
9321 FURMAN DR,Pizarro S414 B Left New - 1 Story SFR w/ 4 bedrooms 3 bathrooms attached 2 car garage covered entry porch and patio required parking: 2.,2026-05-30,1,1,9321 FURMAN DR,78747,2,NA,https://abc.austintexas.gov/web/permit/public-search-other?t_detail=1&t_selected_folderrsn=13711567,9321 FURMAN DRIVE,NA,Austin,Texas,United States,1
11205 GOLDEN CLOUD BND,PB- New construction 2 story 4 bed 2.5 bath with attached garage and covered porch and patio,2026-06-03,1,2,11205 GOLDEN CLOUD BND,78653,1,NA,https://abc.austintexas.gov/web/permit/public-search-other?t_detail=1&t_selected_folderrsn=13713799,11205 GOLDEN CLOUD BND,NA,Austin,Texas,United States,1
9305 DINGO DR,New construction single-family residential 2-story 5 bedroom 4.5 bath with attached 3-car garage covered front porch and covered rear patio.,2026-05-11,1,2,9305 DINGO DR,78744,2,NA,https://abc.austintexas.gov/web/permit/public-search-other?t_detail=1&t_selected_folderrsn=13699547,9305 DINGO DRIVE,NA,Austin,Texas,United States,1
3525 STONERIDGE RD,ePlan: Residential Expedited Review - TWO Unit - Unit 2 (3525 Stoneridge Dr) New construction of a 1-Story Single Family Res. [1bed 2bath] with outdoor kitchen,2026-05-08,1,1,3525 STONERIDGE RD,78746,8,NA,https://abc.austintexas.gov/web/permit/public-search-other?t_detail=1&t_selected_folderrsn=13699480,3525 STONERIDGE ROAD,NA,Austin,Texas,United States,1
12020 SAGRADA ST,2527CL NEW 2 STORY 5 BEDROOM 3 1/2 BATH SINGLE FAMILY RESIDENTIAL HOME WITH ATTACHED GARAGE COVERED FRONT PORCH AND REAR PATIO,2026-05-20,1,2,12020 SAGRADA ST,78748,5,NA,https://abc.austintexas.gov/web/permit/public-search-other?t_detail=1&t_selected_folderrsn=13707731,12020 SAGRADA STREET,NA,Austin,Texas,United States,1
7245 DUNAWAY PASS,1780CR NEW 2 STORY 3 BEDROOM 2 1/2 BATH SINGLE FAMILY RESIDENTIAL HOME WITH ATTACHED GARAGE COVERED FRONT PORCH,2026-05-05,1,2,7245 DUNAWAY PASS,78617,2,NA,https://abc.austintexas.gov/web/permit/public-search-other?t_detail=1&t_selected_folderrsn=13697852,7245 DUNAWAY PASS,NA,Austin,Texas,United States,1
9605 GLADSOME PATH,New SFR w/ 4 bedrooms 3 bathrooms and attached garage,2026-04-28,1,1,9605 GLADSOME PATH,78653,1,NA,https://abc.austintexas.gov/web/permit/public-search-other?t_detail=1&t_selected_folderrsn=13693028,9605 GLADSOME PATH,NA,Austin,Texas,United States,1
8905 TURACO TRL,"New construction- SFR 4 bedroom 4.5 bath. Reference approved PUD 
C8J-2020-0148 1B. Note that ROW permits shall be obtained through Travis Co",2026-05-18,1,2,8905 TURACO TRL,78744,2,NA,https://abc.austintexas.gov/web/permit/public-search-other?t_detail=1&t_selected_folderrsn=13704415,8905 TURACO TRAIL,NA,Austin,Texas,United States,1
9408 CORVALLIS DR,Freestone S353 D Left New - 1 Story SFR w/ 4 bedrooms 2 bathrooms attached 2 car garage covered entry porch and patio required parking: 2.,2026-05-30,1,1,9408 CORVALLIS DR,78747,2,NA,https://abc.austintexas.gov/web/permit/public-search-other?t_detail=1&t_selected_folderrsn=13712205,9408 CORVALLIS DRIVE,NA,Austin,Texas,United States,1
4008 MONTAGE PASS,*S.M.A.R.T. HOUSING* *GREEN BUILDING* ePlan: Residential Expedited Review - New construction of a 3-Story Townhome [3bed 3.5bath] with Attached Garage. 4008 MONTAGE PASS,2026-06-02,1,3,4008 MONTAGE PASS,78731,10,NA,https://abc.austintexas.gov/web/permit/public-search-other?t_detail=1&t_selected_folderrsn=13712083,4008 MONTAGE PASS,NA,Austin,Texas,United States,1
11000 TALLSALT DR,New construction single-family residential 1-story 4 bedroom 2 bath with attached 2-car garage covered front porch and covered rear patio.,2026-04-28,1,1,11000 TALLSALT DR,78754,1,NA,https://abc.austintexas.gov/web/permit/public-search-other?t_detail=1&t_selected_folderrsn=13694114,11000 TALLSALT DRIVE,NA,Austin,Texas,United States,1
2500 SPRING CREEK DR,ePlan: Residential Expedited Review - New construction of a 2-Story Single Family Res. [5bed 5bath] with Attached Garage.,2026-05-08,1,2,2500 SPRING CREEK DR,78704,5,NA,https://abc.austintexas.gov/web/permit/public-search-other?t_detail=1&t_selected_folderrsn=13699076,2500 SPRING CREEK DRIVE,NA,Austin,Texas,United States,1
8002 BIRD SONG CIR,*PRODUCTION BUILDER- CONDO* - New construction of a 2-story single family dwelling in a condo regime. Duplex 3 bedroom 2.5 bath with attached garage (Unit B),2026-05-04,1,2,8002 BIRD SONG CIR,78745,5,NA,https://abc.austintexas.gov/web/permit/public-search-other?t_detail=1&t_selected_folderrsn=13696876,8002 BIRD SONG CIR,NA,Austin,Texas,United States,1
5001 PECAN SPRINGS RD BLDG 36,SP Condo: New 3 story SFR with 2 car garage 3 bedrooms 2.5 baths,2026-05-13,1,3,5001 PECAN SPRINGS RD BLDG 36,78723,1,NA,https://abc.austintexas.gov/web/permit/public-search-other?t_detail=1&t_selected_folderrsn=13701881,5001 PECAN SPRINGS ROAD BLDG 36,NA,Austin,Texas,United States,1
12008 CEARLEY DR,New construction single-family residential 1-story 3 bedroom 2 bath with attached 2-car garage covered front porch and covered rear patio.,2026-06-03,1,1,12008 CEARLEY DR,78758,7,NA,https://abc.austintexas.gov/web/permit/public-search-other?t_detail=1&t_selected_folderrsn=13714276,12008 CEARLEY DRIVE,NA,Austin,Texas,United States,1
12420 SAINT THOMAS DR,Hughes 841-O-R Is a New one-story single family residence with (4) bedrooms (3) bathrooms an attached two-car garage and a covered entry porch and patio.,2026-04-30,1,1,12420 SAINT THOMAS DR,78617,2,NA,https://abc.austintexas.gov/web/permit/public-search-other?t_detail=1&t_selected_folderrsn=13696143,12420 SAINT THOMAS DRIVE,NA,Austin,Texas,United States,1
14912 FROG POND CV,New 1 story single family residence with covered porch and patio 4 bedroom 2 bathroom.,2026-05-08,1,2,14912 FROG POND CV,78617,2,NA,https://abc.austintexas.gov/web/permit/public-search-other?t_detail=1&t_selected_folderrsn=13700085,14912 FROG POND CV,NA,Austin,Texas,United States,1
1174 OAK GROVE AVE--BLDG 2,ePlan: Residential Expedited Review - New construction of a 3-Story Single Family Res. [3bed 3.5bath]. Bldg 2,2026-05-07,1,3,1174 OAK GROVE AVE BLDG 2,78702,1,NA,https://abc.austintexas.gov/web/permit/public-search-other?t_detail=1&t_selected_folderrsn=13679229,1174 OAK GROVE AVE BLDG 2,NA,Austin,Texas,United States,1
7711 HARDY DR,ePlan: Residential Expedited Review - New Construction of 2-story SF Res [5bed 4bath] with habitable attic and attached garage,2026-05-21,1,2,7711 HARDY DR,78757,7,NA,https://abc.austintexas.gov/web/permit/public-search-other?t_detail=1&t_selected_folderrsn=13708462,7711 HARDY DRIVE,NA,Austin,Texas,United States,1
9404 LILT DR BLDG 1,New 1-story single family residence 4 bed/2 bath with covered porch and patio Smart Housing Green building,2026-05-08,1,1,9404 LILT DR BLDG 1,78653,1,NA,https://abc.austintexas.gov/web/permit/public-search-other?t_detail=1&t_selected_folderrsn=13626458,9404 LILT DRIVE BLDG 1,NA,Austin,Texas,United States,1
401 RIDGEWOOD RD UNIT B,Unit B 1 Story duplex 1/1,2026-05-26,1,1,401 RIDGEWOOD RD UNIT B,78746,8,NA,https://abc.austintexas.gov/web/permit/public-search-other?t_detail=1&t_selected_folderrsn=13701809,401 RIDGEWOOD ROAD UNIT B,NA,Austin,Texas,United States,1
6312 MC MURTRY ST,*Smart Housing*Green Building* New construction single-family residential 1-story 4 bedroom 2 bath with attached 2-car garage covered front porch and covered rear patio.,2026-05-14,1,1,6312 MC MURTRY ST,78747,2,NA,https://abc.austintexas.gov/web/permit/public-search-other?t_detail=1&t_selected_folderrsn=13686862,6312 MC MURTRY STREET,NA,Austin,Texas,United States,1
14908 FROG POND CV,PB- New Construction of 1 story single family residence 4 bedrooms 2 baths  2- car garage covered porch covered patio.,2026-05-08,1,2,14908 FROG POND CV,78617,2,NA,https://abc.austintexas.gov/web/permit/public-search-other?t_detail=1&t_selected_folderrsn=13700315,14908 FROG POND CV,NA,Austin,Texas,United States,1
14909 LEMON ICE TRL,NEW 2 STORY SINGLE-FAMILY RESIDENCE ATTACHED GARAGE COVERED PORCH AND PATIO,2026-05-11,1,2,14909 LEMON ICE TRL,78617,2,NA,https://abc.austintexas.gov/web/permit/public-search-other?t_detail=1&t_selected_folderrsn=13700204,14909 LEMON ICE TRAIL,NA,Austin,Texas,United States,1
6313 COMANCHE MOON TRL,New construction of a single-family residence. *Please reference approved PUD C8-2018-0171.2B.SH.,2026-06-03,1,1,6313 COMANCHE MOON TRL,78747,2,NA,https://abc.austintexas.gov/web/permit/public-search-other?t_detail=1&t_selected_folderrsn=13700827,6313 COMANCHE MOON TRAIL,NA,Austin,Texas,United States,1
11404 CRAZY ALICE RUN,*Green Building* New 2-story 4 bedroom 3.5 bathroom single family residence with attached garage covered front porch and rear covered patio.,2026-05-01,1,2,11404 CRAZY ALICE RUN,78653,1,NA,https://abc.austintexas.gov/web/permit/public-search-other?t_detail=1&t_selected_folderrsn=13695702,11404 CRAZY ALICE RUN,NA,Austin,Texas,United States,1
5222 RAGWEED DR,Coolidge 1027-W-R New 2-Story Single Family Residence with (4) bedrooms (3) bathrooms Attached Garage Covered Patio & Porch Cafe & Loft,2026-05-28,1,2,5222 RAGWEED DR,78653,1,NA,https://abc.austintexas.gov/web/permit/public-search-other?t_detail=1&t_selected_folderrsn=13708551,5222 RAGWEED DRIVE,NA,Austin,Texas,United States,1
1015 BRICKELL LOOP,New construction of SFR Condo with 3 beds 2.5 baths and attached 2 car garage,2026-05-24,1,2,1015 BRICKELL LOOP,78744,2,NA,https://abc.austintexas.gov/web/permit/public-search-other?t_detail=1&t_selected_folderrsn=13705159,1015 BRICKELL LOOP,NA,Austin,Texas,United States,1
7009 FROG POND BND,*Green Building* New 1-story 4 bedroom 2 bathroom single family residence with attached garage covered front porch and rear covered patio.,2026-06-02,1,1,7009 FROG POND BND,78617,2,NA,https://abc.austintexas.gov/web/permit/public-search-other?t_detail=1&t_selected_folderrsn=13712592,7009 FROG POND BND,NA,Austin,Texas,United States,1
1307 W ST JOHNS AVE,ePlan: Residential Expedited Review - New Construction of 2-Story SF Res [5bed 4bath] with habitable attic and attached garage,2026-06-03,1,2,1307 W ST JOHNS AVE,78757,7,NA,https://abc.austintexas.gov/web/permit/public-search-other?t_detail=1&t_selected_folderrsn=13712147,1307 WEST STREET JOHNS AVE,NA,Austin,Texas,United States,1
7214 EAGLE ROSE RD,PB- New construction 2 story 4 bed 3.5 bath,2026-05-21,1,2,7214 EAGLE ROSE RD,78744,2,NA,https://abc.austintexas.gov/web/permit/public-search-other?t_detail=1&t_selected_folderrsn=13708104,7214 EAGLE ROSE ROAD,NA,Austin,Texas,United States,1
6401 ARNOLD DR,"ePlan: Residential Expedited Review - New THREE UNIT RES.
Bldg 2: New construction of a 2-Story Single Family Res. [4bed 3bath] with Attached Garage. 6401 Arnold Dr.",2026-05-09,1,2,6401 ARNOLD DR,78723,4,NA,https://abc.austintexas.gov/web/permit/public-search-other?t_detail=1&t_selected_folderrsn=13588335,6401 ARNOLD DRIVE,NA,Austin,Texas,United States,1
6315 LAUTNER LN,"New construction of 2 story sfr condo with 3 beds 2.5 baths and attached 2 car garage

PUD",2026-05-06,1,2,6315 LAUTNER LN,78747,2,NA,https://abc.austintexas.gov/web/permit/public-search-other?t_detail=1&t_selected_folderrsn=13698682,6315 LAUTNER LANE,NA,Austin,Texas,United States,1
7202 STITZEL WELLER DR,"New SFR 1 - Story 3 bedroom 2 bath with attached 2-car garage covered front porch and covered rear patio

PUD",2026-05-21,1,1,7202 STITZEL WELLER DR,78744,2,NA,https://abc.austintexas.gov/web/permit/public-search-other?t_detail=1&t_selected_folderrsn=13706715,7202 STITZEL WELLER DRIVE,NA,Austin,Texas,United States,1
2012 GOODRICH AVE BLDG 1,"ePlan: Residential Expedited Review - New TWO UNIT RES. 
Bldg 1 New construction of a 2-Story Single Family Res. [4bed 4.5bath]",2026-05-12,1,2,2012 GOODRICH AVE BLDG 1,78704,5,NA,https://abc.austintexas.gov/web/permit/public-search-other?t_detail=1&t_selected_folderrsn=13696270,2012 GOODRICH AVE BLDG 1,NA,Austin,Texas,United States,1
710 BOLEY DR,Galloway 3312 B Right New - 1 Story SFR CONDOMINUM w/ 3 bedrooms 2 bathrooms attached 2 car garage covered entry porch and patio FFE: 682.88 Site Plan: SP-2021-0328C Site Plan Exp.: 01/09/27 Max Bld height: 21-10 Actual Bld height: 21-10 required parking: 2.,2026-05-30,1,1,710 BOLEY DR,78652,5,NA,https://abc.austintexas.gov/web/permit/public-search-other?t_detail=1&t_selected_folderrsn=13711513,710 BOLEY DRIVE,NA,Austin,Texas,United States,1
11225 ZIP COCHISE WAY,"PB- New construction 4 bed 2.5 bath

PUD",2026-05-07,1,2,11225 ZIP COCHISE WAY,78653,1,NA,https://abc.austintexas.gov/web/permit/public-search-other?t_detail=1&t_selected_folderrsn=13697300,11225 ZIP COCHISE WAY,NA,Austin,Texas,United States,1
2212 SARATOGA DR,ePlan: Residential Expedited Review - New construction of a 2-Story Single Family Res.,2026-06-02,1,2,2212 SARATOGA DR,78733,10,NA,https://abc.austintexas.gov/web/permit/public-search-other?t_detail=1&t_selected_folderrsn=13704354,2212 SARATOGA DRIVE,NA,Austin,Texas,United States,1
8009 ERMIS FARM RD,New construction of a 2-story single family dwelling in a condo regime. 3 bedroom 2.5 bath with attached garage,2026-05-08,1,2,8009 ERMIS FARM RD,78745,5,NA,https://abc.austintexas.gov/web/permit/public-search-other?t_detail=1&t_selected_folderrsn=13699916,8009 ERMIS FARM ROAD,NA,Austin,Texas,United States,1
9308 FURMAN DR,Esparanza S426 B Left New - 1 Story SFR w/ 4 bedrooms 3 bathrooms attached 2 car garage covered entry porch and patio required parking: 2.,2026-06-01,1,1,9308 FURMAN DR,78747,2,NA,https://abc.austintexas.gov/web/permit/public-search-other?t_detail=1&t_selected_folderrsn=13713173,9308 FURMAN DRIVE,NA,Austin,Texas,United States,1
1809 S 1ST ST,ePlan: Residential Expedited Review - New construction of a 1-Story Single Family Res. [1bed 1bath],2026-05-29,1,1,1809 S 1ST ST,78704,9,NA,https://abc.austintexas.gov/web/permit/public-search-other?t_detail=1&t_selected_folderrsn=13640461,1809 SOUTH 1ST STREET,NA,Austin,Texas,United States,1
8101 ERMIS FARM RD,New construction of a 2-story single family dwelling in a condo regime. 3 BEDROOM 2.5 BATHROOM ATTACHED 2 CAR GARAGE,2026-05-01,1,2,8101 ERMIS FARM RD,78745,5,NA,https://abc.austintexas.gov/web/permit/public-search-other?t_detail=1&t_selected_folderrsn=13695963,8101 ERMIS FARM ROAD,NA,Austin,Texas,United States,1
12008 SALVADOR ST,2245AR NEW 2 STORY 4 BEDROOM 2 1/2 BATH SINGLE FAMILY RESIDENTIAL HOME WITH ATTACHED GARAGE COVERED FRONT PORCH AND REAR PATIO,2026-05-29,1,2,12008 SALVADOR ST,78748,5,NA,https://abc.austintexas.gov/web/permit/public-search-other?t_detail=1&t_selected_folderrsn=13711432,12008 SALVADOR STREET,NA,Austin,Texas,United States,1
12421 SAINT THOMAS DR,Callahan 830-P-L Is a New one-story single family residence with (4) bedrooms (2) bathrooms an attached two-car garage and a covered entry porch and patio.,2026-04-30,1,1,12421 SAINT THOMAS DR,78617,2,NA,https://abc.austintexas.gov/web/permit/public-search-other?t_detail=1&t_selected_folderrsn=13696150,12421 SAINT THOMAS DRIVE,NA,Austin,Texas,United States,1
2716 BRISTOL DR BLDG 2,ePlan: Residential Expedited Review - New construction of a 2-Story Single Family Res. [3bed 2.5bath]. Bldg 2,2026-05-26,1,2,2716 BRISTOL DR BLDG 2,78723,4,NA,https://abc.austintexas.gov/web/permit/public-search-other?t_detail=1&t_selected_folderrsn=13708461,2716 BRISTOL DRIVE BLDG 2,NA,Austin,Texas,United States,1
7204 STITZEL WELLER DR,*Green Building* New 2-story 3 bedroom 2.5 bathroom single family residence with attached garage covered front porch and rear covered patio.,2026-05-21,1,2,7204 STITZEL WELLER DR,78744,2,NA,https://abc.austintexas.gov/web/permit/public-search-other?t_detail=1&t_selected_folderrsn=13707559,7204 STITZEL WELLER DRIVE,NA,Austin,Texas,United States,1
12401 SAINT THOMAS DR,Congaree 340-T-L Is a New one-story single-family residence with (3) bedrooms (2) bathrooms an attached two-car garage and a covered entry porch and patio.,2026-05-15,1,1,12401 SAINT THOMAS DR,78617,2,NA,https://abc.austintexas.gov/web/permit/public-search-other?t_detail=1&t_selected_folderrsn=13703512,12401 SAINT THOMAS DRIVE,NA,Austin,Texas,United States,1
6401 LAUTNER LN,New 2.5-story single family residence with 4 bedrooms 3.5 bathrooms and an attached 2-car garage,2026-04-30,1,3,6401 LAUTNER LN,78747,2,NA,https://abc.austintexas.gov/web/permit/public-search-other?t_detail=1&t_selected_folderrsn=13693464,6401 LAUTNER LANE,NA,Austin,Texas,United States,1
9205 CALVERT WAY,New 1-story SFR 4 bedroom 3 bath with attached 2 car garage covered entry porch and patio.,2026-06-02,1,2,9205 CALVERT WAY,78744,2,NA,https://abc.austintexas.gov/web/permit/public-search-other?t_detail=1&t_selected_folderrsn=13712889,9205 CALVERT WAY,NA,Austin,Texas,United States,1
4702 NATIVE PEARL LN,New single family residence - 1 story 3 bed/ 2 bath 1841 sqft living with attached garage.,2026-05-29,1,1,4702 NATIVE PEARL LN,78754,1,NA,https://abc.austintexas.gov/web/permit/public-search-other?t_detail=1&t_selected_folderrsn=13710629,4702 NATIVE PEARL LANE,NA,Austin,Texas,United States,1
2113 HASKELL ST BLDG 2,ePlan: Residential Expedited Review - Three Unit - Bldg 2 New Construction of  2-Story SF Res [5bed 4bath] w/ attached garage,2026-06-03,1,2,2113 HASKELL ST BLDG 2,78702,3,NA,https://abc.austintexas.gov/web/permit/public-search-other?t_detail=1&t_selected_folderrsn=13712339,2113 HASKELL STREET BLDG 2,NA,Austin,Texas,United States,1
9404 GAMBOL DR,New construction single-family residential 1-story 4 bedroom 2 bath with covered front porch covered rear patio and covered exterior storage.,2026-05-08,1,1,9404 GAMBOL DR,78653,1,NA,https://abc.austintexas.gov/web/permit/public-search-other?t_detail=1&t_selected_folderrsn=13618697,9404 GAMBOL DRIVE,NA,Austin,Texas,United States,1
2000 BREEZE HOLW BLDG 2,Bldg. 2 New 1 bed 1 bath SFR with loft above detached garage.,2026-05-15,1,2,2000 BREEZE HOLW BLDG 2,78741,9,NA,https://abc.austintexas.gov/web/permit/public-search-other?t_detail=1&t_selected_folderrsn=13703303,2000 BREEZE HOLW BLDG 2,NA,Austin,Texas,United States,1
10905 TALLSALT DR,New construction of 2-story single family residence with rear patio two car garage  5 bedroom 3 bathroom.,2026-04-29,1,2,10905 TALLSALT DR,78754,1,NA,https://abc.austintexas.gov/web/permit/public-search-other?t_detail=1&t_selected_folderrsn=13693204,10905 TALLSALT DRIVE,NA,Austin,Texas,United States,1
10302 EPSILON WAY,New SFR Condo with 5 or 6 beds option 5.5 baths covered patio covered porch and covered front deck with 3 car attached tandem garage,2026-04-28,1,2,10302 EPSILON WAY,78730,10,NA,https://abc.austintexas.gov/web/permit/public-search-other?t_detail=1&t_selected_folderrsn=13693087,10302 EPSILON WAY,NA,Austin,Texas,United States,1
6904 FROG POND BND,NEW 1 STORY SINGLE-FAMILY RESIDENCE ATTACHED GARAGE COVERED PORCH AND PATIO,2026-06-02,1,1,6904 FROG POND BND,78617,2,NA,https://abc.austintexas.gov/web/permit/public-search-other?t_detail=1&t_selected_folderrsn=13712043,6904 FROG POND BND,NA,Austin,Texas,United States,1
1708 COLLIER ST BLDG 2,Bldg 2: New Construction of 3 story SFR 3 bedroom 3 bath with covered porch and attached carport,2026-06-03,1,3,1708 COLLIER ST BLDG 2,78704,5,NA,https://abc.austintexas.gov/web/permit/public-search-other?t_detail=1&t_selected_folderrsn=13708641,1708 COLLIER STREET BLDG 2,NA,Austin,Texas,United States,1
2705 BRISTOL DR BLDG 2,ePlan: Residential Expedited Review - New construction of a 2-Story Single Family Res. [3bed 2.5bath]. Bldg 2,2026-05-29,1,2,2705 BRISTOL DR BLDG 2,78723,4,NA,https://abc.austintexas.gov/web/permit/public-search-other?t_detail=1&t_selected_folderrsn=13710757,2705 BRISTOL DRIVE BLDG 2,NA,Austin,Texas,United States,1
8712 PERISTYLE DR,New Construction - Anderson 2A/L 2 Story single family residence with 4 bedrooms 4 1/2 baths attached 2 car garage and covered entry porch and patio,2026-05-19,1,2,8712 PERISTYLE DR,78744,2,NA,https://abc.austintexas.gov/web/permit/public-search-other?t_detail=1&t_selected_folderrsn=13705961,8712 PERISTYLE DRIVE,NA,Austin,Texas,United States,1
14904 FROG POND CV,"- PUD 15 front setback  5 rear setback 5 side setback max impervious coverage is 60% max building coverage is 55% small-lot single family.
PUD",2026-05-08,1,2,14904 FROG POND CV,78617,2,NA,https://abc.austintexas.gov/web/permit/public-search-other?t_detail=1&t_selected_folderrsn=13699814,14904 FROG POND CV,NA,Austin,Texas,United States,1
5714 FORKS RD,*SMART Housing* *Green Building* New 2-story 2 bedroom 2.5 bathroom single family condo residence with attached garage covered front porch and rear covered patio.,2026-05-11,1,2,5714 FORKS RD,78747,2,NA,https://abc.austintexas.gov/web/permit/public-search-other?t_detail=1&t_selected_folderrsn=13699539,5714 FORKS ROAD,NA,Austin,Texas,United States,1
6405 MESA DR,New 2-story single family residence 5-bed/6.5 bath with attached garage covered patios uncovered deck and rooftop deck,2026-05-19,1,2,6405 MESA DR,78731,10,NA,https://abc.austintexas.gov/web/permit/public-search-other?t_detail=1&t_selected_folderrsn=13704691,6405 MESA DRIVE,NA,Austin,Texas,United States,1
8006 BIRD SONG CIR,New construction of 2 story Duplex Condo each with 3 beds 2.5 baths and attached garage (Unit B),2026-05-14,1,2,8006 BIRD SONG CIR,78745,5,NA,https://abc.austintexas.gov/web/permit/public-search-other?t_detail=1&t_selected_folderrsn=13702733,8006 BIRD SONG CIR,NA,Austin,Texas,United States,1
13202 KEEFER DR,Dexter 3317 B Right New - 2 Story SFR CONDOMINUM w/ 3 bedrooms 2.5 bathrooms attached 2 car garage covered entry porch and patio FFE: 681.97 Site Plan: SP-2021-0328C Site Plan Exp.: 01/09/27 Max Bld height: 27-6 Actual Bld height: 27-6 required parking: 2.,2026-05-15,1,2,13202 KEEFER DR,78652,5,NA,https://abc.austintexas.gov/web/permit/public-search-other?t_detail=1&t_selected_folderrsn=13704476,13202 KEEFER DRIVE,NA,Austin,Texas,United States,1
2012 GOODRICH AVE BLDG 2,"ePlan: Residential Expedited Review - New TWO UNIT RES. 
Bldg 2 New construction of a 2-Story SF Res [4bed 4.5bath] with attached Garage",2026-05-12,1,2,2012 GOODRICH AVE BLDG 2,78704,5,NA,https://abc.austintexas.gov/web/permit/public-search-other?t_detail=1&t_selected_folderrsn=13696271,2012 GOODRICH AVE BLDG 2,NA,Austin,Texas,United States,1
7606 STONEYWOOD DR,New 2 story SFR 6 bedrooms 5.5 bathrooms with attached garage,2026-05-06,1,2,7606 STONEYWOOD DR,78731,10,NA,https://abc.austintexas.gov/web/permit/public-search-other?t_detail=1&t_selected_folderrsn=13698053,7606 STONEYWOOD DRIVE,NA,Austin,Texas,United States,1
4809 NATIVE PEARL LN,New single family residence - 1 story 4 bed/2 bath 1853 sqft living with attached garage,2026-06-02,1,1,4809 NATIVE PEARL LN,78754,1,NA,https://abc.austintexas.gov/web/permit/public-search-other?t_detail=1&t_selected_folderrsn=13712520,4809 NATIVE PEARL LANE,NA,Austin,Texas,United States,1
2806 S 4TH ST,ePlan: Residential Expedited Review - New construction of a 2-Story Single Family Res. [5bed 4.5bath] with Habitable Attic Attached Garage/Carport,2026-05-01,1,2,2806 S 4TH ST,78704,3,NA,https://abc.austintexas.gov/web/permit/public-search-other?t_detail=1&t_selected_folderrsn=13674268,2806 SOUTH 4TH STREET,NA,Austin,Texas,United States,1
7109 SWEET PEA DR,New 1-story single family residence 4 bed/2 bath with covered porch and patio,2026-05-20,1,1,7109 SWEET PEA DR,78617,2,NA,https://abc.austintexas.gov/web/permit/public-search-other?t_detail=1&t_selected_folderrsn=13705133,7109 SWEET PEA DRIVE,NA,Austin,Texas,United States,1
4516 BRIDAL VEIL DR,Abilene S402 B Left New - 1 Story SFR w/ 3 bedrooms 2 bathrooms attached 2 car garage covered entry porch and patio required parking: 2.,2026-05-15,1,1,4516 BRIDAL VEIL DR,78747,5,NA,https://abc.austintexas.gov/web/permit/public-search-other?t_detail=1&t_selected_folderrsn=13702593,4516 BRIDAL VEIL DRIVE,NA,Austin,Texas,United States,1
12405 SAINT THOMAS DR,Briscoe 820-Q-L Is a New one-story single-family residence with (3) bedrooms (2) bathrooms an attached two-car garage and a covered entry porch and patio.,2026-05-15,1,1,12405 SAINT THOMAS DR,78617,2,NA,https://abc.austintexas.gov/web/permit/public-search-other?t_detail=1&t_selected_folderrsn=13702649,12405 SAINT THOMAS DRIVE,NA,Austin,Texas,United States,1
9803 RIBELIN RANCH CT BLDG 3,New construction of single building based on Volume Builder Approved (2024-067871 VB) Plan 9-CB-L. This is a 2 Story building with height of 31-7 and 3129 square feet.,2026-06-02,1,2,9803 RIBELIN RANCH CT BLDG 3,78750,10,NA,https://abc.austintexas.gov/web/permit/public-search-other?t_detail=1&t_selected_folderrsn=13697888,9803 RIBELIN RANCH CT BLDG 3,NA,Austin,Texas,United States,1
9505 BUCKSTITCH SADDLE DR,New two-story SFR (4br/3ba) with attached garage covered patio and covered porch *PRODUCTION BUILDER- GREEN BUILDING*,2026-05-11,1,2,9505 BUCKSTITCH SADDLE DR,78724,1,NA,https://abc.austintexas.gov/web/permit/public-search-other?t_detail=1&t_selected_folderrsn=13698707,9505 BUCKSTITCH SADDLE DRIVE,NA,Austin,Texas,United States,1
2716 BRISTOL DR BLDG 1,ePlan: Residential Expedited Review - New construction of a 2-Story Single Family Res. [4bed 3bath] with Attached Carport. Bldg 1,2026-05-26,1,2,2716 BRISTOL DR BLDG 1,78723,4,NA,https://abc.austintexas.gov/web/permit/public-search-other?t_detail=1&t_selected_folderrsn=13708460,2716 BRISTOL DRIVE BLDG 1,NA,Austin,Texas,United States,1
200 W O DELL ST BLDG 2,Bldg 2 New Construction of 2-Story SF Res [5bed 3.5 bath] with attached carport,2026-06-01,1,2,200 W O DELL ST BLDG 2,78752,4,NA,https://abc.austintexas.gov/web/permit/public-search-other?t_detail=1&t_selected_folderrsn=13710649,200 WEST O DELL STREET BLDG 2,NA,Austin,Texas,United States,1
8023 BIRD SONG CIR,SP Condo: New construction of a 2-story single family dwelling in a condo regime. 3 bedroom 2.5 bath with attached garage,2026-05-11,1,2,8023 BIRD SONG CIR,78745,5,NA,https://abc.austintexas.gov/web/permit/public-search-other?t_detail=1&t_selected_folderrsn=13700865,8023 BIRD SONG CIR,NA,Austin,Texas,United States,1
9505 GOLDEN LION DR,"New construction of sfr 4 beds 3 baths with attached garage and covered porch and patio 

PUD",2026-05-05,1,1,9505 GOLDEN LION DR,78744,2,NA,https://abc.austintexas.gov/web/permit/public-search-other?t_detail=1&t_selected_folderrsn=13696234,9505 GOLDEN LION DRIVE,NA,Austin,Texas,United States,1
9404 LILT DR BLDG 7,*SMART Housing* *Green Building* New 1-story 4 bedroom 2 bathroom single family residence with covered front porch and rear covered patio.,2026-05-08,1,1,9404 LILT DR BLDG 7,78653,1,NA,https://abc.austintexas.gov/web/permit/public-search-other?t_detail=1&t_selected_folderrsn=13616275,9404 LILT DRIVE BLDG 7,NA,Austin,Texas,United States,1
9204 CALVERT WAY,"New construction of single family dwelling with 5 bedrooms and 4.5 baths 3 car garage rear patio and front porch

PUD",2026-06-03,1,2,9204 CALVERT WAY,78744,2,NA,https://abc.austintexas.gov/web/permit/public-search-other?t_detail=1&t_selected_folderrsn=13714318,9204 CALVERT WAY,NA,Austin,Texas,United States,1
9505 CORVALLIS DR,Harrison S356 B Right New - 2 Story SFR w/ 4 bedrooms 2.5 bathrooms attached 2 car garage covered entry porch and patio required parking: 2.,2026-05-30,1,2,9505 CORVALLIS DR,78747,2,NA,https://abc.austintexas.gov/web/permit/public-search-other?t_detail=1&t_selected_folderrsn=13711596,9505 CORVALLIS DRIVE,NA,Austin,Texas,United States,1
902 W JOHANNA ST BLDG 2,Building 2 2 Story SFR rear of main house with alley access - ADU / Garage,2026-05-08,1,2,902 W JOHANNA ST BLDG 2,78704,3,NA,https://abc.austintexas.gov/web/permit/public-search-other?t_detail=1&t_selected_folderrsn=13687929,902 WEST JOHANNA STREET BLDG 2,NA,Austin,Texas,United States,1
8202 ELIJAH CRAIG WAY,*Green Building* New 2-story 4 bedroom 3.5 bathroom single family residence with attached garage covered front porch and rear covered patio.,2026-05-06,1,2,8202 ELIJAH CRAIG WAY,78744,2,NA,https://abc.austintexas.gov/web/permit/public-search-other?t_detail=1&t_selected_folderrsn=13699451,8202 ELIJAH CRAIG WAY,NA,Austin,Texas,United States,1
12022 SAGRADA ST,2245ER NEW 2 STORY 4 BEDROOM 2 1/2 BATH SINGLE FAMILY RESIDENTIAL HOME WITH ATTACHED GARAGE COVERED FRONT PORCH AND REAR PATIO,2026-05-27,1,2,12022 SAGRADA ST,78748,5,NA,https://abc.austintexas.gov/web/permit/public-search-other?t_detail=1&t_selected_folderrsn=13710181,12022 SAGRADA STREET,NA,Austin,Texas,United States,1
13301 KINCANE DR,2458BL NEW 2 STORY 4 BEDROOM 3 1/2 BATH SINGLE FAMILY RESIDENTIAL HOME WITH ATTACHED GARAGE COVERED FRONT PORCH AND REAR PATIO,2026-05-13,1,2,13301 KINCANE DR,78617,2,NA,https://abc.austintexas.gov/web/permit/public-search-other?t_detail=1&t_selected_folderrsn=13702665,13301 KINCANE DRIVE,NA,Austin,Texas,United States,1
4816 ABERDEEN DR UNIT 1B,ePlan: Residential Expedited Review - New Three Unit: Bldg. 1B New Construction of  2-Story Single Family Res. [3bed 2.5bath] attached garage,2026-05-21,1,2,4816 ABERDEEN DR UNIT 1B,78745,3,NA,https://abc.austintexas.gov/web/permit/public-search-other?t_detail=1&t_selected_folderrsn=13707326,4816 ABERDEEN DRIVE UNIT 1B,NA,Austin,Texas,United States,1
13201 KEEFER DR,Bradford 3315 C Right New - 2 Story SFR CONDOMINUM w/ 3 bedrooms 2.5 bathrooms attached 2 car garage covered entry porch and patio FFE: 681.66 Site Plan: SP-2021-0328C Site Plan Exp.: 01/09/27 Max Bld height: 26-9 Actual Bld height: 26-9 required parking: 2.,2026-05-01,1,2,13201 KEEFER DR,78652,5,NA,https://abc.austintexas.gov/web/permit/public-search-other?t_detail=1&t_selected_folderrsn=13695162,13201 KEEFER DRIVE,NA,Austin,Texas,United States,1
1174 OAK GROVE AVE--BLDG 1,ePlan: Residential Expedited Review - New construction of a 3-Story Single Family Res. [3bed 2.5bath] with Attached Carport. Bldg 1,2026-05-07,1,3,1174 OAK GROVE AVE BLDG 1,78702,1,NA,https://abc.austintexas.gov/web/permit/public-search-other?t_detail=1&t_selected_folderrsn=13679228,1174 OAK GROVE AVE BLDG 1,NA,Austin,Texas,United States,1
2616 SHERWOOD LN,New construction of 2 story single-family residence 1 car garage 3 bathroom 3 bedroom rear covered patio 2nd floor w/ gable/dormer roof.,2026-05-18,1,2,2616 SHERWOOD LN,78704,3,NA,https://abc.austintexas.gov/web/permit/public-search-other?t_detail=1&t_selected_folderrsn=13691643,2616 SHERWOOD LANE,NA,Austin,Texas,United States,1
12409 SAINT THOMAS DR,Callahan 830-P-L Is a New one-story single-family residence with (4) bedrooms (2) bathrooms an attached two-car garage garage and a covered entry porch and patio.,2026-05-27,1,1,12409 SAINT THOMAS DR,78617,2,NA,https://abc.austintexas.gov/web/permit/public-search-other?t_detail=1&t_selected_folderrsn=13709991,12409 SAINT THOMAS DRIVE,NA,Austin,Texas,United States,1
802 BOLEY DR,Estonian 3316 C Right New - 2 Story SFR CONDOMINUM w/ 4 bedrooms 3 bathrooms attached 2 car garage covered entry porch and patio FFE: 687.01 Site Plan: SP-2021-0328C Site Plan Exp.: 01/09/27 Max Bld height: 26-11 Actual Bld height: 26-11,2026-05-01,1,2,802 BOLEY DR,78652,5,NA,https://abc.austintexas.gov/web/permit/public-search-other?t_detail=1&t_selected_folderrsn=13694300,802 BOLEY DRIVE,NA,Austin,Texas,United States,1
9712 OXBOW STRAP DR,NEW 1 STORY SINGLE-FAMILY RESIDENCE ATTACHED GARAGE COVERED PORCH AND PATIO 4/2.5,2026-05-20,1,1,9712 OXBOW STRAP DR,78724,1,NA,https://abc.austintexas.gov/web/permit/public-search-other?t_detail=1&t_selected_folderrsn=13706262,9712 OXBOW STRAP DRIVE,NA,Austin,Texas,United States,1
4010 MONTAGE PASS,*S.M.A.R.T. HOUSING* *GREEN BUILDING* ePlan: Residential Expedited Review - New construction of a 3-Story Townhome [3bed 3.5bath] with Attached Garage. 4010 MONTAGE PASS,2026-06-02,1,3,4010 MONTAGE PASS,78731,10,NA,https://abc.austintexas.gov/web/permit/public-search-other?t_detail=1&t_selected_folderrsn=13712084,4010 MONTAGE PASS,NA,Austin,Texas,United States,1
7202 EAGLE ROSE RD,"New construction of single family dwelling with 3 bedrooms and 2 baths 2 car garage rear patio and front porch

PUD",2026-05-14,1,1,7202 EAGLE ROSE RD,78744,2,NA,https://abc.austintexas.gov/web/permit/public-search-other?t_detail=1&t_selected_folderrsn=13703749,7202 EAGLE ROSE ROAD,NA,Austin,Texas,United States,1
6700 GALINDO ST BLDG 2,Building 2 New 1 Story Single Family Home 1/1,2026-05-20,1,1,6700 GALINDO ST BLDG 2,78741,3,NA,https://abc.austintexas.gov/web/permit/public-search-other?t_detail=1&t_selected_folderrsn=13348512,6700 GALINDO STREET BLDG 2,NA,Austin,Texas,United States,1
4704 NATIVE PEARL LN,New single family residence - 2 story 3 bed/2.5 bath 2335 sqft living with attached garage,2026-06-01,1,2,4704 NATIVE PEARL LN,78754,1,NA,https://abc.austintexas.gov/web/permit/public-search-other?t_detail=1&t_selected_folderrsn=13711144,4704 NATIVE PEARL LANE,NA,Austin,Texas,United States,1
4708 GONZALES ST--BLDG 1,ePlan: Residential Expedited Review - New Two Units: Bldg1 New Construction of 3-Story Single Family Res. [4bed 3.5bath] with attached carport,2026-05-08,1,3,4708 GONZALES ST BLDG 1,78702,3,NA,https://abc.austintexas.gov/web/permit/public-search-other?t_detail=1&t_selected_folderrsn=13700543,4708 GONZALES STREET BLDG 1,NA,Austin,Texas,United States,1
9117 CALVERT WAY,*Green Building* New 2-story 5 bedroom 4.5 bathroom single family residence with attached garage covered front porch and rear covered patio.,2026-05-07,1,2,9117 CALVERT WAY,78744,2,NA,https://abc.austintexas.gov/web/permit/public-search-other?t_detail=1&t_selected_folderrsn=13699782,9117 CALVERT WAY,NA,Austin,Texas,United States,1
12912 STAYWELL WAY,2070CL NEW 2 STORY 3 BEDOOM 2 1/2 BATH SINGLE FAMILY RESIDENTIAL HOME WITH ATTACHED GARAGE COVERED FRONT PORCH AND REAR PATIO,2026-05-05,1,2,12912 STAYWELL WAY,78617,2,NA,https://abc.austintexas.gov/web/permit/public-search-other?t_detail=1&t_selected_folderrsn=13697647,12912 STAYWELL WAY,NA,Austin,Texas,United States,1
8108 BIRD SONG CIR,New construction of 2 story Duplex Condo each with 3 beds 2.5 baths and attached garage (8108 and 8110 Bird Song) - Unit A,2026-05-21,1,2,8108 BIRD SONG CIR,78745,5,NA,https://abc.austintexas.gov/web/permit/public-search-other?t_detail=1&t_selected_folderrsn=13707412,8108 BIRD SONG CIR,NA,Austin,Texas,United States,1
9116 CALVERT WAY,New construction single-family residential 2-story 5 bedroom 4.5 bath with attached 3-car garage covered front porch and covered rear patio.,2026-05-04,1,2,9116 CALVERT WAY,78744,2,NA,https://abc.austintexas.gov/web/permit/public-search-other?t_detail=1&t_selected_folderrsn=13697015,9116 CALVERT WAY,NA,Austin,Texas,United States,1
6312 ROTUNDA VW,"New construction of 2 story SFR with 3 beds 2.5 baths 2 car garage alley access

PUD",2026-05-11,1,2,6312 ROTUNDA VW,78747,2,NA,https://abc.austintexas.gov/web/permit/public-search-other?t_detail=1&t_selected_folderrsn=13699463,6312 ROTUNDA VW,NA,Austin,Texas,United States,1
11305 ZIP COCHISE WAY,New 2 story single family residence 4 bed 2.5 bath covered porch 8 patio 2-car garage,2026-04-29,1,2,11305 ZIP COCHISE WAY,78653,1,NA,https://abc.austintexas.gov/web/permit/public-search-other?t_detail=1&t_selected_folderrsn=13694094,11305 ZIP COCHISE WAY,NA,Austin,Texas,United States,1
10601 BROWNIE DR BLDG 3,ePlan: Residential Expedited Review - Three Unit - Bldg 3 New Construction of  2-Story SF Res [3bed 2.5bath] w/ attached garage,2026-06-01,1,2,10601 BROWNIE DR BLDG 3,78753,4,NA,https://abc.austintexas.gov/web/permit/public-search-other?t_detail=1&t_selected_folderrsn=13713001,10601 BROWNIE DRIVE BLDG 3,NA,Austin,Texas,United States,1
6400 HUNTLEIGH WAY BLDG 2,Bldg #2 New 1-story dwelling unit container home  1 Bed/1 Bath,2026-05-26,1,1,6400 HUNTLEIGH WAY BLDG 2,78725,1,NA,https://abc.austintexas.gov/web/permit/public-search-other?t_detail=1&t_selected_folderrsn=13661463,6400 HUNTLEIGH WAY BLDG 2,NA,Austin,Texas,United States,1
2113 HASKELL ST BLDG 1,ePlan: Residential Expedited Review - Three Unit - Bldg 1 New Construction of  2-Story SF Res [5bed 4bath] w/ attached garage,2026-06-03,1,2,2113 HASKELL ST BLDG 1,78702,3,NA,https://abc.austintexas.gov/web/permit/public-search-other?t_detail=1&t_selected_folderrsn=13712338,2113 HASKELL STREET BLDG 1,NA,Austin,Texas,United States,1
9401 GLADSOME PATH,*Green Building* New 2-story 3 bedroom 2.5 bathroom single family residence with attached garage covered front porch and rear covered patio.,2026-05-21,1,2,9401 GLADSOME PATH,78653,1,NA,https://abc.austintexas.gov/web/permit/public-search-other?t_detail=1&t_selected_folderrsn=13706462,9401 GLADSOME PATH,NA,Austin,Texas,United States,1
3006 FRUTH ST BLDG 2,ePlan: Residential Expedited Review - New construction TWO Unit; Bldg 2 New construction 2-story SF Res [2bed 2bath]with attached carport,2026-05-22,1,2,3006 FRUTH ST BLDG 2,78705,9,NA,https://abc.austintexas.gov/web/permit/public-search-other?t_detail=1&t_selected_folderrsn=13706726,3006 FRUTH STREET BLDG 2,NA,Austin,Texas,United States,1
937 E 53RD ST,BLDG 3: 3 stroy SFR with 4 bedrooms 3 bath covered patio an attached carport.,2026-05-13,1,3,937 E 53RD ST,78751,9,NA,https://abc.austintexas.gov/web/permit/public-search-other?t_detail=1&t_selected_folderrsn=13608641,937 EAST 53RD STREET,NA,Austin,Texas,United States,1
107 E 47TH ST,New 2-story 3 bedroom 4 bathroom single family residence with attached carport covered front porch and rear screened patio.,2026-05-14,1,2,107 E 47TH ST,78751,9,NA,https://abc.austintexas.gov/web/permit/public-search-other?t_detail=1&t_selected_folderrsn=13688537,107 EAST 47TH STREET,NA,Austin,Texas,United States,1
11224 KOKO CAYUSE TRL,"New construction of 2 story sfr with 4 beds 3.5 baths opt study covered patio upper patio and entry with 2 car garage

PUD",2026-05-19,1,2,11224 KOKO CAYUSE TRL,78653,1,NA,https://abc.austintexas.gov/web/permit/public-search-other?t_detail=1&t_selected_folderrsn=13705853,11224 KOKO CAYUSE TRAIL,NA,Austin,Texas,United States,1
4014 MONTAGE PASS,*S.M.A.R.T. HOUSING* *GREEN BUILDING* ePlan: Residential Expedited Review - New construction of a 3-Story Townhome [3bed 3.5bath] with Attached Garage. 4014 MONTAGE PASS,2026-06-02,1,3,4014 MONTAGE PASS,78731,10,NA,https://abc.austintexas.gov/web/permit/public-search-other?t_detail=1&t_selected_folderrsn=13712086,4014 MONTAGE PASS,NA,Austin,Texas,United States,1
9501 BUCKSTITCH SADDLE DR,"New single-story SFR (4br/2ba) with attached garage covered patio and covered porch
EV charger is not optional.  It is required per IECC 2024.",2026-05-05,1,2,9501 BUCKSTITCH SADDLE DR,78724,1,NA,https://abc.austintexas.gov/web/permit/public-search-other?t_detail=1&t_selected_folderrsn=13697382,9501 BUCKSTITCH SADDLE DRIVE,NA,Austin,Texas,United States,1
12416 SAINT THOMAS DR,Winedale 880-P-R Is a New two-story family residence with (5) bedrooms (3) bathroom an attached two-car garage and a covered entry porch and patio.,2026-04-28,1,2,12416 SAINT THOMAS DR,78617,2,NA,https://abc.austintexas.gov/web/permit/public-search-other?t_detail=1&t_selected_folderrsn=13693139,12416 SAINT THOMAS DRIVE,NA,Austin,Texas,United States,1
1608 PEASE RD UNIT A,ePlan: Residential Expedited Review - New construction of a 2-Story Duplex [3bed 4bath]. Unit A,2026-05-22,1,2,1608 PEASE RD UNIT A,78703,10,NA,https://abc.austintexas.gov/web/permit/public-search-other?t_detail=1&t_selected_folderrsn=13690837,1608 PEASE ROAD UNIT A,NA,Austin,Texas,United States,1
1013 BRICKELL LOOP,"New construction of SFR Condo with 3 beds 2.5 baths and attached 2 car garage

PUD",2026-05-11,1,2,1013 BRICKELL LOOP,78744,2,NA,https://abc.austintexas.gov/web/permit/public-search-other?t_detail=1&t_selected_folderrsn=13700451,1013 BRICKELL LOOP,NA,Austin,Texas,United States,1
3811 GRAYSON LN BLDG 1,Bldg. 1:  New single story SFR with 1 bedroom 1 bathroom covered front porch and uncovered wood deck.,2026-06-02,1,1,3811 GRAYSON LN BLDG 1,78722,9,NA,https://abc.austintexas.gov/web/permit/public-search-other?t_detail=1&t_selected_folderrsn=13705569,3811 GRAYSON LANE BLDG 1,NA,Austin,Texas,United States,1
5708 FORKS RD,"New construction of 2 story sfr condo with 3 beds 2.5 baths and attached 2 car garage

PUD",2026-05-01,1,2,5708 FORKS RD,78747,2,NA,https://abc.austintexas.gov/web/permit/public-search-other?t_detail=1&t_selected_folderrsn=13695689,5708 FORKS ROAD,NA,Austin,Texas,United States,1
10601 BROWNIE DR BLDG 2,ePlan: Residential Expedited Review - Three Unit - Bldg 2 New Construction of  2-Story SF Res [3bed 2.5bath] w/ attached garage,2026-06-01,1,2,10601 BROWNIE DR BLDG 2,78753,4,NA,https://abc.austintexas.gov/web/permit/public-search-other?t_detail=1&t_selected_folderrsn=13713000,10601 BROWNIE DRIVE BLDG 2,NA,Austin,Texas,United States,1
401 RIDGEWOOD RD UNIT A,Unit A New construction of Duplex 4 bed 4.5 baths with attached 1 bedroom 2nd unit with single bath and kitchenette,2026-05-26,1,2,401 RIDGEWOOD RD UNIT A,78746,8,NA,https://abc.austintexas.gov/web/permit/public-search-other?t_detail=1&t_selected_folderrsn=13701808,401 RIDGEWOOD ROAD UNIT A,NA,Austin,Texas,United States,1
12408 SAINT THOMAS DR,Matador 870-O-R Is a New two-story single-family residence with (4) bedrooms (2.5) bathrooms an attached two-car garage and a covered entry porch and patio.,2026-05-27,1,2,12408 SAINT THOMAS DR,78617,2,NA,https://abc.austintexas.gov/web/permit/public-search-other?t_detail=1&t_selected_folderrsn=13708523,12408 SAINT THOMAS DRIVE,NA,Austin,Texas,United States,1
804 BOLEY DR,Brahman 3318 A Right New - 2 Story SFR CONDOMINUM w/ 4 bedrooms 2.5 bathrooms attached 2 car garage covered entry porch and patio FFE: 687.60 Site Plan: SP-2021-0328C Site Plan Exp.: 01/09/27 Max Bld height: 28-10 Actual Bld height: 28-10 required parking: 2.,2026-05-01,1,2,804 BOLEY DR,78652,5,NA,https://abc.austintexas.gov/web/permit/public-search-other?t_detail=1&t_selected_folderrsn=13694611,804 BOLEY DRIVE,NA,Austin,Texas,United States,1
13212 KINCANE DR,1548BL NEW 1 STORY 3 BEDROOM 2 BATH SINGLE FAMILY RESIDENTIAL HOUSE WITH ATTACHED GARAGE AND COVERED FRONT PORCH,2026-05-29,1,1,13212 KINCANE DR,78617,2,NA,https://abc.austintexas.gov/web/permit/public-search-other?t_detail=1&t_selected_folderrsn=13711475,13212 KINCANE DRIVE,NA,Austin,Texas,United States,1
5504 WOODVIEW AVE,ePlan: Residential Expedited Review - New construction of a 2-Story Single Family Res. [6bed 4.5bath] with Attached Garage.,2026-05-04,1,2,5504 WOODVIEW AVE,78756,7,NA,https://abc.austintexas.gov/web/permit/public-search-other?t_detail=1&t_selected_folderrsn=13665316,5504 WOODVIEW AVE,NA,Austin,Texas,United States,1
12924 STAYWELL WAY,2897BR NEW 2 STORY 4 BEDROOM 2 1/2 BATH SINGLE FAMILY RESIDENTIAL HOME WITH ATTACHED GARAGE COVERED FRONT PORCH AND REAR PATIO,2026-05-13,1,2,12924 STAYWELL WAY,78617,2,NA,https://abc.austintexas.gov/web/permit/public-search-other?t_detail=1&t_selected_folderrsn=13702656,12924 STAYWELL WAY,NA,Austin,Texas,United States,1
9803 RIBELIN RANCH CT BLDG 8,New construction of single building based on Volume Builder Approved (2024-067871 VB) Plan 6-BA-R. This is a 2 Story building with height of 33-4 and 3139 square feet.,2026-06-02,1,2,9803 RIBELIN RANCH CT BLDG 8,78750,10,NA,https://abc.austintexas.gov/web/permit/public-search-other?t_detail=1&t_selected_folderrsn=13697876,9803 RIBELIN RANCH CT BLDG 8,NA,Austin,Texas,United States,1
7004 FROG POND BND,NEW 1 STORY SINGLE-FAMILY RESIDENCE ATTACHED GARAGE COVERED PORCH AND PATIO,2026-05-08,1,1,7004 FROG POND BND,78617,2,NA,https://abc.austintexas.gov/web/permit/public-search-other?t_detail=1&t_selected_folderrsn=13699043,7004 FROG POND BND,NA,Austin,Texas,United States,1
937 E 53RD ST,BLDG 2: 3 stroy SFR with 4 bedrooms 3 bath covered patio an attached carport.,2026-05-13,1,3,937 E 53RD ST,78751,9,NA,https://abc.austintexas.gov/web/permit/public-search-other?t_detail=1&t_selected_folderrsn=13608640,937 EAST 53RD STREET,NA,Austin,Texas,United States,1
8024 BIRD SONG CIR,New construction of 2 story Duplex Condo each with 3 beds 2.5 baths and attached garage (8024 and 8026 bird song) - Unit A,2026-05-04,1,2,8024 BIRD SONG CIR,78745,5,NA,https://abc.austintexas.gov/web/permit/public-search-other?t_detail=1&t_selected_folderrsn=13696424,8024 BIRD SONG CIR,NA,Austin,Texas,United States,1
14713 INCH WORM RD,New 1-story single family residence covered porch and patio 2-car garage.,2026-05-08,1,2,14713 INCH WORM RD,78617,2,NA,https://abc.austintexas.gov/web/permit/public-search-other?t_detail=1&t_selected_folderrsn=13699379,14713 INCH WORM ROAD,NA,Austin,Texas,United States,1
6421 MC MURTRY ST,New Construction of a single family 1 story 4 bed 2 bath with attached garage and covered front porch/rear covered patio,2026-05-29,1,1,6421 MC MURTRY ST,78747,2,NA,https://abc.austintexas.gov/web/permit/public-search-other?t_detail=1&t_selected_folderrsn=13710958,6421 MC MURTRY STREET,NA,Austin,Texas,United States,1
1504 CORSAC WAY,New SFR 2-story home w/3 or 4 bedrooms 2.5 or 3 baths opt gourmet kitchen covered entry patio and 2 car att garage.,2026-06-01,1,2,1504 CORSAC WAY,78758,7,NA,https://abc.austintexas.gov/web/permit/public-search-other?t_detail=1&t_selected_folderrsn=13710993,1504 CORSAC WAY,NA,Austin,Texas,United States,1
7106 EAGLE ROSE RD,*Green Building* New 2-story 4 bedroom 3.5 bathroom single family residence with attached garage covered porch and rear covered patio.,2026-05-22,1,2,7106 EAGLE ROSE RD,78744,2,NA,https://abc.austintexas.gov/web/permit/public-search-other?t_detail=1&t_selected_folderrsn=13708645,7106 EAGLE ROSE ROAD,NA,Austin,Texas,United States,1
700 BOLEY DR,Brahman 3318 B Right New - 2 Story SFR CONDOMINUM w/ 4 bedrooms 2.5 bathrooms attached 2 car garage covered entry porch and patio FFE: 682.10 Site Plan: SP-2021-0328C Site Plan Exp.: 01/09/27 Max Bld height: 30-6 Actual Bld height: 30-6 required parking: 2.,2026-05-01,1,2,700 BOLEY DR,78652,5,NA,https://abc.austintexas.gov/web/permit/public-search-other?t_detail=1&t_selected_folderrsn=13694284,700 BOLEY DRIVE,NA,Austin,Texas,United States,1
1708 COLLIER ST BLDG 3,Bldg 3: New Construction of 3 story SFR 3 bedroom 2.5 bath with covered patio,2026-06-03,1,3,1708 COLLIER ST BLDG 3,78704,5,NA,https://abc.austintexas.gov/web/permit/public-search-other?t_detail=1&t_selected_folderrsn=13708642,1708 COLLIER STREET BLDG 3,NA,Austin,Texas,United States,1
11225 KOKO CAYUSE TRL,PB: New construction of 2 story SFR with attached garage and covered porch and patio 4/3,2026-05-06,1,2,11225 KOKO CAYUSE TRL,78653,1,NA,https://abc.austintexas.gov/web/permit/public-search-other?t_detail=1&t_selected_folderrsn=13697049,11225 KOKO CAYUSE TRAIL,NA,Austin,Texas,United States,1
4805 NATIVE PEARL LN,New single family residence - 2 story 4 bed/2.5 bath 2566 sqft living with attached garage,2026-06-02,1,2,4805 NATIVE PEARL LN,78754,1,NA,https://abc.austintexas.gov/web/permit/public-search-other?t_detail=1&t_selected_folderrsn=13712247,4805 NATIVE PEARL LANE,NA,Austin,Texas,United States,1
6402 LAUTNER LN,"New construction of SFR Condo with 3 beds 2.5 baths and attached 2 car garage

PUD",2026-04-30,1,2,6402 LAUTNER LN,78747,2,NA,https://abc.austintexas.gov/web/permit/public-search-other?t_detail=1&t_selected_folderrsn=13686851,6402 LAUTNER LANE,NA,Austin,Texas,United States,1
4816 BRIDWELL LN,New construction of 2 story SFR,2026-04-30,1,2,4816 BRIDWELL LN,78754,1,NA,https://abc.austintexas.gov/web/permit/public-search-other?t_detail=1&t_selected_folderrsn=13695426,4816 BRIDWELL LANE,NA,Austin,Texas,United States,1
8116 BIRD SONG CIR,New two-story SFR w/ 4bedrooms 3.5 bathrooms covered porch at front at rear and attached 2 car garage.,2026-05-13,1,2,8116 BIRD SONG CIR,78745,5,NA,https://abc.austintexas.gov/web/permit/public-search-other?t_detail=1&t_selected_folderrsn=13701802,8116 BIRD SONG CIR,NA,Austin,Texas,United States,1
12312 SAINT THOMAS DR,Reynolds 890-P-L Is a New two-story single-family residence with (5) bedrooms (3) bathrooms an attached two-car garage and a covered entry porch and patio.,2026-05-15,1,2,12312 SAINT THOMAS DR,78617,2,NA,https://abc.austintexas.gov/web/permit/public-search-other?t_detail=1&t_selected_folderrsn=13703482,12312 SAINT THOMAS DRIVE,NA,Austin,Texas,United States,1
4709 MENCHACA RD,New Construction 2 story single family residence. 2 bedroom 1 1/2 bath. No covered parking Outdoor covered patio.,2026-05-15,1,2,4709 MENCHACA RD,78745,5,NA,https://abc.austintexas.gov/web/permit/public-search-other?t_detail=1&t_selected_folderrsn=13703371,4709 MENCHACA ROAD,NA,Austin,Texas,United States,1
11213 GOLDEN CLOUD BND,"New construction of 2 story SFR 4 beds 2.5 baths covered patio porch opt gourmet kitchen opt fireplace opt study opt ext covered patio and 22.5 3 car garage

PUD",2026-06-03,1,2,11213 GOLDEN CLOUD BND,78653,1,NA,https://abc.austintexas.gov/web/permit/public-search-other?t_detail=1&t_selected_folderrsn=13714306,11213 GOLDEN CLOUD BND,NA,Austin,Texas,United States,1
2705 BRISTOL DR BLDG 1,ePlan: Residential Expedited Review - New construction of a 2-Story Single Family Res. [4bed 3bath] with Attached Carport. Bldg 1,2026-05-29,1,2,2705 BRISTOL DR BLDG 1,78723,4,NA,https://abc.austintexas.gov/web/permit/public-search-other?t_detail=1&t_selected_folderrsn=13710756,2705 BRISTOL DRIVE BLDG 1,NA,Austin,Texas,United States,1
9424 BUCKSTITCH SADDLE DR,*Green Building* New 2-story 4 bedroom 3 bathroom single family residence with attached garage covered front porch and rear covered patio.,2026-03-31,1,2,9424 BUCKSTITCH SADDLE DR,78724,1,NA,https://abc.austintexas.gov/web/permit/public-search-other?t_detail=1&t_selected_folderrsn=13676383,9424 BUCKSTITCH SADDLE DRIVE,NA,Austin,Texas,United States,1
7400 PULLMAN CV,Freestone S353 C Right New - 1 Story SFR w/ 4 bedrooms 2 bathrooms attached 2 car garage covered entry porch and patio required parking: 2.,2026-03-24,1,1,7400 PULLMAN CV,78747,2,NA,https://abc.austintexas.gov/web/permit/public-search-other?t_detail=1&t_selected_folderrsn=13674345,7400 PULLMAN CV,NA,Austin,Texas,United States,1
12424 SAINT THOMAS DR,Congaree 340-T-L Is a New one-story single family residence with (3) bedrooms (2) bathrooms an attached two-car garage and a covered entry porch and patio.,2026-04-28,1,1,12424 SAINT THOMAS DR,78617,2,NA,https://abc.austintexas.gov/web/permit/public-search-other?t_detail=1&t_selected_folderrsn=13693179,12424 SAINT THOMAS DRIVE,NA,Austin,Texas,United States,1
10303 GAIL RD BLDG 2,New 2 story SFR 3 bed 2.5 bath and attached garage,2026-04-08,1,2,10303 GAIL RD BLDG 2,78748,5,NA,https://abc.austintexas.gov/web/permit/public-search-other?t_detail=1&t_selected_folderrsn=13670577,10303 GAIL ROAD BLDG 2,NA,Austin,Texas,United States,1
7105 HUDKINS WAY,1548CR NEW1 STORY 3 BEDROOM 2 BATH SINGLE FAMILY RESIDENTIAL HOME WITH ATTACHED GARAGE COVERED FRONT PORCH AND REAR PATIO,2026-04-23,1,1,7105 HUDKINS WAY,78617,2,NA,https://abc.austintexas.gov/web/permit/public-search-other?t_detail=1&t_selected_folderrsn=13690963,7105 HUDKINS WAY,NA,Austin,Texas,United States,1
11008 TALLSALT DR,New single-family residence 4 bedrooms 3 bathrooms. attached garage and covered patio,2026-04-13,1,2,11008 TALLSALT DR,78754,1,NA,https://abc.austintexas.gov/web/permit/public-search-other?t_detail=1&t_selected_folderrsn=13684311,11008 TALLSALT DRIVE,NA,Austin,Texas,United States,1
13241 LOSGLAID DR,2458BR NEW 4 BEDROOM 3 1/2 BATH SINGLE FAMILY RESIDENTIAL HOME WITH ATTACHED GARAGE COVERED FRONT PORCH AND REAR PATIO,2026-04-23,1,2,13241 LOSGLAID DR,78617,2,NA,https://abc.austintexas.gov/web/permit/public-search-other?t_detail=1&t_selected_folderrsn=13690935,13241 LOSGLAID DRIVE,NA,Austin,Texas,United States,1
8107 ERMIS FARM RD,New construction of a 2-story Duplex in a condo regime.  3 bedroom 2.5 bath attached garage,2026-04-17,1,2,8107 ERMIS FARM RD,78745,5,NA,https://abc.austintexas.gov/web/permit/public-search-other?t_detail=1&t_selected_folderrsn=13687575,8107 ERMIS FARM ROAD,NA,Austin,Texas,United States,1
8111 ERMIS FARM RD,New construction of a 2-story single family dwelling in a condo regime. Both units are part of the duplex. Both units have 3 bedroom 2.5 bath with 2 car garage.,2026-04-20,1,2,8111 ERMIS FARM RD,78745,5,NA,https://abc.austintexas.gov/web/permit/public-search-other?t_detail=1&t_selected_folderrsn=13688064,8111 ERMIS FARM ROAD,NA,Austin,Texas,United States,1
10303 GAIL RD BLDG 1,New 2 story SFR 3 bed 2.5 bath and attached garage,2026-04-08,1,2,10303 GAIL RD BLDG 1,78748,5,NA,https://abc.austintexas.gov/web/permit/public-search-other?t_detail=1&t_selected_folderrsn=13670576,10303 GAIL ROAD BLDG 1,NA,Austin,Texas,United States,1
2305 RAE DELL AVE,2305 Rae Dell Ave 2 Story New residential duplex construction with attached carport and covered patio 4/3,2026-04-07,1,2,2305 RAE DELL AVE,78704,5,NA,https://abc.austintexas.gov/web/permit/public-search-other?t_detail=1&t_selected_folderrsn=13651459,2305 RAE DELL AVE,NA,Austin,Texas,United States,1
4404 JINX AVE BLDG 3,BLDG 3: New construction of a 3-Story Single Family Res. [3bed 3.5bath] with Carport,2026-04-15,1,3,4404 JINX AVE BLDG 3,78745,5,NA,https://abc.austintexas.gov/web/permit/public-search-other?t_detail=1&t_selected_folderrsn=13684440,4404 JINX AVE BLDG 3,NA,Austin,Texas,United States,1
7012 YATES AVE,ePlan: Residential Expedited Review - New construction of a 2-Story Single Family Res. [4bed 4.5bath] with Attached Carport and Autofill Pool. 7012 YATES AVE,2026-04-20,1,2,7012 YATES AVE,78757,7,NA,https://abc.austintexas.gov/web/permit/public-search-other?t_detail=1&t_selected_folderrsn=13687884,7012 YATES AVE,NA,Austin,Texas,United States,1
9401 BUCKSTITCH SADDLE DR,"New construction of 2 story SFR attached garage covered porch and patio

PUD",2026-03-31,1,2,9401 BUCKSTITCH SADDLE DR,78724,1,NA,https://abc.austintexas.gov/web/permit/public-search-other?t_detail=1&t_selected_folderrsn=13676075,9401 BUCKSTITCH SADDLE DRIVE,NA,Austin,Texas,United States,1
4800 BRIDWELL LN,New single-family residence,2026-04-06,1,1,4800 BRIDWELL LN,78754,1,NA,https://abc.austintexas.gov/web/permit/public-search-other?t_detail=1&t_selected_folderrsn=13680945,4800 BRIDWELL LANE,NA,Austin,Texas,United States,1
6313 STOCKMAN DR,Bldg #3 New 2-story dwelling unit 4 bed/2.5 bath attached garage with covered porch and patio Smart Housing Green Building,2026-04-09,1,2,6313 STOCKMAN DR,78747,2,NA,https://abc.austintexas.gov/web/permit/public-search-other?t_detail=1&t_selected_folderrsn=13681802,6313 STOCKMAN DRIVE,NA,Austin,Texas,United States,1
3107 CAVALCADE CT,ePlan: Residential Expedited Review - New construction of a 2-Story Single Family Res. [5bed 6bath] with Attached Garage,2026-03-27,1,2,3107 CAVALCADE CT,78746,8,NA,https://abc.austintexas.gov/web/permit/public-search-other?t_detail=1&t_selected_folderrsn=13677247,3107 CAVALCADE CT,NA,Austin,Texas,United States,1
4201 PREVAIL LN,"1 of 3 Unit 4-story Multi-Family Building with 4 Bedrooms and 5 bathrooms Game Room Covered Porch and Covered Deck on 2nd & 4th Floor Storage on 4th Floor with Attached 2 Car Garages.

 (Suite 9)

SP-2017-0130C.SH -Approved",2026-04-10,3,4,4201 PREVAIL LN,78731,10,NA,https://abc.austintexas.gov/web/permit/public-search-other?t_detail=1&t_selected_folderrsn=13683385,4201 PREVAIL LANE,NA,Austin,Texas,United States,1
6305 COMANCHE MOON TRL,New SFR - PUD 4 bed 3.5 bath with attached garage,2026-04-20,1,2,6305 COMANCHE MOON TRL,78747,2,NA,https://abc.austintexas.gov/web/permit/public-search-other?t_detail=1&t_selected_folderrsn=13688308,6305 COMANCHE MOON TRAIL,NA,Austin,Texas,United States,1
8403 GARCREEK CIR BLDG 3,new two-story SFRs *TOWNHOME*   3 bed 2.5 bath with attached garage and balcony,2026-03-23,1,2,8403 GARCREEK CIR BLDG 3,78724,1,NA,https://abc.austintexas.gov/web/permit/public-search-other?t_detail=1&t_selected_folderrsn=13587261,8403 GARCREEK CIR BLDG 3,NA,Austin,Texas,United States,1
8203 PEERLESS PASS,New construction of single-family dwelling with 4 bedrooms and 3 baths 2 car garage rear patio and front porch,2026-04-24,1,1,8203 PEERLESS PASS,78744,2,NA,https://abc.austintexas.gov/web/permit/public-search-other?t_detail=1&t_selected_folderrsn=13691796,8203 PEERLESS PASS,NA,Austin,Texas,United States,1
8020 BIRD SONG CIR,8022 New construction of 2 story Duplex Condo each with 3 beds 2.5 baths and attached garage (8020 and 8022 bird song),2026-04-24,1,2,8020 BIRD SONG CIR,78745,5,NA,https://abc.austintexas.gov/web/permit/public-search-other?t_detail=1&t_selected_folderrsn=13691837,8020 BIRD SONG CIR,NA,Austin,Texas,United States,1
11316 ZIP COCHISE WAY,"New Construction- New 2 story SFR 3bed 2.5bath 

PUD",2026-04-13,1,2,11316 ZIP COCHISE WAY,78653,1,NA,https://abc.austintexas.gov/web/permit/public-search-other?t_detail=1&t_selected_folderrsn=13684760,11316 ZIP COCHISE WAY,NA,Austin,Texas,United States,1
605 E 55TH ST BLDG 4,"*Type 2 RESIDENTIAL AFFORDABLE HOUSING DEVELOPMENT BONUS PROGRAM* 
ePlan: Residential Expedited Review - New construction of a 3-Story Single Family Res. [2bed 2.5bath]. Bldg 4",2026-03-24,1,3,605 E 55TH ST BLDG 4,78751,4,NA,https://abc.austintexas.gov/web/permit/public-search-other?t_detail=1&t_selected_folderrsn=13673467,605 EAST 55TH STREET BLDG 4,NA,Austin,Texas,United States,1
8105 ERMIS FARM RD,New construction of a 2-story Duplex in a condo regime.  3 bedroom 2.5 bath attached garage,2026-04-17,1,2,8105 ERMIS FARM RD,78745,5,NA,https://abc.austintexas.gov/web/permit/public-search-other?t_detail=1&t_selected_folderrsn=13687574,8105 ERMIS FARM ROAD,NA,Austin,Texas,United States,1
906 NEANS DR BLDG 2,Building 2 New 2 Story SFR rear of main house with attached garage and covered patio and balcony  3/2.5,2026-04-10,1,2,906 NEANS DR BLDG 2,78758,4,NA,https://abc.austintexas.gov/web/permit/public-search-other?t_detail=1&t_selected_folderrsn=13660188,906 NEANS DRIVE BLDG 2,NA,Austin,Texas,United States,1
4913 BRIDWELL LN,New construction 1 story SFR with 4 beds 3 baths with 2 car garage and covered patio,2026-04-10,1,1,4913 BRIDWELL LN,78754,1,NA,https://abc.austintexas.gov/web/permit/public-search-other?t_detail=1&t_selected_folderrsn=13683337,4913 BRIDWELL LANE,NA,Austin,Texas,United States,1
8904 GOLDEN LION DR,New Construction- 4bed 3.5bath with attached garage and covered porch patio,2026-04-17,1,2,8904 GOLDEN LION DR,78744,2,NA,https://abc.austintexas.gov/web/permit/public-search-other?t_detail=1&t_selected_folderrsn=13687672,8904 GOLDEN LION DRIVE,NA,Austin,Texas,United States,1
13216 STABLER DR,Galloway 3312 A Right New - 1 Story SFR CONDOMINUM w/ 3 bedrooms 2 bathrooms attached 2 car garage covered entry porch and patio FFE: 681.48 Site Plan: SP-2021-0328C Site Plan Exp.: 01/09/27 Max Bld height: 21-10 Actual Bld height: 21-10 required parking: 2.,2026-03-24,1,1,13216 STABLER DR,78652,5,NA,https://abc.austintexas.gov/web/permit/public-search-other?t_detail=1&t_selected_folderrsn=13674589,13216 STABLER DRIVE,NA,Austin,Texas,United States,1
5210 MONARDA MINT DR,San Luis 1521-K-R New 2-Story Single Family Residence with (4) bedrooms (3) bathrooms Attached Garage Covered Patio & Porch Cafe & Game Room,2026-03-25,1,2,5210 MONARDA MINT DR,78653,1,NA,https://abc.austintexas.gov/web/permit/public-search-other?t_detail=1&t_selected_folderrsn=13674360,5210 MONARDA MINT DRIVE,NA,Austin,Texas,United States,1
2313 S 3RD ST BLDG 2,2313 S 3RD STREET Bldg 2: New two-story residence with porch 4 bathroom 3 bedroom. Existing residence to remain Single-family use to two-unit use.,2026-03-25,1,2,2313 S 3RD ST BLDG 2,78704,3,NA,https://abc.austintexas.gov/web/permit/public-search-other?t_detail=1&t_selected_folderrsn=13645901,2313 SOUTH 3RD STREET BLDG 2,NA,Austin,Texas,United States,1
11024 TRUE VALOR DR,New construction of SFR with 4 bedrooms and 3 bathrooms. attached garage and covered patio,2026-04-10,1,2,11024 TRUE VALOR DR,78754,1,NA,https://abc.austintexas.gov/web/permit/public-search-other?t_detail=1&t_selected_folderrsn=13683527,11024 TRUE VALOR DRIVE,NA,Austin,Texas,United States,1
9301 BREEZE HILL DR,New construction single-family residential 2-story 4 bedroom 3.5 bath with attached 2-car garage covered front porch porch and covered rear patio.,2026-03-23,1,2,9301 BREEZE HILL DR,78744,2,NA,https://abc.austintexas.gov/web/permit/public-search-other?t_detail=1&t_selected_folderrsn=13635843,9301 BREEZE HILL DRIVE,NA,Austin,Texas,United States,1
2712 E 22ND ST BLDG 3,ePlan: Residential Expedited Review - New construction of a 2-Story Single Family Res. [4bed 3bath] with Attached Garage. Bldg 3,2026-03-30,1,2,2712 E 22ND ST BLDG 3,78722,1,NA,https://abc.austintexas.gov/web/permit/public-search-other?t_detail=1&t_selected_folderrsn=13673373,2712 EAST 22ND STREET BLDG 3,NA,Austin,Texas,United States,1
8107 ELIJAH CRAIG WAY,New two-story SFR *PRODUCTION BUILDER- GREEN BUILDING* with attached garage cover porch and patio 5/4,2026-04-07,1,2,8107 ELIJAH CRAIG WAY,78744,2,NA,https://abc.austintexas.gov/web/permit/public-search-other?t_detail=1&t_selected_folderrsn=13682017,8107 ELIJAH CRAIG WAY,NA,Austin,Texas,United States,1
9305 BREEZE HILL DR,New construction of 2 Story SFR with attached garage and covered porch and patio 4/3.5,2026-03-23,1,2,9305 BREEZE HILL DR,78744,2,NA,https://abc.austintexas.gov/web/permit/public-search-other?t_detail=1&t_selected_folderrsn=13673154,9305 BREEZE HILL DRIVE,NA,Austin,Texas,United States,1
9105 CALVERT WAY,New construction of single-family dwelling with 4 bedrooms and 3.5 baths 3 car garage rear patio and front porch,2026-04-10,1,2,9105 CALVERT WAY,78744,2,NA,https://abc.austintexas.gov/web/permit/public-search-other?t_detail=1&t_selected_folderrsn=13683377,9105 CALVERT WAY,NA,Austin,Texas,United States,1
6005 ROTUNDA VW,New two-story single family attached row house 3 bedroom/2.5 bathroom with covered porch driveway and sidewalk SMART Housing Green Building,2026-03-30,1,2,6005 ROTUNDA VW,78747,2,NA,https://abc.austintexas.gov/web/permit/public-search-other?t_detail=1&t_selected_folderrsn=13675791,6005 ROTUNDA VW,NA,Austin,Texas,United States,1
308 KEMP ST,New 2-story single family residence 2 bed/2.5 bath with attached garage covered porch covered patio and covered balcony Cottage lot,2026-04-28,1,2,308 KEMP ST,78741,3,NA,https://abc.austintexas.gov/web/permit/public-search-other?t_detail=1&t_selected_folderrsn=13692811,308 KEMP STREET,NA,Austin,Texas,United States,1
6801 WENTWORTH DR,Unit B New 2 story 4-Unit Townhomes (Reconstruction of townhouse building due to fire partial foundation to be reused),2026-04-07,1,2,6801 WENTWORTH DR,78724,1,NA,https://abc.austintexas.gov/web/permit/public-search-other?t_detail=1&t_selected_folderrsn=13657411,6801 WENTWORTH DRIVE,NA,Austin,Texas,United States,1
8203 ELIJAH CRAIG WAY,New 2-story single family residence 3 bed/2.5 bath attached garage with covered rear patio and covered porch Green Building,2026-04-23,1,2,8203 ELIJAH CRAIG WAY,78744,2,NA,https://abc.austintexas.gov/web/permit/public-search-other?t_detail=1&t_selected_folderrsn=13691188,8203 ELIJAH CRAIG WAY,NA,Austin,Texas,United States,1
5912 ROTUNDA VW,New two-story SFR *PRODUCTION BUILDER- SMART HOUSING / GREEN BUILDING*,2026-04-15,1,2,5912 ROTUNDA VW,78747,2,NA,https://abc.austintexas.gov/web/permit/public-search-other?t_detail=1&t_selected_folderrsn=13685753,5912 ROTUNDA VW,NA,Austin,Texas,United States,1
4203 PREVAIL LN,"1 of 3 Unit 4-story Multi-Family Building with 4 Bedrooms and 5 bathrooms Game Room Covered Porch and Covered Deck on 2nd & 4th Floor Storage on 4th Floor with Attached 2 Car Garages.

(Suite 10)

SP-2017-0130C.SH -Approved",2026-04-10,3,4,4203 PREVAIL LN,78731,10,NA,https://abc.austintexas.gov/web/permit/public-search-other?t_detail=1&t_selected_folderrsn=13683386,4203 PREVAIL LANE,NA,Austin,Texas,United States,1
2207 DE VERNE ST,2207 De Verne St 2 Story New residential duplex construction with attached carport and covered patio 4/3,2026-04-07,1,2,2207 DE VERNE ST,78704,5,NA,https://abc.austintexas.gov/web/permit/public-search-other?t_detail=1&t_selected_folderrsn=13651458,2207 DE VERNE STREET,NA,Austin,Texas,United States,1
6009 ROTUNDA VW,New two-story single family attached row house 3 bedroom/2.5 bathroom with covered porch driveway and sidewalk SMART Housing Green Building,2026-04-09,1,2,6009 ROTUNDA VW,78747,2,NA,https://abc.austintexas.gov/web/permit/public-search-other?t_detail=1&t_selected_folderrsn=13677114,6009 ROTUNDA VW,NA,Austin,Texas,United States,1
8600 AMBERGILL CT,PB: New construction of 1 story SFR with attached 3 car garage covered porch and patio 4/3,2026-04-28,1,1,8600 AMBERGILL CT,78744,2,NA,https://abc.austintexas.gov/web/permit/public-search-other?t_detail=1&t_selected_folderrsn=13693812,8600 AMBERGILL CT,NA,Austin,Texas,United States,1
9012 PEAFOWL ST,New construction single-family residential 2-story 4 bedroom 3 bath with attached 2-car garage covered front porch and covered rear patio.,2026-04-08,1,2,9012 PEAFOWL ST,78744,2,NA,https://abc.austintexas.gov/web/permit/public-search-other?t_detail=1&t_selected_folderrsn=13680498,9012 PEAFOWL STREET,NA,Austin,Texas,United States,1
5213 MONARDA MINT DR,Monroe 2191-LS201-R New 2-Story Single Family Residence with (4) bedrooms (3) bathrooms Attached Garage Covered Porch Cafe & Loft,2026-03-31,1,2,5213 MONARDA MINT DR,78653,1,NA,https://abc.austintexas.gov/web/permit/public-search-other?t_detail=1&t_selected_folderrsn=13676614,5213 MONARDA MINT DRIVE,NA,Austin,Texas,United States,1
4710 NATIVE PEARL LN,New construction of SFR,2026-04-03,1,1,4710 NATIVE PEARL LN,78754,1,NA,https://abc.austintexas.gov/web/permit/public-search-other?t_detail=1&t_selected_folderrsn=13680575,4710 NATIVE PEARL LANE,NA,Austin,Texas,United States,1
6313 STOCKMAN DR,Bldg #2 New 3-story dwelling unit 4 bed/3.5 bath attached garage with covered porch and balcony Smart Housing Green Building,2026-04-09,1,3,6313 STOCKMAN DR,78747,2,NA,https://abc.austintexas.gov/web/permit/public-search-other?t_detail=1&t_selected_folderrsn=13681801,6313 STOCKMAN DRIVE,NA,Austin,Texas,United States,1
7429 PULLMAN CV,Harrison S356 D Left New - 2 Story SFR w/ 5 bedrooms 3 bathrooms attached 2 car garage covered entry porch and patio required parking: 2.,2026-04-16,1,2,7429 PULLMAN CV,78747,2,NA,https://abc.austintexas.gov/web/permit/public-search-other?t_detail=1&t_selected_folderrsn=13687516,7429 PULLMAN CV,NA,Austin,Texas,United States,1
1801 W ST JOHNS AVE UNIT B,ePlan: Residential Expedited Review - New construction of a 2-Story Duplex [1bed 1bath] with attached Garage. Unit B,2026-04-20,1,2,1801 W ST JOHNS AVE UNIT B,78757,7,NA,https://abc.austintexas.gov/web/permit/public-search-other?t_detail=1&t_selected_folderrsn=13687883,1801 WEST STREET JOHNS AVE UNIT B,NA,Austin,Texas,United States,1
7313 STITZEL WELLER DR,"PUD
New Construction of 2-story SFR with 4 bedrooms 3.5 baths with attached 2-car garage covered front porch and covered rear patio",2026-04-13,1,2,7313 STITZEL WELLER DR,78744,2,NA,https://abc.austintexas.gov/web/permit/public-search-other?t_detail=1&t_selected_folderrsn=13684377,7313 STITZEL WELLER DRIVE,NA,Austin,Texas,United States,1
6003 ROTUNDA VW,New two-story single family attached row house 3 bedroom/2.5 bathroom with covered porch driveway and sidewalk SMART Housing Green Building,2026-03-30,1,2,6003 ROTUNDA VW,78747,2,NA,https://abc.austintexas.gov/web/permit/public-search-other?t_detail=1&t_selected_folderrsn=13675770,6003 ROTUNDA VW,NA,Austin,Texas,United States,1
706 BOLEY DR,Highland 3313 B Right New - 1 Story SFR CONDOMINUM w/ 3 bedrooms 2 bathrooms attached 2 car garage covered entry porch and patio FFE: 682.85 Site Plan: SP-2021-0328C Site Plan Exp.: 01/09/27 Max Bld height: 21-10 Actual Bld height: 21-10 required parking: 2.,2026-03-24,1,1,706 BOLEY DR,78652,5,NA,https://abc.austintexas.gov/web/permit/public-search-other?t_detail=1&t_selected_folderrsn=13674629,706 BOLEY DRIVE,NA,Austin,Texas,United States,1
9505 DINGO DR,"New construction of single family dwelling with 5 bedrooms and 5.5 baths 3 car garage rear patio and front porch

PUD",2026-04-02,1,2,9505 DINGO DR,78744,2,NA,https://abc.austintexas.gov/web/permit/public-search-other?t_detail=1&t_selected_folderrsn=13679560,9505 DINGO DRIVE,NA,Austin,Texas,United States,1
12110 SAGRADA ST,2527AR NEW 4 BEDROOM 2 1/2 BATH SINGLE FAMILY RESIDENTIAL HOME WITH ATTACHED GARAGE COVERED FRONT PORCH AND REAR PATIO,2026-04-27,1,2,12110 SAGRADA ST,78748,5,NA,https://abc.austintexas.gov/web/permit/public-search-other?t_detail=1&t_selected_folderrsn=13692046,12110 SAGRADA STREET,NA,Austin,Texas,United States,1
9417 BUCKSTITCH SADDLE DR,*Green Building* New 1-story 4 bedroom 2 bathroom single family residence with attached garage covered front porch and rear covered patio.,2026-03-31,1,1,9417 BUCKSTITCH SADDLE DR,78724,1,NA,https://abc.austintexas.gov/web/permit/public-search-other?t_detail=1&t_selected_folderrsn=13677264,9417 BUCKSTITCH SADDLE DRIVE,NA,Austin,Texas,United States,1
6801 WENTWORTH DR,Unit D New 2 story 4-Unit Townhomes (Reconstruction of townhouse building due to fire partial foundation to be reused),2026-04-06,1,2,6801 WENTWORTH DR,78724,1,NA,https://abc.austintexas.gov/web/permit/public-search-other?t_detail=1&t_selected_folderrsn=13657413,6801 WENTWORTH DRIVE,NA,Austin,Texas,United States,1
8308 ELIJAH CRAIG WAY,New construction of single family dwelling with 4 bedrooms and 3.5 baths 2 car garage rear patio and front porch,2026-04-07,1,2,8308 ELIJAH CRAIG WAY,78744,2,NA,https://abc.austintexas.gov/web/permit/public-search-other?t_detail=1&t_selected_folderrsn=13682442,8308 ELIJAH CRAIG WAY,NA,Austin,Texas,United States,1
8913 NILGAI DR,New construction single-family residential 1-story 4 bedroom 3.5 bath with attached 2-car garage covered front porch and covered rear patio.,2026-04-08,1,1,8913 NILGAI DR,78744,2,NA,https://abc.austintexas.gov/web/permit/public-search-other?t_detail=1&t_selected_folderrsn=13682819,8913 NILGAI DRIVE,NA,Austin,Texas,United States,1
8109 PEERLESS PASS,"New construction of single family dwelling with 4 bedrooms and 3.5 baths 2 car garage rear patio and front porch

PUD",2026-04-01,1,1,8109 PEERLESS PASS,78744,2,NA,https://abc.austintexas.gov/web/permit/public-search-other?t_detail=1&t_selected_folderrsn=13676790,8109 PEERLESS PASS,NA,Austin,Texas,United States,1
17112 WIND CHIME DR,"New construction of 2 story sfr with attached garage covered porch and patio 4/2.5
PUD",2026-03-23,1,2,17112 WIND CHIME DR,78653,1,NA,https://abc.austintexas.gov/web/permit/public-search-other?t_detail=1&t_selected_folderrsn=13673565,17112 WIND CHIME DRIVE,NA,Austin,Texas,United States,1
8609 DONGAN DR,*Green Building* New 1-story 3 bedroom 2.5 bathroom single family residence with attached garage covered front porch and rear covered patio.,2026-04-27,1,1,8609 DONGAN DR,78744,2,NA,https://abc.austintexas.gov/web/permit/public-search-other?t_detail=1&t_selected_folderrsn=13648028,8609 DONGAN DRIVE,NA,Austin,Texas,United States,1
9416 BUCKSTITCH SADDLE DR,PB: New construction of 1 story SFR 3 bed 2 bath with attached garage covered front porch and rear covered patio,2026-04-01,1,1,9416 BUCKSTITCH SADDLE DR,78724,1,NA,https://abc.austintexas.gov/web/permit/public-search-other?t_detail=1&t_selected_folderrsn=13678837,9416 BUCKSTITCH SADDLE DRIVE,NA,Austin,Texas,United States,1
2203 MAHONE AVE,New 2-story 3 bedroom 2.5 bathroom dwelling unit with attached carport covered front porch and side covered patio.,2026-03-30,1,2,2203 MAHONE AVE,78757,4,NA,https://abc.austintexas.gov/web/permit/public-search-other?t_detail=1&t_selected_folderrsn=13669640,2203 MAHONE AVE,NA,Austin,Texas,United States,1
13001 TILGHMAN TRL,New construction single-family residential 2-story 4 bedroom 3.5 bath with attached 2-car garage covered front porch covered rear patio w/ outdoor kitchen and 2nd story balcony.,2026-04-16,1,2,13001 TILGHMAN TRL,78729,6,NA,https://abc.austintexas.gov/web/permit/public-search-other?t_detail=1&t_selected_folderrsn=13684059,13001 TILGHMAN TRAIL,NA,Austin,Texas,United States,1
2710 ENFIELD RD UNIT A,UNIT A:  New duplex unit front unit.   1-car garage covered porch 3 bedroom 3.5 bathroom loft.,2026-04-20,1,2,2710 ENFIELD RD UNIT A,78703,10,NA,https://abc.austintexas.gov/web/permit/public-search-other?t_detail=1&t_selected_folderrsn=13688925,2710 ENFIELD ROAD UNIT A,NA,Austin,Texas,United States,1
9421 BUCKSTITCH SADDLE DR,New 1-story single family residence 4 bed/2 bath attached garage covered porch and patio Green Building,2026-04-02,1,1,9421 BUCKSTITCH SADDLE DR,78724,1,NA,https://abc.austintexas.gov/web/permit/public-search-other?t_detail=1&t_selected_folderrsn=13679093,9421 BUCKSTITCH SADDLE DRIVE,NA,Austin,Texas,United States,1
8014 BIRD SONG CIR,New construction of 2 story duplex condo each with 3 beds 2.5 baths and attached garage (Unit B),2026-04-22,1,2,8014 BIRD SONG CIR,78745,5,NA,https://abc.austintexas.gov/web/permit/public-search-other?t_detail=1&t_selected_folderrsn=13690895,8014 BIRD SONG CIR,NA,Austin,Texas,United States,1
5712 SAM HOUSTON CIR,ePlan: Residential Expedited Review - New construction of a 2-Story Single Family Res. [3bed 2.5bath] with Attached Garage.,2026-04-24,1,2,5712 SAM HOUSTON CIR,78731,10,NA,https://abc.austintexas.gov/web/permit/public-search-other?t_detail=1&t_selected_folderrsn=13665250,5712 SAM HOUSTON CIR,NA,Austin,Texas,United States,1
8114 PEERLESS PASS,New construction of single-family dwelling with 3 bedrooms and 2.5 baths 2 car garage rear patio and front porch,2026-04-21,1,2,8114 PEERLESS PASS,78744,2,NA,https://abc.austintexas.gov/web/permit/public-search-other?t_detail=1&t_selected_folderrsn=13689960,8114 PEERLESS PASS,NA,Austin,Texas,United States,1
9208 DINGO DR,*Green Building* New 1-story 4 bedroom 3.5 bathroom single family residence with attached garage covered front porch and rear covered patio.,2026-04-10,1,1,9208 DINGO DR,78744,2,NA,https://abc.austintexas.gov/web/permit/public-search-other?t_detail=1&t_selected_folderrsn=13682790,9208 DINGO DRIVE,NA,Austin,Texas,United States,1
4404 JINX AVE BLDG 2,BLDG 2: New construction of a 3-Story Single Fam. Res. [3bed 3.5bath] with Carport.,2026-04-15,1,3,4404 JINX AVE BLDG 2,78745,5,NA,https://abc.austintexas.gov/web/permit/public-search-other?t_detail=1&t_selected_folderrsn=13684439,4404 JINX AVE BLDG 2,NA,Austin,Texas,United States,1
5911 ROTUNDA VW,New two-story SFR *PRODUCTION BUILDER- SMART HOUSING / GREEN BUILDING*,2026-04-14,1,2,5911 ROTUNDA VW,78747,2,NA,https://abc.austintexas.gov/web/permit/public-search-other?t_detail=1&t_selected_folderrsn=13683980,5911 ROTUNDA VW,NA,Austin,Texas,United States,1
7008 EZRA BROOKS BND,PUD New SFR 2- Story 4 bedroom 3.5 bath with attached 2-car garage covered front porch and covered rear patio,2026-04-20,1,2,7008 EZRA BROOKS BND,78744,2,NA,https://abc.austintexas.gov/web/permit/public-search-other?t_detail=1&t_selected_folderrsn=13688096,7008 EZRA BROOKS BND,NA,Austin,Texas,United States,1
12100 FENNEC WAY,New two-story SFR (4br/3ba) with attached garage covered patio and covered porch *PRODUCTION BUILDER*,2026-04-13,1,1,12100 FENNEC WAY,78758,7,NA,https://abc.austintexas.gov/web/permit/public-search-other?t_detail=1&t_selected_folderrsn=13684424,12100 FENNEC WAY,NA,Austin,Texas,United States,1
1400 FOXWOOD CV,ePlan: Residential Expedited Review - New construction of a 2-Story Single Family Res. [3bed 3.5bath] with Attached Garage.,2026-04-15,1,2,1400 FOXWOOD CV,78704,5,NA,https://abc.austintexas.gov/web/permit/public-search-other?t_detail=1&t_selected_folderrsn=13685896,1400 FOXWOOD CV,NA,Austin,Texas,United States,1
716 BOLEY DR,Dexter 3317 B Right New - 2 Story SFR CONDOMINUM w/ 3 bedrooms 2.5 bathrooms attached 2 car garage covered entry porch and patio FFE: 684.56 Site Plan: SP-2021-0328C Site Plan Exp.: 01/09/27 Max Bld height: 27-6 Actual Bld height: 27-6 required parking: 2.,2026-04-11,1,2,716 BOLEY DR,78652,5,NA,https://abc.austintexas.gov/web/permit/public-search-other?t_detail=1&t_selected_folderrsn=13684847,716 BOLEY DRIVE,NA,Austin,Texas,United States,1
8921 PALLAS CAT DR,*Green Building* New 2-story 3 bedroom 3 bathroom single family residence with attached garage covered front porch and rear covered patio.,2026-04-20,1,2,8921 PALLAS CAT DR,78744,2,NA,https://abc.austintexas.gov/web/permit/public-search-other?t_detail=1&t_selected_folderrsn=13688106,8921 PALLAS CAT DRIVE,NA,Austin,Texas,United States,1
7404 PULLMAN CV,Cameron S354 C Right New - 1 Story SFR w/ 4 bedrooms 2 bathrooms attached 2 car garage covered entry porch and patio required parking: 2.,2026-03-30,1,1,7404 PULLMAN CV,78747,2,NA,https://abc.austintexas.gov/web/permit/public-search-other?t_detail=1&t_selected_folderrsn=13675463,7404 PULLMAN CV,NA,Austin,Texas,United States,1
1506 CORSAC WAY,New 2-Story Single Family Residence w/ 4 bedrooms 2.5 baths Optional Gourmet Kitchen Cov entry porch & patio and a 2-car attached garage.,2026-04-08,1,2,1506 CORSAC WAY,78758,7,NA,https://abc.austintexas.gov/web/permit/public-search-other?t_detail=1&t_selected_folderrsn=13682335,1506 CORSAC WAY,NA,Austin,Texas,United States,1
7413 PULLMAN CV,Eastland S352 B Left New - 1 Story SFR w/ 4 bedrooms 2 bathrooms attached 2 car garage covered entry porch and patio required parking: 2.,2026-04-11,1,1,7413 PULLMAN CV,78747,2,NA,https://abc.austintexas.gov/web/permit/public-search-other?t_detail=1&t_selected_folderrsn=13684818,7413 PULLMAN CV,NA,Austin,Texas,United States,1
11100 MONUMENT VALLEY DR,New SFR,2026-04-09,1,2,11100 MONUMENT VALLEY DR,78754,1,NA,https://abc.austintexas.gov/web/permit/public-search-other?t_detail=1&t_selected_folderrsn=13683487,11100 MONUMENT VALLEY DRIVE,NA,Austin,Texas,United States,1
9208 HAMADRYAS DR,"New construction of 1 story sfr with 4 beds 3 baths attached 2 car garage covered entry porch and patio.

PUD",2026-04-17,1,2,9208 HAMADRYAS DR,78744,2,NA,https://abc.austintexas.gov/web/permit/public-search-other?t_detail=1&t_selected_folderrsn=13688292,9208 HAMADRYAS DRIVE,NA,Austin,Texas,United States,1
2906 BRIDLE PATH BLDG 1,New construction two-unit use 2-story 3 bedroom 3.5 bath with covered front porch two covered side porches rear covered patio and wood trellis.,2026-03-30,1,2,2906 BRIDLE PATH BLDG 1,78703,10,NA,https://abc.austintexas.gov/web/permit/public-search-other?t_detail=1&t_selected_folderrsn=13676230,2906 BRIDLE PATH BLDG 1,NA,Austin,Texas,United States,1
7433 PULLMAN CV,Livingston S428 B Left New - 2 Story SFR w/ 5 bedrooms 3 bathrooms attached 2 car garage covered entry porch and patio required parking: 2.,2026-03-27,1,2,7433 PULLMAN CV,78747,2,NA,https://abc.austintexas.gov/web/permit/public-search-other?t_detail=1&t_selected_folderrsn=13676828,7433 PULLMAN CV,NA,Austin,Texas,United States,1
9609 GLADSOME PATH,New construction of 2 story SFR. $ bedrooms 3bathrs w/ attached garage and covered patio,2026-04-02,1,1,9609 GLADSOME PATH,78653,1,NA,https://abc.austintexas.gov/web/permit/public-search-other?t_detail=1&t_selected_folderrsn=13678997,9609 GLADSOME PATH,NA,Austin,Texas,United States,1
4708 CASWELL AVE BLDG 2,Bldg. 2: NEW SECONDARY APARTMENT (CAPPED AT 1100 SQ FT MAX) WITH 2 BEDROOMS AND 1.5 BATHROOMS,2026-04-21,1,2,4708 CASWELL AVE BLDG 2,78751,9,NA,https://abc.austintexas.gov/web/permit/public-search-other?t_detail=1&t_selected_folderrsn=13676913,4708 CASWELL AVE BLDG 2,NA,Austin,Texas,United States,1
8022 BIRD SONG CIR,8022 New construction of 2 story Duplex Condo each with 3 beds 2.5 baths and attached garage (8020 and 8022 bird song),2026-04-24,1,2,8022 BIRD SONG CIR,78745,5,NA,https://abc.austintexas.gov/web/permit/public-search-other?t_detail=1&t_selected_folderrsn=13691836,8022 BIRD SONG CIR,NA,Austin,Texas,United States,1
718 BOLEY DR,Galloway 3312 A Right New - 1 Story SFR CONDOMINUM w/ 3 bedrooms 2 bathrooms attached 2 car garage covered entry porch and patio FFE: 684.49 Site Plan: SP-2021-0328C Site Plan Exp.: 01/09/27 Max Bld height: 21-10 Actual Bld height: 21-10 required parking: 2.,2026-04-06,1,1,718 BOLEY DR,78652,5,NA,https://abc.austintexas.gov/web/permit/public-search-other?t_detail=1&t_selected_folderrsn=13679887,718 BOLEY DRIVE,NA,Austin,Texas,United States,1
8824 BREEZE HILL DR,"New SFR 2- Story 3 bedroom 2.5 bath with attached 2-car garage covered front porch and covered rear patio

PUD",2026-03-31,1,2,8824 BREEZE HILL DR,78744,2,NA,https://abc.austintexas.gov/web/permit/public-search-other?t_detail=1&t_selected_folderrsn=13677938,8824 BREEZE HILL DRIVE,NA,Austin,Texas,United States,1
11020 TRUE VALOR DR,New construction of SFR with 5 bedrooms and 4 bathrooms. attached garage and covered patio,2026-04-10,1,2,11020 TRUE VALOR DR,78754,1,NA,https://abc.austintexas.gov/web/permit/public-search-other?t_detail=1&t_selected_folderrsn=13683520,11020 TRUE VALOR DRIVE,NA,Austin,Texas,United States,1
1801 W ST JOHNS AVE UNIT A,ePlan: Residential Expedited Review - New construction of a 2-Story Duplex [3bed 3.5bath] with Autofill Pool. Unit A,2026-04-20,1,2,1801 W ST JOHNS AVE UNIT A,78757,7,NA,https://abc.austintexas.gov/web/permit/public-search-other?t_detail=1&t_selected_folderrsn=13687882,1801 WEST STREET JOHNS AVE UNIT A,NA,Austin,Texas,United States,1
7428 PULLMAN CV,Harrison S356 C Left New - 2 Story SFR w/ 5 bedrooms 3 bathrooms attached 2 car garage covered entry porch and patio required parking: 2.,2026-03-30,1,2,7428 PULLMAN CV,78747,2,NA,https://abc.austintexas.gov/web/permit/public-search-other?t_detail=1&t_selected_folderrsn=13675527,7428 PULLMAN CV,NA,Austin,Texas,United States,1
4205 PREVAIL LN,"1 of 3 Unit 4-story Multi-Family Building with 4 Bedrooms and 5 bathrooms Game Room Covered Porch and Covered Deck on 2nd & 4th Floor Storage on 4th Floor with Attached 2 Car Garages.

(Suite 11)

SP-2017-0130C.SH -Approved",2026-04-10,3,4,4205 PREVAIL LN,78731,10,NA,https://abc.austintexas.gov/web/permit/public-search-other?t_detail=1&t_selected_folderrsn=13683387,4205 PREVAIL LANE,NA,Austin,Texas,United States,1
1167 NICKOLS AVE UNIT 1A,Building 1A Home: New construction of two-unit residential homes. 2 Bedroom 2.5 Baths with CP,2026-04-09,1,3,1167 NICKOLS AVE UNIT 1A,78721,1,NA,https://abc.austintexas.gov/web/permit/public-search-other?t_detail=1&t_selected_folderrsn=13653559,1167 NICKOLS AVE UNIT 1A,NA,Austin,Texas,United States,1
7807 MULLEN DR,New 2 Story SFR with 4 beds and 4.5 baths with attached carport,2026-04-13,1,2,7807 MULLEN DR,78757,7,NA,https://abc.austintexas.gov/web/permit/public-search-other?t_detail=1&t_selected_folderrsn=13545253,7807 MULLEN DRIVE,NA,Austin,Texas,United States,1
7200 STITZEL WELLER DR,New Construction 2 Story SFR with attached garage and covered porch and patio- 4bed 3.5bath.,2026-04-16,1,2,7200 STITZEL WELLER DR,78744,2,NA,https://abc.austintexas.gov/web/permit/public-search-other?t_detail=1&t_selected_folderrsn=13687390,7200 STITZEL WELLER DRIVE,NA,Austin,Texas,United States,1
919 TILLERY ST--BLDG 1,ePlan: Residential Expedited Review - New construction of a 3-Story Single Family Res. [4bed 3.5bath] with Attached Carport. Bldg 1,2026-03-24,1,3,919 TILLERY ST BLDG 1,78702,3,NA,https://abc.austintexas.gov/web/permit/public-search-other?t_detail=1&t_selected_folderrsn=13669911,919 TILLERY STREET BLDG 1,NA,Austin,Texas,United States,1
16604 WIND CHIME DR,2 Story Single Family Home with 4 Bedrooms 4 bathrooms,2026-04-02,1,2,16604 WIND CHIME DR,78653,1,NA,https://abc.austintexas.gov/web/permit/public-search-other?t_detail=1&t_selected_folderrsn=13679664,16604 WIND CHIME DRIVE,NA,Austin,Texas,United States,1
8828 MARMOSET WAY,"New SFR 1- Story 4 bedroom 2.5 bath with attached 2-car garage covered front porch and covered rear patio

PUD",2026-03-26,1,1,8828 MARMOSET WAY,78744,2,NA,https://abc.austintexas.gov/web/permit/public-search-other?t_detail=1&t_selected_folderrsn=13675667,8828 MARMOSET WAY,NA,Austin,Texas,United States,1
11016 MONUMENT VALLEY DR,New single-family residence,2026-04-13,1,2,11016 MONUMENT VALLEY DR,78754,1,NA,https://abc.austintexas.gov/web/permit/public-search-other?t_detail=1&t_selected_folderrsn=13684158,11016 MONUMENT VALLEY DRIVE,NA,Austin,Texas,United States,1
8920 GOLDEN LION DR,New construction of 2 story SFR with attached garage covered porch and patio 4/3.5,2026-03-23,1,2,8920 GOLDEN LION DR,78744,2,NA,https://abc.austintexas.gov/web/permit/public-search-other?t_detail=1&t_selected_folderrsn=13673162,8920 GOLDEN LION DRIVE,NA,Austin,Texas,United States,1
8818 BREEZE HILL DR,"New SFR 2- Story 3 bedroom 2.5 bath with attached 2-car garage covered front porch and covered rear patio

PUD",2026-03-26,1,2,8818 BREEZE HILL DR,78744,2,NA,https://abc.austintexas.gov/web/permit/public-search-other?t_detail=1&t_selected_folderrsn=13675546,8818 BREEZE HILL DRIVE,NA,Austin,Texas,United States,1
4901 MONARDA MINT DR,Maroon 2088-Q-L New 2-Story Single Family Residence with (3) bedrooms (2.5) bathrooms Attached Garage Covered Patio & Porch Study Cafe & Loft,2026-04-23,1,2,4901 MONARDA MINT DR,78653,1,NA,https://abc.austintexas.gov/web/permit/public-search-other?t_detail=1&t_selected_folderrsn=13690979,4901 MONARDA MINT DRIVE,NA,Austin,Texas,United States,1
4404 JINX AVE BLDG 1,ePlan: Residential Expedited Review - New construction of a THREE UNIT RESIDENTIAL. BLDG 1: New construction of a 3-Story Single Fam. Res. [3bed 3.5bath] with Carport,2026-04-15,1,3,4404 JINX AVE BLDG 1,78745,5,NA,https://abc.austintexas.gov/web/permit/public-search-other?t_detail=1&t_selected_folderrsn=13684438,4404 JINX AVE BLDG 1,NA,Austin,Texas,United States,1
6313 STOCKMAN DR,Bldg #4 New 2-story dwelling unit 4 bed/2.5 bath attached garage with covered porch and patio Smart Housing Green Building,2026-04-09,1,2,6313 STOCKMAN DR,78747,2,NA,https://abc.austintexas.gov/web/permit/public-search-other?t_detail=1&t_selected_folderrsn=13681803,6313 STOCKMAN DRIVE,NA,Austin,Texas,United States,1
6316 LAUTNER LN,"New construction of 2 story SSFR Condo with 3 beds 2.5 baths and attached 2 car garage

PUD",2026-04-06,1,2,6316 LAUTNER LN,78747,2,NA,https://abc.austintexas.gov/web/permit/public-search-other?t_detail=1&t_selected_folderrsn=13678082,6316 LAUTNER LANE,NA,Austin,Texas,United States,1
1905 ROBINHOOD TRL Unit A,ePlan: Residential Expedited Review - New Duplex Unit 1 New construction of a 2-Story Single Family Res. [4bed 4.5bath],2026-03-30,1,2,1905 ROBINHOOD TRL,78703,10,NA,https://abc.austintexas.gov/web/permit/public-search-other?t_detail=1&t_selected_folderrsn=13667487,1905 ROBINHOOD TRAIL,NA,Austin,Texas,United States,1
8822 BREEZE HILL DR,"New SFR 2- Story 3 bedroom 3 bath with attached 2-car garage covered front porch and covered rear patio

PUD",2026-03-31,1,2,8822 BREEZE HILL DR,78744,2,NA,https://abc.austintexas.gov/web/permit/public-search-other?t_detail=1&t_selected_folderrsn=13677922,8822 BREEZE HILL DRIVE,NA,Austin,Texas,United States,1
6410 WILBUR DR,ePlan: Residential Expedited Review - New construction of a 1-Story Single Family Res. [5bed 5bath] with Office Attached Garage.,2026-04-15,1,1,6410 WILBUR DR,78757,7,NA,https://abc.austintexas.gov/web/permit/public-search-other?t_detail=1&t_selected_folderrsn=13685879,6410 WILBUR DRIVE,NA,Austin,Texas,United States,1
9317 FURMAN DR,Moscoso S423 C Right New - 1 Story SFR w/ 3 bedrooms 2 bathrooms attached 2 car garage covered entry porch and patio required parking: 2.,2026-04-21,1,1,9317 FURMAN DR,78747,2,NA,https://abc.austintexas.gov/web/permit/public-search-other?t_detail=1&t_selected_folderrsn=13688125,9317 FURMAN DRIVE,NA,Austin,Texas,United States,1
1414 RAMBLING ROSE RD,"New construction of a 2-story single family dwelling in a condo regime. 3 Bedrooms 2.5 Bathrooms Attached 2 car garage 

Revision: This address was previously permitted. We have added the Study Opt to this plan. Revised application / plans are attached.",2026-03-23,1,2,1414 RAMBLING ROSE RD,78745,5,NA,https://abc.austintexas.gov/web/permit/public-search-other?t_detail=1&t_selected_folderrsn=13673225,1414 RAMBLING ROSE ROAD,NA,Austin,Texas,United States,1
9409 BUCKSTITCH SADDLE DR,PB: New construction of 1 story SFR 4 bed 2 bath with attached garage front covered porch and rear covered patio,2026-04-01,1,1,9409 BUCKSTITCH SADDLE DR,78724,1,NA,https://abc.austintexas.gov/web/permit/public-search-other?t_detail=1&t_selected_folderrsn=13678827,9409 BUCKSTITCH SADDLE DRIVE,NA,Austin,Texas,United States,1
2803 FRENCH PL,New 2-story 2 bedroom 3 bathroom single family residence with attached garage screened porch and covered patio.,2026-04-01,1,2,2803 FRENCH PL,78722,9,NA,https://abc.austintexas.gov/web/permit/public-search-other?t_detail=1&t_selected_folderrsn=13676003,2803 FRENCH PLACE,NA,Austin,Texas,United States,1
1505 CORSAC WAY,New construction of 2 story sfr with 4 beds 2.5 baths covered entry and opt covered patio and attached 22.53 car garage,2026-04-06,1,2,1505 CORSAC WAY,78758,7,NA,https://abc.austintexas.gov/web/permit/public-search-other?t_detail=1&t_selected_folderrsn=13679807,1505 CORSAC WAY,NA,Austin,Texas,United States,1
3500 TAYLORS DR,New 2-story 5 bedroom 5.5 bathroom single family residence with attached garage covered front porch and rear covered patio.,2026-04-28,1,2,3500 TAYLORS DR,78703,10,NA,https://abc.austintexas.gov/web/permit/public-search-other?t_detail=1&t_selected_folderrsn=13688247,3500 TAYLORS DRIVE,NA,Austin,Texas,United States,1
4909 BRIDWELL LN,New construction of 2 story SFR with 4 beds 2.5 baths with 2 car garage garage extension and covered patio,2026-04-10,1,2,4909 BRIDWELL LN,78754,1,NA,https://abc.austintexas.gov/web/permit/public-search-other?t_detail=1&t_selected_folderrsn=13683409,4909 BRIDWELL LANE,NA,Austin,Texas,United States,1
7216 EAGLE ROSE RD,"New construction of single family dwelling with 4 bedrooms and 3.5 baths 2 car garage rear patio and front porch

PUD",2026-04-17,1,1,7216 EAGLE ROSE RD,78744,2,NA,https://abc.austintexas.gov/web/permit/public-search-other?t_detail=1&t_selected_folderrsn=13688457,7216 EAGLE ROSE ROAD,NA,Austin,Texas,United States,1
8204 PEERLESS PASS,"New construction of single family dwelling with 4 bedrooms and 3.5 baths 2 car garage rear patio and front porch

PUD",2026-04-21,1,2,8204 PEERLESS PASS,78744,2,NA,https://abc.austintexas.gov/web/permit/public-search-other?t_detail=1&t_selected_folderrsn=13689690,8204 PEERLESS PASS,NA,Austin,Texas,United States,1
2610 W 49TH HALF ST,ePlan: Residential Expedited Review - New construction of a 2-Story Single Family Res. [4bed 4bath] with Habitable Attic Attached Garage,2026-03-27,1,2,2610 W 49TH HALF ST,78731,7,NA,https://abc.austintexas.gov/web/permit/public-search-other?t_detail=1&t_selected_folderrsn=13676926,2610 WEST 49TH HALF STREET,NA,Austin,Texas,United States,1
9404 FURMAN DR,Boone S413 C Left New - 1 Story SFR w/ 4 bedrooms 2 bathrooms attached 2 car garage covered entry porch and patio required parking: 2.,2026-04-14,1,1,9404 FURMAN DR,78747,2,NA,https://abc.austintexas.gov/web/permit/public-search-other?t_detail=1&t_selected_folderrsn=13685829,9404 FURMAN DRIVE,NA,Austin,Texas,United States,1
11216 ZIP COCHISE WAY,New construction single-family residential 2-story 4 bedroom 3.5 bath with attached 3-car garage covered front porch and covered rear patio.,2026-04-25,1,2,11216 ZIP COCHISE WAY,78653,1,NA,https://abc.austintexas.gov/web/permit/public-search-other?t_detail=1&t_selected_folderrsn=13691921,11216 ZIP COCHISE WAY,NA,Austin,Texas,United States,1
2207 MAHONE AVE,New 2-story 3 bedroom 2.5 bathroom dwelling unit with attached garage covered front porch and rear covered patio.,2026-03-30,1,2,2207 MAHONE AVE,78757,4,NA,https://abc.austintexas.gov/web/permit/public-search-other?t_detail=1&t_selected_folderrsn=13669639,2207 MAHONE AVE,NA,Austin,Texas,United States,1
9500 DINGO DR,*Green Building* New 1-story 4 bedroom 3.5 bathroom single family residence with attached garage covered front porch and rear covered patio.,2026-04-17,1,1,9500 DINGO DR,78744,2,NA,https://abc.austintexas.gov/web/permit/public-search-other?t_detail=1&t_selected_folderrsn=13687215,9500 DINGO DRIVE,NA,Austin,Texas,United States,1
6313 MC MURTRY ST,*Smart Housing*Green Building* New construction single-family residential 2-story 5 bedroom 4.5 bath with attached 2-car garage covered front porch and covered rear patio.,2026-04-13,1,2,6313 MC MURTRY ST,78747,2,NA,https://abc.austintexas.gov/web/permit/public-search-other?t_detail=1&t_selected_folderrsn=13684444,6313 MC MURTRY STREET,NA,Austin,Texas,United States,1
4708 NATIVE PEARL LN,New 1-story single family residence 3 bed/2 bath attached garage covered porch and patio,2026-04-03,1,1,4708 NATIVE PEARL LN,78754,1,NA,https://abc.austintexas.gov/web/permit/public-search-other?t_detail=1&t_selected_folderrsn=13680434,4708 NATIVE PEARL LANE,NA,Austin,Texas,United States,1
6007 ROTUNDA VW,New two-story single family attached row house 3 bedroom/2.5 bathroom with covered porch driveway and sidewalk SMART Housing Green Building,2026-04-09,1,2,6007 ROTUNDA VW,78747,2,NA,https://abc.austintexas.gov/web/permit/public-search-other?t_detail=1&t_selected_folderrsn=13682542,6007 ROTUNDA VW,NA,Austin,Texas,United States,1
9508 BUCKSTITCH SADDLE DR,New single-story SFR with attached garage covered patio and covered porch *PRODUCTION BUILDER- GREEN BUILDING*,2026-03-31,1,1,9508 BUCKSTITCH SADDLE DR,78724,1,NA,https://abc.austintexas.gov/web/permit/public-search-other?t_detail=1&t_selected_folderrsn=13676494,9508 BUCKSTITCH SADDLE DRIVE,NA,Austin,Texas,United States,1
6313 STOCKMAN DR,Bldg #1 New 3-story dwelling unit 4 bed/3.5 bath attached garage with covered porch and balcony Smart Housing Green Building,2026-04-09,1,3,6313 STOCKMAN DR,78747,2,NA,https://abc.austintexas.gov/web/permit/public-search-other?t_detail=1&t_selected_folderrsn=13681800,6313 STOCKMAN DRIVE,NA,Austin,Texas,United States,1
8008 BIRD SONG CIR,New construction of 2 story duplex condo each with 3 beds 2.5 baths and attached garage (Unit A),2026-04-22,1,2,8008 BIRD SONG CIR,78745,5,NA,https://abc.austintexas.gov/web/permit/public-search-other?t_detail=1&t_selected_folderrsn=13690850,8008 BIRD SONG CIR,NA,Austin,Texas,United States,1
1903 HETHER ST,New construction single-family residential 2-story w/ habitable attic 4 bedroom 3.5 bath with attached 2-car garage covered front porch and covered rear patio w/ outdoor kitchen.,2026-03-26,1,3,1903 HETHER ST,78704,5,NA,https://abc.austintexas.gov/web/permit/public-search-other?t_detail=1&t_selected_folderrsn=13675403,1903 HETHER STREET,NA,Austin,Texas,United States,1
5221 RAGWEED DR,Monroe 2191-LS201-L New 2-Story Single Family Residence with (4) bedrooms (3) bathrooms Attached Garage Covered Patio & Porch Cafe & Loft,2026-04-24,1,2,5221 RAGWEED DR,78653,1,NA,https://abc.austintexas.gov/web/permit/public-search-other?t_detail=1&t_selected_folderrsn=13692371,5221 RAGWEED DRIVE,NA,Austin,Texas,United States,1
9504 BUCKSTITCH SADDLE DR,PB: New construction of 2 story SFR with attached garage and covered porch and patio  4/3,2026-04-02,1,2,9504 BUCKSTITCH SADDLE DR,78724,1,NA,https://abc.austintexas.gov/web/permit/public-search-other?t_detail=1&t_selected_folderrsn=13679017,9504 BUCKSTITCH SADDLE DRIVE,NA,Austin,Texas,United States,1
7408 PULLMAN CV,Eastland S352 A Right New - 1 Story SFR w/ 3 bedrooms 2 bathrooms attached 2 car garage covered entry porch and patio required parking: 2.,2026-03-30,1,1,7408 PULLMAN CV,78747,2,NA,https://abc.austintexas.gov/web/permit/public-search-other?t_detail=1&t_selected_folderrsn=13675474,7408 PULLMAN CV,NA,Austin,Texas,United States,1
11301 ZIP COCHISE WAY,"New Construction- 2 story 4 bed 3.5 bath covered porch and patio attached two-car garage.

PUD",2026-04-28,1,2,11301 ZIP COCHISE WAY,78653,1,NA,https://abc.austintexas.gov/web/permit/public-search-other?t_detail=1&t_selected_folderrsn=13693042,11301 ZIP COCHISE WAY,NA,Austin,Texas,United States,1
4111 SHOAL CREEK BLVD,ePlan: Residential Expedited Review - New construction of a 2-Story Single Family Res. [4 bed 5.5 bath].,2026-04-21,1,2,4111 SHOAL CREEK BLVD,78756,10,NA,https://abc.austintexas.gov/web/permit/public-search-other?t_detail=1&t_selected_folderrsn=13665380,4111 SHOAL CREEK BOULEVARD,NA,Austin,Texas,United States,1
12413 SAINT THOMAS DR,Hughes 841-Q-L Is a New one-story single family residence with (4) bedrooms (3) bathrooms an attached two-car garage and a covered entry porch and patio.,2026-04-21,1,1,12413 SAINT THOMAS DR,78617,2,NA,https://abc.austintexas.gov/web/permit/public-search-other?t_detail=1&t_selected_folderrsn=13688879,12413 SAINT THOMAS DRIVE,NA,Austin,Texas,United States,1
8213 ELIJAH CRAIG WAY,"New construction of a 2 story single family dwelling with 4 bedrooms and 3.5 baths 2 car garage rear patio and front porch

PUD",2026-04-27,1,1,8213 ELIJAH CRAIG WAY,78744,2,NA,https://abc.austintexas.gov/web/permit/public-search-other?t_detail=1&t_selected_folderrsn=13692999,8213 ELIJAH CRAIG WAY,NA,Austin,Texas,United States,1
11005 ZIP COCHISE WAY,New construction single-family residential 2-story 4 bedroom 2.5 bath with attached 2-car garage covered front porch and uncovered rear patio.,2026-04-21,1,2,11005 ZIP COCHISE WAY,78653,1,NA,https://abc.austintexas.gov/web/permit/public-search-other?t_detail=1&t_selected_folderrsn=13689730,11005 ZIP COCHISE WAY,NA,Austin,Texas,United States,1
8109 ELIJAH CRAIG WAY,"New construction of single family dwelling with 4 bedrooms and 3.5 baths 2 car garage rear patio and front porch

PUD",2026-03-27,1,2,8109 ELIJAH CRAIG WAY,78744,2,NA,https://abc.austintexas.gov/web/permit/public-search-other?t_detail=1&t_selected_folderrsn=13674939,8109 ELIJAH CRAIG WAY,NA,Austin,Texas,United States,1
3001 GOODWIN AVE BLDG 2,New construction of three story sfr with attached garage 3.5 baths and 2 bedrooms,2026-03-24,1,3,3001 GOODWIN AVE BLDG 2,78702,3,NA,https://abc.austintexas.gov/web/permit/public-search-other?t_detail=1&t_selected_folderrsn=13540345,3001 GOODWIN AVE BLDG 2,NA,Austin,Texas,United States,1
9400 CORVALLIS DR,Livingston S428 D Left New - 2 Story SFR w/ 4 bedrooms 3 bathrooms attached 2 car garage covered entry porch and patio required parking: 2.,2026-04-14,1,2,9400 CORVALLIS DR,78747,2,NA,https://abc.austintexas.gov/web/permit/public-search-other?t_detail=1&t_selected_folderrsn=13685840,9400 CORVALLIS DRIVE,NA,Austin,Texas,United States,1
8116 PEERLESS PASS,"New construction of single family dwelling with 5 bedrooms and 4 baths 2 car garage rear patio and front porch

PUD",2026-04-27,1,2,8116 PEERLESS PASS,78744,2,NA,https://abc.austintexas.gov/web/permit/public-search-other?t_detail=1&t_selected_folderrsn=13692998,8116 PEERLESS PASS,NA,Austin,Texas,United States,1
9625 GOLDEN LION DR,New 1 story single family residential with 3 bedrooms 2.5 bathrooms attached 2 car garage with covered patio and porch,2026-04-15,1,1,9625 GOLDEN LION DR,78744,2,NA,https://abc.austintexas.gov/web/permit/public-search-other?t_detail=1&t_selected_folderrsn=13686402,9625 GOLDEN LION DRIVE,NA,Austin,Texas,United States,1
812 E 45TH HALF ST,ePlan: Residential Expedited Review - New construction of a 2-Story Single Family Res. [4bed 4bath] with Habitable Attic,2026-04-08,1,2,812 E 45TH HALF ST,78751,9,NA,https://abc.austintexas.gov/web/permit/public-search-other?t_detail=1&t_selected_folderrsn=13681686,812 EAST 45TH HALF STREET,NA,Austin,Texas,United States,1
10303 GAIL RD BLDG 3,New 2 story SFR 3 bed 2.5 bath and attached garage,2026-04-08,1,2,10303 GAIL RD BLDG 3,78748,5,NA,https://abc.austintexas.gov/web/permit/public-search-other?t_detail=1&t_selected_folderrsn=13670578,10303 GAIL ROAD BLDG 3,NA,Austin,Texas,United States,1
6317 LAUTNER LN,Smart Housing: New construction of 2 story SFR condo with attached garage and covered porch 2/2.5,2026-04-20,1,2,6317 LAUTNER LN,78747,2,NA,https://abc.austintexas.gov/web/permit/public-search-other?t_detail=1&t_selected_folderrsn=13688443,6317 LAUTNER LANE,NA,Austin,Texas,United States,1
7424 PULLMAN CV,Freestone S353 B Right New - 1 Story SFR w/ 4 bedrooms 2 bathrooms attached 2 car garage covered entry porch and patio required parking: 2.,2026-04-27,1,1,7424 PULLMAN CV,78747,2,NA,https://abc.austintexas.gov/web/permit/public-search-other?t_detail=1&t_selected_folderrsn=13692062,7424 PULLMAN CV,NA,Austin,Texas,United States,1
9313 FURMAN DR,Polo S411 C Right New - 1 Story SFR w/ 3 bedrooms 2 bathrooms attached 2 car garage covered entry porch and patio required parking: 2.,2026-04-23,1,1,9313 FURMAN DR,78747,2,NA,https://abc.austintexas.gov/web/permit/public-search-other?t_detail=1&t_selected_folderrsn=13691095,9313 FURMAN DRIVE,NA,Austin,Texas,United States,1
8805 GOLDEN LION DR,"New SFR 1- Story 4 bedroom 3 bath with attached 2-car garage covered front porch and covered rear patio

PUD",2026-04-16,1,1,8805 GOLDEN LION DR,78744,2,NA,https://abc.austintexas.gov/web/permit/public-search-other?t_detail=1&t_selected_folderrsn=13687535,8805 GOLDEN LION DRIVE,NA,Austin,Texas,United States,1
8301 ELIJAH CRAIG WAY,"New construction of single family dwelling with 4 bedrooms and 3.5 baths 2 car garage rear patio and front porch

PUD",2026-04-01,1,2,8301 ELIJAH CRAIG WAY,78744,2,NA,https://abc.austintexas.gov/web/permit/public-search-other?t_detail=1&t_selected_folderrsn=13676727,8301 ELIJAH CRAIG WAY,NA,Austin,Texas,United States,1
3102 GLENVIEW AVE,Unit B: New two story unit with 2 bathrooms 1 bedroom.,2026-04-22,1,2,3102 GLENVIEW AVE,78703,10,NA,https://abc.austintexas.gov/web/permit/public-search-other?t_detail=1&t_selected_folderrsn=13689814,3102 GLENVIEW AVE,NA,Austin,Texas,United States,1
9312 HAMADRYAS DR,"New construction of a two-story single family house 4 bedroom 4.5 bathroom covered patio  2 car garage.
Production Builder green building.",2026-04-20,1,2,9312 HAMADRYAS DR,78744,2,NA,https://abc.austintexas.gov/web/permit/public-search-other?t_detail=1&t_selected_folderrsn=13688928,9312 HAMADRYAS DRIVE,NA,Austin,Texas,United States,1
6801 WENTWORTH DR,Unit A New 2 story 4-Unit Townhomes (Reconstruction of townhouse building due to fire partial foundation to be reused),2026-04-07,1,2,6801 WENTWORTH DR,78724,1,NA,https://abc.austintexas.gov/web/permit/public-search-other?t_detail=1&t_selected_folderrsn=13657410,6801 WENTWORTH DRIVE,NA,Austin,Texas,United States,1
2906 BRIDLE PATH BLDG 2,New construction two-unit use 2-story 1 bedroom 1.5 bath with attached 2-car garage outdoor kitchen and 2nd floor balcony.,2026-03-30,1,2,2906 BRIDLE PATH BLDG 2,78703,10,NA,https://abc.austintexas.gov/web/permit/public-search-other?t_detail=1&t_selected_folderrsn=13676231,2906 BRIDLE PATH BLDG 2,NA,Austin,Texas,United States,1
605 E 55TH ST BLDG 5,"*Type 2 RESIDENTIAL AFFORDABLE HOUSING DEVELOPMENT BONUS PROGRAM* 
ePlan: Residential Expedited Review - New construction of a 3-Story Single Family Res. [2bed 2.5bath]. Bldg 5",2026-03-24,1,3,605 E 55TH ST BLDG 5,78751,4,NA,https://abc.austintexas.gov/web/permit/public-search-other?t_detail=1&t_selected_folderrsn=13673468,605 EAST 55TH STREET BLDG 5,NA,Austin,Texas,United States,1
8613 DONGAN DR,New two-story SFR (4br/3ba) with attached garage covered porch and covered patio *PRODUCTION BUILDER- GREEN BUILDING*,2026-04-15,1,2,8613 DONGAN DR,78744,2,NA,https://abc.austintexas.gov/web/permit/public-search-other?t_detail=1&t_selected_folderrsn=13686623,8613 DONGAN DRIVE,NA,Austin,Texas,United States,1
8809 BREEZE HILL DR,"New SFR 2- Story 4 bedroom 3 bath with attached 2-car garage covered front porch and covered rear patio

PUD",2026-04-24,1,2,8809 BREEZE HILL DR,78744,2,NA,https://abc.austintexas.gov/web/permit/public-search-other?t_detail=1&t_selected_folderrsn=13691818,8809 BREEZE HILL DRIVE,NA,Austin,Texas,United States,1
1406 CORSAC WAY,New 2-story 4 bedroom 3.5 bathroom small lot single family residence with attached garage covered front porch rear covered patio and 2nd floor covered balcony.,2026-04-15,1,2,1406 CORSAC WAY,78758,7,NA,https://abc.austintexas.gov/web/permit/public-search-other?t_detail=1&t_selected_folderrsn=13686566,1406 CORSAC WAY,NA,Austin,Texas,United States,1
9420 BUCKSTITCH SADDLE DR,New single-story SFR with attached garage covered patio and covered porch *PRODUCTION BUILDER- GREEN BUILDING*,2026-04-23,1,1,9420 BUCKSTITCH SADDLE DR,78724,1,NA,https://abc.austintexas.gov/web/permit/public-search-other?t_detail=1&t_selected_folderrsn=13686230,9420 BUCKSTITCH SADDLE DRIVE,NA,Austin,Texas,United States,1
2018 FORD ST,ePlan: Residential Expedited Review :  New construction of a 2-Story Single Family Res. [5bed 4bath] with Attached Garage/Carport,2026-03-28,1,2,2018 FORD ST,78704,5,NA,https://abc.austintexas.gov/web/permit/public-search-other?t_detail=1&t_selected_folderrsn=13677206,2018 FORD STREET,NA,Austin,Texas,United States,1
12108 SAGRADA ST,1548BL NEW 3 BEDROOM 2 BATH SINGLE FAMILY RESIDENTIAL HOME WITH ATTACHED GARAGE COVERED FRONT PORCH AND REAR PATIO,2026-04-13,1,1,12108 SAGRADA ST,78748,5,NA,https://abc.austintexas.gov/web/permit/public-search-other?t_detail=1&t_selected_folderrsn=13684866,12108 SAGRADA STREET,NA,Austin,Texas,United States,1
8018 BIRD SONG CIR,New construction of 2 story duplex condo each with 3 beds 2.5 baths and attached garage (Unit B),2026-04-22,1,2,8018 BIRD SONG CIR,78745,5,NA,https://abc.austintexas.gov/web/permit/public-search-other?t_detail=1&t_selected_folderrsn=13690911,8018 BIRD SONG CIR,NA,Austin,Texas,United States,1
13220 KINCANE DR,1548BL NEW 1 STORY 3 BEDROOM 2 BATH SINGLE FAMILY RESIDENTIAL HOME WITH ATTACHED GARAGE COVERED FRONT PORCH AND REAR PATIO,2026-04-23,1,1,13220 KINCANE DR,78617,2,NA,https://abc.austintexas.gov/web/permit/public-search-other?t_detail=1&t_selected_folderrsn=13690948,13220 KINCANE DRIVE,NA,Austin,Texas,United States,1
7109 HUDKINS WAY,2245BL NEW 4 BEDROOM 3 BATH SINGLE FAMILY RESIDENTIAL HOME WITH ATTACHED GARAGE COVERED FRONT PORCHA AND REAR PATIO,2026-04-21,1,2,7109 HUDKINS WAY,78617,2,NA,https://abc.austintexas.gov/web/permit/public-search-other?t_detail=1&t_selected_folderrsn=13690154,7109 HUDKINS WAY,NA,Austin,Texas,United States,1
12604 SAINT THOMAS DR,Hughes 841-M-L Is a New one-story single family residence with (4) bedrooms (3) bathrooms an attached two-car garage and a covered entry porch & patio.,2026-04-25,1,1,12604 SAINT THOMAS DR,78617,2,NA,https://abc.austintexas.gov/web/permit/public-search-other?t_detail=1&t_selected_folderrsn=13692416,12604 SAINT THOMAS DRIVE,NA,Austin,Texas,United States,1
7416 PULLMAN CV,Dawson S351 A Right New - 1 Story SFR w/ 3 bedrooms 2 bathrooms attached 2 car garage covered entry porch and patio required parking: 2.,2026-04-16,1,1,7416 PULLMAN CV,78747,2,NA,https://abc.austintexas.gov/web/permit/public-search-other?t_detail=1&t_selected_folderrsn=13687479,7416 PULLMAN CV,NA,Austin,Texas,United States,1
3718 MENCHACA RD,"UNIT 301 - New 3 story with attached garage office and roof top. 3/3.5 
Revision 1: Revisions to exterior building materials.",2026-03-30,1,3,3718 MENCHACA RD,78704,5,NA,https://abc.austintexas.gov/web/permit/public-search-other?t_detail=1&t_selected_folderrsn=12942314,3718 MENCHACA ROAD,NA,Austin,Texas,United States,1
12600 SAINT THOMAS DR,Winedale 880-M-L Is a New two-story single family residence with (5) bedrooms (3) bathrooms an attached two-car garage and a covered entry porch and patio.,2026-04-25,1,2,12600 SAINT THOMAS DR,78617,2,NA,https://abc.austintexas.gov/web/permit/public-search-other?t_detail=1&t_selected_folderrsn=13692381,12600 SAINT THOMAS DRIVE,NA,Austin,Texas,United States,1
12425 SAINT THOMAS DR,Cascade 330-T-R Is a New one-story single family residence with (3) bedrooms (2) bathrooms an attached two-car garage and a covered entry porch and patio.,2026-04-21,1,1,12425 SAINT THOMAS DR,78617,2,NA,https://abc.austintexas.gov/web/permit/public-search-other?t_detail=1&t_selected_folderrsn=13688901,12425 SAINT THOMAS DRIVE,NA,Austin,Texas,United States,1
12520 SAINT THOMAS DR,Hughes 841-N-R Is a New one-story single family residence with (4) bedrooms (3) bathrooms an attached two-car garage and a covered entry porch and patio.,2026-04-25,1,1,12520 SAINT THOMAS DR,78617,2,NA,https://abc.austintexas.gov/web/permit/public-search-other?t_detail=1&t_selected_folderrsn=13692357,12520 SAINT THOMAS DRIVE,NA,Austin,Texas,United States,1
4706 NATIVE PEARL LN,New construction of SFR with  5 bedrooms and 3 bathrooms. attached garage and covered patio,2026-04-03,1,2,4706 NATIVE PEARL LN,78754,1,NA,https://abc.austintexas.gov/web/permit/public-search-other?t_detail=1&t_selected_folderrsn=13680481,4706 NATIVE PEARL LANE,NA,Austin,Texas,United States,1
4708 CASWELL AVE BLDG 1,Bldg 1: NEW SINGLE-FAMILY WOOD FRAME RESIDENCE WITH 4 BEDROOMS AND 4.5 BATHROOMS.,2026-04-21,1,2,4708 CASWELL AVE BLDG 1,78751,9,NA,https://abc.austintexas.gov/web/permit/public-search-other?t_detail=1&t_selected_folderrsn=13676911,4708 CASWELL AVE BLDG 1,NA,Austin,Texas,United States,1
5910 ROTUNDA VW,New two-story SFR *PRODUCTION BUILDER- SMART HOUSING / GREEN BUILDING*,2026-04-15,1,2,5910 ROTUNDA VW,78747,2,NA,https://abc.austintexas.gov/web/permit/public-search-other?t_detail=1&t_selected_folderrsn=13686435,5910 ROTUNDA VW,NA,Austin,Texas,United States,1
4704 PHILCO DR,ePlan: Residential Expedited Review - New construction of a 2-Story Single Family Res. [5bed 4bath] with Attached Porch and Attached Carport.,2026-04-20,1,2,4704 PHILCO DR,78745,5,NA,https://abc.austintexas.gov/web/permit/public-search-other?t_detail=1&t_selected_folderrsn=13689032,4704 PHILCO DRIVE,NA,Austin,Texas,United States,1
8801 GOLDEN LION DR,"New SFR 2- Story 3 bedroom 3 bath with attached 2-car garage covered front porch and covered rear patio

PUD",2026-04-16,1,2,8801 GOLDEN LION DR,78744,2,NA,https://abc.austintexas.gov/web/permit/public-search-other?t_detail=1&t_selected_folderrsn=13686275,8801 GOLDEN LION DRIVE,NA,Austin,Texas,United States,1
5505 SHOAL CREEK BLVD,New construction of a 2-Story Single Family Res. [4bed 3.5bath] with Attached Garage.,2026-04-20,1,2,5505 SHOAL CREEK BLVD,78756,7,NA,https://abc.austintexas.gov/web/permit/public-search-other?t_detail=1&t_selected_folderrsn=13592115,5505 SHOAL CREEK BOULEVARD,NA,Austin,Texas,United States,1
10937 TALLSALT DR,New 2-story 5 bedroom 3 bathroom single family residence with attached garage covered front porch and rear covered patio.,2026-04-10,1,2,10937 TALLSALT DR,78754,1,NA,https://abc.austintexas.gov/web/permit/public-search-other?t_detail=1&t_selected_folderrsn=13683540,10937 TALLSALT DRIVE,NA,Austin,Texas,United States,1
12412 SAINT THOMAS DR,Callahan 830-O-R Is a New one-story single family residence with (4) bedrooms (2) bathrooms an attached two-car garage and a covered entry porch and patio.,2026-04-28,1,1,12412 SAINT THOMAS DR,78617,2,NA,https://abc.austintexas.gov/web/permit/public-search-other?t_detail=1&t_selected_folderrsn=13693110,12412 SAINT THOMAS DRIVE,NA,Austin,Texas,United States,1
9617 BREEZE HILL DR,"New construction of 2 story sfr with 4 beds 4.5 baths attached 2 car garage with covered porch and patio

PUD",2026-04-01,1,2,9617 BREEZE HILL DR,78744,2,NA,https://abc.austintexas.gov/web/permit/public-search-other?t_detail=1&t_selected_folderrsn=13677703,9617 BREEZE HILL DRIVE,NA,Austin,Texas,United States,1
11018 MONUMENT VALLEY DR,New construction single-family residential 1-story 3 bedroom 2 bath with attached 2-car garage covered front porch and covered rear patio.,2026-04-09,1,1,11018 MONUMENT VALLEY DR,78754,1,NA,https://abc.austintexas.gov/web/permit/public-search-other?t_detail=1&t_selected_folderrsn=13683465,11018 MONUMENT VALLEY DRIVE,NA,Austin,Texas,United States,1
12417 SAINT THOMAS DR,Briscoe 820-Q-L Is a New one-story single family residence with (3) bedrooms (2) bathrooms an attached two-car garage and a covered entry porch and patio.,2026-04-21,1,1,12417 SAINT THOMAS DR,78617,2,NA,https://abc.austintexas.gov/web/permit/public-search-other?t_detail=1&t_selected_folderrsn=13688888,12417 SAINT THOMAS DRIVE,NA,Austin,Texas,United States,1
8925 PALLAS CAT DR,*Green Building* New 1-story 4 bedroom 3 bathroom single family residence with attached garage covered front porch and rear covered patio.,2026-04-15,1,1,8925 PALLAS CAT DR,78744,2,NA,https://abc.austintexas.gov/web/permit/public-search-other?t_detail=1&t_selected_folderrsn=13686162,8925 PALLAS CAT DRIVE,NA,Austin,Texas,United States,1
11004 TALLSALT DR,*PB* New Construction- New single family residence 4bed 2.5 bath,2026-04-09,1,1,11004 TALLSALT DR,78754,1,NA,https://abc.austintexas.gov/web/permit/public-search-other?t_detail=1&t_selected_folderrsn=13682702,11004 TALLSALT DRIVE,NA,Austin,Texas,United States,1
1310 AGGIE LN BLDG 2,ePlan: Residential Expedited Review - New construction of a 1-Story Single Family Res. [3bed 2bath] with Attached Garage.,2026-04-20,1,1,1310 AGGIE LN BLDG 2,78757,7,NA,https://abc.austintexas.gov/web/permit/public-search-other?t_detail=1&t_selected_folderrsn=13689307,1310 AGGIE LANE BLDG 2,NA,Austin,Texas,United States,1
1905 ROBINHOOD TRL UNIT B,ePlan: Residential Expedited Review - New Duplex Unit 2 New construction of a 2-Story SF Res [1bed bath] with attached Garage,2026-03-30,1,2,1905 ROBINHOOD TRL UNIT B,78703,10,NA,https://abc.austintexas.gov/web/permit/public-search-other?t_detail=1&t_selected_folderrsn=13667488,1905 ROBINHOOD TRAIL UNIT B,NA,Austin,Texas,United States,1
1307 PEREZ ST UNIT B,"Interior remodel of existing SFR
Interior remodel to create dwelling Unit B",2026-04-07,2,2,1307 PEREZ ST UNIT B,78721,1,NA,https://abc.austintexas.gov/web/permit/public-search-other?t_detail=1&t_selected_folderrsn=13669169,1307 PEREZ STREET UNIT B,NA,Austin,Texas,United States,1
1602 CANTERBURY ST,ePlan: Residential Expedited Review - New construction of a 2-Story Small Lot Single Family Res. [3bed 3.5bath] with Attached Carport.,2026-03-30,1,2,1602 CANTERBURY ST,78702,3,NA,https://abc.austintexas.gov/web/permit/public-search-other?t_detail=1&t_selected_folderrsn=13674865,1602 CANTERBURY STREET,NA,Austin,Texas,United States,1
8016 BIRD SONG CIR,New construction of 2 story duplex condo each with 3 beds 2.5 baths and attached garage (Unit A),2026-04-22,1,2,8016 BIRD SONG CIR,78745,5,NA,https://abc.austintexas.gov/web/permit/public-search-other?t_detail=1&t_selected_folderrsn=13690910,8016 BIRD SONG CIR,NA,Austin,Texas,United States,1
3001 GOODWIN AVE BLDG 3,New construction of three story sfr with attached garage 3.5 baths and 2 bedrooms,2026-03-24,1,3,3001 GOODWIN AVE BLDG 3,78702,3,NA,https://abc.austintexas.gov/web/permit/public-search-other?t_detail=1&t_selected_folderrsn=13540346,3001 GOODWIN AVE BLDG 3,NA,Austin,Texas,United States,1
2712 E 22ND ST BLDG 2,ePlan: Residential Expedited Review - New construction of a 2-Story Single Family Res. [4bed 3bath] with Attached Garage. Bldg 2,2026-03-30,1,2,2712 E 22ND ST BLDG 2,78722,1,NA,https://abc.austintexas.gov/web/permit/public-search-other?t_detail=1&t_selected_folderrsn=13673372,2712 EAST 22ND STREET BLDG 2,NA,Austin,Texas,United States,1
11739 D K RANCH RD BLDG 2,Add a second dwelling unit to an existing single-family lot with updated address 11739 D-K Ranch Rd. Building 2 See address validation letter from Addressing Services.,2026-04-16,1,1,11739 D K RANCH RD BLDG 2,78759,10,NA,https://abc.austintexas.gov/web/permit/public-search-other?t_detail=1&t_selected_folderrsn=13646112,11739 D K RANCH ROAD BLDG 2,NA,Austin,Texas,United States,1
10933 TALLSALT DR,New single family residence,2026-04-10,1,1,10933 TALLSALT DR,78754,1,NA,https://abc.austintexas.gov/web/permit/public-search-other?t_detail=1&t_selected_folderrsn=13683514,10933 TALLSALT DRIVE,NA,Austin,Texas,United States,1
9209 CALVERT WAY,New Construction- 2 story SFR 5bed 4.5bath with attached garage and covered porch patio,2026-04-17,1,2,9209 CALVERT WAY,78744,2,NA,https://abc.austintexas.gov/web/permit/public-search-other?t_detail=1&t_selected_folderrsn=13688302,9209 CALVERT WAY,NA,Austin,Texas,United States,1
1137 WEBBERVILLE RD BLDG 1,New 3-story 3 bedroom 3 bathroom dwelling unit with attached carport covered porches 2nd floor screened porch 2nd floor partially covered balcony 3rd floor partially covered balcony and roof deck.,2026-04-11,1,3,1137 WEBBERVILLE RD BLDG 1,78721,1,NA,https://abc.austintexas.gov/web/permit/public-search-other?t_detail=1&t_selected_folderrsn=13583341,1137 WEBBERVILLE ROAD BLDG 1,NA,Austin,Texas,United States,1
11208 ZIP COCHISE WAY,"New construction of 2 story SFR with 4 beds 2.5 baths opt gourmet kitchen opt ext cov patio cov patio porch and 2 car garage

PUD",2026-04-23,1,2,11208 ZIP COCHISE WAY,78653,1,NA,https://abc.austintexas.gov/web/permit/public-search-other?t_detail=1&t_selected_folderrsn=13691777,11208 ZIP COCHISE WAY,NA,Austin,Texas,United States,1
11014 MONUMENT VALLEY DR,New construction of SFR,2026-04-06,1,2,11014 MONUMENT VALLEY DR,78754,1,NA,https://abc.austintexas.gov/web/permit/public-search-other?t_detail=1&t_selected_folderrsn=13680943,11014 MONUMENT VALLEY DRIVE,NA,Austin,Texas,United States,1
10925 TALLSALT DR,New construction of SFR with  4 bedroom and 2.5 bathrooms. attached garage.,2026-04-03,1,1,10925 TALLSALT DR,78754,1,NA,https://abc.austintexas.gov/web/permit/public-search-other?t_detail=1&t_selected_folderrsn=13680424,10925 TALLSALT DRIVE,NA,Austin,Texas,United States,1
7432 PULLMAN CV,Armstrong S357 D Left New - 2 Story SFR w/ 5 bedrooms 3 bathrooms attached 2 car garage covered entry porch and patio required parking: 2.,2026-04-16,1,2,7432 PULLMAN CV,78747,2,NA,https://abc.austintexas.gov/web/permit/public-search-other?t_detail=1&t_selected_folderrsn=13687531,7432 PULLMAN CV,NA,Austin,Texas,United States,1
9413 BUCKSTITCH SADDLE DR,New 1-story single family residence 4 bed/3 bath with attached garage covered porch and patio Green Building,2026-04-07,1,1,9413 BUCKSTITCH SADDLE DR,78724,1,NA,https://abc.austintexas.gov/web/permit/public-search-other?t_detail=1&t_selected_folderrsn=13679076,9413 BUCKSTITCH SADDLE DRIVE,NA,Austin,Texas,United States,1
5224 RAGWEED DR,Monroe 2191-LS203-L New 2-Story Single Family Residence with (4) bedrooms (3) bathrooms Attached Garage Covered Patio & Porch Cafe & Loft,2026-04-24,1,2,5224 RAGWEED DR,78653,1,NA,https://abc.austintexas.gov/web/permit/public-search-other?t_detail=1&t_selected_folderrsn=13692378,5224 RAGWEED DRIVE,NA,Austin,Texas,United States,1
1705 BARN SWALLOW DR,ePlan: Residential Expedited Review - New construction of a 2-Story Single Family Res. [5bed 5.5bath] with Attached Garage.,2026-03-24,1,2,1705 BARN SWALLOW DR,78746,8,NA,https://abc.austintexas.gov/web/permit/public-search-other?t_detail=1&t_selected_folderrsn=13674919,1705 BARN SWALLOW DRIVE,NA,Austin,Texas,United States,1
8615 DONGAN DR,New two-story SFR (5br/4ba) with attached garage covered porch and covered patio,2026-04-23,1,2,8615 DONGAN DR,78744,2,NA,https://abc.austintexas.gov/web/permit/public-search-other?t_detail=1&t_selected_folderrsn=13690570,8615 DONGAN DRIVE,NA,Austin,Texas,United States,1
10941 TALLSALT DR,New construction single-family residential 1-story 3 bedroom 2 bath with attached 2-car garage covered front porch and covered rear patio.,2026-04-09,1,1,10941 TALLSALT DR,78754,1,NA,https://abc.austintexas.gov/web/permit/public-search-other?t_detail=1&t_selected_folderrsn=13683445,10941 TALLSALT DRIVE,NA,Austin,Texas,United States,1
1141 WEBBERVILLE RD BLDG 1,New 3-story 4 bedroom 4.5 bathroom dwelling unit with covered porches uncovered wood deck 2nd floor covered balcony 3rd floor screened porch and 3rd floor partially covered balcony.,2026-04-07,1,3,1141 WEBBERVILLE RD BLDG 1,78721,1,NA,https://abc.austintexas.gov/web/permit/public-search-other?t_detail=1&t_selected_folderrsn=13595304,1141 WEBBERVILLE ROAD BLDG 1,NA,Austin,Texas,United States,1
4804 BRIDWELL LN,New single-family residence 3 bedrooms 2.5 bathrooms. attached garage and covered patio,2026-04-13,1,2,4804 BRIDWELL LN,78754,1,NA,https://abc.austintexas.gov/web/permit/public-search-other?t_detail=1&t_selected_folderrsn=13684318,4804 BRIDWELL LANE,NA,Austin,Texas,United States,1
7420 PULLMAN CV,Eastland S352 C Left New - 1 Story SFR w/ 4 bedrooms 2 bathrooms attached 2 car garage covered entry porch and patio required parking: 2.,2026-04-27,1,1,7420 PULLMAN CV,78747,2,NA,https://abc.austintexas.gov/web/permit/public-search-other?t_detail=1&t_selected_folderrsn=13692071,7420 PULLMAN CV,NA,Austin,Texas,United States,1
1141 WEBBERVILLE RD BLDG 2,New 2-story 1 bedroom 1 bathroom dwelling unit with attached carport covered porch and 2nd floor covered balcony.,2026-04-07,1,2,1141 WEBBERVILLE RD BLDG 2,78721,1,NA,https://abc.austintexas.gov/web/permit/public-search-other?t_detail=1&t_selected_folderrsn=13595305,1141 WEBBERVILLE ROAD BLDG 2,NA,Austin,Texas,United States,1
8111 PEERLESS PASS,"New construction of single family dwelling with 3 bedrooms and 2.5 baths 2 car garage rear patio and front porch

PUD",2026-03-27,1,2,8111 PEERLESS PASS,78744,2,NA,https://abc.austintexas.gov/web/permit/public-search-other?t_detail=1&t_selected_folderrsn=13675107,8111 PEERLESS PASS,NA,Austin,Texas,United States,1
5603 RIDGE OAK DR,Construction of new wood-framed SFR 4 bed 3.5 bath with basement attached garage and rear covered patio/balcony,2026-03-25,1,2,5603 RIDGE OAK DR,78731,10,NA,https://abc.austintexas.gov/web/permit/public-search-other?t_detail=1&t_selected_folderrsn=13667907,5603 RIDGE OAK DRIVE,NA,Austin,Texas,United States,1
919 TILLERY ST--BLDG 2,ePlan: Residential Expedited Review - New construction of a 3-Story Single Family Res. [4bed 3.5bath] with Attached Carport. Bldg 2,2026-03-24,1,3,919 TILLERY ST BLDG 2,78702,3,NA,https://abc.austintexas.gov/web/permit/public-search-other?t_detail=1&t_selected_folderrsn=13669912,919 TILLERY STREET BLDG 2,NA,Austin,Texas,United States,1
5913 ROTUNDA VW,New two-story SFR *PRODUCTION BUILDER- SMART HOUSING / GREEN BUILDING*,2026-04-10,1,2,5913 ROTUNDA VW,78747,2,NA,https://abc.austintexas.gov/web/permit/public-search-other?t_detail=1&t_selected_folderrsn=13683957,5913 ROTUNDA VW,NA,Austin,Texas,United States,1
5413 HUDSON ST,New single story SFR. 3 bed/2 bath with attached garage and covered front porch.,2026-04-09,1,1,5413 HUDSON ST,78721,1,NA,https://abc.austintexas.gov/web/permit/public-search-other?t_detail=1&t_selected_folderrsn=13617272,5413 HUDSON STREET,NA,Austin,Texas,United States,1
11012 MONUMENT VALLEY DR,New construction of SFR,2026-04-06,1,1,11012 MONUMENT VALLEY DR,78754,1,NA,https://abc.austintexas.gov/web/permit/public-search-other?t_detail=1&t_selected_folderrsn=13680968,11012 MONUMENT VALLEY DRIVE,NA,Austin,Texas,United States,1
4511 VINSON DR BLDG 1,Lot 1 - New construction two-family residential duplex 2-story 3 bedroom (both units) 2.5 bath (both units) with attached 1-car garage (both units) covered front porch (both units) and covered rear patio (both units).,2026-04-03,2,2,4511 VINSON DR BLDG 1,78745,3,NA,https://abc.austintexas.gov/web/permit/public-search-other?t_detail=1&t_selected_folderrsn=12761273,4511 VINSON DRIVE BLDG 1,NA,Austin,Texas,United States,1
9405 BUCKSTITCH SADDLE DR,"New construction of 1 story SFR attached garage covered porch and patio

PUD",2026-04-17,1,1,9405 BUCKSTITCH SADDLE DR,78724,1,NA,https://abc.austintexas.gov/web/permit/public-search-other?t_detail=1&t_selected_folderrsn=13688336,9405 BUCKSTITCH SADDLE DRIVE,NA,Austin,Texas,United States,1
9320 FURMAN DR,Moscoso S423 B Left New - 1 Story SFR w/ 3 bedrooms 2 bathrooms attached 2 car garage covered entry porch and patio required parking: 2.,2026-04-27,1,1,9320 FURMAN DR,78747,2,NA,https://abc.austintexas.gov/web/permit/public-search-other?t_detail=1&t_selected_folderrsn=13688149,9320 FURMAN DRIVE,NA,Austin,Texas,United States,1
8109 ERMIS FARM RD,New construction of a 2-story single family dwelling in a condo regime. Both units are part of the duplex. Both units have 3 bedroom 2.5 bath with 2 car garage.,2026-04-20,1,2,8109 ERMIS FARM RD,78745,5,NA,https://abc.austintexas.gov/web/permit/public-search-other?t_detail=1&t_selected_folderrsn=13688063,8109 ERMIS FARM ROAD,NA,Austin,Texas,United States,1
5908 ROTUNDA VW,3-bed 2.5-bath. Single Family Attached garage and cover porch patio SMART Housing 3/2.5,2026-04-08,1,2,5908 ROTUNDA VW,78747,2,NA,https://abc.austintexas.gov/web/permit/public-search-other?t_detail=1&t_selected_folderrsn=13682057,5908 ROTUNDA VW,NA,Austin,Texas,United States,1
4908 BRIDWELL LN,PB: New construction of 2 story SFR 5 bed 3 bath with attached garage and front covered porch/rear covered patio,2026-03-24,1,2,4908 BRIDWELL LN,78754,1,NA,https://abc.austintexas.gov/web/permit/public-search-other?t_detail=1&t_selected_folderrsn=13673494,4908 BRIDWELL LANE,NA,Austin,Texas,United States,1
5906 ROTUNDA VW,*SMART Housing* *Green Building* New 2-story 3 bedroom 2.5 bathroom rowhouse with covered front porch.,2026-04-08,1,2,5906 ROTUNDA VW,78747,2,NA,https://abc.austintexas.gov/web/permit/public-search-other?t_detail=1&t_selected_folderrsn=13680488,5906 ROTUNDA VW,NA,Austin,Texas,United States,1
1137 WEBBERVILLE RD BLDG 2,New 3-story 2 bedroom 2.5 bathroom dwelling unit with attached carport covered porch 2nd floor screened porch 2nd floor covered balcony 3rd floor partially covered balcony and roof deck.,2026-04-11,1,3,1137 WEBBERVILLE RD BLDG 2,78721,1,NA,https://abc.austintexas.gov/web/permit/public-search-other?t_detail=1&t_selected_folderrsn=13583342,1137 WEBBERVILLE ROAD BLDG 2,NA,Austin,Texas,United States,1
2206 WHITE HORSE TRL,ePlan: Residential Expedited Review - New construction of a 2 story single family residence with third floor habitable attic 6 bedroom 4.5 bathroom covered porch & uncovered deck.,2026-04-25,1,3,2206 WHITE HORSE TRL,78757,7,NA,https://abc.austintexas.gov/web/permit/public-search-other?t_detail=1&t_selected_folderrsn=13619632,2206 WHITE HORSE TRAIL,NA,Austin,Texas,United States,1
5321 DOWNS DR,ePlan: Residential Expedited Review - New construction of a 2-Story Single Family Res. [3bed 3bath] with Attached Garage and Carport.,2026-04-02,1,2,5321 DOWNS DR,78721,1,NA,https://abc.austintexas.gov/web/permit/public-search-other?t_detail=1&t_selected_folderrsn=13679196,5321 DOWNS DRIVE,NA,Austin,Texas,United States,1
8825 BREEZE HILL DR,New construction single-family residential 4 bedroom 4.5 bath with attached 2-car garage covered porch and covered patio.,2026-04-18,1,2,8825 BREEZE HILL DR,78744,2,NA,https://abc.austintexas.gov/web/permit/public-search-other?t_detail=1&t_selected_folderrsn=13688679,8825 BREEZE HILL DRIVE,NA,Austin,Texas,United States,1
7923 BROCKMAN ST,New 2-story 3 bedroom 2.5 bathroom dwelling unit with attached garage covered front porch and rear covered patio.,2026-03-30,1,2,7923 BROCKMAN ST,78757,4,NA,https://abc.austintexas.gov/web/permit/public-search-other?t_detail=1&t_selected_folderrsn=13669638,7923 BROCKMAN STREET,NA,Austin,Texas,United States,1
7425 PULLMAN CV,Donley S355 B Left New - 2 Story SFR w/ 4 bedrooms 2.5 bathrooms attached 2 car garage covered entry porch and patio required parking: 2.,2026-04-16,1,2,7425 PULLMAN CV,78747,2,NA,https://abc.austintexas.gov/web/permit/public-search-other?t_detail=1&t_selected_folderrsn=13687506,7425 PULLMAN CV,NA,Austin,Texas,United States,1
8820 BREEZE HILL DR,"New SFR 2- Story 3 bedroom 2.5 bath with attached 2-car garage covered front porch and covered rear patio

PUD",2026-03-27,1,2,8820 BREEZE HILL DR,78744,2,NA,https://abc.austintexas.gov/web/permit/public-search-other?t_detail=1&t_selected_folderrsn=13675926,8820 BREEZE HILL DRIVE,NA,Austin,Texas,United States,1
1101 ETERNITY TER,ePlan: Residential Expedited Review - New construction of a 2-Story Single Family Res. [5bed 5.5bath] with Attached Garage,2026-03-25,1,2,1101 ETERNITY TER,78746,8,NA,https://abc.austintexas.gov/web/permit/public-search-other?t_detail=1&t_selected_folderrsn=13674823,1101 ETERNITY TER,NA,Austin,Texas,United States,1
1167 NICKOLS AVE BLDG 2,Building 2 2 Story SFR with 3 bedrooms and 2.5 baths,2026-04-09,1,2,1167 NICKOLS AVE BLDG 2,78721,1,NA,https://abc.austintexas.gov/web/permit/public-search-other?t_detail=1&t_selected_folderrsn=13653561,1167 NICKOLS AVE BLDG 2,NA,Austin,Texas,United States,1
10304 CURB STRAP DR,PB: New construction of 1 story SFR 4 bed 2 bath with attached garage,2026-03-30,1,1,10304 CURB STRAP DR,78724,1,NA,https://abc.austintexas.gov/web/permit/public-search-other?t_detail=1&t_selected_folderrsn=13561109,10304 CURB STRAP DRIVE,NA,Austin,Texas,United States,1
8012 BIRD SONG CIR,New construction of 2 story duplex condo each with 3 beds 2.5 baths and attached garage (Unit A),2026-04-22,1,2,8012 BIRD SONG CIR,78745,5,NA,https://abc.austintexas.gov/web/permit/public-search-other?t_detail=1&t_selected_folderrsn=13690894,8012 BIRD SONG CIR,NA,Austin,Texas,United States,1
8813 PEDAL BOAT DR,New construction single-family residential 1-story 4 bedroom 3 bath with attached 2-car garage covered front porch and covered rear patio.,2026-04-09,1,1,8813 PEDAL BOAT DR,78744,2,NA,https://abc.austintexas.gov/web/permit/public-search-other?t_detail=1&t_selected_folderrsn=13682806,8813 PEDAL BOAT DRIVE,NA,Austin,Texas,United States,1
1167 NICKOLS AVE UNIT 1B,Building 1B New construction of two-unit residential homes. 2 Bedroom 2.5 Baths with CP,2026-04-09,1,3,1167 NICKOLS AVE UNIT 1B,78721,1,NA,https://abc.austintexas.gov/web/permit/public-search-other?t_detail=1&t_selected_folderrsn=13653560,1167 NICKOLS AVE UNIT 1B,NA,Austin,Texas,United States,1
605 E 55TH ST BLDG 6,"*Type 2 RESIDENTIAL AFFORDABLE HOUSING DEVELOPMENT BONUS PROGRAM* 
ePlan: Residential Expedited Review - New construction of a 3-Story Single Family Res. [2bed 2.5bath]. Bldg 6",2026-03-24,1,3,605 E 55TH ST BLDG 6,78751,4,NA,https://abc.austintexas.gov/web/permit/public-search-other?t_detail=1&t_selected_folderrsn=13673469,605 EAST 55TH STREET BLDG 6,NA,Austin,Texas,United States,1
919 TILLERY ST--BLDG 3,ePlan: Residential Expedited Review - New construction of a 3-Story Single Family Res. [4bed 3.5bath] with Attached Carport. Bldg 3,2026-03-24,1,3,919 TILLERY ST BLDG 3,78702,3,NA,https://abc.austintexas.gov/web/permit/public-search-other?t_detail=1&t_selected_folderrsn=13669913,919 TILLERY STREET BLDG 3,NA,Austin,Texas,United States,1
9500 BUCKSTITCH SADDLE DR,New 1-story singe family residence 4 bed/2 bath attached garage covered porch and patio Green Building,2026-04-02,1,1,9500 BUCKSTITCH SADDLE DR,78724,1,NA,https://abc.austintexas.gov/web/permit/public-search-other?t_detail=1&t_selected_folderrsn=13679102,9500 BUCKSTITCH SADDLE DRIVE,NA,Austin,Texas,United States,1
8111 ELIJAH CRAIG WAY,New construction of 2 story SFR 4 bedroom and 3.5 bathrooms with covered porch and patio and attached garage,2026-04-01,1,2,8111 ELIJAH CRAIG WAY,78744,2,NA,https://abc.austintexas.gov/web/permit/public-search-other?t_detail=1&t_selected_folderrsn=13676713,8111 ELIJAH CRAIG WAY,NA,Austin,Texas,United States,1
9612 GOLDEN LION DR,New two-story SFR (4br/3.5ba) with attached garage porch and covered patio *PRODUCTION BUILDER- GREEN BUILDING*,2026-04-24,1,2,9612 GOLDEN LION DR,78744,2,NA,https://abc.austintexas.gov/web/permit/public-search-other?t_detail=1&t_selected_folderrsn=13691801,9612 GOLDEN LION DRIVE,NA,Austin,Texas,United States,1
11016 TRUE VALOR DR,New single family residence,2026-04-07,1,1,11016 TRUE VALOR DR,78754,1,NA,https://abc.austintexas.gov/web/permit/public-search-other?t_detail=1&t_selected_folderrsn=13680996,11016 TRUE VALOR DRIVE,NA,Austin,Texas,United States,1
7412 PULLMAN CV,Freestone S353 D Right New - 1 Story SFR w/ 4 bedrooms 2 bathrooms attached 2 car garage covered entry porch and patio required parking: 2.,2026-03-30,1,1,7412 PULLMAN CV,78747,2,NA,https://abc.austintexas.gov/web/permit/public-search-other?t_detail=1&t_selected_folderrsn=13675488,7412 PULLMAN CV,NA,Austin,Texas,United States,1
9600 GOLDEN LION DR,"New construction of 1 story sfr with 4 beds 3 baths attached 2 car garage covered entry porch and patio

PUD",2026-04-15,1,1,9600 GOLDEN LION DR,78744,2,NA,https://abc.austintexas.gov/web/permit/public-search-other?t_detail=1&t_selected_folderrsn=13686387,9600 GOLDEN LION DRIVE,NA,Austin,Texas,United States,1
7401 PULLMAN CV,Balboa S415 C Left New - 1 Story SFR w/ 5 bedrooms 3 bathrooms attached 2 car garage covered entry porch and patio required parking: 2.,2026-03-23,1,1,7401 PULLMAN CV,78747,2,NA,https://abc.austintexas.gov/web/permit/public-search-other?t_detail=1&t_selected_folderrsn=13673007,7401 PULLMAN CV,NA,Austin,Texas,United States,1
8813 GOLDEN LION DR,"New construction of 2 story SFR with 4 beds 3.5 baths attached 3 car garage covered entry porch andptio

PUD",2026-02-13,1,2,8813 GOLDEN LION DR,78744,2,NA,https://abc.austintexas.gov/web/permit/public-search-other?t_detail=1&t_selected_folderrsn=13647397,8813 GOLDEN LION DRIVE,NA,Austin,Texas,United States,1
8801 BREEZE HILL DR,"New SFR 1- Story 4 bedroom 2.5 bath with attached 2-car garage covered front porch and covered rear patio

PUD",2026-03-03,1,1,8801 BREEZE HILL DR,78744,2,NA,https://abc.austintexas.gov/web/permit/public-search-other?t_detail=1&t_selected_folderrsn=13662534,8801 BREEZE HILL DRIVE,NA,Austin,Texas,United States,1
13209 KEEFER DR,Dexter 3317 C Left New - 2 Story SFR CONDOMINUM w/ 3 bedrooms 2.5 bathrooms attached 2 car garage covered entry porch and patio FFE: 681.02 Site Plan: SP-2021-0328C Site Plan Exp.: 01/09/27 Max Bld height: 30 Actual Bld height: 30-0 required parking: 2.,2026-03-06,1,2,13209 KEEFER DR,78652,5,NA,https://abc.austintexas.gov/web/permit/public-search-other?t_detail=1&t_selected_folderrsn=13664687,13209 KEEFER DRIVE,NA,Austin,Texas,United States,1
5214 MONARDA MINT DR,Coolidge 1027-U-R New 2-Story Single Family Residence with (4) bedrooms (3) bathrooms Attached Garage Covered Patio & Porch Cafe & Loft,2026-02-12,1,2,5214 MONARDA MINT DR,78653,1,NA,https://abc.austintexas.gov/web/permit/public-search-other?t_detail=1&t_selected_folderrsn=13652417,5214 MONARDA MINT DRIVE,NA,Austin,Texas,United States,1
8708 PERISTYLE DR,"New construction of 2 story SFR with 4 beds 3.5 baths with attached 2 car garage covered entry porch and patio

PUD",2026-03-03,1,2,8708 PERISTYLE DR,78744,2,NA,https://abc.austintexas.gov/web/permit/public-search-other?t_detail=1&t_selected_folderrsn=13654851,8708 PERISTYLE DRIVE,NA,Austin,Texas,United States,1
5001 PECAN SPRINGS RD BLDG 20,New 3-story single family residence condo 3 bed/3.5 bath with attached garage covered patio  and balconies,2026-03-13,1,3,5001 PECAN SPRINGS RD BLDG 20,78723,1,NA,https://abc.austintexas.gov/web/permit/public-search-other?t_detail=1&t_selected_folderrsn=13669812,5001 PECAN SPRINGS ROAD BLDG 20,NA,Austin,Texas,United States,1
9317 CORVALLIS DR,Esparanza S426 C Left New - 1 Story SFR w/ 4 bedrooms 3 bathrooms attached 2 car garage covered entry porch and patio required parking: 2.,2026-02-13,1,1,9317 CORVALLIS DR,78747,2,NA,https://abc.austintexas.gov/web/permit/public-search-other?t_detail=1&t_selected_folderrsn=13654385,9317 CORVALLIS DRIVE,NA,Austin,Texas,United States,1
2503 S 4TH ST BLDG 3,Bldg 3 New 2-story single family residence 2 bed/2 bath with covered porch and balcony,2026-02-25,1,2,2503 S 4TH ST BLDG 3,78704,3,NA,https://abc.austintexas.gov/web/permit/public-search-other?t_detail=1&t_selected_folderrsn=13659937,2503 SOUTH 4TH STREET BLDG 3,NA,Austin,Texas,United States,1
9317 BOATHOUSE DR,New construction single-family residential 1-story 3 bedroom 2.5 bath with attached 2-car garage covered front porch and covered rear patio.,2026-03-10,1,1,9317 BOATHOUSE DR,78744,2,NA,https://abc.austintexas.gov/web/permit/public-search-other?t_detail=1&t_selected_folderrsn=13667159,9317 BOATHOUSE DRIVE,NA,Austin,Texas,United States,1
5903 SILENT NOVA VW,New construction of SFR Condo with 6 beds 6.5 baths covered patio covered porch and covered front deck with 3 car attached tandem garage,2026-03-19,1,2,5903 SILENT NOVA VW,78730,10,NA,https://abc.austintexas.gov/web/permit/public-search-other?t_detail=1&t_selected_folderrsn=13672405,5903 SILENT NOVA VW,NA,Austin,Texas,United States,1
5912 HAROLD CT UNIT 108,New 3-story townhouse condominium residential building with three units. Unit 108 with (2) bedrooms (2.5) bathrooms attached garage attached carport storage room attic and covered patios.,2026-02-17,1,3,5912 HAROLD CT UNIT 108,78721,1,NA,https://abc.austintexas.gov/web/permit/public-search-other?t_detail=1&t_selected_folderrsn=12629625,5912 HAROLD CT UNIT 108,NA,Austin,Texas,United States,1
13009 STAYWELL WAY,2410AL NEW 2 STORY 4 BEDROOM 2 1/2 BATH SINGLE FAMILY RESIDENTIAL HOME WITH ATTACHED GARAGE COVERED FRONT PORCH AND REAR PATIO,2026-03-09,1,2,13009 STAYWELL WAY,78617,2,NA,https://abc.austintexas.gov/web/permit/public-search-other?t_detail=1&t_selected_folderrsn=13665735,13009 STAYWELL WAY,NA,Austin,Texas,United States,1
1403 S QUINLAN PARK RD,New construction of 2 story SFR with 5 bedrooms and 5 bathrooms. attached garage,2026-03-18,1,2,1403 S QUINLAN PARK RD,78732,10,NA,https://abc.austintexas.gov/web/permit/public-search-other?t_detail=1&t_selected_folderrsn=13671583,1403 SOUTH QUINLAN PARK ROAD,NA,Austin,Texas,United States,1
13102 INCLINE DR,Galloway 3312 B Left New - 1 Story SFR CONDOMINUM w/ 3 bedrooms 2 bathrooms attached 2 car garage covered entry porch and patio FFE: 688.98 Site Plan: SP-2021-0328C Site Plan Exp.: 01/09/27 Max Bld height: 22-5 Actual Bld height: 22-5 required parking: 2.,2026-02-27,1,1,13102 INCLINE DR,78652,5,NA,https://abc.austintexas.gov/web/permit/public-search-other?t_detail=1&t_selected_folderrsn=13661712,13102 INCLINE DRIVE,NA,Austin,Texas,United States,1
5100 SEA SALT DR,Caprock S405 B Left New - 2 Story SFR w/ 5 bedrooms 3 bathrooms attached 2 car garage covered entry porch and patio required parking: 2.,2026-03-11,1,2,5100 SEA SALT DR,78747,5,NA,https://abc.austintexas.gov/web/permit/public-search-other?t_detail=1&t_selected_folderrsn=13667292,5100 SEA SALT DRIVE,NA,Austin,Texas,United States,1
6203 SHOALWOOD AVE,ePlan: Residential Expedited Review - New construction of a 2-Story Single Family Res. [5bed 4.5bath] with Attached Carport.,2026-02-11,1,2,6203 SHOALWOOD AVE,78757,7,NA,https://abc.austintexas.gov/web/permit/public-search-other?t_detail=1&t_selected_folderrsn=13651823,6203 SHOALWOOD AVE,NA,Austin,Texas,United States,1
8812 FALLKILL DR,New Construction single-family residential 2-story 4 bedroom 3.5 bath with attached 3-car garage covered front porch and covered rear patio.,2026-03-03,1,2,8812 FALLKILL DR,78744,2,NA,https://abc.austintexas.gov/web/permit/public-search-other?t_detail=1&t_selected_folderrsn=13662999,8812 FALLKILL DRIVE,NA,Austin,Texas,United States,1
1105 MAUFRAIS ST,ePlan: Residential Expedited Review - New construction of a 1-Story Single Family Res. [2bed 3bath],2026-03-13,1,1,1105 MAUFRAIS ST,78703,9,NA,https://abc.austintexas.gov/web/permit/public-search-other?t_detail=1&t_selected_folderrsn=13669964,1105 MAUFRAIS STREET,NA,Austin,Texas,United States,1
7051 MEADOW LAKE BLVD UNIT 7101,7101: New construction single family residential 2-story 3 bedroom 2.5 bath with covered front porch and covered rear patio.,2026-03-03,1,2,7051 MEADOW LAKE BLVD UNIT 7101,78744,2,NA,https://abc.austintexas.gov/web/permit/public-search-other?t_detail=1&t_selected_folderrsn=13169039,7051 MEADOW LAKE BOULEVARD UNIT 7101,NA,Austin,Texas,United States,1
1209 ETERNITY TER,ePlan: Residential Expedited Review - New construction of a 2-Story Single Family Res. [5bed 5.5bath] with Attached Garage.,2026-03-11,1,2,1209 ETERNITY TER,78746,8,NA,https://abc.austintexas.gov/web/permit/public-search-other?t_detail=1&t_selected_folderrsn=13668051,1209 ETERNITY TER,NA,Austin,Texas,United States,1
703 ORLAND BLVD BLDG 1,ePlan: Residential Expedited Review - New THREE UNIT RES. Bldg 1 New construction of a 2-Story Single Family Res. [3bed 2.5bath] with Attached Garage,2026-03-10,1,2,703 ORLAND BLVD BLDG 1,78745,3,NA,https://abc.austintexas.gov/web/permit/public-search-other?t_detail=1&t_selected_folderrsn=13663772,703 ORLAND BOULEVARD BLDG 1,NA,Austin,Texas,United States,1
1911 PEOPLES ST,New 2-story 2 bedroom 1.5 bathroom dwelling unit with attached garage and covered front porch.,2026-03-20,1,2,1911 PEOPLES ST,78702,1,NA,https://abc.austintexas.gov/web/permit/public-search-other?t_detail=1&t_selected_folderrsn=13592215,1911 PEOPLES STREET,NA,Austin,Texas,United States,1
4204 ENDURANCE WAY,*S.M.A.R.T. HOUSING* *GREEN BUILDING* ePlan: Residential Expedited Review - New construction of a 3-Story Townhome [3bed 3.5bath] with Attached Garage. 4204 ENDURANCE WAY,2026-03-16,1,3,4204 ENDURANCE WAY,78731,10,NA,https://abc.austintexas.gov/web/permit/public-search-other?t_detail=1&t_selected_folderrsn=13667216,4204 ENDURANCE WAY,NA,Austin,Texas,United States,1
7001 STITZEL WELLER DR,*Green Building* New 2-story 4 bedroom 3.5 bathroom single family residence with attached garage covered side porch and rear covered patio.,2026-02-27,1,2,7001 STITZEL WELLER DR,78744,2,NA,https://abc.austintexas.gov/web/permit/public-search-other?t_detail=1&t_selected_folderrsn=13648392,7001 STITZEL WELLER DRIVE,NA,Austin,Texas,United States,1
5113 MONARDA MINT DR,Hubbard 1519-A-L New 2-Story Single Family Residence with (4) bedrooms (3.5) bathrooms Attached Garage Covered Patio & Porch Cafe,2026-03-12,1,2,5113 MONARDA MINT DR,78653,1,NA,https://abc.austintexas.gov/web/permit/public-search-other?t_detail=1&t_selected_folderrsn=13666461,5113 MONARDA MINT DRIVE,NA,Austin,Texas,United States,1
8905 PEAFOWL ST,"New SFR 2- Story 4 bedroom 3 bath with attached 2-car garage covered front porch and covered rear patio

PUD",2026-03-18,1,2,8905 PEAFOWL ST,78744,2,NA,https://abc.austintexas.gov/web/permit/public-search-other?t_detail=1&t_selected_folderrsn=13671053,8905 PEAFOWL STREET,NA,Austin,Texas,United States,1
901 SHADY LN,ePlan: Residential Expedited Review - TWO UNIT BLDG 1 New construction of a 2-Story Single Family Res. [3bed 2.5bath] with attached carport,2026-03-12,1,2,901 SHADY LN,78702,3,NA,https://abc.austintexas.gov/web/permit/public-search-other?t_detail=1&t_selected_folderrsn=13658343,901 SHADY LANE,NA,Austin,Texas,United States,1
1942 WEBBERVILLE RD BLDG 1,Bldg #1 New 3-story dwelling unit 4 bed/4 bath with attached garage covered porch and balcony,2026-02-27,1,3,1942 WEBBERVILLE RD BLDG 1,78721,1,NA,https://abc.austintexas.gov/web/permit/public-search-other?t_detail=1&t_selected_folderrsn=13529015,1942 WEBBERVILLE ROAD BLDG 1,NA,Austin,Texas,United States,1
600 GAYLOR ST,"600 Gaylor St (Bldg B) New 2-story dwelling unit 2 bed/2.5 bath with attached carport covered porch balcony and terrace

Main plans with 602 Gaylor St",2026-02-23,1,2,600 GAYLOR ST,78752,4,NA,https://abc.austintexas.gov/web/permit/public-search-other?t_detail=1&t_selected_folderrsn=13623677,600 GAYLOR STREET,NA,Austin,Texas,United States,1
1216 ETERNITY TER,ePlan: Residential Expedited Review - New construction of a 2-Story Single Family Res. [5bed 6bath] with Attached Garage,2026-03-19,1,2,1216 ETERNITY TER,78746,8,NA,https://abc.austintexas.gov/web/permit/public-search-other?t_detail=1&t_selected_folderrsn=13672741,1216 ETERNITY TER,NA,Austin,Texas,United States,1
4516 BEACON BAY DR,Garner S401 C Left New - 1 Story SFR w/ 3 bedrooms 2 bathrooms attached 2 car garage covered entry porch and patio required parking: 2.,2026-03-11,1,1,4516 BEACON BAY DR,78747,5,NA,https://abc.austintexas.gov/web/permit/public-search-other?t_detail=1&t_selected_folderrsn=13667283,4516 BEACON BAY DRIVE,NA,Austin,Texas,United States,1
4411 MOUNT VERNON DR UNIT B,ePlan: Residential Expedited Review - New construction of a 3-Story Duplex [3bed 2.5bath] with attached Carport and Autofill Pool. 4411 Mount Vernon Dr Unit B,2026-02-25,1,3,4411 MOUNT VERNON DR UNIT B,78745,5,NA,https://abc.austintexas.gov/web/permit/public-search-other?t_detail=1&t_selected_folderrsn=13644962,4411 MOUNT VERNON DRIVE UNIT B,NA,Austin,Texas,United States,1
8917 PALLAS CAT DR,*Green Building* New 2-story 4 bedroom 3 bathroom single family residence with attached garage covered front porch and rear covered patio.,2026-02-12,1,2,8917 PALLAS CAT DR,78744,2,NA,https://abc.austintexas.gov/web/permit/public-search-other?t_detail=1&t_selected_folderrsn=13653304,8917 PALLAS CAT DRIVE,NA,Austin,Texas,United States,1
3004 GREENLAWN PKWY,ePlan: Residential Expedited Review - New construction of a 2-Story Single Family Res. [5bed 4bath] with Habitable Attic Attached Garage,2026-02-21,1,2,3004 GREENLAWN PKWY,78757,7,NA,https://abc.austintexas.gov/web/permit/public-search-other?t_detail=1&t_selected_folderrsn=13658639,3004 GREENLAWN PKWY,NA,Austin,Texas,United States,1
13312 KINCANE DR,2458BL NEW 2 STORY 4 BEDROOM 3 1/2 BATH SINGLE FAMILY RESIDENTIAL HOME WITH ATTACHED GARAGE COVERED FRONT PORCH AND REAR PATIO,2026-03-11,1,2,13312 KINCANE DR,78617,2,NA,https://abc.austintexas.gov/web/permit/public-search-other?t_detail=1&t_selected_folderrsn=13667203,13312 KINCANE DRIVE,NA,Austin,Texas,United States,1
917 TILLERY ST--BLDG 2,ePlan: Residential Expedited Review - New construction of a 3-Story Single Family Res. [3bed 3.5bath] with Attached Carport. Bldg 2,2026-03-18,1,3,917 TILLERY ST BLDG 2,78702,3,NA,https://abc.austintexas.gov/web/permit/public-search-other?t_detail=1&t_selected_folderrsn=13670892,917 TILLERY STREET BLDG 2,NA,Austin,Texas,United States,1
7051 MEADOW LAKE BLVD UNIT 7102,7102: New construction single family residential 2-story 3 bedroom 2.5 bath with covered front porch and covered rear patio.,2026-03-03,1,2,7051 MEADOW LAKE BLVD UNIT 7102,78744,2,NA,https://abc.austintexas.gov/web/permit/public-search-other?t_detail=1&t_selected_folderrsn=13169040,7051 MEADOW LAKE BOULEVARD UNIT 7102,NA,Austin,Texas,United States,1
1207 PEREZ ST BLDG 1,ePlan: Residential Expedited Review - New construction of a 2-Story Single Family Res. [3bed 2.5bath] with Attached Garage. Bldg 1,2026-03-06,1,2,1207 PEREZ ST BLDG 1,78721,1,NA,https://abc.austintexas.gov/web/permit/public-search-other?t_detail=1&t_selected_folderrsn=13634483,1207 PEREZ STREET BLDG 1,NA,Austin,Texas,United States,1
6413 BRADSHER DR BLDG 2,ePlan: Residential Expedited Review - New construction of a THREE-UNIT RES. Bldg 2 2-Story [3bed 2.5bath] with attached Garage.,2026-03-17,1,2,6413 BRADSHER DR BLDG 2,78745,2,NA,https://abc.austintexas.gov/web/permit/public-search-other?t_detail=1&t_selected_folderrsn=13661365,6413 BRADSHER DRIVE BLDG 2,NA,Austin,Texas,United States,1
2201 CANTERBURY ST UNIT B,UNIT 2 INCLUDES A BATHROOM KITCHENETTE AND BASEMENT.,2026-02-17,1,2,2201 CANTERBURY ST UNIT B,78702,3,NA,https://abc.austintexas.gov/web/permit/public-search-other?t_detail=1&t_selected_folderrsn=13641078,2201 CANTERBURY STREET UNIT B,NA,Austin,Texas,United States,1
13212 KEEFER DR,Highland 3313 A Right New - 1 Story SFR CONDOMINUM w/ 4 bedrooms 2 bathrooms attached 2 car garage covered entry porch and patio FFE: 680.79 Site Plan: SP-2021-0328C Site Plan Exp.: 01/09/27 Max Bld height: 21-10 Actual Bld height: 21-10 required parking: 2.,2026-03-16,1,1,13212 KEEFER DR,78652,5,NA,https://abc.austintexas.gov/web/permit/public-search-other?t_detail=1&t_selected_folderrsn=13669998,13212 KEEFER DRIVE,NA,Austin,Texas,United States,1
904 W ELIZABETH ST,ePlan: Residential Expedited Review - New construction of a 2-Story Single Family Res. [4bed 4bath] with Habitable Attic,2026-02-25,1,3,904 W ELIZABETH ST,78704,9,NA,https://abc.austintexas.gov/web/permit/public-search-other?t_detail=1&t_selected_folderrsn=13660577,904 WEST ELIZABETH STREET,NA,Austin,Texas,United States,1
1306 RAMBLING ROSE RD,"New construction of a 2-story single family dwelling in a condo regime. 3 Bedroom 2.5 Bath with attached 2 car garage

Revision 1: The building footprint and floor plan for this lot have been revised. The updated design is a 3-bedroom 2.5-bath residence with an attached garage and rear covered patio. All submitted plans have been updated to reflect these changes. The revised building footprint remains within the allowable building footprint per the approved Site Plan.",2026-03-12,1,2,1306 RAMBLING ROSE RD,78745,5,NA,https://abc.austintexas.gov/web/permit/public-search-other?t_detail=1&t_selected_folderrsn=13646867,1306 RAMBLING ROSE ROAD,NA,Austin,Texas,United States,1
4520 BRIDAL VEIL DR,Caprock S405 B Left New - 2 Story SFR w/ 5 bedrooms 3 bathrooms attached 2 car garage covered entry porch and patio required parking: 2.,2026-03-10,1,2,4520 BRIDAL VEIL DR,78747,5,NA,https://abc.austintexas.gov/web/permit/public-search-other?t_detail=1&t_selected_folderrsn=13666124,4520 BRIDAL VEIL DRIVE,NA,Austin,Texas,United States,1
4704 LAVA ISLAND DR,Eisenhower S406 C Left New - 2 Story SFR w/ 5 bedrooms 3 bathrooms attached 2 car garage covered entry porch and patio required parking: 2.,2026-03-12,1,2,4704 LAVA ISLAND DR,78747,5,NA,https://abc.austintexas.gov/web/permit/public-search-other?t_detail=1&t_selected_folderrsn=13668438,4704 LAVA ISLAND DRIVE,NA,Austin,Texas,United States,1
9803 RIBELIN RANCH CT BLDG 25,New construction of single building based on Volume Builder Approved (2024-067871 VB 2025-097666 PR) Plan 14-EB-R. This is a 2 Story building with height of 31-7 and 2983.90 square feet.,2026-03-12,1,2,9803 RIBELIN RANCH CT BLDG 25,78750,10,NA,https://abc.austintexas.gov/web/permit/public-search-other?t_detail=1&t_selected_folderrsn=13667168,9803 RIBELIN RANCH CT BLDG 25,NA,Austin,Texas,United States,1
13108 INCLINE DR,Estonian 3316 A Left New - 2 Story SFR CONDOMINUM w/ 4 bedrooms 3 bathrooms attached 2 car garage covered entry porch and patio FFE: 691.88 Site Plan: SP-2021-0328C Site Plan Exp.: 01/09/27 Max Bld height: 30 Actual Bld height: 30-0 required parking: 2.,2026-03-06,1,2,13108 INCLINE DR,78652,5,NA,https://abc.austintexas.gov/web/permit/public-search-other?t_detail=1&t_selected_folderrsn=13664673,13108 INCLINE DRIVE,NA,Austin,Texas,United States,1
7331 MENCHACA RD UNIT 1B,Building 1A New construction of 3 residential units utilizing the affordability unlocked bonus program. Two units are 3-storey-3B2.5B each and one unit is 2-storey-2B1.5B,2026-03-19,1,3,7331 MENCHACA RD UNIT 1B,78745,5,NA,https://abc.austintexas.gov/web/permit/public-search-other?t_detail=1&t_selected_folderrsn=13529732,7331 MENCHACA ROAD UNIT 1B,NA,Austin,Texas,United States,1
1940 WEBBERVILLE RD BLDG 2,Bldg #2 New 2-story dwelling unit 3 bed/3 bath attached garage covered porch and balcony,2026-02-27,1,2,1940 WEBBERVILLE RD BLDG 2,78721,1,NA,https://abc.austintexas.gov/web/permit/public-search-other?t_detail=1&t_selected_folderrsn=13521237,1940 WEBBERVILLE ROAD BLDG 2,NA,Austin,Texas,United States,1
5001 PECAN SPRINGS RD BLDG 21,New construction of 3 story SFR condo 3 bed 3.5 bath with attached garage,2026-02-17,1,3,5001 PECAN SPRINGS RD BLDG 21,78723,1,NA,https://abc.austintexas.gov/web/permit/public-search-other?t_detail=1&t_selected_folderrsn=13650143,5001 PECAN SPRINGS ROAD BLDG 21,NA,Austin,Texas,United States,1
8206 PEERLESS PASS,*Green Building* New 2-story 4 bedroom 3.5 bathroom single family residence with attached garage covered front porch and rear covered patio.,2026-03-06,1,2,8206 PEERLESS PASS,78744,2,NA,https://abc.austintexas.gov/web/permit/public-search-other?t_detail=1&t_selected_folderrsn=13663156,8206 PEERLESS PASS,NA,Austin,Texas,United States,1
1117 GUNTER ST BLDG 2,"ePlan: Residential Expedited Review - New construction of a TWO-UNIT RES.
Bldg 2 2-Story SF Res [4bed 3bath] with attached Garage",2026-03-09,1,2,1117 GUNTER ST BLDG 2,78702,3,NA,https://abc.austintexas.gov/web/permit/public-search-other?t_detail=1&t_selected_folderrsn=13659707,1117 GUNTER STREET BLDG 2,NA,Austin,Texas,United States,1
1410 RAMBLING ROSE RD,New constuction of a 2-story single family dwelling in a condo regime. 3 BEDROOM 2.5 BATH 2 ATTACHED 2 CAR GARAGE,2026-02-11,1,2,1410 RAMBLING ROSE RD,78745,5,NA,https://abc.austintexas.gov/web/permit/public-search-other?t_detail=1&t_selected_folderrsn=13653095,1410 RAMBLING ROSE ROAD,NA,Austin,Texas,United States,1
4513 BEACON BAY DR,Eisenhower S406 C Right New -  2 Story SFR w/ 5 bedrooms 3 bathrooms attached 2 car garage covered entry porch and patio required parking: 2.,2026-02-13,1,2,4513 BEACON BAY DR,78747,5,NA,https://abc.austintexas.gov/web/permit/public-search-other?t_detail=1&t_selected_folderrsn=13654427,4513 BEACON BAY DRIVE,NA,Austin,Texas,United States,1
12516 SAINT THOMAS DR,Callaghan 830-N-L Is a New one-story single-family residence with (4) bedrooms (2) bathrooms an attached two-car garage and a covered entry porch and patio.,2026-02-24,1,1,12516 SAINT THOMAS DR,78617,2,NA,https://abc.austintexas.gov/web/permit/public-search-other?t_detail=1&t_selected_folderrsn=13655083,12516 SAINT THOMAS DRIVE,NA,Austin,Texas,United States,1
4202 ENDURANCE WAY,*S.M.A.R.T. HOUSING* *GREEN BUILDING*  ePlan: Residential Expedited Review - New construction of a 3-Story Townhome [3bed 3.5bath] with Attached Garage. 4202 ENDURANCE WAY,2026-03-16,1,3,4202 ENDURANCE WAY,78731,10,NA,https://abc.austintexas.gov/web/permit/public-search-other?t_detail=1&t_selected_folderrsn=13667215,4202 ENDURANCE WAY,NA,Austin,Texas,United States,1
7307 HARTNELL DR BLDG 2,Retroactively permit existing second unit on single-family lot. Removal of dangerously diseased Hackberry per Preliminary Tree Review.,2026-02-19,1,1,7307 HARTNELL DR BLDG 2,78723,1,NA,https://abc.austintexas.gov/web/permit/public-search-other?t_detail=1&t_selected_folderrsn=13651422,7307 HARTNELL DRIVE BLDG 2,NA,Austin,Texas,United States,1
1059 BRICKELL LOOP UNIT A,"New construction of 2 story duplex (attached condo) each with 3 beds 2.5 baths and attached 2 car garage

PUD",2026-02-13,1,2,1059 BRICKELL LOOP UNIT A,78744,2,NA,https://abc.austintexas.gov/web/permit/public-search-other?t_detail=1&t_selected_folderrsn=13650657,1059 BRICKELL LOOP UNIT A,NA,Austin,Texas,United States,1
5002 EMERALD FOREST CIR,"Building 4
Residential Construction of a 2 Unit Residential dwelling as part of a 4 unit complex connected by a Single Driveway and Joint Use Access Easement. This PR is for Unit 2 and 4 located on 5002 Emerald Forest and 2025-143292 PR will contain Unit 1+3 located on 5002 Emerald Forest",2026-03-13,1,2,5002 EMERALD FOREST CIR,78745,3,NA,https://abc.austintexas.gov/web/permit/public-search-other?t_detail=1&t_selected_folderrsn=13668654,5002 EMERALD FOREST CIR,NA,Austin,Texas,United States,1
9803 RIBELIN RANCH CT BLDG 16,New construction of single building based on Volume Builder Approved (2024-067871 VB 2025-097666 PR) Plan 15-EA-L. This is a 2 Story building with height of 31-7 and 2983.90 square feet.,2026-03-16,1,2,9803 RIBELIN RANCH CT BLDG 16,78750,10,NA,https://abc.austintexas.gov/web/permit/public-search-other?t_detail=1&t_selected_folderrsn=13668234,9803 RIBELIN RANCH CT BLDG 16,NA,Austin,Texas,United States,1
7304 STITZEL WELLER DR,New 2-story single family residence 4 bed/2.5 bathroom with attached garage covered front porch and patio green building,2026-03-03,1,2,7304 STITZEL WELLER DR,78744,2,NA,https://abc.austintexas.gov/web/permit/public-search-other?t_detail=1&t_selected_folderrsn=13662556,7304 STITZEL WELLER DRIVE,NA,Austin,Texas,United States,1
8204 ELIJAH CRAIG WAY,New two-story SFR with 3.5 bath 4 bedrooms attached garage covered patio and covered porch,2026-02-27,1,2,8204 ELIJAH CRAIG WAY,78744,NA,NA,https://abc.austintexas.gov/web/permit/public-search-other?t_detail=1&t_selected_folderrsn=13661154,8204 ELIJAH CRAIG WAY,NA,Austin,Texas,United States,1
8701 COLLINGWOOD DR - BLDG 2,Bldg 2 New detached one story second unit,2026-02-18,1,1,8701 COLLINGWOOD DR BLDG 2,78748,5,NA,https://abc.austintexas.gov/web/permit/public-search-other?t_detail=1&t_selected_folderrsn=13637412,8701 COLLINGWOOD DRIVE BLDG 2,NA,Austin,Texas,United States,1
1936 WEBBERVILLE RD,New construction 2-nit use single family residenital 3-story 4 bedroom 3.5 bath with office attached 1-car garage covered front porch covered rear patio and 2nd story balcony.,2026-02-27,1,3,1936 WEBBERVILLE RD,78721,1,NA,https://abc.austintexas.gov/web/permit/public-search-other?t_detail=1&t_selected_folderrsn=13596049,1936 WEBBERVILLE ROAD,NA,Austin,Texas,United States,1
2514 WOOLDRIDGE DR,New construction of a single family residence with basement two stories above pool and outdoor living area.,2026-03-05,1,2,2514 WOOLDRIDGE DR,78703,10,NA,https://abc.austintexas.gov/web/permit/public-search-other?t_detail=1&t_selected_folderrsn=13664060,2514 WOOLDRIDGE DRIVE,NA,Austin,Texas,United States,1
4717 LAVA ISLAND DR,Falcon S404 C Left New - 2 Story SFR w/ 4 bedrooms 2.5 bathrooms attached 2 car garage covered entry porch and patio required parking: 2.,2026-02-13,1,2,4717 LAVA ISLAND DR,78747,5,NA,https://abc.austintexas.gov/web/permit/public-search-other?t_detail=1&t_selected_folderrsn=13654524,4717 LAVA ISLAND DRIVE,NA,Austin,Texas,United States,1
8812 BREEZE HILL DR,*Green Building* New 2-story 3 bedroom 2.5 bathroom single family residence with attached garage covered front porch and rear covered patio.,2026-03-16,1,2,8812 BREEZE HILL DR,78744,2,NA,https://abc.austintexas.gov/web/permit/public-search-other?t_detail=1&t_selected_folderrsn=13669460,8812 BREEZE HILL DRIVE,NA,Austin,Texas,United States,1
602 GAYLOR ST,602 Gaylor St (Bldg A) New 2-story dwelling unit 3 bed /3.5 bath with attached garage covered porch balcony and terrace,2026-02-23,1,2,602 GAYLOR ST,78752,4,NA,https://abc.austintexas.gov/web/permit/public-search-other?t_detail=1&t_selected_folderrsn=13623676,602 GAYLOR STREET,NA,Austin,Texas,United States,1
7331 MENCHACA RD UNIT 1C,Building 1C New 2 Story SFR with attached garage 2/1.5,2026-03-19,1,2,7331 MENCHACA RD UNIT 1C,78745,5,NA,https://abc.austintexas.gov/web/permit/public-search-other?t_detail=1&t_selected_folderrsn=13529734,7331 MENCHACA ROAD UNIT 1C,NA,Austin,Texas,United States,1
8310 ELIJAH CRAIG WAY,"New construction of single family dwelling with 4 bedrooms and 3.5 baths 2 car garage rear patio and front porch

PUD",2026-02-26,1,2,8310 ELIJAH CRAIG WAY,78744,2,NA,https://abc.austintexas.gov/web/permit/public-search-other?t_detail=1&t_selected_folderrsn=13661029,8310 ELIJAH CRAIG WAY,NA,Austin,Texas,United States,1
5912 HAROLD CT UNIT 107,New 3-story townhouse condominium residential building with three units. Unit 107 with (3) bedrooms (3.5) bathrooms attached garage loft and covered patios.,2026-02-17,1,3,5912 HAROLD CT UNIT 107,78721,1,NA,https://abc.austintexas.gov/web/permit/public-search-other?t_detail=1&t_selected_folderrsn=12629624,5912 HAROLD CT UNIT 107,NA,Austin,Texas,United States,1
6210 GUADALUPE ST BLDG 2,6210 Guadalupe Dr Building 2 (rear building).  New detached 3-story residence 3.5 bath  3 bedroom covered porch & balcony 1 car garage.   Part of 3-unit use  with two existing dwelling units.,2026-03-16,1,2,6210 GUADALUPE ST BLDG 2,78752,4,NA,https://abc.austintexas.gov/web/permit/public-search-other?t_detail=1&t_selected_folderrsn=13648801,6210 GUADALUPE STREET BLDG 2,NA,Austin,Texas,United States,1
1109 ETERNITY TER,ePlan: Residential Expedited Review - New construction of a 2-Story Single Family Res. [6bed 6.5bath] with Attached Garage,2026-03-14,1,2,1109 ETERNITY TER,78746,8,NA,https://abc.austintexas.gov/web/permit/public-search-other?t_detail=1&t_selected_folderrsn=13669999,1109 ETERNITY TER,NA,Austin,Texas,United States,1
2902 W 44TH ST BLDG 2,NEW CONSTRUCTION OF 3-UNIT SIPS PANEL FRAMED THREE STORY 4 Bed 4.5 bath,2026-03-17,1,3,2902 W 44TH ST BLDG 2,78731,10,NA,https://abc.austintexas.gov/web/permit/public-search-other?t_detail=1&t_selected_folderrsn=13665701,2902 WEST 44TH STREET BLDG 2,NA,Austin,Texas,United States,1
1121 ETERNITY TER,ePlan: Residential Expedited Review - New construction of a 2-Story Single Family Res. [5bed 5.5bath] with Attached Garage.,2026-03-19,1,2,1121 ETERNITY TER,78746,8,NA,https://abc.austintexas.gov/web/permit/public-search-other?t_detail=1&t_selected_folderrsn=13671788,1121 ETERNITY TER,NA,Austin,Texas,United States,1
7000 WOODFORD WAY,"New construction single-family residential 2-story 4 bedroom 3.5 bath with attached 2-car garage covered front porch and covered rear patio. 

PUD",2026-02-17,1,2,7000 WOODFORD WAY,78744,2,NA,https://abc.austintexas.gov/web/permit/public-search-other?t_detail=1&t_selected_folderrsn=13655054,7000 WOODFORD WAY,NA,Austin,Texas,United States,1
8800 GOLDEN LION DR,"New construction of 1 story SFR with 4 beds 3 baths attached 2 car garage covered entry porch and patio

PUD",2026-03-11,1,1,8800 GOLDEN LION DR,78744,2,NA,https://abc.austintexas.gov/web/permit/public-search-other?t_detail=1&t_selected_folderrsn=13667697,8800 GOLDEN LION DRIVE,NA,Austin,Texas,United States,1
1002 BRENTWOOD ST BLDG 3,Bldg 3: New construction 3-unit use single-family residential 3-story 3 bedroom 3.5 bath with attached 1-car carport covered front proch 2nd floor rear uncovered wood balcony with exterior stairs and 3rd floor covered balcony.,2026-02-11,1,3,1002 BRENTWOOD ST BLDG 3,78757,7,NA,https://abc.austintexas.gov/web/permit/public-search-other?t_detail=1&t_selected_folderrsn=13650527,1002 BRENTWOOD STREET BLDG 3,NA,Austin,Texas,United States,1
9108 BOATHOUSE DR,New 2-story SFR with 5 bedrooms 4 bathrooms attached 2-car garage covered entry porch and patio,2026-03-05,1,2,9108 BOATHOUSE DR,78744,2,NA,https://abc.austintexas.gov/web/permit/public-search-other?t_detail=1&t_selected_folderrsn=13664389,9108 BOATHOUSE DRIVE,NA,Austin,Texas,United States,1
1932 WEBBERVILLE RD BLDG 2,Bldg #2 New 2-story dwelling unit 3 bed/3 bath covered porches and balcony,2026-02-27,1,2,1932 WEBBERVILLE RD BLDG 2,78721,1,NA,https://abc.austintexas.gov/web/permit/public-search-other?t_detail=1&t_selected_folderrsn=13585788,1932 WEBBERVILLE ROAD BLDG 2,NA,Austin,Texas,United States,1
4207 WOODWAY DR,ePlan: Residential Expedited Review - New construction of a 1-Story Single Family Res. [4 bed 3bath] with Attached Garage covered porch/patio.,2026-03-03,1,2,4207 WOODWAY DR,78731,10,NA,https://abc.austintexas.gov/web/permit/public-search-other?t_detail=1&t_selected_folderrsn=13654102,4207 WOODWAY DRIVE,NA,Austin,Texas,United States,1
2801 HORSESHOE BEND CV,ePlan: Residential Expedited Review - New construction of a 2-Story Single Family Res. [5bed 5.5bath] with Attached Garage,2026-02-26,1,2,2801 HORSESHOE BEND CV,78704,5,NA,https://abc.austintexas.gov/web/permit/public-search-other?t_detail=1&t_selected_folderrsn=13661678,2801 HORSESHOE BEND CV,NA,Austin,Texas,United States,1
4413 GILLIS ST BLDG 3,ePlan: Residential Expedited Review - New construction of a 3-Story Single Family Res. [4bed 4bath] with Attached Carport and Autofill Pool. Bldg 3,2026-02-25,1,3,4413 GILLIS ST BLDG 3,78745,5,NA,https://abc.austintexas.gov/web/permit/public-search-other?t_detail=1&t_selected_folderrsn=13658450,4413 GILLIS STREET BLDG 3,NA,Austin,Texas,United States,1
13204 KEEFER DR,Brahman 3318 B Right New - 2 Story SFR CONDOMINUM w/ 4 bedrooms 2.5 bathrooms attached 2 car garage covered entry porch and patio FFE: 681.82 Plan: SP-2021-0328C Site Plan Exp.: 01/09/27 Max Bld height: 28-10 Actual Bld height: 28-10 required parking: 2.,2026-03-16,1,2,13204 KEEFER DR,78652,5,NA,https://abc.austintexas.gov/web/permit/public-search-other?t_detail=1&t_selected_folderrsn=13669963,13204 KEEFER DRIVE,NA,Austin,Texas,United States,1
9317 DINGO DR,New 2-story single family residence  4 bedroom/3.5 bathrooms with attached garage covered porch and patio,2026-02-19,1,2,9317 DINGO DR,78744,2,NA,https://abc.austintexas.gov/web/permit/public-search-other?t_detail=1&t_selected_folderrsn=13656768,9317 DINGO DRIVE,NA,Austin,Texas,United States,1
1907 ALEGRIA RD,ePlan: Residential Expedited Review - New construction of a 2-Story Single Family Res. [4bed 3.5bath] with Attached Carport,2026-03-03,1,2,1907 ALEGRIA RD,78757,7,NA,https://abc.austintexas.gov/web/permit/public-search-other?t_detail=1&t_selected_folderrsn=13649831,1907 ALEGRIA ROAD,NA,Austin,Texas,United States,1
1008 BRICKELL LOOP UNIT B,New construction of 2 story duplex (attached condo) each with 3 beds 2.5 baths and attached 2 car garage - UNIT B,2026-03-06,1,2,1008 BRICKELL LOOP UNIT B,78744,2,NA,https://abc.austintexas.gov/web/permit/public-search-other?t_detail=1&t_selected_folderrsn=13652098,1008 BRICKELL LOOP UNIT B,NA,Austin,Texas,United States,1
5609 FORKS RD,New 2-story single family residence/condo 3 bedroom 2.5 bathroom attached garage and porch green building smart housing,2026-02-25,1,2,5609 FORKS RD,78747,2,NA,https://abc.austintexas.gov/web/permit/public-search-other?t_detail=1&t_selected_folderrsn=13654941,5609 FORKS ROAD,NA,Austin,Texas,United States,1
2708 BRISTOL DR,PB: New construction of 2 story SFR 3 bed 2.5 bath with attched garage,2026-03-12,1,2,2708 BRISTOL DR,78723,4,NA,https://abc.austintexas.gov/web/permit/public-search-other?t_detail=1&t_selected_folderrsn=13668825,2708 BRISTOL DRIVE,NA,Austin,Texas,United States,1
1117 GUNTER ST BLDG 1,ePlan: Residential Expedited Review - New construction of a TWO-UNIT RES. Bldg 1 2-Story SF Res [3bed 2.5bath] with attached Garage.,2026-03-09,1,2,1117 GUNTER ST BLDG 1,78702,3,NA,https://abc.austintexas.gov/web/permit/public-search-other?t_detail=1&t_selected_folderrsn=13659706,1117 GUNTER STREET BLDG 1,NA,Austin,Texas,United States,1
13324 KINCANE DR,1360BR NEW 3 BEDROOM 2 BATH RESIDENTIAL HOME WITH ATTACHED GARAGE COVERED FRONT PORCH AND REAR PATIO,2026-03-09,1,1,13324 KINCANE DR,78617,2,NA,https://abc.austintexas.gov/web/permit/public-search-other?t_detail=1&t_selected_folderrsn=13666452,13324 KINCANE DRIVE,NA,Austin,Texas,United States,1
5912 HAROLD CT UNIT 405,New 3-story townhome condominium residential building with six units. Unit 405 with (3) bedrooms (3.5) bathrooms attached garage loft and covered patios.,2026-02-17,1,3,5912 HAROLD CT UNIT 405,78721,1,NA,https://abc.austintexas.gov/web/permit/public-search-other?t_detail=1&t_selected_folderrsn=12619855,5912 HAROLD CT UNIT 405,NA,Austin,Texas,United States,1
8821 GOLDEN LION DR,*Green Building* New construction single-family residential 1-story 3 bedroom 2.5 bath with attached 2-car garage covered front porch and covered rear patio.,2026-02-11,1,1,8821 GOLDEN LION DR,78744,2,NA,https://abc.austintexas.gov/web/permit/public-search-other?t_detail=1&t_selected_folderrsn=13652622,8821 GOLDEN LION DRIVE,NA,Austin,Texas,United States,1
1304 SWEET BARK ST,New construction two-unit use duplex 2-story 3 bedroom 2.5 bath with attached 2-car garage covered rear patio and covered side entry.,2026-02-19,1,2,1304 SWEET BARK ST,78745,5,NA,https://abc.austintexas.gov/web/permit/public-search-other?t_detail=1&t_selected_folderrsn=13656646,1304 SWEET BARK STREET,NA,Austin,Texas,United States,1
5215 MONARDA MINT DR,Coolidge 1027-V-L New 2-Story Single Family Residence with (5) bedrooms (3) bathrooms Attached Garage Covered Porch Cafe & Loft,2026-02-19,1,2,5215 MONARDA MINT DR,78653,1,NA,https://abc.austintexas.gov/web/permit/public-search-other?t_detail=1&t_selected_folderrsn=13656905,5215 MONARDA MINT DRIVE,NA,Austin,Texas,United States,1
603 CANION ST,"603 Canion St (Bldg C) New 2-story dwelling unit 2 bed/2.5 bath with attached carport covered porch balcony and terrace  

Main plans with 602 Gaylor St address",2026-02-23,1,2,603 CANION ST,78752,4,NA,https://abc.austintexas.gov/web/permit/public-search-other?t_detail=1&t_selected_folderrsn=13623678,603 CANION STREET,NA,Austin,Texas,United States,1
7306 STITZEL WELLER DR,PUD New SFR. Two-story 4 bath 3.5 bath with attached 2-car garage covered front porch and covered rear porch.,2026-03-16,1,2,7306 STITZEL WELLER DR,78744,2,NA,https://abc.austintexas.gov/web/permit/public-search-other?t_detail=1&t_selected_folderrsn=13669807,7306 STITZEL WELLER DRIVE,NA,Austin,Texas,United States,1
4605 AVENUE F,ePlan: Residential Expedited Review - New construction of a 2-Story Single Family Res. [5bed 4bath] with Attached Carport.,2026-03-02,1,2,4605 AVENUE F,78751,9,NA,https://abc.austintexas.gov/web/permit/public-search-other?t_detail=1&t_selected_folderrsn=13662009,4605 AVENUE F,NA,Austin,Texas,United States,1
6413 BRADSHER DR BLDG 1,ePlan: Residential Expedited Review - New construction of a THREE-UNIT RES. Bldg 1 2-Story [3bed 2.5bath] with attached Garage,2026-03-17,1,2,6413 BRADSHER DR BLDG 1,78745,2,NA,https://abc.austintexas.gov/web/permit/public-search-other?t_detail=1&t_selected_folderrsn=13661364,6413 BRADSHER DRIVE BLDG 1,NA,Austin,Texas,United States,1
9803 RIBELIN RANCH CT BLDG 29,New construction of single building based on Volume Builder Approved (2024-067871 VB 2025-097666 PR) Plan 14-EB-R. This is a 2 Story building with height of 31-7 and 2983.90 square feet.,2026-03-12,1,2,9803 RIBELIN RANCH CT BLDG 29,78750,10,NA,https://abc.austintexas.gov/web/permit/public-search-other?t_detail=1&t_selected_folderrsn=13667179,9803 RIBELIN RANCH CT BLDG 29,NA,Austin,Texas,United States,1
11910 SAGRADA ST,1360BL NEW 3 BEDROOM 2 BATH SINGLE FAMILY RESIDENTIAL HOME WITH ATTACHED GARAGE COVERED FRONT PORCH AND REAR PATIO,2026-03-17,1,1,11910 SAGRADA ST,78748,5,NA,https://abc.austintexas.gov/web/permit/public-search-other?t_detail=1&t_selected_folderrsn=13670713,11910 SAGRADA STREET,NA,Austin,Texas,United States,1
1306 SWEET BARK ST,New construction two-unit use duplex 2-story 3 bedroom 2.5 bath with attached 2-car garage covered rear patio and covered side entry.,2026-02-19,1,2,1306 SWEET BARK ST,78745,5,NA,https://abc.austintexas.gov/web/permit/public-search-other?t_detail=1&t_selected_folderrsn=13656647,1306 SWEET BARK STREET,NA,Austin,Texas,United States,1
5607 TURA LN BLDG 1,ePlan: Residential Expedited Review - New TWO UNIT RES. Bldg 1 New construction of a 2-Story SF Res [3bed 2.5bath] with Attached Carport,2026-02-17,1,2,5607 TURA LN BLDG 1,78721,3,NA,https://abc.austintexas.gov/web/permit/public-search-other?t_detail=1&t_selected_folderrsn=13654620,5607 TURA LANE BLDG 1,NA,Austin,Texas,United States,1
1909 PAYNE AVE,ePlan: Residential Expedited Review - New construction of a 2-Story Single Family Res. [5bed 3.5bath] with Habitable Attic Attached Carport,2026-03-03,1,2,1909 PAYNE AVE,78757,7,NA,https://abc.austintexas.gov/web/permit/public-search-other?t_detail=1&t_selected_folderrsn=13661826,1909 PAYNE AVE,NA,Austin,Texas,United States,1
9208 CALVERT WAY,PB: New construction of 2 story SFR 4 bed 3.5 bath with attached garage front covered porch and rear covered patio,2026-02-12,1,2,9208 CALVERT WAY,78744,2,NA,https://abc.austintexas.gov/web/permit/public-search-other?t_detail=1&t_selected_folderrsn=13653318,9208 CALVERT WAY,NA,Austin,Texas,United States,1
8816 BREEZE HILL DR,*Green Building* New 2-story 3 bedroom 2.5 bathroom single family residence with attached garage covered front porch and side covered patio.,2026-03-12,1,2,8816 BREEZE HILL DR,78744,2,NA,https://abc.austintexas.gov/web/permit/public-search-other?t_detail=1&t_selected_folderrsn=13668621,8816 BREEZE HILL DRIVE,NA,Austin,Texas,United States,1
4907 MAJESTIC DR BLDG 2,"Bldg. 2: New 2 story SFR with attached garage covered front porch and covered patio.
3 bedroom 2.5 bath",2026-02-19,1,2,4907 MAJESTIC DR BLDG 2,78745,5,NA,https://abc.austintexas.gov/web/permit/public-search-other?t_detail=1&t_selected_folderrsn=13653051,4907 MAJESTIC DRIVE BLDG 2,NA,Austin,Texas,United States,1
1932 WEBBERVILLE RD BLDG 1,Bldg #1 New 2-story dwelling unit with habitable attic 4 bed/3.5 bath attached garage covered porch uncovered porch and balcony,2026-02-27,1,3,1932 WEBBERVILLE RD BLDG 1,78721,1,NA,https://abc.austintexas.gov/web/permit/public-search-other?t_detail=1&t_selected_folderrsn=13585787,1932 WEBBERVILLE ROAD BLDG 1,NA,Austin,Texas,United States,1
4413 GILLIS ST BLDG 1,ePlan: Residential Expedited Review - New construction of a 2-Story Single Family Res. [3bed 2.5bath] with Attached Carport and Autofill Pool. Bldg 1,2026-02-25,1,2,4413 GILLIS ST BLDG 1,78745,5,NA,https://abc.austintexas.gov/web/permit/public-search-other?t_detail=1&t_selected_folderrsn=13658448,4413 GILLIS STREET BLDG 1,NA,Austin,Texas,United States,1
13213 KEEFER DR,Estonian 3316 C Left New - 2 Story SFR CONDOMINUM w/ 3 bedrooms 2.5 bathrooms attached 2 car garage covered entry porch and patio FFE: 680.46 Site Plan: SP-2021-0328C Site Plan Exp.: 01/09/27 Max Bld height: 26-11 Actual Bld height: 26-11 required parking: 2.,2026-03-06,1,2,13213 KEEFER DR,78652,5,NA,https://abc.austintexas.gov/web/permit/public-search-other?t_detail=1&t_selected_folderrsn=13665484,13213 KEEFER DRIVE,NA,Austin,Texas,United States,1
4504 LAVA ISLAND DR,Caprock S405 C Left New - 2 Story SFR w/ 5 bedrooms 3 bathrooms attached 2 car garage covered entry porch and patio required parking: 2.,2026-03-16,1,2,4504 LAVA ISLAND DR,78747,5,NA,https://abc.austintexas.gov/web/permit/public-search-other?t_detail=1&t_selected_folderrsn=13669955,4504 LAVA ISLAND DRIVE,NA,Austin,Texas,United States,1
5002 EMERALD FOREST CIR,"Building 2 
Residential Construction of a 2 Unit Residential dwelling as part of a 4 unit complex connected by a Single Driveway and Joint Use Access Easement. This PR is for Unit 2 and 4 located on 5002 Emerald Forest and 2025-143292 PR will contain Unit 1+3 located on 5002 Emerald Forest",2026-03-13,1,2,5002 EMERALD FOREST CIR,78745,3,NA,https://abc.austintexas.gov/web/permit/public-search-other?t_detail=1&t_selected_folderrsn=13668653,5002 EMERALD FOREST CIR,NA,Austin,Texas,United States,1
2312 E 8TH ST--BLDG 2,Bldg 2 New 2-story single family residence 3 bed/2.5 bath with attached carport covered porch and alley driveway,2026-03-13,1,2,2312 E 8TH ST,78702,1,NA,https://abc.austintexas.gov/web/permit/public-search-other?t_detail=1&t_selected_folderrsn=13669418,2312 EAST 8TH STREET,NA,Austin,Texas,United States,1
8900 BINNEWATER WAY,New 2-story single family residence 5 bed/5.5 baths with attached garage covered porch and patio Green Building,2026-03-10,1,2,8900 BINNEWATER WAY,78744,2,NA,https://abc.austintexas.gov/web/permit/public-search-other?t_detail=1&t_selected_folderrsn=13667434,8900 BINNEWATER WAY,NA,Austin,Texas,United States,1
4304 AVENUE C,New 2-story single family residence 4 bed/3.5 bath with attached carport and covered porches All existing asphalt paving to be removed.,2026-02-23,1,2,4304 AVENUE C,78751,9,NA,https://abc.austintexas.gov/web/permit/public-search-other?t_detail=1&t_selected_folderrsn=13639751,4304 AVENUE C,NA,Austin,Texas,United States,1
13215 KEEFER DR,Dexter 3317 B Left New - 2 Story SFR CONDOMINUM w/ 3 bedrooms 2.5 bathrooms attached 2 car garage covered entry porch and patio FFE: 680.08 Site Plan: SP-2021-0328C Site Plan Exp.: 01/09/27 Max Bld height: 27-6 Actual Bld height: 27-6 required parking: 2.,2026-03-10,1,2,13215 KEEFER DR,78652,5,NA,https://abc.austintexas.gov/web/permit/public-search-other?t_detail=1&t_selected_folderrsn=13665772,13215 KEEFER DRIVE,NA,Austin,Texas,United States,1
2312 E 8TH ST--BLDG 1,Bldg 1 New 2-story single family residence 4 bed/ 2.5 bath with attached carport covered porch covered patio and driveway,2026-03-13,1,2,2312 E 8TH ST,78702,1,NA,https://abc.austintexas.gov/web/permit/public-search-other?t_detail=1&t_selected_folderrsn=13669417,2312 EAST 8TH STREET,NA,Austin,Texas,United States,1
1220 ETERNITY TER,ePlan: Residential Expedited Review - New construction of a 2-Story Single Family Res. [5bed 5bath] with Attached Garage,2026-03-09,1,2,1220 ETERNITY TER,78746,8,NA,https://abc.austintexas.gov/web/permit/public-search-other?t_detail=1&t_selected_folderrsn=13666804,1220 ETERNITY TER,NA,Austin,Texas,United States,1
5912 HAROLD CT UNIT 106,New 3-story townhouse condominium residential building with three units. Unit 106 with (2) bedrooms (2.5) bathrooms attached garage and covered patios.,2026-02-17,1,3,5912 HAROLD CT UNIT 106,78721,1,NA,https://abc.austintexas.gov/web/permit/public-search-other?t_detail=1&t_selected_folderrsn=12629623,5912 HAROLD CT UNIT 106,NA,Austin,Texas,United States,1
9112 BOATHOUSE DR,New 2-story single family residence 4 bed/3 bath with attached garaged covered front porch and rear patio green building,2026-02-26,1,2,9112 BOATHOUSE DR,78744,2,NA,https://abc.austintexas.gov/web/permit/public-search-other?t_detail=1&t_selected_folderrsn=13659694,9112 BOATHOUSE DRIVE,NA,Austin,Texas,United States,1
1928 WEBBERVILLE RD BLDG 2,BLDG #2 New 2 story dwelling unit 2 bed/3 bath with attached garage covered front porch covered patio and balcony,2026-02-27,1,2,1928 WEBBERVILLE RD BLDG 2,78721,1,NA,https://abc.austintexas.gov/web/permit/public-search-other?t_detail=1&t_selected_folderrsn=13598483,1928 WEBBERVILLE ROAD BLDG 2,NA,Austin,Texas,United States,1
9409 GLADSOME PATH,New construction single-family residential 2-story 4 bedroom 3 bath with attached 2-car garage covered front porch and covered rear patio.,2026-02-13,1,2,9409 GLADSOME PATH,78653,1,NA,https://abc.austintexas.gov/web/permit/public-search-other?t_detail=1&t_selected_folderrsn=13654649,9409 GLADSOME PATH,NA,Austin,Texas,United States,1
509 ALLEN ST BLDG 2,ePlan: Residential Expedited Review - New TWO UNIT RES Bldg 2  New construction of a 2-Story SF Res [3bed 2.5bath] with attached Carport,2026-03-17,1,2,509 ALLEN ST BLDG 2,78702,3,NA,https://abc.austintexas.gov/web/permit/public-search-other?t_detail=1&t_selected_folderrsn=13665486,509 ALLEN STREET BLDG 2,NA,Austin,Texas,United States,1
3414 SPANISH OAK DR,New 2--story residence with attached 2-car garage covered patio 6  bedroom 4.5 bathroom (pool is existing & to remain).,2026-03-09,1,2,3414 SPANISH OAK DR,78731,10,NA,https://abc.austintexas.gov/web/permit/public-search-other?t_detail=1&t_selected_folderrsn=13651165,3414 SPANISH OAK DRIVE,NA,Austin,Texas,United States,1
7006 CIRCLE S RD,New construction of SFR mobile home.  The carports shown on the plans were removed from the scope of work at the applicants request.  Addition of the carports will require a revision or a new separate permit application.,2026-03-05,1,1,7006 CIRCLE S RD,78745,2,NA,https://abc.austintexas.gov/web/permit/public-search-other?t_detail=1&t_selected_folderrsn=13635629,7006 CIRCLE SOUTH ROAD,NA,Austin,Texas,United States,1
4200 ENDURANCE WAY,*S.M.A.R.T. HOUSING* *GREEN BUILDING* ePlan: Residential Expedited Review - New construction of a 3-Story Townhome [3bed 3.5bath] with Attached Garage. 4200 ENDURANCE WAY,2026-03-16,1,3,4200 ENDURANCE WAY,78731,10,NA,https://abc.austintexas.gov/web/permit/public-search-other?t_detail=1&t_selected_folderrsn=13667214,4200 ENDURANCE WAY,NA,Austin,Texas,United States,1
7302 STITZEL WELLER DR,PUD New SFR 1- Story 3bedroom 2 baths with attached 2-car garage covered front porch and covered rear patio,2026-03-06,1,1,7302 STITZEL WELLER DR,78744,2,NA,https://abc.austintexas.gov/web/permit/public-search-other?t_detail=1&t_selected_folderrsn=13664778,7302 STITZEL WELLER DRIVE,NA,Austin,Texas,United States,1
4713 LAVA ISLAND DR,Abilene S402 B Right New - 1 Story SFR w/ 3 bedrooms 2 bathrooms attached 2 car garage covered entry porch and patio required parking: 2.,2026-03-12,1,1,4713 LAVA ISLAND DR,78747,5,NA,https://abc.austintexas.gov/web/permit/public-search-other?t_detail=1&t_selected_folderrsn=13668271,4713 LAVA ISLAND DRIVE,NA,Austin,Texas,United States,1
9313 CORVALLIS DR,Eastland S352 C Right New - 1 Story SFR w/ 4 bedrooms 2 bathrooms attached 2 car garage covered entry porch and patio required parking: 2.,2026-02-13,1,1,9313 CORVALLIS DR,78747,2,NA,https://abc.austintexas.gov/web/permit/public-search-other?t_detail=1&t_selected_folderrsn=13651339,9313 CORVALLIS DRIVE,NA,Austin,Texas,United States,1
4518 MERLE DR,ePlan: Residential Expedited Review - New construction of a 1-Story Single Family Res. [4bed 3.5bath] with Attached Garage and Autofill Pool.,2026-02-12,1,1,4518 MERLE DR,78745,5,NA,https://abc.austintexas.gov/web/permit/public-search-other?t_detail=1&t_selected_folderrsn=13653721,4518 MERLE DRIVE,NA,Austin,Texas,United States,1
509 ALLEN ST BLDG 1,ePlan: Residential Expedited Review - New TWO UNIT RES. Bldg 1 New construction of a 2-Story Single Family Res. [3bed 2.5bath] with Attached Carport,2026-03-17,1,2,509 ALLEN ST BLDG 1,78702,3,NA,https://abc.austintexas.gov/web/permit/public-search-other?t_detail=1&t_selected_folderrsn=13665485,509 ALLEN STREET BLDG 1,NA,Austin,Texas,United States,1
1942 WEBBERVILLE RD BLDG 2,Bldg #2 New 2-story dwelling unit 3 bed/3 bath with attached garage covered porch and balcony,2026-02-27,1,2,1942 WEBBERVILLE RD BLDG 2,78721,1,NA,https://abc.austintexas.gov/web/permit/public-search-other?t_detail=1&t_selected_folderrsn=13529016,1942 WEBBERVILLE ROAD BLDG 2,NA,Austin,Texas,United States,1
5204 GLISSMAN RD--BLDG 1,"ePlan: Residential Expedited Review - New TWO UNIT RES. 
Bldg 1 New construction of a 2-Story SF Res [3bed 2.5bath] with Attached Garage",2026-02-22,1,2,5204 GLISSMAN RD BLDG 1,78702,3,NA,https://abc.austintexas.gov/web/permit/public-search-other?t_detail=1&t_selected_folderrsn=13653997,5204 GLISSMAN ROAD BLDG 1,NA,Austin,Texas,United States,1
713 MERIDEN LN,ePlan: Residential Expedited Review - New construction of a 2-Story Single Family Res. [4bed 4bath] with Habitable Attic basement and Attached Garage,2026-02-20,1,2,713 MERIDEN LN,78703,10,NA,https://abc.austintexas.gov/web/permit/public-search-other?t_detail=1&t_selected_folderrsn=13655684,713 MERIDEN LANE,NA,Austin,Texas,United States,1
7003 STITZEL WELLER DR,New construction of single family dwelling with 4 bedrooms and 3.5 baths 2 car garage rear patio and front porch,2026-02-13,1,2,7003 STITZEL WELLER DR,78744,2,NA,https://abc.austintexas.gov/web/permit/public-search-other?t_detail=1&t_selected_folderrsn=13654180,7003 STITZEL WELLER DRIVE,NA,Austin,Texas,United States,1
5912 HAROLD CT UNIT 404,New 3-story townhome condominium residential building with six units.Unit 404 with (2) bedrooms (2.5) bathrooms attached garage and covered patios.,2026-02-17,1,3,5912 HAROLD CT UNIT 404,78721,1,NA,https://abc.austintexas.gov/web/permit/public-search-other?t_detail=1&t_selected_folderrsn=12619853,5912 HAROLD CT UNIT 404,NA,Austin,Texas,United States,1
4909 WOODROW AVE BLDG 2,Building 2 New 3 Story SFR 3/2.5,2026-02-11,1,3,4909 WOODROW AVE BLDG 2,78756,7,NA,https://abc.austintexas.gov/web/permit/public-search-other?t_detail=1&t_selected_folderrsn=13597006,4909 WOODROW AVE BLDG 2,NA,Austin,Texas,United States,1
11900 PECAN CREEK PKWY BLDG 2,Bldg. 2: New detached dwelling (1br/1ba),2026-03-06,1,1,11900 PECAN CREEK PKWY BLDG 2,78750,6,NA,https://abc.austintexas.gov/web/permit/public-search-other?t_detail=1&t_selected_folderrsn=13661913,11900 PECAN CREEK PKWY BLDG 2,NA,Austin,Texas,United States,1
9404 HAMADRYAS DR,New single-story SFR with attached garage covered porch and covered patio *PRODUCTION BUILDER- GREEN BUILDING*,2026-03-04,1,1,9404 HAMADRYAS DR,78744,2,NA,https://abc.austintexas.gov/web/permit/public-search-other?t_detail=1&t_selected_folderrsn=13663554,9404 HAMADRYAS DRIVE,NA,Austin,Texas,United States,1
5103 MONARDA MINT DR,Gustine 2983-LS202-L New 2-Story Single Family Residence with (5) bedrooms (3) bathrooms Attached Garage Covered Patio & Porch Cafe & Loft,2026-02-12,1,2,5103 MONARDA MINT DR,78653,1,NA,https://abc.austintexas.gov/web/permit/public-search-other?t_detail=1&t_selected_folderrsn=13652405,5103 MONARDA MINT DRIVE,NA,Austin,Texas,United States,1
704 BOLEY DR,Dexter 3317 B Right New - 2 Story SFR CONDOMINUM w/ 3 bedrooms 2.5 bathrooms attached 2 car garage covered entry porch and patio FFE: 682.57 Site Plan: SP-2021-0328C Site Plan Exp.: 01/09/27 Max Bld height: 27-6 Actual Bld height: 27-6 required parking: 2.,2026-03-16,1,2,704 BOLEY DR,78652,5,NA,https://abc.austintexas.gov/web/permit/public-search-other?t_detail=1&t_selected_folderrsn=13670006,704 BOLEY DRIVE,NA,Austin,Texas,United States,1
2902 W 44TH ST BLDG 1,NEW CONSTRUCTION OF 3-UNIT SIPS PANEL FRAMED THREE STORY 4 Bed 4.5 bath,2026-03-17,1,3,2902 W 44TH ST BLDG 1,78731,10,NA,https://abc.austintexas.gov/web/permit/public-search-other?t_detail=1&t_selected_folderrsn=13665700,2902 WEST 44TH STREET BLDG 1,NA,Austin,Texas,United States,1
4620 LAVA ISLAND DR,Falcon S404 B LEFT New - 2 Story SFR w/ 4 bedrooms 2.5 bathrooms attached 2 car garage covered entry porch and patio required parking: 2.,2026-02-13,1,2,4620 LAVA ISLAND DR,78747,5,NA,https://abc.austintexas.gov/web/permit/public-search-other?t_detail=1&t_selected_folderrsn=13654506,4620 LAVA ISLAND DRIVE,NA,Austin,Texas,United States,1
1019 BRICKELL LOOP,Condo - New Single Family residence with 3 bedrooms 2.5 bath and an attached 2-car garage.,2026-03-13,1,2,1019 BRICKELL LOOP,78744,2,NA,https://abc.austintexas.gov/web/permit/public-search-other?t_detail=1&t_selected_folderrsn=13640610,1019 BRICKELL LOOP,NA,Austin,Texas,United States,1
5101 MONARDA MINT DR,Fentress 2982-MD201-L New 2-Story Single Family Residence with (4) bedrooms (2.5) bathrooms Attached Garage Covered Patio & Porch Cafe & Loft,2026-03-19,1,2,5101 MONARDA MINT DR,78653,1,NA,https://abc.austintexas.gov/web/permit/public-search-other?t_detail=1&t_selected_folderrsn=13671730,5101 MONARDA MINT DRIVE,NA,Austin,Texas,United States,1
2805 OAK HAVEN DR,New construction of 2 story SFR with 4 beds 5.5 baths new pool,2026-02-24,1,2,2805 OAK HAVEN DR,78704,5,NA,https://abc.austintexas.gov/web/permit/public-search-other?t_detail=1&t_selected_folderrsn=13591536,2805 OAK HAVEN DRIVE,NA,Austin,Texas,United States,1
5002 EMERALD FOREST CIR BLDG 3,Building 3 New 2 Story SFR with attached garage and covered porch 4/3.5,2026-03-16,1,2,5002 EMERALD FOREST CIR BLDG 3,78745,3,NA,https://abc.austintexas.gov/web/permit/public-search-other?t_detail=1&t_selected_folderrsn=13669241,5002 EMERALD FOREST CIR BLDG 3,NA,Austin,Texas,United States,1
8616 PEAFOWL ST,"New SFR 2- Story 4 bedroom 3 bath with attached 2-car garage covered front porch and covered rear patio

PUD",2026-03-12,1,2,8616 PEAFOWL ST,78744,2,NA,https://abc.austintexas.gov/web/permit/public-search-other?t_detail=1&t_selected_folderrsn=13668081,8616 PEAFOWL STREET,NA,Austin,Texas,United States,1
9401 DINGO DR,PB: New construction of 1 story SFR,2026-02-12,1,1,9401 DINGO DR,78744,2,NA,https://abc.austintexas.gov/web/permit/public-search-other?t_detail=1&t_selected_folderrsn=13653965,9401 DINGO DRIVE,NA,Austin,Texas,United States,1
917 TILLERY ST--BLDG 1,ePlan: Residential Expedited Review - New construction of a 3-Story Single Family Res. [3bed 3.5bath] with Attached Carport. Bldg 1,2026-03-18,1,3,917 TILLERY ST BLDG 1,78702,3,NA,https://abc.austintexas.gov/web/permit/public-search-other?t_detail=1&t_selected_folderrsn=13670891,917 TILLERY STREET BLDG 1,NA,Austin,Texas,United States,1
4907 MAJESTIC DR BLDG 3,"Bldg. 3: New 2 story SFR with attached garage covered front porch and covered patio.
3 bedroom 2.5 bath",2026-02-19,1,2,4907 MAJESTIC DR BLDG 3,78745,5,NA,https://abc.austintexas.gov/web/permit/public-search-other?t_detail=1&t_selected_folderrsn=13653052,4907 MAJESTIC DRIVE BLDG 3,NA,Austin,Texas,United States,1
17217 ASTRAL LN,"New construction of 2 story SFR with 5 beds 4 baths with attached garage and covered porch

PUD",2026-02-23,1,2,17217 ASTRAL LN,78653,1,NA,https://abc.austintexas.gov/web/permit/public-search-other?t_detail=1&t_selected_folderrsn=13658619,17217 ASTRAL LANE,NA,Austin,Texas,United States,1
1002 BRENTWOOD ST BLDG 2,Bldg 2: New construction 3-unit use single-family residential 3-story 3 bedroom 3.5 bath with attached 1-car carport covered front porch 2nd floor rear uncovered wood balcony with exterior stairs and 3rd floor covered balcony.,2026-02-11,1,3,1002 BRENTWOOD ST BLDG 2,78757,7,NA,https://abc.austintexas.gov/web/permit/public-search-other?t_detail=1&t_selected_folderrsn=13650526,1002 BRENTWOOD STREET BLDG 2,NA,Austin,Texas,United States,1
410 PHILCO DR BLDG 2,Building 2 new SFR home on the lot. 3 bedroom 2 .5 bathroom with car port / porch patio,2026-03-19,1,2,410 PHILCO DR BLDG 2,78745,3,NA,https://abc.austintexas.gov/web/permit/public-search-other?t_detail=1&t_selected_folderrsn=13672555,410 PHILCO DRIVE BLDG 2,NA,Austin,Texas,United States,1
4909 WOODROW AVE BLDG 3,Building 3 New 3 Story SFR 3/2.5,2026-02-11,1,3,4909 WOODROW AVE BLDG 3,78756,7,NA,https://abc.austintexas.gov/web/permit/public-search-other?t_detail=1&t_selected_folderrsn=13597007,4909 WOODROW AVE BLDG 3,NA,Austin,Texas,United States,1
2503 S 4TH ST BLDG 1,Bldg 1 New 3-story single family residence 3 bed/ 3.5 bath with attached carport covered porch balcony and driveway,2026-02-25,1,3,2503 S 4TH ST BLDG 1,78704,3,NA,https://abc.austintexas.gov/web/permit/public-search-other?t_detail=1&t_selected_folderrsn=13659935,2503 SOUTH 4TH STREET BLDG 1,NA,Austin,Texas,United States,1
703 ORLAND BLVD BLDG 3,"ePlan: Residential Expedited Review - New THREE UNIT RES. 
Bldg 3 New construction of a 2-Story Single Family Res. [3bed 3.5bath] with basement Attached Garage",2026-03-12,1,2,703 ORLAND BLVD BLDG 3,78745,3,NA,https://abc.austintexas.gov/web/permit/public-search-other?t_detail=1&t_selected_folderrsn=13663774,703 ORLAND BOULEVARD BLDG 3,NA,Austin,Texas,United States,1
12100 SAGRADA ST,1360BR NEW 3 BEDROOM 2 BATH SINGLE FAMILY RESIDENTIAL HOME WITH ATTACHED GARAGE COVERED FRONT PORCH AND REAR PATIO,2026-03-23,1,1,12100 SAGRADA ST,78748,5,NA,https://abc.austintexas.gov/web/permit/public-search-other?t_detail=1&t_selected_folderrsn=13673904,12100 SAGRADA STREET,NA,Austin,Texas,United States,1
5002 EMERALD FOREST CIR BLDG 1,Building 1  2 Story SFR with attached carport covered porch and patio  3/3.5,2026-03-16,1,2,5002 EMERALD FOREST CIR BLDG 1,78745,3,NA,https://abc.austintexas.gov/web/permit/public-search-other?t_detail=1&t_selected_folderrsn=13669240,5002 EMERALD FOREST CIR BLDG 1,NA,Austin,Texas,United States,1
13106 INCLINE DR,Brahman 3318 B Left New - 2 Story SFR CONDOMINUM w/ 4 bedrooms 2.5 bathrooms attached 2 car garage covered entry porch and patio FFE: 690.91 Site Plan: SP-2021-0328C Site Plan Exp.: 01/09/27 Max Bld height: 31 Actual Bld height: 31-0 required parking: 2.,2026-02-27,1,2,13106 INCLINE DR,78652,5,NA,https://abc.austintexas.gov/web/permit/public-search-other?t_detail=1&t_selected_folderrsn=13661702,13106 INCLINE DRIVE,NA,Austin,Texas,United States,1
410 PHILCO DR BLDG 1,Bldg. 1: New 3 story SFR w/ 4 bedrooms 3.5 bathrooms attached carport and porch,2026-03-18,1,3,410 PHILCO DR BLDG 1,78745,3,NA,https://abc.austintexas.gov/web/permit/public-search-other?t_detail=1&t_selected_folderrsn=13671391,410 PHILCO DRIVE BLDG 1,NA,Austin,Texas,United States,1
1701 CROWN DR,ePlan: Residential Expedited Review - New construction of a 2-Story Single Family Res. [4bed 4bath] with Habitable Attic Attached Garage,2026-02-12,1,2,1701 CROWN DR,78745,5,NA,https://abc.austintexas.gov/web/permit/public-search-other?t_detail=1&t_selected_folderrsn=13654205,1701 CROWN DRIVE,NA,Austin,Texas,United States,1
2014 E 10TH ST--PRIMARY,New construction of a 2-Story Single Family Residence with 3rd floor habitable attic balcony and uncovered wood deck  [4 bed 4 bath]. Single-family use.,2026-02-12,1,2,2014 E 10TH ST,78702,1,NA,https://abc.austintexas.gov/web/permit/public-search-other?t_detail=1&t_selected_folderrsn=13643156,2014 EAST 10TH STREET,NA,Austin,Texas,United States,1
136 FREDERICK ST,New construction two-family residential duplex 2-story 5 bedroom (Unit A: 3 bedroom; Unit B: 2 bedroom) 2.5 bath (both units) with attached 1-car garage (unit A) covered front porch (both units) and balcony (both units).,2026-02-20,2,2,136 FREDERICK ST,78704,3,NA,https://abc.austintexas.gov/web/permit/public-search-other?t_detail=1&t_selected_folderrsn=13264375,136 FREDERICK STREET,NA,Austin,Texas,United States,1
8604 TURACO TRL,New 2 Story Single Family residence with 4 bedrooms 4 1/2 bathrooms attached 3 car garage covered entry porch and patio.,2026-02-20,1,2,8604 TURACO TRL,78744,2,NA,https://abc.austintexas.gov/web/permit/public-search-other?t_detail=1&t_selected_folderrsn=13658026,8604 TURACO TRAIL,NA,Austin,Texas,United States,1
8208 FRITILLARY DR,"New construction of 2 story SFR Condo with 2 beds 2.5 baths porch (adding temporary office to garage area convert back before occupation)

PUD",2026-02-12,1,2,8208 FRITILLARY DR,78744,2,NA,https://abc.austintexas.gov/web/permit/public-search-other?t_detail=1&t_selected_folderrsn=13653132,8208 FRITILLARY DRIVE,NA,Austin,Texas,United States,1
4517 BEACON BAY DR,Caprock S405 C Left New - 2 Story SFR w/ 5 bedrooms 3 bathrooms attached 2 car garage covered entry porch and patio required parking: 2.,2026-03-11,1,2,4517 BEACON BAY DR,78747,5,NA,https://abc.austintexas.gov/web/permit/public-search-other?t_detail=1&t_selected_folderrsn=13667188,4517 BEACON BAY DRIVE,NA,Austin,Texas,United States,1
1207 PEREZ ST BLDG 2,ePlan: Residential Expedited Review - New construction of a 2-Story Single Family Res. [3bed 2.5bath] with Attached Carport. Bldg 2,2026-03-06,1,2,1207 PEREZ ST BLDG 2,78721,1,NA,https://abc.austintexas.gov/web/permit/public-search-other?t_detail=1&t_selected_folderrsn=13634484,1207 PEREZ STREET BLDG 2,NA,Austin,Texas,United States,1
9803 RIBELIN RANCH CT BLDG 18,New construction of single building based on Volume Builder Approved (2024-067871 VB) Plan 11-DB-L. This is a 3 Story building with height of 38-6 and 3405 square feet.,2026-03-03,1,3,9803 RIBELIN RANCH CT BLDG 18,78750,10,NA,https://abc.austintexas.gov/web/permit/public-search-other?t_detail=1&t_selected_folderrsn=13658431,9803 RIBELIN RANCH CT BLDG 18,NA,Austin,Texas,United States,1
6801 WENTWORTH DR,Unit C New 2 story 4-Unit Townhomes (Reconstruction of townhouse building due to fire partial foundation to be reused),2026-03-05,1,2,6801 WENTWORTH DR,78724,1,NA,https://abc.austintexas.gov/web/permit/public-search-other?t_detail=1&t_selected_folderrsn=13657412,6801 WENTWORTH DRIVE,NA,Austin,Texas,United States,1
2003 BIG HORN DR,New 1-story SFR w/ 1 bedrooms 1  bathrooms *VESTED RIGHTS DETERMINATION* (See Revision 1),2026-03-03,1,3,2003 BIG HORN DR,78734,10,NA,https://abc.austintexas.gov/web/permit/public-search-other?t_detail=1&t_selected_folderrsn=13031365,2003 BIG HORN DRIVE,NA,Austin,Texas,United States,1
16812 WIND CHIME DR,*Green Building* New 2-story 4 bedroom 3.5 bathroom single family residence with attached garage covered front porch and rear covered patio.,2026-03-05,1,2,16812 WIND CHIME DR,78653,1,NA,https://abc.austintexas.gov/web/permit/public-search-other?t_detail=1&t_selected_folderrsn=13664196,16812 WIND CHIME DRIVE,NA,Austin,Texas,United States,1
4413 GILLIS ST BLDG 2,ePlan: Residential Expedited Review - New construction of a 2-Story Single Family Res. [3bed 3bath]. Bldg 2,2026-02-25,1,2,4413 GILLIS ST BLDG 2,78745,5,NA,https://abc.austintexas.gov/web/permit/public-search-other?t_detail=1&t_selected_folderrsn=13658449,4413 GILLIS STREET BLDG 2,NA,Austin,Texas,United States,1
703 ORLAND BLVD BLDG 2,"ePlan: Residential Expedited Review - New THREE UNIT RES.
Bldg 2 New construction of a 2-Story Single Family Res. [3bed 2.5bath] with Attached Garage",2026-03-11,1,2,703 ORLAND BLVD BLDG 2,78745,3,NA,https://abc.austintexas.gov/web/permit/public-search-other?t_detail=1&t_selected_folderrsn=13663773,703 ORLAND BOULEVARD BLDG 2,NA,Austin,Texas,United States,1
6917 CIELO AZUL PASS,ePlan: Residential Expedited Review - New construction of a 2-Story Single Family Res. [1bed 1.5bath] with attached garage. Work to include Open pavilion and outdoor kitchen.  See also 1st. floor gym / game room.,2026-02-23,1,2,6917 CIELO AZUL PASS,78732,10,NA,https://abc.austintexas.gov/web/permit/public-search-other?t_detail=1&t_selected_folderrsn=13645931,6917 CIELO AZUL PASS,NA,Austin,Texas,United States,1
4411 MOUNT VERNON DR UNIT A,ePlan: Residential Expedited Review - New construction of a 3-Story Duplex [3bed 2.5bath] with attached Carport and Autofill Pool. 4411 Mount Vernon Dr Unit A,2026-02-25,1,3,4411 MOUNT VERNON DR UNIT A,78745,5,NA,https://abc.austintexas.gov/web/permit/public-search-other?t_detail=1&t_selected_folderrsn=13644961,4411 MOUNT VERNON DRIVE UNIT A,NA,Austin,Texas,United States,1
5217 MONARDA MINT DR,Monroe 2191-LS201-R New 2-Story Single Family Residence with (4) bedrooms (3) bathrooms Attached Garage Covered Patio & Porch Cafe & Loft,2026-02-12,1,2,5217 MONARDA MINT DR,78653,1,NA,https://abc.austintexas.gov/web/permit/public-search-other?t_detail=1&t_selected_folderrsn=13652388,5217 MONARDA MINT DRIVE,NA,Austin,Texas,United States,1
5607 TURA LN BLDG 2,"ePlan: Residential Expedited Review - New TWO UNIT RES.
Bldg 2 New construction of a 2-Story SF Res [3bed 3.5bath] with attached Carport",2026-02-17,1,2,5607 TURA LN BLDG 2,78721,3,NA,https://abc.austintexas.gov/web/permit/public-search-other?t_detail=1&t_selected_folderrsn=13654621,5607 TURA LANE BLDG 2,NA,Austin,Texas,United States,1
4616 LAVA ISLAND DR,Caprock S405 C Left New - 2 Story SFR w/ 5 bedrooms 3 bathrooms attached 2 car garage covered entry porch and patio required parking: 2.,2026-03-11,1,2,4616 LAVA ISLAND DR,78747,5,NA,https://abc.austintexas.gov/web/permit/public-search-other?t_detail=1&t_selected_folderrsn=13667261,4616 LAVA ISLAND DRIVE,NA,Austin,Texas,United States,1
8403 GARCREEK CIR BLDG 4,new detached two-story SFR *TOWNHOME*  BLDG 4 3 bed 2.5 bath with attached garage and balcony,2026-03-23,1,2,8403 GARCREEK CIR BLDG 4,78724,1,NA,https://abc.austintexas.gov/web/permit/public-search-other?t_detail=1&t_selected_folderrsn=13587262,8403 GARCREEK CIR BLDG 4,NA,Austin,Texas,United States,1
6413 BRADSHER DR BLDG 3,ePlan: Residential Expedited Review - New construction of a THREE-UNIT RES.  Bldg 3 2-Story [4bed 3bath] with attached Garage.,2026-03-17,1,2,6413 BRADSHER DR BLDG 3,78745,2,NA,https://abc.austintexas.gov/web/permit/public-search-other?t_detail=1&t_selected_folderrsn=13661366,6413 BRADSHER DRIVE BLDG 3,NA,Austin,Texas,United States,1
2617 DELWOOD PL UNIT A,ePlan: Residential Expedited Review - New construction of a 2-Story Duplex [5bed 4bath],2026-02-13,1,2,2617 DELWOOD PL UNIT A,78703,10,NA,https://abc.austintexas.gov/web/permit/public-search-other?t_detail=1&t_selected_folderrsn=13654674,2617 DELWOOD PLACE UNIT A,NA,Austin,Texas,United States,1
10405 WOMMACK RD,New construction of a 1-Story Single Family Res. [3 bed 2.5 bath] with Attached/Detached Garage covered patio.,2026-02-24,1,1,10405 WOMMACK RD,78748,5,NA,https://abc.austintexas.gov/web/permit/public-search-other?t_detail=1&t_selected_folderrsn=13639339,10405 WOMMACK ROAD,NA,Austin,Texas,United States,1
4608 LAVA ISLAND DR,Eisenhower S406 C Left New - 2 Story SFR w/ 5 bedrooms 3 bathrooms attached 2 car garage covered entry porch and patio required parking: 2.,2026-03-10,1,2,4608 LAVA ISLAND DR,78747,5,NA,https://abc.austintexas.gov/web/permit/public-search-other?t_detail=1&t_selected_folderrsn=13666148,4608 LAVA ISLAND DRIVE,NA,Austin,Texas,United States,1
9204 HAMADRYAS DR,*Green Building* New 2-story 4 bedroom 3 bathroom single family residence with attached garage covered front porch and rear covered patio.,2026-02-23,1,2,9204 HAMADRYAS DR,78744,2,NA,https://abc.austintexas.gov/web/permit/public-search-other?t_detail=1&t_selected_folderrsn=13657723,9204 HAMADRYAS DRIVE,NA,Austin,Texas,United States,1
5156 VILLAGE SQUARE DR BLDG 3,SMART HOUSING - New Construction of a multi-family fourplex.,2026-03-18,4,2,5156 VILLAGE SQUARE DR BLDG 3,78744,2,NA,https://abc.austintexas.gov/web/permit/public-search-other?t_detail=1&t_selected_folderrsn=13669511,5156 VILLAGE SQUARE DRIVE BLDG 3,NA,Austin,Texas,United States,1
7051 MEADOW LAKE BLVD UNIT 7103,7103: New construction single family residential 2-story 3 bedroom 2.5 bath with covered front porch and covered rear patio.,2026-03-03,1,2,7051 MEADOW LAKE BLVD UNIT 7103,78744,2,NA,https://abc.austintexas.gov/web/permit/public-search-other?t_detail=1&t_selected_folderrsn=13169041,7051 MEADOW LAKE BOULEVARD UNIT 7103,NA,Austin,Texas,United States,1
4513 BRIDAL VEIL DR,Garner S401 A Right New - 1 Story SFR w/ 3 bedrooms 2 bathrooms attached 2 car garage covered entry porch and patio required parking: 2.,2026-03-12,1,1,4513 BRIDAL VEIL DR,78747,5,NA,https://abc.austintexas.gov/web/permit/public-search-other?t_detail=1&t_selected_folderrsn=13668193,4513 BRIDAL VEIL DRIVE,NA,Austin,Texas,United States,1
5106 GLISSMAN RD--BLDG 1 (LEFT),ePlan: Residential Expedited Review - TWO UNIT BLDG 1 New construction of a 2-Story Single Family Res. [4bed 4bath] with attached carport,2026-03-16,1,2,5106 GLISSMAN RD BLDG 1,78702,3,NA,https://abc.austintexas.gov/web/permit/public-search-other?t_detail=1&t_selected_folderrsn=13656695,5106 GLISSMAN ROAD BLDG 1,NA,Austin,Texas,United States,1
4712 LAVA ISLAND DR,Garner S401 B Left New - 1 Story SFR w/ 3 bedrooms 2 bathrooms attached 2 car garage covered entry porch and patio required parking: 2.,2026-03-12,1,1,4712 LAVA ISLAND DR,78747,5,NA,https://abc.austintexas.gov/web/permit/public-search-other?t_detail=1&t_selected_folderrsn=13668216,4712 LAVA ISLAND DRIVE,NA,Austin,Texas,United States,1
5912 HAROLD CT UNIT 402,New 3-story townhome condominium residential building with six units. Unit 402 with (2) bedrooms (2.5) bathrooms attached garage and covered patios.,2026-02-17,1,3,5912 HAROLD CT UNIT 402,78721,1,NA,https://abc.austintexas.gov/web/permit/public-search-other?t_detail=1&t_selected_folderrsn=12619851,5912 HAROLD CT UNIT 402,NA,Austin,Texas,United States,1
7417 PULLMAN CV,Freestone S353 C Left New - 1 Story SFR w/ 4 bedrooms 2 bathrooms attached 2 car garage covered entry porch and patio required parking: 2,2026-03-18,1,1,7417 PULLMAN CV,78747,2,NA,https://abc.austintexas.gov/web/permit/public-search-other?t_detail=1&t_selected_folderrsn=13672113,7417 PULLMAN CV,NA,Austin,Texas,United States,1
5912 HAROLD CT UNIT 403,New 3-story townhome condominium residential building with six units. Unit 403 with (3) bedrooms (3.5) bathrooms attached garage loft and covered patios. .,2026-02-17,1,2,5912 HAROLD CT UNIT 403,78721,1,NA,https://abc.austintexas.gov/web/permit/public-search-other?t_detail=1&t_selected_folderrsn=12619852,5912 HAROLD CT UNIT 403,NA,Austin,Texas,United States,1
1059 BRICKELL LOOP UNIT B,"Unit B - New construction of 2 story duplex (attached condo) each with 3 beds 2.5 baths and attached 2 car garage

PUD",2026-02-13,1,2,1059 BRICKELL LOOP UNIT B,78744,2,NA,https://abc.austintexas.gov/web/permit/public-search-other?t_detail=1&t_selected_folderrsn=13650658,1059 BRICKELL LOOP UNIT B,NA,Austin,Texas,United States,1
5912 HAROLD CT UNIT 406,New 3-story townhome condominium residential building with six units. Unit 406 with (2) bedrooms (2.5) bathrooms attached garage and covered patios.,2026-02-17,1,3,5912 HAROLD CT UNIT 406,78721,1,NA,https://abc.austintexas.gov/web/permit/public-search-other?t_detail=1&t_selected_folderrsn=12619854,5912 HAROLD CT UNIT 406,NA,Austin,Texas,United States,1
4721 LAVA ISLAND DR,Falcon S404 C Right New - 2 Story SFR w/ 4 bedrooms 2.5 bathrooms attached 2 car garage covered entry porch and patio required parking: 2.,2026-03-12,1,2,4721 LAVA ISLAND DR,78747,5,NA,https://abc.austintexas.gov/web/permit/public-search-other?t_detail=1&t_selected_folderrsn=13668249,4721 LAVA ISLAND DRIVE,NA,Austin,Texas,United States,1
512 POWELL CIR,New 2 story SFR 3 bed 3.5 bath with attached garage,2026-03-02,1,2,512 POWELL CIR,78704,3,NA,https://abc.austintexas.gov/web/permit/public-search-other?t_detail=1&t_selected_folderrsn=13575911,512 POWELL CIR,NA,Austin,Texas,United States,1
6104 ADHARA PASS,ePlan: Residential Expedited Review - New construction of a 2-Story Single Family Res. [5bed 6bath] with Attached Garage,2026-03-14,1,2,6104 ADHARA PASS,78730,10,NA,https://abc.austintexas.gov/web/permit/public-search-other?t_detail=1&t_selected_folderrsn=13669989,6104 ADHARA PASS,NA,Austin,Texas,United States,1
4512 BRIDAL VEIL DR,Garner S401 C Left New - 1 Story SFR w/ 3 bedrooms 2 bathrooms attached 2 car garage covered entry porch and patio required parking: 2.,2026-03-10,1,1,4512 BRIDAL VEIL DR,78747,5,NA,https://abc.austintexas.gov/web/permit/public-search-other?t_detail=1&t_selected_folderrsn=13666134,4512 BRIDAL VEIL DRIVE,NA,Austin,Texas,United States,1
9116 HAMADRYAS DR,New 1-story SFR with 3 bedrooms 2 bathrooms attached 2-car garage covered entry porch and patio,2026-03-05,1,1,9116 HAMADRYAS DR,78744,2,NA,https://abc.austintexas.gov/web/permit/public-search-other?t_detail=1&t_selected_folderrsn=13664348,9116 HAMADRYAS DRIVE,NA,Austin,Texas,United States,1
2502 GREENLAWN PKWY,ePlan: Residential Expedited Review - New construction of a 1-Story Single Family Res. [5bed 3.5bath] with Attached Garage,2026-02-20,1,1,2502 GREENLAWN PKWY,78757,7,NA,https://abc.austintexas.gov/web/permit/public-search-other?t_detail=1&t_selected_folderrsn=13658649,2502 GREENLAWN PKWY,NA,Austin,Texas,United States,1
9500 HAMADRYAS DR,New 2 story SFR with 4 bedrooms 4.5 bathrooms attached car garage covered porch and patio.,2026-02-23,1,2,9500 HAMADRYAS DR,78744,2,NA,https://abc.austintexas.gov/web/permit/public-search-other?t_detail=1&t_selected_folderrsn=13658493,9500 HAMADRYAS DRIVE,NA,Austin,Texas,United States,1
1521 MADISON AVE,New construction of a 2-Story Single Family Res. [5 bed 5 bath] Covered porches Attached Carport.,2026-02-21,1,2,1521 MADISON AVE,78757,7,NA,https://abc.austintexas.gov/web/permit/public-search-other?t_detail=1&t_selected_folderrsn=13651518,1521 MADISON AVE,NA,Austin,Texas,United States,1
2606 PEMBROOK TRL,ePlan: Residential Expedited Review - New construction of a 2-Story Single Family Res. [5bed 4bath] with Habitable Attic and Attached Carport,2026-02-25,1,2,2606 PEMBROOK TRL,78731,7,NA,https://abc.austintexas.gov/web/permit/public-search-other?t_detail=1&t_selected_folderrsn=13656522,2606 PEMBROOK TRAIL,NA,Austin,Texas,United States,1
12005 DILLON FALLS DR,Abilene S402 C Left New - 1 Story SFR w/ 3 bedrooms 2 bathrooms attached 2 car garage covered entry porch and patio required parking: 2.,2026-03-11,1,1,12005 DILLON FALLS DR,78747,5,NA,https://abc.austintexas.gov/web/permit/public-search-other?t_detail=1&t_selected_folderrsn=13667242,12005 DILLON FALLS DRIVE,NA,Austin,Texas,United States,1
1911 RIVERVIEW ST--BLDG 2 (LYNN ST),ePlan: Residential Expedited Review - Two Unit: Existing SF Res to remain Bldg 2 New construction of a 2-Story Single Family Res. [2bed 2.5bath] with Attached Garage,2026-03-16,1,2,1911 RIVERVIEW ST BLDG 2,78702,3,NA,https://abc.austintexas.gov/web/permit/public-search-other?t_detail=1&t_selected_folderrsn=13670463,1911 RIVERVIEW STREET BLDG 2,NA,Austin,Texas,United States,1
917 TILLERY ST--BLDG 3,ePlan: Residential Expedited Review - New construction of a 3-Story Single Family Res. [3bed 3.5bath] with Attached Carport. Bldg 3,2026-03-18,1,3,917 TILLERY ST BLDG 3,78702,3,NA,https://abc.austintexas.gov/web/permit/public-search-other?t_detail=1&t_selected_folderrsn=13670893,917 TILLERY STREET BLDG 3,NA,Austin,Texas,United States,1
13211 KEEFER DR,Galloway 3312 B Left New - 1 Story SFR CONDOMINUM w/ 3 bedrooms 2 bathrooms attached 2 car garage covered entry porch and patio FFE: 680.73 Site Plan: SP-2021-0328C Site Plan Exp.: 01/09/27 Max Bld height: 21-10 Actual Bld height: 21-10 required parking: 2.,2026-03-06,1,1,13211 KEEFER DR,78652,5,NA,https://abc.austintexas.gov/web/permit/public-search-other?t_detail=1&t_selected_folderrsn=13664667,13211 KEEFER DRIVE,NA,Austin,Texas,United States,1
1201 ETERNITY TER,ePlan: Residential Expedited Review - New construction of a 2-Story Single Family Res. [5bed 5.5bath] with Attached Garage,2026-03-17,1,2,1201 ETERNITY TER,78746,8,NA,https://abc.austintexas.gov/web/permit/public-search-other?t_detail=1&t_selected_folderrsn=13670955,1201 ETERNITY TER,NA,Austin,Texas,United States,1
10500 FOUNDATION RD,New construction of 2 story SFR 5 bed 5.5 bath with attached garage,2026-02-25,1,2,10500 FOUNDATION RD,78726,6,NA,https://abc.austintexas.gov/web/permit/public-search-other?t_detail=1&t_selected_folderrsn=13648133,10500 FOUNDATION ROAD,NA,Austin,Texas,United States,1
12118 SAGRADA ST,2245CR NEW 2 STORY 3 BEDROOM 2 1/2 BATH SINGLE FAMILY RESIDENTIAL HOME WITH ATTACHED GARAGE COVERED FRONT PORCH AND REAR PATIO,2026-02-25,1,2,12118 SAGRADA ST,78748,5,NA,https://abc.austintexas.gov/web/permit/public-search-other?t_detail=1&t_selected_folderrsn=13660392,12118 SAGRADA STREET,NA,Austin,Texas,United States,1
6005 MOONDUST LN,New SFR Site Plan Condo: 6 bedrooms 4 bathrooms covered patio/porch with 2-car or 3-car opt attached garage.,2026-02-11,1,2,6005 MOONDUST LN,78730,10,NA,https://abc.austintexas.gov/web/permit/public-search-other?t_detail=1&t_selected_folderrsn=13652657,6005 MOONDUST LANE,NA,Austin,Texas,United States,1
7405 PULLMAN CV,Harrison S356 C Right New - 2 Story SFR w/ 4 bedrooms 2.5 bathrooms attached 2 car garage covered entry porch and patio required parking: 2,2026-03-18,1,2,7405 PULLMAN CV,78747,2,NA,https://abc.austintexas.gov/web/permit/public-search-other?t_detail=1&t_selected_folderrsn=13672033,7405 PULLMAN CV,NA,Austin,Texas,United States,1
7005 STITZEL WELLER DR,New 2-story single family residence 4 bed/3.5 bath attached garage covered porch and patio Green building,2026-02-27,1,2,7005 STITZEL WELLER DR,78744,2,NA,https://abc.austintexas.gov/web/permit/public-search-other?t_detail=1&t_selected_folderrsn=13648386,7005 STITZEL WELLER DRIVE,NA,Austin,Texas,United States,1
8512 AMBERGILL CT,New construction single-family residential 1-story 4 bedroom 3.5 bath with attached 3-car garage covered front porch and covered patio.,2026-03-09,1,1,8512 AMBERGILL CT,78744,2,NA,https://abc.austintexas.gov/web/permit/public-search-other?t_detail=1&t_selected_folderrsn=13664069,8512 AMBERGILL CT,NA,Austin,Texas,United States,1
5204 GLISSMAN RD--BLDG 2,"ePlan: Residential Expedited Review - New TWO UNIT RES. 
Bldg 2 New construction of a 2-Story SF Res [4bed 3bath] with attached Garage",2026-02-22,1,2,5204 GLISSMAN RD BLDG 2,78702,3,NA,https://abc.austintexas.gov/web/permit/public-search-other?t_detail=1&t_selected_folderrsn=13653998,5204 GLISSMAN ROAD BLDG 2,NA,Austin,Texas,United States,1
13217 KEEFER DR,Bradford 3315 A Left New - 2 Story SFR CONDOMINUM w/ 3 bedrooms 2.5 bathrooms attached 2 car garage covered entry porch and patio FFE: 679.91 Site Plan: SP-2021-0328C Site Plan Exp.: 01/09/27 Max Bld height: 28-3 Actual Bld height: 28-3 required parking: 2.,2026-03-10,1,2,13217 KEEFER DR,78652,5,NA,https://abc.austintexas.gov/web/permit/public-search-other?t_detail=1&t_selected_folderrsn=13666117,13217 KEEFER DRIVE,NA,Austin,Texas,United States,1
7300 STITZEL WELLER DR,New 2-story single family residence 3 bed/2.5 bath with attached garage covered front porch and covered rear patio Green Building,2026-03-04,1,2,7300 STITZEL WELLER DR,78744,2,NA,https://abc.austintexas.gov/web/permit/public-search-other?t_detail=1&t_selected_folderrsn=13663358,7300 STITZEL WELLER DRIVE,NA,Austin,Texas,United States,1
5212 MONARDA MINT DR,Fentress 2982-HC201-R New 2-Story Single Family Residence with (4) bedrooms (2.5) bathrooms Attached Garage Covered Patio & Porch Cafe & Loft,2026-03-19,1,2,5212 MONARDA MINT DR,78653,1,NA,https://abc.austintexas.gov/web/permit/public-search-other?t_detail=1&t_selected_folderrsn=13671969,5212 MONARDA MINT DRIVE,NA,Austin,Texas,United States,1
5156 VILLAGE SQUARE DR BLDG 1,SMART HOUSING - New Construction of a multi-family fourplex.,2026-03-18,4,2,5156 VILLAGE SQUARE DR BLDG 1,78744,2,NA,https://abc.austintexas.gov/web/permit/public-search-other?t_detail=1&t_selected_folderrsn=13669522,5156 VILLAGE SQUARE DRIVE BLDG 1,NA,Austin,Texas,United States,1
4518 MERLE DR BLDG 2,ePlan: Residential Expedited Review - New construction of a 1-Story Single Family Res. [1bed 1bath]. Bldg 2,2026-02-12,1,1,4518 MERLE DR BLDG 2,78745,5,NA,https://abc.austintexas.gov/web/permit/public-search-other?t_detail=1&t_selected_folderrsn=13653722,4518 MERLE DRIVE BLDG 2,NA,Austin,Texas,United States,1
2409 E 22ND ST,ePlan: Residential Expedited Review - New TWO UNIT RES.Bldg 2 New construction of a 2-Story SF Res [2bed 2.5bath],2026-02-10,1,2,2409 E 22ND ST,78722,1,NA,https://abc.austintexas.gov/web/permit/public-search-other?t_detail=1&t_selected_folderrsn=13627142,2409 EAST 22ND STREET,NA,Austin,Texas,United States,1
4709 LAVA ISLAND DR,Caprock S405 C Left New - 2 Story SFR w/ 4 bedrooms 2.5 bathrooms attached 2 car garage covered entry porch and patio required parking: 2.,2026-02-13,1,2,4709 LAVA ISLAND DR,78747,5,NA,https://abc.austintexas.gov/web/permit/public-search-other?t_detail=1&t_selected_folderrsn=13654537,4709 LAVA ISLAND DRIVE,NA,Austin,Texas,United States,1
9413 BOATHOUSE DR,*GREEN BUILDING* New construction single-family residential 1-story 3 bedroom 2.5 bath with attached 2-car garage covered front porch and covered rear patio.  GREEN BUILDING*,2026-03-04,1,1,9413 BOATHOUSE DR,78744,2,NA,https://abc.austintexas.gov/web/permit/public-search-other?t_detail=1&t_selected_folderrsn=13663929,9413 BOATHOUSE DRIVE,NA,Austin,Texas,United States,1
9301 FURMAN DR,Magellan S419 C Right New - 1 Story SFR w/ 5 bedrooms 3 bathrooms attached 2 car garage covered entry porch and patio required parking: 2.,2026-02-13,1,2,9301 FURMAN DR,78747,2,NA,https://abc.austintexas.gov/web/permit/public-search-other?t_detail=1&t_selected_folderrsn=13654404,9301 FURMAN DRIVE,NA,Austin,Texas,United States,1
4907 MAJESTIC DR BLDG 1,"Bldg. 1: New 2 story SFR with attached garage covered front porch and covered patio.
3 bedroom 2.5 bath",2026-02-19,1,2,4907 MAJESTIC DR BLDG 1,78745,5,NA,https://abc.austintexas.gov/web/permit/public-search-other?t_detail=1&t_selected_folderrsn=13653050,4907 MAJESTIC DRIVE BLDG 1,NA,Austin,Texas,United States,1
4912 BRIDWELL LN,New construction of 1 story SFR with attached garage 3 bedrooms and 2 restrooms,2026-03-13,1,1,4912 BRIDWELL LN,78754,1,NA,https://abc.austintexas.gov/web/permit/public-search-other?t_detail=1&t_selected_folderrsn=13668633,4912 BRIDWELL LANE,NA,Austin,Texas,United States,1
8810 BREEZE HILL DR,*Green Building* New 2-story 3 bedroom 3 bathroom single family residence with attached garage covered front porch and side covered patio.,2026-03-18,1,2,8810 BREEZE HILL DR,78744,2,NA,https://abc.austintexas.gov/web/permit/public-search-other?t_detail=1&t_selected_folderrsn=13671124,8810 BREEZE HILL DRIVE,NA,Austin,Texas,United States,1
1008 BRICKELL LOOP UNIT A,"New construction of 2 story duplex (attached condo) each with 3 beds 2.5 baths and attached 2 car garage

PUD",2026-03-06,1,2,1008 BRICKELL LOOP UNIT A,78744,2,NA,https://abc.austintexas.gov/web/permit/public-search-other?t_detail=1&t_selected_folderrsn=13652097,1008 BRICKELL LOOP UNIT A,NA,Austin,Texas,United States,1
1228 ETERNITY TER,"ePlan: Residential Expedited Review - New construction of a 2-Story Single Family Res. [6bed 5.5bath] with Attached Garage Autofill/Heated pool

REVISION 1: Work to include: New first and second Floor plans new elevations new bed count new bath count [5bed 6bath].",2026-03-20,1,2,1228 ETERNITY TER,78746,8,NA,https://abc.austintexas.gov/web/permit/public-search-other?t_detail=1&t_selected_folderrsn=13673056,1228 ETERNITY TER,NA,Austin,Texas,United States,1
1928 WEBBERVILLE RD BLDG 1,BLDG #1 New 3-story dwelling unit 2 bed/3.5 bath attached garage covered front porch covered patio balcony and driveway approach,2026-02-27,1,3,1928 WEBBERVILLE RD BLDG 1,78721,1,NA,https://abc.austintexas.gov/web/permit/public-search-other?t_detail=1&t_selected_folderrsn=13598482,1928 WEBBERVILLE ROAD BLDG 1,NA,Austin,Texas,United States,1
2102 LA CASA DR,ePlan: Residential Expedited Review - New construction of a 2-Story Single Family Res. [4bed 5.5bath] with Attached Carport.,2026-03-09,1,2,2102 LA CASA DR,78704,5,NA,https://abc.austintexas.gov/web/permit/public-search-other?t_detail=1&t_selected_folderrsn=13624141,2102 LA CASA DRIVE,NA,Austin,Texas,United States,1
2006 KIT CIR,New construction of 3 story SFR 5 beds 3.5 baths recreated room covered patio 1st and 2nd floor and covered entry 2 car attached garage,2026-02-13,1,3,2006 KIT CIR,78758,7,NA,https://abc.austintexas.gov/web/permit/public-search-other?t_detail=1&t_selected_folderrsn=13654567,2006 KIT CIR,NA,Austin,Texas,United States,1
4000 IDLEWILD RD,ePlan: Residential Expedited Review - New construction of a 1-Story Single Family Res. [4 bed 3bath] with Attached 2-car garage.,2026-02-11,1,1,4000 IDLEWILD RD,78731,10,NA,https://abc.austintexas.gov/web/permit/public-search-other?t_detail=1&t_selected_folderrsn=13651026,4000 IDLEWILD ROAD,NA,Austin,Texas,United States,1
1940 WEBBERVILLE RD BLDG 1,Bldg #1 New 3-story dwelling unit 4 bed/3.5 bath with attached garage covered porch and balcony,2026-02-27,1,2,1940 WEBBERVILLE RD BLDG 1,78721,1,NA,https://abc.austintexas.gov/web/permit/public-search-other?t_detail=1&t_selected_folderrsn=13521236,1940 WEBBERVILLE ROAD BLDG 1,NA,Austin,Texas,United States,1
7331 MENCHACA RD UNIT 1B,Building 1B New Construction of a 3 Story SFR 3/2.5,2026-03-19,1,3,7331 MENCHACA RD UNIT 1B,78745,5,NA,https://abc.austintexas.gov/web/permit/public-search-other?t_detail=1&t_selected_folderrsn=13529733,7331 MENCHACA ROAD UNIT 1B,NA,Austin,Texas,United States,1
8613 PEAFOWL ST,New 2 Story single family residence with 4 bedrooms 4 1/2 bathrooms attached 2 car garage covered entry porch and patio.,2026-02-23,1,2,8613 PEAFOWL ST,78744,2,NA,https://abc.austintexas.gov/web/permit/public-search-other?t_detail=1&t_selected_folderrsn=13658349,8613 PEAFOWL STREET,NA,Austin,Texas,United States,1
8814 BREEZE HILL DR,*Green Building* New 2-story 3 bedroom 2.5 bathroom single family residence with attached garage covered front porch and rear covered patio.,2026-03-16,1,2,8814 BREEZE HILL DR,78744,2,NA,https://abc.austintexas.gov/web/permit/public-search-other?t_detail=1&t_selected_folderrsn=13669438,8814 BREEZE HILL DRIVE,NA,Austin,Texas,United States,1
1936 WEBBERVILLE RD BLDG 2,New construction 2-unit use single-family residential 2-story 3 bedroom 2.5 bath with attached 2-car garage covered front porch and 2nd story balcony.,2026-02-27,1,2,1936 WEBBERVILLE RD BLDG 2,78721,1,NA,https://abc.austintexas.gov/web/permit/public-search-other?t_detail=1&t_selected_folderrsn=13596050,1936 WEBBERVILLE ROAD BLDG 2,NA,Austin,Texas,United States,1
1718 JUSTIN LN,"Building 2 New 2 Story SFR rear of main house

Revision:
Revise foundation of screened patio in rear of main house to be pier and beam instead of concrete slab",2026-03-09,1,2,1718 JUSTIN LN,78757,7,NA,https://abc.austintexas.gov/web/permit/public-search-other?t_detail=1&t_selected_folderrsn=13658071,1718 JUSTIN LANE,NA,Austin,Texas,United States,1
13207 KEEFER DR,Brahman 3318 A Left New - 2 Story SFR CONDOMINUM w/ 4 bedrooms 2.5 bathrooms attached 2 car garage covered entry porch and patio FFE: 681.29 Site Plan: SP-2021-0328C Site Plan Exp.: 01/09/27 Max Bld height: 28-10 Actual Bld height: 28-10 required parking: 2,2026-03-06,1,2,13207 KEEFER DR,78652,5,NA,https://abc.austintexas.gov/web/permit/public-search-other?t_detail=1&t_selected_folderrsn=13664655,13207 KEEFER DRIVE,NA,Austin,Texas,United States,1
7409 PULLMAN CV,Dawson S351 D Left New - 1 Story SFR w/ 3 bedrooms 2 bathrooms attached 2 car garage covered entry porch and patio required parking: 2,2026-03-18,1,1,7409 PULLMAN CV,78747,2,NA,https://abc.austintexas.gov/web/permit/public-search-other?t_detail=1&t_selected_folderrsn=13672043,7409 PULLMAN CV,NA,Austin,Texas,United States,1
9104 HAMADRYAS DR,*Green Building* New 2-story 4 bedroom 3.5 bathroom single family residence with attached garage covered front porch and rear covered patio.,2026-02-11,1,2,9104 HAMADRYAS DR,78744,2,NA,https://abc.austintexas.gov/web/permit/public-search-other?t_detail=1&t_selected_folderrsn=13652782,9104 HAMADRYAS DRIVE,NA,Austin,Texas,United States,1
8108 PEERLESS PASS,"New construction of single family dwelling with 4 bedrooms and 3 baths 2 car garage rear patio and front porch

PUD",2026-03-23,1,1,8108 PEERLESS PASS,78744,2,NA,https://abc.austintexas.gov/web/permit/public-search-other?t_detail=1&t_selected_folderrsn=13673107,8108 PEERLESS PASS,NA,Austin,Texas,United States,1
4517 BRIDAL VEIL DR,Falcon S404 C Left New - 2 Story SFR w/ 4 bedrooms 2.5 bathrooms attached 2 car garage covered entry porch and patio required parking: 2.,2026-03-12,1,2,4517 BRIDAL VEIL DR,78747,5,NA,https://abc.austintexas.gov/web/permit/public-search-other?t_detail=1&t_selected_folderrsn=13668206,4517 BRIDAL VEIL DRIVE,NA,Austin,Texas,United States,1
9113 THE RAVINE WAY,*Green Building* New 2-story 4 bedroom 3 bathroom single family residence with attached garage covered front porch and rear covered patio.,2026-02-13,1,2,9113 THE RAVINE WAY,78744,2,NA,https://abc.austintexas.gov/web/permit/public-search-other?t_detail=1&t_selected_folderrsn=13654130,9113 THE RAVINE WAY,NA,Austin,Texas,United States,1
5912 HAROLD CT UNIT 401,New 3-story townhome condominium residential building with six units. Unit 401 with (3) bedrooms (3.5) bathrooms attached garage loft and covered patios.,2026-02-17,1,3,5912 HAROLD CT UNIT 401,78721,1,NA,https://abc.austintexas.gov/web/permit/public-search-other?t_detail=1&t_selected_folderrsn=12619850,5912 HAROLD CT UNIT 401,NA,Austin,Texas,United States,1
8106 PEERLESS PASS,"New construction of single family dwelling with 4 bedrooms and 3.5 baths 2 car garage rear patio and front porch

PUD",2026-02-26,1,2,8106 PEERLESS PASS,78744,2,NA,https://abc.austintexas.gov/web/permit/public-search-other?t_detail=1&t_selected_folderrsn=13660788,8106 PEERLESS PASS,NA,Austin,Texas,United States,1
2902 W 44TH ST BLDG 3,NEW CONSTRUCTION OF 3-UNIT SIPS PANEL FRAMED THREE STORY 4 Bed 4.5 bath,2026-03-17,1,3,2902 W 44TH ST BLDG 3,78731,10,NA,https://abc.austintexas.gov/web/permit/public-search-other?t_detail=1&t_selected_folderrsn=13665703,2902 WEST 44TH STREET BLDG 3,NA,Austin,Texas,United States,1
1201 VIOLA LEE LN,1201 Viola Lee Ln New construction of a 2-story duplex with 3 bedrooms 2.5 bathrooms and attached garage,2026-02-19,1,2,1201 VIOLA LEE LN,78745,5,NA,https://abc.austintexas.gov/web/permit/public-search-other?t_detail=1&t_selected_folderrsn=13617852,1201 VIOLA LEE LANE,NA,Austin,Texas,United States,1
2307 LONGVIEW ST BLDG B,"ePlan: Residential Expedited Review - New TWO UNIT RES. 
Bldg 2 New construction of a 2-Story Single Family Res. [3bed 3bath] with Attached Carport and storage",2026-03-20,1,2,2307 LONGVIEW ST BLDG B,78705,9,NA,https://abc.austintexas.gov/web/permit/public-search-other?t_detail=1&t_selected_folderrsn=13664675,2307 LONGVIEW STREET BLDG B,NA,Austin,Texas,United States,1
207 SANDRA ST BLDG 1,New construction of 3 story sfr with attached garage and balcony,2026-03-12,1,3,207 SANDRA ST BLDG 1,78745,2,NA,https://abc.austintexas.gov/web/permit/public-search-other?t_detail=1&t_selected_folderrsn=13623130,207 SANDRA STREET BLDG 1,NA,Austin,Texas,United States,1
410 PHILCO DR BLDG 3,Building 3 new SFR home on the lot. 4 bedroom 3 .5 bathroom with car port / porch patio,2026-03-19,1,2,410 PHILCO DR BLDG 3,78745,3,NA,https://abc.austintexas.gov/web/permit/public-search-other?t_detail=1&t_selected_folderrsn=13672630,410 PHILCO DRIVE BLDG 3,NA,Austin,Texas,United States,1
908 E 13TH ST BLDG 2,Relocate existing 1-story 1 bedroom 1 bathroom dwelling unit on property to a new location within the property.,2026-03-02,1,1,908 E 13TH ST BLDG 2,78702,1,NA,https://abc.austintexas.gov/web/permit/public-search-other?t_detail=1&t_selected_folderrsn=13505427,908 EAST 13TH STREET BLDG 2,NA,Austin,Texas,United States,1
4600 LAVA ISLAND DR,Garner S401 B Left New - 1 Story SFR w/ 3 bedrooms 2 bathrooms attached 2 car garage covered entry porch and patio required parking: 2.,2026-03-11,1,1,4600 LAVA ISLAND DR,78747,5,NA,https://abc.austintexas.gov/web/permit/public-search-other?t_detail=1&t_selected_folderrsn=13667249,4600 LAVA ISLAND DRIVE,NA,Austin,Texas,United States,1
6700 VINE ST,ePlan: Residential Expedited Review - New construction of a 1-Story Single Family Res. [5bed 4.5bath] with Attached Garage.,2026-03-06,1,1,6700 VINE ST,78757,7,NA,https://abc.austintexas.gov/web/permit/public-search-other?t_detail=1&t_selected_folderrsn=13665160,6700 VINE STREET,NA,Austin,Texas,United States,1
11309 ZIP COCHISE WAY,"New construction of 2 story sfr with 3 beds 2.5 baths opt gourmet kitchen game room covered entry and opt cover patio with 2 car garage

PUD",2026-03-16,1,2,11309 ZIP COCHISE WAY,78653,1,NA,https://abc.austintexas.gov/web/permit/public-search-other?t_detail=1&t_selected_folderrsn=13670231,11309 ZIP COCHISE WAY,NA,Austin,Texas,United States,1
6105 ADHARA PASS,New construction of 2 story SFR condo with 5 or 6 bedroom option 5.5 baths overed patio and porch and covered front deck with 3 car attached tandem garage,2026-02-18,1,2,6105 ADHARA PASS,78730,10,NA,https://abc.austintexas.gov/web/permit/public-search-other?t_detail=1&t_selected_folderrsn=13655638,6105 ADHARA PASS,NA,Austin,Texas,United States,1
9109 THE RAVINE WAY,New construction single-family residential 1-story 4 bedroom 3 bath with attached 3-car garage covered front porch and covered rear patio.,2026-03-05,1,1,9109 THE RAVINE WAY,78744,2,NA,https://abc.austintexas.gov/web/permit/public-search-other?t_detail=1&t_selected_folderrsn=13664468,9109 THE RAVINE WAY,NA,Austin,Texas,United States,1
5106 GLISSMAN RD--BLDG 2 (RIGHT),"ePlan: Residential Expedited Review - TWO UNIT 
BLDG 2 New construction of a 2-Story Single Family Res. [3bed 2.5bath] with attached carport",2026-03-16,1,2,5106 GLISSMAN RD BLDG 2,78702,3,NA,https://abc.austintexas.gov/web/permit/public-search-other?t_detail=1&t_selected_folderrsn=13656696,5106 GLISSMAN ROAD BLDG 2,NA,Austin,Texas,United States,1
5100 GLISSMAN RD--BLDG 2,"ePlan: Residential Expedited Review - TWO UNIT 
BLDG 2 New construction of a 2-Story Single Family Res. [4bed 3bath] with attached carport",2026-03-12,1,2,5100 GLISSMAN RD,78702,3,NA,https://abc.austintexas.gov/web/permit/public-search-other?t_detail=1&t_selected_folderrsn=13658344,5100 GLISSMAN ROAD,NA,Austin,Texas,United States,1
7051 MEADOW LAKE BLVD UNIT 7104,7104: New construction single family residential 2-story 3 bedroom 2.5 bath with covered front porch and covered rear patio.,2026-03-03,1,2,7051 MEADOW LAKE BLVD UNIT 7104,78744,2,NA,https://abc.austintexas.gov/web/permit/public-search-other?t_detail=1&t_selected_folderrsn=13169042,7051 MEADOW LAKE BOULEVARD UNIT 7104,NA,Austin,Texas,United States,1
12512 SAINT THOMAS DR,Matador 870-N-L Is a New two-story single-family residence with (4) bedrooms (2.5) bathrooms an attached two-car garage and a covered entry porch and patio.,2026-02-24,1,1,12512 SAINT THOMAS DR,78617,2,NA,https://abc.austintexas.gov/web/permit/public-search-other?t_detail=1&t_selected_folderrsn=13655159,12512 SAINT THOMAS DRIVE,NA,Austin,Texas,United States,1
1302 RAMBLING ROSE RD,New constuction of a 2-story single family dwelling in a condo regime. 3 Bedroom 2.5 Bath with attached 2 car garage,2026-02-11,1,2,1302 RAMBLING ROSE RD,78745,5,NA,https://abc.austintexas.gov/web/permit/public-search-other?t_detail=1&t_selected_folderrsn=13653148,1302 RAMBLING ROSE ROAD,NA,Austin,Texas,United States,1
8112 PEERLESS PASS,"New SFR 2 - Story 3 bedroom 2.5 bath with attached 2-car garage covered front porch and covered rear patio

PUD",2026-03-23,1,2,8112 PEERLESS PASS,78744,2,NA,https://abc.austintexas.gov/web/permit/public-search-other?t_detail=1&t_selected_folderrsn=13673316,8112 PEERLESS PASS,NA,Austin,Texas,United States,1
910 PLATEAU CIR,ePlan: Residential Expedited Review - New construction of a 2-Story Single Family Res. [3bed 2.5bath] with Attached Carport and Autofill Pool. 910 Plateau Cir,2026-02-25,1,2,910 PLATEAU CIR,78745,5,NA,https://abc.austintexas.gov/web/permit/public-search-other?t_detail=1&t_selected_folderrsn=13644960,910 PLATEAU CIR,NA,Austin,Texas,United States,1
2307 LONGVIEW ST BLDG A,ePlan: Residential Expedited Review - New TWO UNIT RES. Bldg 1 New construction of a 2-Story Single Family Res. [5bed 5bath] with roof deck,2026-03-20,1,2,2307 LONGVIEW ST BLDG A,78705,9,NA,https://abc.austintexas.gov/web/permit/public-search-other?t_detail=1&t_selected_folderrsn=13664674,2307 LONGVIEW STREET BLDG A,NA,Austin,Texas,United States,1
9212 HAMADRYAS DR,New 1-story SFR with 4 bedrooms 3 bathrooms attached 2 car garage covered entry porch and patio,2026-03-04,1,1,9212 HAMADRYAS DR,78744,2,NA,https://abc.austintexas.gov/web/permit/public-search-other?t_detail=1&t_selected_folderrsn=13663544,9212 HAMADRYAS DRIVE,NA,Austin,Texas,United States,1
2503 S 4TH ST BLDG 2,Bldg 2 New 2-story single family residence 2 bed/2.5 Bath with attached garage covered porch balcony and driveway,2026-02-25,1,2,2503 S 4TH ST BLDG 2,78704,3,NA,https://abc.austintexas.gov/web/permit/public-search-other?t_detail=1&t_selected_folderrsn=13659936,2503 SOUTH 4TH STREET BLDG 2,NA,Austin,Texas,United States,1
12004 DILLON FALLS DR,Falcon S404 C Left New - 2 Story SFR w/ 4 bedrooms 2.5 bathrooms attached 2 car garage covered entry porch and patio required parking: 2.,2026-03-12,1,2,12004 DILLON FALLS DR,78747,5,NA,https://abc.austintexas.gov/web/permit/public-search-other?t_detail=1&t_selected_folderrsn=13668169,12004 DILLON FALLS DRIVE,NA,Austin,Texas,United States,1
1804 CULLEN AVE,ePlan: Residential Expedited Review - New construction of a 2-Story Single Family Res. [5bed 4bath] with Attached Carport,2026-02-18,1,2,1804 CULLEN AVE,78757,7,NA,https://abc.austintexas.gov/web/permit/public-search-other?t_detail=1&t_selected_folderrsn=13656956,1804 CULLEN AVE,NA,Austin,Texas,United States,1
2617 DELWOOD PL UNIT B,ePlan: Residential Expedited Review - New construction of a 2-Story Duplex [2bed 2bath] with attached Garage. Unit B,2026-02-13,1,2,2617 DELWOOD PL UNIT B,78703,10,NA,https://abc.austintexas.gov/web/permit/public-search-other?t_detail=1&t_selected_folderrsn=13654675,2617 DELWOOD PLACE UNIT B,NA,Austin,Texas,United States,1
1113 ETERNITY TER,ePlan: Residential Expedited Review - New construction of a 2-Story Single Family Res. [5bed 5.5bath] with Attached Garage.,2026-03-19,1,2,1113 ETERNITY TER,78746,8,NA,https://abc.austintexas.gov/web/permit/public-search-other?t_detail=1&t_selected_folderrsn=13670877,1113 ETERNITY TER,NA,Austin,Texas,United States,1
13104 INCLINE DR,Highland 3313 C Left New - 1 Story SFR CONDOMINUM w/ 4 bedrooms 2 bathrooms attached 2 car garage covered entry porch and patio FFE: 689.95 Site Plan: SP-2021-0328C Site Plan Exp.: 01/09/27 Max Bld height: 25 Actual Bld height: 25-0 required parking: 2.,2026-02-27,1,1,13104 INCLINE DR,78652,5,NA,https://abc.austintexas.gov/web/permit/public-search-other?t_detail=1&t_selected_folderrsn=13661708,13104 INCLINE DRIVE,NA,Austin,Texas,United States,1
4206 ENDURANCE WAY,*S.M.A.R.T. HOUSING* *GREEN BUILDING* ePlan: Residential Expedited Review - New construction of a 3-Story Townhome [3bed 3.5bath] with Attached Garage. 4206 ENDURANCE WAY,2026-03-16,1,3,4206 ENDURANCE WAY,78731,10,NA,https://abc.austintexas.gov/web/permit/public-search-other?t_detail=1&t_selected_folderrsn=13667217,4206 ENDURANCE WAY,NA,Austin,Texas,United States,1
7421 PULLMAN CV,Eastland S352 D Left New - 1 Story SFR w/ 3 bedrooms 2 bathrooms attached 2 car garage covered entry porch and patio required parking: 2,2026-03-18,1,1,7421 PULLMAN CV,78747,2,NA,https://abc.austintexas.gov/web/permit/public-search-other?t_detail=1&t_selected_folderrsn=13671712,7421 PULLMAN CV,NA,Austin,Texas,United States,1
4516 LAVA ISLAND DR,Abilene S402 A Left New - 1 Story SFR w/ 2 bedrooms 2 bathrooms attached 2 car garage covered entry porch and patio required parking: 2.,2026-02-13,1,1,4516 LAVA ISLAND DR,78747,5,NA,https://abc.austintexas.gov/web/permit/public-search-other?t_detail=1&t_selected_folderrsn=13654511,4516 LAVA ISLAND DRIVE,NA,Austin,Texas,United States,1
1710 S 5TH ST BLDG 3,"ePlan: Residential Expedited Review - New THREE UNIT RES. 
Bldg 3 New construction of a 3-Story SF Res [4bed 3.5Xbath] with attached Carport",2026-01-29,1,3,1710 S 5TH ST BLDG 3,78704,9,NA,https://abc.austintexas.gov/web/permit/public-search-other?t_detail=1&t_selected_folderrsn=13637613,1710 SOUTH 5TH STREET BLDG 3,NA,Austin,Texas,United States,1
5156 VILLAGE SQUARE DR BLDG 6,Bldg. 6 Unit B - 3bedroom 1.5 bath - New construction of 2 story 4 unit Townhome.,2026-01-05,1,2,5156 VILLAGE SQUARE DR BLDG 6,78744,2,NA,https://abc.austintexas.gov/web/permit/public-search-other?t_detail=1&t_selected_folderrsn=13618501,5156 VILLAGE SQUARE DRIVE BLDG 6,NA,Austin,Texas,United States,1
1416 RAMBLING ROSE RD,New construction of a 2-story single family dwelling in a condo regime. 3 Bedroom 2.5 Bathroom Attached 2 car Garage,2026-02-03,1,2,1416 RAMBLING ROSE RD,78745,5,NA,https://abc.austintexas.gov/web/permit/public-search-other?t_detail=1&t_selected_folderrsn=13648199,1416 RAMBLING ROSE ROAD,NA,Austin,Texas,United States,1
8517 DONGAN DR,New 2 story Single Family Home. 4bedroom 3.5 bathroom with attached garage covered porch and patio,2026-01-30,1,2,8517 DONGAN DR,78744,2,NA,https://abc.austintexas.gov/web/permit/public-search-other?t_detail=1&t_selected_folderrsn=13646945,8517 DONGAN DRIVE,NA,Austin,Texas,United States,1
6709 WILLAMETTE DR,New 2-story single family residence attached garage rear covered patio 4 bedroom 4.5 bathroom.,2026-02-04,1,2,6709 WILLAMETTE DR,78723,1,NA,https://abc.austintexas.gov/web/permit/public-search-other?t_detail=1&t_selected_folderrsn=13640205,6709 WILLAMETTE DRIVE,NA,Austin,Texas,United States,1
1204 DALE DR BLDG 1,New construction 3-unit use single-family residential 3-story 2 bedroom 2.5 bath with covered front entry covered side entry and 2nd story balcony.,2026-01-13,1,3,1204 DALE DR BLDG 1,78757,4,NA,https://abc.austintexas.gov/web/permit/public-search-other?t_detail=1&t_selected_folderrsn=13631526,1204 DALE DRIVE BLDG 1,NA,Austin,Texas,United States,1
2300 ENFIELD RD UNIT 202,"Unit #202 New 3-story Duplex Condominium Residence with attached garages covered balconies. *DUPLEX CONDOMINIUM RESIDENCE*

3/30/26 SM - Per Marvin Lewis a Fire suppression system is not required for this unit per the site plan.",2026-01-26,2,3,2300 ENFIELD RD UNIT 202,78703,10,NA,https://abc.austintexas.gov/web/permit/public-search-other?t_detail=1&t_selected_folderrsn=11852580,2300 ENFIELD ROAD UNIT 202,NA,Austin,Texas,United States,1
2300 ENFIELD RD UNIT 208,Unit #208 New 3-story Duplex Condominium Residence with attached garages covered balconies. *DUPLEX CONDOMINIUM RESIDENCE*,2026-01-26,1,3,2300 ENFIELD RD UNIT 208,78703,10,NA,https://abc.austintexas.gov/web/permit/public-search-other?t_detail=1&t_selected_folderrsn=11852953,2300 ENFIELD ROAD UNIT 208,NA,Austin,Texas,United States,1
2805 BONNIE RD BLDG 1,BLDG 1: New construction of a 2-Story Duplex unit [5 bed 5bath] with attached 3-car garage & covered patio.,2026-01-12,1,2,2805 BONNIE RD BLDG 1,78703,10,NA,https://abc.austintexas.gov/web/permit/public-search-other?t_detail=1&t_selected_folderrsn=13630959,2805 BONNIE ROAD BLDG 1,NA,Austin,Texas,United States,1
7414 GUADALUPE ST BLDG 1,Bldg 1: New construction 3-unit use single-family residential 3-story 4 bedroom 3.5 bath with attached 1-car carport covered front porch covered rear patio and 3rd floor balcony.,2026-02-07,1,3,7414 GUADALUPE ST BLDG 1,78752,4,NA,https://abc.austintexas.gov/web/permit/public-search-other?t_detail=1&t_selected_folderrsn=13651374,7414 GUADALUPE STREET BLDG 1,NA,Austin,Texas,United States,1
9213 DINGO DR,New single-family residence 5 bedroom/5.5 bathrooms attached garage covered patio and porch,2026-01-22,1,2,9213 DINGO DR,78744,2,NA,https://abc.austintexas.gov/web/permit/public-search-other?t_detail=1&t_selected_folderrsn=13640821,9213 DINGO DRIVE,NA,Austin,Texas,United States,1
6111 LANDSCAPE DR,New mobile home,2026-01-08,1,1,6111 LANDSCAPE DR,78735,8,NA,https://abc.austintexas.gov/web/permit/public-search-other?t_detail=1&t_selected_folderrsn=13634225,6111 LANDSCAPE DRIVE,NA,Austin,Texas,United States,1
5001 PECAN SPRINGS RD BLDG 30,New 3 story SFR Condo with 2 car garage 3 beds 3.5 baths covered patio 2nd floor balcony,2026-01-28,1,3,5001 PECAN SPRINGS RD BLDG 30,78723,1,NA,https://abc.austintexas.gov/web/permit/public-search-other?t_detail=1&t_selected_folderrsn=13646616,5001 PECAN SPRINGS ROAD BLDG 30,NA,Austin,Texas,United States,1
4500 BRIDAL VEIL DR,Sheldon S403 C Right New - 2 Story SFR w/ 3 bedrooms 2.5 bathrooms attached 2 car garage covered entry porch and patio required parking: 2.,2026-01-28,1,2,4500 BRIDAL VEIL DR,78747,5,NA,https://abc.austintexas.gov/web/permit/public-search-other?t_detail=1&t_selected_folderrsn=13645715,4500 BRIDAL VEIL DRIVE,NA,Austin,Texas,United States,1
7709 LONG POINT DR,New 1-story 4 bedroom 4.5 bathroom single family residence with attached garage screened patio and covered porches.,2026-01-29,1,1,7709 LONG POINT DR,78731,10,NA,https://abc.austintexas.gov/web/permit/public-search-other?t_detail=1&t_selected_folderrsn=13595953,7709 LONG POINT DRIVE,NA,Austin,Texas,United States,1
2806 SAN PEDRO ST UNIT A,UNIT 101: (south unit): New 1st floor unit of triplex  3 bathroom 3 bedroom shared patio & porch w/ other units.  Part of 2-story triplex  3-unit use.,2026-01-16,1,1,2806 SAN PEDRO ST UNIT A,78705,9,NA,https://abc.austintexas.gov/web/permit/public-search-other?t_detail=1&t_selected_folderrsn=13641614,2806 SAN PEDRO STREET UNIT A,NA,Austin,Texas,United States,1
5903 JORGE GUERRA ST,New Construction two-unit residential 3-story duplex: 3 bedroom 3 bath covered front porch and covered rear porch.,2025-12-31,1,3,5903 JORGE GUERRA ST,78721,3,NA,https://abc.austintexas.gov/web/permit/public-search-other?t_detail=1&t_selected_folderrsn=13479707,5903 JORGE GUERRA STREET,NA,Austin,Texas,United States,1
12500 SAINT THOMAS DR,Cascade 330-T-R Is a New one-story single-family residence with (3) bedrooms (2) bathrooms an attached two-car garage and a covered entry porch and patio.,2026-01-27,1,1,12500 SAINT THOMAS DR,78617,2,NA,https://abc.austintexas.gov/web/permit/public-search-other?t_detail=1&t_selected_folderrsn=13642705,12500 SAINT THOMAS DRIVE,NA,Austin,Texas,United States,1
2001 MELRIDGE PL BLDG 4,ePlan: Residential Expedited Review - New construction of a 3-Story Single Family Res. [4bed 3.5bath] with Attached Garage. Bldg 4,2026-01-07,1,3,2001 MELRIDGE PL BLDG 4,78704,5,NA,https://abc.austintexas.gov/web/permit/public-search-other?t_detail=1&t_selected_folderrsn=13636111,2001 MELRIDGE PLACE BLDG 4,NA,Austin,Texas,United States,1
3112 PRADO ST--BLDG 2,ePlan: Residential Expedited Review - New construction of a 2-Story Single Family Res. [3bed 2.5bath] with attached Carport. Bldg 2,2026-01-26,1,2,3112 PRADO ST BLDG 2,78702,3,NA,https://abc.austintexas.gov/web/permit/public-search-other?t_detail=1&t_selected_folderrsn=13627365,3112 PRADO STREET BLDG 2,NA,Austin,Texas,United States,1
4706 DELORES AVE,New construction single-family residential 3-tory 4 bedroom 4 bath with attached 1-car carport covered front porch covered rear patio 3rd story balcony and exterior stairs.,2026-01-28,1,3,4706 DELORES AVE,78721,1,NA,https://abc.austintexas.gov/web/permit/public-search-other?t_detail=1&t_selected_folderrsn=13645958,4706 DELORES AVE,NA,Austin,Texas,United States,1
6508 AUBURNHILL BLDG 2,New second dwelling unit 1 story 1 bedroom 1 bath.  Existing residence to remain now 2-unit use.,2026-02-10,1,1,6508 AUBURNHILL BLDG 2,78723,1,NA,https://abc.austintexas.gov/web/permit/public-search-other?t_detail=1&t_selected_folderrsn=13651931,6508 AUBURNHILL BLDG 2,NA,Austin,Texas,United States,1
8808 BREEZE HILL DR,*Green Building* New 2-story 3 bedroom 2.5 bathroom single family residence with attached garage covered front porch and rear covered patio.,2026-01-12,1,2,8808 BREEZE HILL DR,78744,2,NA,https://abc.austintexas.gov/web/permit/public-search-other?t_detail=1&t_selected_folderrsn=13638525,8808 BREEZE HILL DRIVE,NA,Austin,Texas,United States,1
1405 ARCADIA AVE,ePlan: Residential Expedited Review - New construction of a 2-Story Single Family Res. [5bed 4bath] with Habitable Attic and Attached Garage.,2026-01-27,1,2,1405 ARCADIA AVE,78757,7,NA,https://abc.austintexas.gov/web/permit/public-search-other?t_detail=1&t_selected_folderrsn=13643881,1405 ARCADIA AVE,NA,Austin,Texas,United States,1
2404 EUCLID AVE BLDG 2,ePlan: Residential Expedited Review - New construction of a 2-Story Single Family Res. [4bed 4.5bath] with Attached Carport. Bldg 2,2026-02-05,1,2,2404 EUCLID AVE BLDG 2,78704,3,NA,https://abc.austintexas.gov/web/permit/public-search-other?t_detail=1&t_selected_folderrsn=13643908,2404 EUCLID AVE BLDG 2,NA,Austin,Texas,United States,1
1309 SWEET BARK ST,"New construction of a 2-story single family dwelling in a condo regime. 4 BEDROOM 3.5 BATH ATTACHED GARAGE 

Revision 1: The building footprint and floor plan for this lot have been revised. The updated design is a 3-bedroom 2.5-bath residence with an attached garage. All submitted plans have been updated to reflect these changes. The revised building footprint remains within the allowable building footprint per the approved Site Plan.",2026-01-13,1,2,1309 SWEET BARK ST,78745,5,NA,https://abc.austintexas.gov/web/permit/public-search-other?t_detail=1&t_selected_folderrsn=13639327,1309 SWEET BARK STREET,NA,Austin,Texas,United States,1
1314 SWEET BARK ST,1314 Sweet Bark St - New two-story duplex (3br/2.5ba/unit) with attached garages and covered patios *PRODUCTION BUILDER- CONDO*,2026-01-14,1,2,1314 SWEET BARK ST,78745,5,NA,https://abc.austintexas.gov/web/permit/public-search-other?t_detail=1&t_selected_folderrsn=13639722,1314 SWEET BARK STREET,NA,Austin,Texas,United States,1
1503 OAK HEIGHTS DR BLDG 1,ePlan: Residential Expedited Review - New TWO UNIT RES. Bldg 1 New construction of a 3-Story Single Family Res. [4bed 3.5bath] with Attached Carport and Autofill,2026-01-14,1,3,1503 OAK HEIGHTS DR BLDG 1,78741,9,NA,https://abc.austintexas.gov/web/permit/public-search-other?t_detail=1&t_selected_folderrsn=13632453,1503 OAK HEIGHTS DRIVE BLDG 1,NA,Austin,Texas,United States,1
1710 S 5TH ST BLDG 2,"ePlan: Residential Expedited Review - New THREE UNIT RES. 
Bldg 2 New construction of a 3-Story SF Res [3bed 3.5bath] with attached Carport",2026-01-29,1,3,1710 S 5TH ST BLDG 2,78704,9,NA,https://abc.austintexas.gov/web/permit/public-search-other?t_detail=1&t_selected_folderrsn=13637612,1710 SOUTH 5TH STREET BLDG 2,NA,Austin,Texas,United States,1
1503 OAK HEIGHTS DR BLDG 2,"ePlan: Residential Expedited Review - New TWO UNIT RES. 
Bldg 2 New construction of a 3-Story SF Res [4bed 3.5bath] with attached Carport",2026-01-14,1,3,1503 OAK HEIGHTS DR BLDG 2,78741,9,NA,https://abc.austintexas.gov/web/permit/public-search-other?t_detail=1&t_selected_folderrsn=13632454,1503 OAK HEIGHTS DRIVE BLDG 2,NA,Austin,Texas,United States,1
5607 FORKS RD,New 2-story sfr with 3 bedrooms 2.5 bathrooms and an attached 2-car garage.,2026-02-06,1,2,5607 FORKS RD,78747,2,NA,https://abc.austintexas.gov/web/permit/public-search-other?t_detail=1&t_selected_folderrsn=13644612,5607 FORKS ROAD,NA,Austin,Texas,United States,1
1514 WESTOVER RD,Bldg. 2: New detached garage with 2nd story dwelling.,2026-01-15,1,2,1514 WESTOVER RD,78703,10,NA,https://abc.austintexas.gov/web/permit/public-search-other?t_detail=1&t_selected_folderrsn=13639859,1514 WESTOVER ROAD,NA,Austin,Texas,United States,1
21 SCOTT CRES,21 Scott Cres:  New larger unit of duplex 5 bedroom  4.5 bath,2026-02-06,1,2,21 SCOTT CRES,78703,10,NA,https://abc.austintexas.gov/web/permit/public-search-other?t_detail=1&t_selected_folderrsn=13650985,21 SCOTT CRES,NA,Austin,Texas,United States,1
7701 HARDY DR BLDG 2,New 2-story SFR - ADU 1 bed 2 bath to rear of existing SFR and new driveway approach,2026-01-12,1,2,7701 HARDY DR BLDG 2,78757,7,NA,https://abc.austintexas.gov/web/permit/public-search-other?t_detail=1&t_selected_folderrsn=13625471,7701 HARDY DRIVE BLDG 2,NA,Austin,Texas,United States,1
1320 SWEET BARK ST,1320 Sweet Bark - New two-story duplex (3br/2.5ba/unit) with attached garages and covered patios *PRODUCTION BUILDER-CONDO*,2026-01-14,1,2,1320 SWEET BARK ST,78745,5,NA,https://abc.austintexas.gov/web/permit/public-search-other?t_detail=1&t_selected_folderrsn=13639648,1320 SWEET BARK STREET,NA,Austin,Texas,United States,1
2110 MALDON PL,ePlan: Residential Expedited Review - New TWO UNIT RES. Bldg 1 New construction of a 2-Story Single Family Res. [3bed 3bath],2026-02-09,1,2,2110 MALDON PL,78722,1,NA,https://abc.austintexas.gov/web/permit/public-search-other?t_detail=1&t_selected_folderrsn=13627141,2110 MALDON PLACE,NA,Austin,Texas,United States,1
6001 SILENT NOVA VW,PB: New construction of 2 story SFR condo - attached 2 car garage rear extended covered patio balcony 5 bedrooms 5.5 bathrooms,2026-01-15,1,1,6001 SILENT NOVA VW,78730,10,NA,https://abc.austintexas.gov/web/permit/public-search-other?t_detail=1&t_selected_folderrsn=13639884,6001 SILENT NOVA VW,NA,Austin,Texas,United States,1
4611 BANISTER LN,ePlan: Residential Expedited Review - New construction of a 2-Story Single Family Res. [5bed 4bath] with Attached Garage.,2026-01-23,1,2,4611 BANISTER LN,78745,5,NA,https://abc.austintexas.gov/web/permit/public-search-other?t_detail=1&t_selected_folderrsn=13638193,4611 BANISTER LANE,NA,Austin,Texas,United States,1
3916 KNOLLWOOD DR,ePlan: Residential Expedited Review - New construction of a 2-Story Single Family Res. [5bed 3.5bath] with Attached Garage,2026-02-03,1,2,3916 KNOLLWOOD DR,78731,10,NA,https://abc.austintexas.gov/web/permit/public-search-other?t_detail=1&t_selected_folderrsn=13647909,3916 KNOLLWOOD DRIVE,NA,Austin,Texas,United States,1
4801-1/2 FAIRVIEW DRIVE Bldg 1,BLDG 1: New construction of a -Story Single Family Res.  [4 bed 3.5 bath] with Attached 2-car Garage.,2026-02-02,1,2,4801 FAIRVIEW DR BLDG 1,78731,10,NA,https://abc.austintexas.gov/web/permit/public-search-other?t_detail=1&t_selected_folderrsn=13644681,4801 FAIRVIEW DRIVE BLDG 1,NA,Austin,Texas,United States,1
6605 ARGENTIA RD,new 3-story SFR 6 bed 5 bath with attached garage front covered porch and rear covered patio,2026-01-21,1,3,6605 ARGENTIA RD,78757,7,NA,https://abc.austintexas.gov/web/permit/public-search-other?t_detail=1&t_selected_folderrsn=13640763,6605 ARGENTIA ROAD,NA,Austin,Texas,United States,1
5156 VILLAGE SQUARE DR BLDG 6,Bldg. 6 Unit A - 3bedroom 2 bath - New construction of 2 story 4 unit Townhome.,2026-01-05,1,2,5156 VILLAGE SQUARE DR BLDG 6,78744,2,NA,https://abc.austintexas.gov/web/permit/public-search-other?t_detail=1&t_selected_folderrsn=13618500,5156 VILLAGE SQUARE DRIVE BLDG 6,NA,Austin,Texas,United States,1
9600 WIGGY WAY,New construction of single-family dwelling with 5 bedrooms and 5.5 bathrooms 3 car garage rear patio and front porch,2026-02-02,1,2,9600 WIGGY WAY,78744,2,NA,https://abc.austintexas.gov/web/permit/public-search-other?t_detail=1&t_selected_folderrsn=13648143,9600 WIGGY WAY,NA,Austin,Texas,United States,1
923 CARDINAL LN,ePlan: Residential Expedited Review - New construction of a 2-Story Single Family Res. [3bed 2.5bath] with Attached Carport. 923 Cardinal Ln,2026-01-22,1,2,923 CARDINAL LN,78704,3,NA,https://abc.austintexas.gov/web/permit/public-search-other?t_detail=1&t_selected_folderrsn=13610697,923 CARDINAL LANE,NA,Austin,Texas,United States,1
8901 NILGAI DR,New single-story SFR (4br/2.5ba) with attached garage covered porch and covered patio *PRODUCTION BUILDER- GREEN BUILDING*,2026-01-02,1,1,8901 NILGAI DR,78744,2,NA,https://abc.austintexas.gov/web/permit/public-search-other?t_detail=1&t_selected_folderrsn=13633857,8901 NILGAI DRIVE,NA,Austin,Texas,United States,1
2021 PAYNE AVE,New construction of a 2-Story Single Family Res. [4 bed 4bath] with Habitable Attic Attached 2 car Garage and rear porch.,2026-01-08,1,2,2021 PAYNE AVE,78757,7,NA,https://abc.austintexas.gov/web/permit/public-search-other?t_detail=1&t_selected_folderrsn=13637888,2021 PAYNE AVE,NA,Austin,Texas,United States,1
10204 EPSILON WAY,New construction of 2 story SFR Condo with 5 or 6 bed option 5.5 baths covered patio covered porch and covered front deck with 3 car attached tandem garage,2026-02-06,1,2,10204 EPSILON WAY,78730,10,NA,https://abc.austintexas.gov/web/permit/public-search-other?t_detail=1&t_selected_folderrsn=13650482,10204 EPSILON WAY,NA,Austin,Texas,United States,1
817 JOHNNY LIMON WAY,817 New Construction of a 3 Story Duplex Condo,2025-12-29,1,3,817 JOHNNY LIMON WAY,78721,3,NA,https://abc.austintexas.gov/web/permit/public-search-other?t_detail=1&t_selected_folderrsn=13476474,817 JOHNNY LIMON WAY,NA,Austin,Texas,United States,1
9408 HAMADRYAS DR,New 1-story single family residence 4 bedroom/3 bathroom with attached garage covered porch and patio  green building,2026-01-27,1,1,9408 HAMADRYAS DR,78744,2,NA,https://abc.austintexas.gov/web/permit/public-search-other?t_detail=1&t_selected_folderrsn=13646105,9408 HAMADRYAS DRIVE,NA,Austin,Texas,United States,1
1703 ALAMEDA DR,ePlan: Residential Expedited Review - New construction of a 2-Story Single Family Res. [2bed 2.5bath] with Attached Garage.,2026-01-05,1,2,1703 ALAMEDA DR,78704,9,NA,https://abc.austintexas.gov/web/permit/public-search-other?t_detail=1&t_selected_folderrsn=13635393,1703 ALAMEDA DRIVE,NA,Austin,Texas,United States,1
5905 JORGE GUERRA ST,Building 5905 Jorge Guerra St New construction of a 3-story duplex as part of a larger development of 15 total buildings on a single lot.  3/3,2025-12-31,1,3,5905 JORGE GUERRA ST,78721,3,NA,https://abc.austintexas.gov/web/permit/public-search-other?t_detail=1&t_selected_folderrsn=13477096,5905 JORGE GUERRA STREET,NA,Austin,Texas,United States,1
5701 HIGHLAND HILLS DR,New construction of a 2-Story Single Family Res. [4 bed 3.5 bath] with Attached carport,2026-01-06,1,2,5701 HIGHLAND HILLS DR,78731,10,NA,https://abc.austintexas.gov/web/permit/public-search-other?t_detail=1&t_selected_folderrsn=13634181,5701 HIGHLAND HILLS DRIVE,NA,Austin,Texas,United States,1
113 KIMBLE LN,"Relocation of tiny home onto lot fence the front and back of the lot 405 sq ft. 1 bedroom 1 bathroom 

Moved from within the City",2026-01-27,1,1,113 KIMBLE LN,78742,3,NA,https://abc.austintexas.gov/web/permit/public-search-other?t_detail=1&t_selected_folderrsn=13639564,113 KIMBLE LANE,NA,Austin,Texas,United States,1
1710 S 5TH ST BLDG 1,"ePlan: Residential Expedited Review - New THREE UNIT RES. 
Bldg 1 New construction of a 3-Story SF Res [4bed 4.5bath] with Attached Carport",2026-01-29,1,3,1710 S 5TH ST BLDG 1,78704,9,NA,https://abc.austintexas.gov/web/permit/public-search-other?t_detail=1&t_selected_folderrsn=13637611,1710 SOUTH 5TH STREET BLDG 1,NA,Austin,Texas,United States,1
4401 ELOHI DR,New 2-story 6 bedroom 7 bathroom (5 full 2 half) single family residence with attached garage and covered porches.,2026-01-22,1,2,4401 ELOHI DR,78746,8,NA,https://abc.austintexas.gov/web/permit/public-search-other?t_detail=1&t_selected_folderrsn=13600243,4401 ELOHI DRIVE,NA,Austin,Texas,United States,1
4909 WOODROW AVE BLDG 1,"Building 1 New Deck and Stoops for existing SFR
Relocate Main house to front of Lot (within the property lines) 3/2 (no interior repair work other than reconnections) the relocation will be treated as New Construction for permitting purposes.",2026-02-04,1,2,4909 WOODROW AVE BLDG 1,78756,7,NA,https://abc.austintexas.gov/web/permit/public-search-other?t_detail=1&t_selected_folderrsn=13597005,4909 WOODROW AVE BLDG 1,NA,Austin,Texas,United States,1
2402 KATHY CV,new 3-story SFU 4 bed 4 bath with basement storage attached garage and rear covered patio/balcony,2026-01-26,1,4,2402 KATHY CV,78704,5,NA,https://abc.austintexas.gov/web/permit/public-search-other?t_detail=1&t_selected_folderrsn=13562409,2402 KATHY CV,NA,Austin,Texas,United States,1
4603 AVENUE C,New construction of 2 story SFR 4 bed 5 bath with attached carport front covered porch and rear covered patio,2026-02-10,1,2,4603 AVENUE C,78751,9,NA,https://abc.austintexas.gov/web/permit/public-search-other?t_detail=1&t_selected_folderrsn=13626883,4603 AVENUE C,NA,Austin,Texas,United States,1
5605 FORKS RD,New 2-story single family residence with 3 bedrooms 2.5 bathrooms and an attached 2 car garage,2026-01-30,1,2,5605 FORKS RD,78747,2,NA,https://abc.austintexas.gov/web/permit/public-search-other?t_detail=1&t_selected_folderrsn=13644208,5605 FORKS ROAD,NA,Austin,Texas,United States,1
5001 PECAN SPRINGS RD BLDG 4,New construction of 3 story SFR Condo with 2 car garage 3 beds 2.5 baths 2nd and 3rd story balcony,2026-01-28,1,3,5001 PECAN SPRINGS RD BLDG 4,78723,1,NA,https://abc.austintexas.gov/web/permit/public-search-other?t_detail=1&t_selected_folderrsn=13646011,5001 PECAN SPRINGS ROAD BLDG 4,NA,Austin,Texas,United States,1
5109 MONARDA MINT DR,Afton 2981-HC201-L New 1-Story Single Family Residence with (4) bedrooms (2) bathrooms Attached Garage Covered Patio & Porch Cafe,2026-01-23,1,1,5109 MONARDA MINT DR,78653,1,NA,https://abc.austintexas.gov/web/permit/public-search-other?t_detail=1&t_selected_folderrsn=13643039,5109 MONARDA MINT DRIVE,NA,Austin,Texas,United States,1
1808 APRICOT GLEN DR,New construction of a 2-Story Single Family Res. [5 bed 5.5 bath] covered patio guest bedroom/bathroom suite attached via covered patio  attached 3-car garage.,2026-01-08,1,2,1808 APRICOT GLEN DR,78746,8,NA,https://abc.austintexas.gov/web/permit/public-search-other?t_detail=1&t_selected_folderrsn=13634919,1808 APRICOT GLEN DRIVE,NA,Austin,Texas,United States,1
12504 SAINT THOMAS DR,Callaghan 830-M-L Is a New one-story single-family residence with (4) bedrooms (2) bathrooms an attached two-car garage and a covered porch and patio.,2026-01-27,1,1,12504 SAINT THOMAS DR,78617,2,NA,https://abc.austintexas.gov/web/permit/public-search-other?t_detail=1&t_selected_folderrsn=13642546,12504 SAINT THOMAS DRIVE,NA,Austin,Texas,United States,1
12508 SAINT THOMAS DR,Reynolds 890-M-L Is a New two-story single-family residence with (5) bedrooms (3) bathrooms an attached two-car garage and a covered entry porch and patio.,2026-01-27,1,2,12508 SAINT THOMAS DR,78617,2,NA,https://abc.austintexas.gov/web/permit/public-search-other?t_detail=1&t_selected_folderrsn=13641843,12508 SAINT THOMAS DRIVE,NA,Austin,Texas,United States,1
5001 PECAN SPRINGS RD BLDG 3,New 3-story 3 bedroom 3.5 bathroom single family condo with attached garage covered front porch rear covered patio and 2nd floor covered balcony.,2026-01-27,1,3,5001 PECAN SPRINGS RD BLDG 3,78723,1,NA,https://abc.austintexas.gov/web/permit/public-search-other?t_detail=1&t_selected_folderrsn=13644894,5001 PECAN SPRINGS ROAD BLDG 3,NA,Austin,Texas,United States,1
3112 PRADO ST--BLDG 1,ePlan: Residential Expedited Review - New construction of a 2-Story Single Family Res. [3bed 2.5bath] with Attached Garage. Bldg 1,2026-01-26,1,2,3112 PRADO ST BLDG 1,78702,3,NA,https://abc.austintexas.gov/web/permit/public-search-other?t_detail=1&t_selected_folderrsn=13627364,3112 PRADO STREET BLDG 1,NA,Austin,Texas,United States,1
905 SOUTH CENTER ST,Bldg 2: New construction 3-unit use single-family residential 2-story 3 bedroom 2.5 bath with attached 1-car garage covered front porch and 2nd story balcony.,2026-01-05,1,2,905 SOUTH CENTER ST,78704,3,NA,https://abc.austintexas.gov/web/permit/public-search-other?t_detail=1&t_selected_folderrsn=13635429,905 SOUTH CENTER STREET,NA,Austin,Texas,United States,1
5156 VILLAGE SQUARE DR BLDG 8,Bldg. 8 - Unit D - 3 bed 2 bath - New construction of 2 story 4 unit Townhomes,2026-01-05,1,2,5156 VILLAGE SQUARE DR BLDG 8,78744,2,NA,https://abc.austintexas.gov/web/permit/public-search-other?t_detail=1&t_selected_folderrsn=13618545,5156 VILLAGE SQUARE DRIVE BLDG 8,NA,Austin,Texas,United States,1
8804 BREEZE HILL DR,"New SFR 2- Story 3 bedroom 2.5 bath with attached 2-car garage covered front porch and covered rear patio

PUD",2026-01-12,1,2,8804 BREEZE HILL DR,78744,2,NA,https://abc.austintexas.gov/web/permit/public-search-other?t_detail=1&t_selected_folderrsn=13638507,8804 BREEZE HILL DRIVE,NA,Austin,Texas,United States,1
9513 GLADSOME PATH,"*Green Building*
2 Story SFR home with 4 bedrooms and 3 bathrooms with attached garage and covered porch.",2026-02-03,1,2,9513 GLADSOME PATH,78653,1,NA,https://abc.austintexas.gov/web/permit/public-search-other?t_detail=1&t_selected_folderrsn=13648836,9513 GLADSOME PATH,NA,Austin,Texas,United States,1
5156 VILLAGE SQUARE DR BLDG 4,Bldg. 4 Unit B - New Construction of 3 story townhome w/ 3 bedrooms and 2.5 baths.,2026-01-05,1,3,5156 VILLAGE SQUARE DR BLDG 4,78744,2,NA,https://abc.austintexas.gov/web/permit/public-search-other?t_detail=1&t_selected_folderrsn=13618440,5156 VILLAGE SQUARE DRIVE BLDG 4,NA,Austin,Texas,United States,1
2007 CANTERBURY ST--UNIT 1B,ePlan: Residential Expedited Review - New THREE UNIT RES. Bldg 1 New construction of a 2-Story Duplex Unit 1B [1bed 1bath],2026-01-29,1,1,2007 CANTERBURY ST UNIT 1B,78702,3,NA,https://abc.austintexas.gov/web/permit/public-search-other?t_detail=1&t_selected_folderrsn=13643315,2007 CANTERBURY STREET UNIT 1B,NA,Austin,Texas,United States,1
5001 PECAN SPRINGS RD BLDG 2,New construction of 3 story SFR Condo with 2 car garage 2.5 baths 3 bedrooms and covered porch,2026-01-28,1,3,5001 PECAN SPRINGS RD BLDG 2,78723,1,NA,https://abc.austintexas.gov/web/permit/public-search-other?t_detail=1&t_selected_folderrsn=13646385,5001 PECAN SPRINGS ROAD BLDG 2,NA,Austin,Texas,United States,1
1322 SWEET BARK ST,1322 Sweet Bark St - New two-story duplex (3br/2.5ba/unit) with attached garages and covered patios *PRODUCTION BUILDER-CONDO*,2026-01-14,1,2,1322 SWEET BARK ST,78745,5,NA,https://abc.austintexas.gov/web/permit/public-search-other?t_detail=1&t_selected_folderrsn=13639647,1322 SWEET BARK STREET,NA,Austin,Texas,United States,1
806 VARGAS RD,BLDG 1:New two-story SFR and detached single-story SFR,2026-01-26,1,2,806 VARGAS RD,78741,3,NA,https://abc.austintexas.gov/web/permit/public-search-other?t_detail=1&t_selected_folderrsn=13535493,806 VARGAS ROAD,NA,Austin,Texas,United States,1
6201 LANDSCAPE DR,New single-story mobile home 3 bedrooms and 2 bathrooms. new driveway and sidewalk,2026-01-21,1,1,6201 LANDSCAPE DR,78735,8,NA,https://abc.austintexas.gov/web/permit/public-search-other?t_detail=1&t_selected_folderrsn=13636256,6201 LANDSCAPE DRIVE,NA,Austin,Texas,United States,1
811 SUSANA ALMANZA ST,New construction of 3 story duplex condo,2025-12-30,1,3,811 SUSANA ALMANZA ST,78721,3,NA,https://abc.austintexas.gov/web/permit/public-search-other?t_detail=1&t_selected_folderrsn=13479506,811 SUSANA ALMANZA STREET,NA,Austin,Texas,United States,1
6309 MC MURTRY ST,*SMART Housing* *Green Building* New 2-story 4 bedroom 4.5 bathroom single family residence with attached garage covered front porch and rear covered patio.,2026-01-06,1,2,6309 MC MURTRY ST,78747,2,NA,https://abc.austintexas.gov/web/permit/public-search-other?t_detail=1&t_selected_folderrsn=13633827,6309 MC MURTRY STREET,NA,Austin,Texas,United States,1
4504 BRIDAL VEIL DR,Falcon S404 C Left New - 2 Story SFR w/ 4 bedrooms 2.5 bathrooms attached 2 car garage covered entry porch and patio required parking: 2.,2026-01-28,1,2,4504 BRIDAL VEIL DR,78747,5,NA,https://abc.austintexas.gov/web/permit/public-search-other?t_detail=1&t_selected_folderrsn=13646290,4504 BRIDAL VEIL DRIVE,NA,Austin,Texas,United States,1
8602 CHALGRIN PL,ePlan: Residential Expedited Review - New construction of a 1-Story Single Family Res. [3 bed 3.5 bath] with  Attached 2-car Garage 3 bedroom 3.5 bathroom.,2026-01-26,1,1,8602 CHALGRIN PL,78744,2,NA,https://abc.austintexas.gov/web/permit/public-search-other?t_detail=1&t_selected_folderrsn=13645339,8602 CHALGRIN PLACE,NA,Austin,Texas,United States,1
4601 CRESTWAY DR,ePlan: Residential Expedited Review - New construction of a 2-Story Single Family Res. [4bed 5bath] with Habitable Attic Attached Garage,2026-01-08,1,2,4601 CRESTWAY DR,78731,10,NA,https://abc.austintexas.gov/web/permit/public-search-other?t_detail=1&t_selected_folderrsn=13559341,4601 CRESTWAY DRIVE,NA,Austin,Texas,United States,1
812 SUSANA ALMANZA ST,New three-story condo duplex 4 bed 2.5 Bath with attached covered patio,2026-01-02,1,3,812 SUSANA ALMANZA ST,78721,3,NA,https://abc.austintexas.gov/web/permit/public-search-other?t_detail=1&t_selected_folderrsn=13482926,812 SUSANA ALMANZA STREET,NA,Austin,Texas,United States,1
2907 OAKLANE DR,ePlan: Residential Expedited Review - New construction of a 2-Story Single Family Res. [5bed 5.5bath] with Attached Garage,2026-02-03,1,2,2907 OAKLANE DR,78704,5,NA,https://abc.austintexas.gov/web/permit/public-search-other?t_detail=1&t_selected_folderrsn=13647360,2907 OAKLANE DRIVE,NA,Austin,Texas,United States,1
408 CHERRY HILL DR UNIT B,new construction of * rear structure to create a 2-car garage with a studio apartment on top.,2026-01-26,1,2,408 CHERRY HILL DR UNIT B,78704,3,NA,https://abc.austintexas.gov/web/permit/public-search-other?t_detail=1&t_selected_folderrsn=13642671,408 CHERRY HILL DRIVE UNIT B,NA,Austin,Texas,United States,1
7102 STITZEL WELLER DR,New construction of single family dwelling with 3 bedrooms and 2.5 baths 2 car garage rear patio and front porch,2026-01-08,1,1,7102 STITZEL WELLER DR,78744,2,NA,https://abc.austintexas.gov/web/permit/public-search-other?t_detail=1&t_selected_folderrsn=13637152,7102 STITZEL WELLER DRIVE,NA,Austin,Texas,United States,1
8107 MULEY DR,New Construction - New single family residence including all standard appurtenances such as garage drivewaywalkways and landscaping.,2026-02-05,1,2,8107 MULEY DR,78759,6,NA,https://abc.austintexas.gov/web/permit/public-search-other?t_detail=1&t_selected_folderrsn=13557504,8107 MULEY DRIVE,NA,Austin,Texas,United States,1
9504 HAMADRYAS DR,"New 1-story single family residence 3 bedroom 2.5 bathrooms attached garage covered porch and patio green building 

PUD",2026-01-29,1,1,9504 HAMADRYAS DR,78744,2,NA,https://abc.austintexas.gov/web/permit/public-search-other?t_detail=1&t_selected_folderrsn=13646146,9504 HAMADRYAS DRIVE,NA,Austin,Texas,United States,1
6305 MC MURTRY ST,New construction of a 2 story single family residence with attached garage and covered porch. 5/4.5 Reference approved PUD: C8 2018-0171.2B.SH,2026-01-23,1,2,6305 MC MURTRY ST,78747,2,NA,https://abc.austintexas.gov/web/permit/public-search-other?t_detail=1&t_selected_folderrsn=13639532,6305 MC MURTRY STREET,NA,Austin,Texas,United States,1
807 SUSANA ALMANZA ST,New construction of 2 story SFR condo.,2025-12-30,1,2,807 SUSANA ALMANZA ST,78721,3,NA,https://abc.austintexas.gov/web/permit/public-search-other?t_detail=1&t_selected_folderrsn=13479684,807 SUSANA ALMANZA STREET,NA,Austin,Texas,United States,1
3406 MONTE VISTA DR,New 2-story single family residence 4 bed/4.5 bath attached garage carport and covered porch and patio,2026-01-30,1,2,3406 MONTE VISTA DR,78731,10,NA,https://abc.austintexas.gov/web/permit/public-search-other?t_detail=1&t_selected_folderrsn=13635482,3406 MONTE VISTA DRIVE,NA,Austin,Texas,United States,1
8607 CHALGRIN PL,*GREEN BUILDING* New construction single-family residential 1-story 3 bedroom 3.5 bath with attached 2-car garage covered front porch and covered rear patio.,2026-01-12,1,1,8607 CHALGRIN PL,78744,2,NA,https://abc.austintexas.gov/web/permit/public-search-other?t_detail=1&t_selected_folderrsn=13632297,8607 CHALGRIN PLACE,NA,Austin,Texas,United States,1
5103 LOTT AVE,New construction of SFR with covered 2/2,2026-01-02,1,1,5103 LOTT AVE,78721,1,NA,https://abc.austintexas.gov/web/permit/public-search-other?t_detail=1&t_selected_folderrsn=13628869,5103 LOTT AVE,NA,Austin,Texas,United States,1
5156 VILLAGE SQUARE DR BLDG 6,Bldg. 6 Unit D - 3bedroom 2 bath - New construction of 2 story 4 unit Townhome.,2026-01-05,1,2,5156 VILLAGE SQUARE DR BLDG 6,78744,2,NA,https://abc.austintexas.gov/web/permit/public-search-other?t_detail=1&t_selected_folderrsn=13618503,5156 VILLAGE SQUARE DRIVE BLDG 6,NA,Austin,Texas,United States,1
1412 RAMBLING ROSE RD,"New construction of a 2-story single family dwelling in a condo regime. 3 Bedroom 2.5 Bathroom Attached 2 car garage

Revision 1: changed the floor plan to this unit. All revised plans to reflect changes.",2026-01-28,1,2,1412 RAMBLING ROSE RD,78745,5,NA,https://abc.austintexas.gov/web/permit/public-search-other?t_detail=1&t_selected_folderrsn=13646479,1412 RAMBLING ROSE ROAD,NA,Austin,Texas,United States,1
7101 WOODFORD WAY,New construction single-family residential 1-story 3 bedroom 2 bath with attached 2-car garage covered front porch and covered rear patio.,2026-01-06,1,1,7101 WOODFORD WAY,78744,2,NA,https://abc.austintexas.gov/web/permit/public-search-other?t_detail=1&t_selected_folderrsn=13630896,7101 WOODFORD WAY,NA,Austin,Texas,United States,1
9217 DINGO DR,New 2-story single family residence 4 bedroom/3.5 bathroom with attached garage covered porch and patio,2026-01-20,1,2,9217 DINGO DR,78744,2,NA,https://abc.austintexas.gov/web/permit/public-search-other?t_detail=1&t_selected_folderrsn=13640950,9217 DINGO DRIVE,NA,Austin,Texas,United States,1
711 1/2 W 28TH HALF ST,ePlan: Residential Expedited Review - New construction of a 2-Story Single Family Res. [5bed 5bath]. 711 1/2 W 28TH HALF ST,2026-01-09,1,2,711 1/2 W 28TH HALF ST,78705,9,NA,https://abc.austintexas.gov/web/permit/public-search-other?t_detail=1&t_selected_folderrsn=13634515,711 1/2 WEST 28TH HALF STREET,NA,Austin,Texas,United States,1
2007 CANTERBURY ST--BLDG 2,Bldg 2 New construction of a 2-Story Single Family Res. [3bed 2.5bath] with Attached Carport,2026-01-29,1,2,2007 CANTERBURY ST BLDG 2,78702,3,NA,https://abc.austintexas.gov/web/permit/public-search-other?t_detail=1&t_selected_folderrsn=13643316,2007 CANTERBURY STREET BLDG 2,NA,Austin,Texas,United States,1
7414 GUADALUPE ST BLDG 3,Bldg 3:  New construction 3-unit use single-family residential 3-story 4 bedroom 3.5 bath with attached 1-car carport covered front porch covered rear patio and 3rd floor balcony.,2026-02-07,1,3,7414 GUADALUPE ST BLDG 3,78752,4,NA,https://abc.austintexas.gov/web/permit/public-search-other?t_detail=1&t_selected_folderrsn=13651376,7414 GUADALUPE STREET BLDG 3,NA,Austin,Texas,United States,1
813 SUSANA ALMANZA ST,*SMART Housing* *Green Building* New 2-story 2 bedroom 2.5 bathroom duplex condo residence with covered front porch and rear covered patio.,2025-12-30,1,2,813 SUSANA ALMANZA ST,78721,3,NA,https://abc.austintexas.gov/web/permit/public-search-other?t_detail=1&t_selected_folderrsn=13479634,813 SUSANA ALMANZA STREET,NA,Austin,Texas,United States,1
5001 PECAN SPRINGS RD BLDG 34,New 2-Story Single Family Residence with 1 car garage 3 bedrooms 2.5 baths attached covered patio,2026-01-29,1,2,5001 PECAN SPRINGS RD BLDG 34,78723,1,NA,https://abc.austintexas.gov/web/permit/public-search-other?t_detail=1&t_selected_folderrsn=13646831,5001 PECAN SPRINGS ROAD BLDG 34,NA,Austin,Texas,United States,1
2007 CANTERBURY ST--UNIT 1A,ePlan: Residential Expedited Review - New THREE UNIT RES. Bldg 1 New construction of a 2-Story Duplex Unit 1A  [3bed 3bath] with attached Carport,2026-01-29,1,2,2007 CANTERBURY ST BLDG 1,78702,3,NA,https://abc.austintexas.gov/web/permit/public-search-other?t_detail=1&t_selected_folderrsn=13643314,2007 CANTERBURY STREET BLDG 1,NA,Austin,Texas,United States,1
801 SUSANA ALMANZA ST,801 Susana Almanza St New construction of 2story duplex condo Unit B1 3/2.5,2025-12-30,1,2,801 SUSANA ALMANZA ST,78721,3,NA,https://abc.austintexas.gov/web/permit/public-search-other?t_detail=1&t_selected_folderrsn=13452512,801 SUSANA ALMANZA STREET,NA,Austin,Texas,United States,1
1410 PEREZ ST--BLDG 1,ePlan: Residential Expedited Review -Two Unit Res Bldg 1 New construction of a 2-Story Single Family Res. [3bed 3bath] Attached Carport,2026-01-22,1,2,1410 PEREZ ST BLDG 1,78721,1,NA,https://abc.austintexas.gov/web/permit/public-search-other?t_detail=1&t_selected_folderrsn=13632600,1410 PEREZ STREET BLDG 1,NA,Austin,Texas,United States,1
1501 GARNER AVE BLDG 2,Building 2 Garage Apartment 1/1,2026-01-09,1,1,1501 GARNER AVE BLDG 2,78704,5,NA,https://abc.austintexas.gov/web/permit/public-search-other?t_detail=1&t_selected_folderrsn=13637460,1501 GARNER AVE BLDG 2,NA,Austin,Texas,United States,1
9213 FURMAN DR,Donley S355 B Right New - 2 Story SFR w/ 4 bedrooms 2.5 bathrooms attached 2 car garage covered entry porch and patio required parking: 2.,2026-02-05,1,2,9213 FURMAN DR,78747,2,NA,https://abc.austintexas.gov/web/permit/public-search-other?t_detail=1&t_selected_folderrsn=13649763,9213 FURMAN DRIVE,NA,Austin,Texas,United States,1
4801-1/2 FAIRVIEW DRIVE Bldg 2,BLDG 2: New construction of a 1-story studio residence 1 bath.,2026-02-02,1,1,4801 1/2 FAIRVIEW DR BLDG 2,78731,10,NA,https://abc.austintexas.gov/web/permit/public-search-other?t_detail=1&t_selected_folderrsn=13644682,4801 1/2 FAIRVIEW DRIVE BLDG 2,NA,Austin,Texas,United States,1
815 SUSANA ALMANZA ST,*SMART Housing* *Green Building* New 3-story 3 bedroom 2.5 bathroom duplex condo residence with covered front porch and rear covered patio.,2025-12-30,1,3,815 SUSANA ALMANZA ST,78721,3,NA,https://abc.austintexas.gov/web/permit/public-search-other?t_detail=1&t_selected_folderrsn=13479635,815 SUSANA ALMANZA STREET,NA,Austin,Texas,United States,1
7010 STITZEL WELLER DR,PUD New SFR 2- Story 4 bedrooms 3.5 bath with attached 2-car garage covered front porch and covered rear patio,2026-01-09,1,2,7010 STITZEL WELLER DR,78744,2,NA,https://abc.austintexas.gov/web/permit/public-search-other?t_detail=1&t_selected_folderrsn=13636864,7010 STITZEL WELLER DRIVE,NA,Austin,Texas,United States,1
1414 KAREN AVE BLDG 1,"ePlan: Residential Expedited Review - New TWO UNIT RES 
Bldg 1 New construction of a 2-Story Single Family Res. [3bed 2.5bath] with Attached Garage",2025-12-31,1,2,1414 KAREN AVE BLDG 1,78757,7,NA,https://abc.austintexas.gov/web/permit/public-search-other?t_detail=1&t_selected_folderrsn=13607977,1414 KAREN AVE BLDG 1,NA,Austin,Texas,United States,1
8806 BREEZE HILL DR,"New SFR 2- Story 3 bedroom 2.5 bath with attached 2-car garage covered front porch and covered rear patio

PUD",2026-01-09,1,2,8806 BREEZE HILL DR,78744,2,NA,https://abc.austintexas.gov/web/permit/public-search-other?t_detail=1&t_selected_folderrsn=13637176,8806 BREEZE HILL DRIVE,NA,Austin,Texas,United States,1
5001 PECAN SPRINGS RD BLDG 33,Condo - New 2 Story single family residence with 2 car garage covered patio 3 bedrooms 2.5 baths,2026-01-27,1,2,5001 PECAN SPRINGS RD BLDG 33,78723,1,NA,https://abc.austintexas.gov/web/permit/public-search-other?t_detail=1&t_selected_folderrsn=13644256,5001 PECAN SPRINGS ROAD BLDG 33,NA,Austin,Texas,United States,1
5111 MONARDA MINT DR,Beeville 2980-HC202-R New 1-Story Single Family Residence with (3) bedrooms (2) bathrooms Attached Garage Covered Patio & Porch & Cafe,2026-01-30,1,1,5111 MONARDA MINT DR,78653,1,NA,https://abc.austintexas.gov/web/permit/public-search-other?t_detail=1&t_selected_folderrsn=13647482,5111 MONARDA MINT DRIVE,NA,Austin,Texas,United States,1
1312 SWEET BARK ST,1312 Sweet Bark - New two-story duplex (3br/2.5ba/unit) with attached garages and covered patios *PRODUCTION BUILDER- CONDO*,2026-01-14,1,2,1312 SWEET BARK ST,78745,5,NA,https://abc.austintexas.gov/web/permit/public-search-other?t_detail=1&t_selected_folderrsn=13639721,1312 SWEET BARK STREET,NA,Austin,Texas,United States,1
4703 SANTA ANNA ST BLDG 3,ePlan: Residential Expedited Review - New construction of a 3-Story Single Family Res. [3bed 3.5bath] with Attached Garage. BLDG 3,2026-01-06,1,3,4703 SANTA ANNA ST BLDG 3,78721,1,NA,https://abc.austintexas.gov/web/permit/public-search-other?t_detail=1&t_selected_folderrsn=13627206,4703 SANTA ANNA STREET BLDG 3,NA,Austin,Texas,United States,1
2001 MELRIDGE PL BLDG 5,ePlan: Residential Expedited Review - New construction of a 3-Story Single Family Res. [4bed 3.5bath] with Attached Carport. Bldg 5,2026-01-07,1,3,2001 MELRIDGE PL BLDG 5,78704,5,NA,https://abc.austintexas.gov/web/permit/public-search-other?t_detail=1&t_selected_folderrsn=13636113,2001 MELRIDGE PLACE BLDG 5,NA,Austin,Texas,United States,1
8909 NILGAI DR,New 1 story single family residence 4 bed/3.5 bath attached garage covered porch and patio green building,2026-02-10,1,1,8909 NILGAI DR,78744,2,NA,https://abc.austintexas.gov/web/permit/public-search-other?t_detail=1&t_selected_folderrsn=13652598,8909 NILGAI DRIVE,NA,Austin,Texas,United States,1
819 SUSANA ALMANZA ST,*SMART Housing* *Green Building* New 3-story 3 bedroom 2.5 bathroom duplex condo residence with covered front porch and rear covered patio.,2025-12-30,1,3,819 SUSANA ALMANZA ST,78721,3,NA,https://abc.austintexas.gov/web/permit/public-search-other?t_detail=1&t_selected_folderrsn=13479569,819 SUSANA ALMANZA STREET,NA,Austin,Texas,United States,1
9405 DINGO DR,New construction single-family residential 2-story 4 bedroom 3.5 bath with attached 3-car garage covered front porch and covered rear patio.,2026-02-02,1,2,9405 DINGO DR,78744,2,NA,https://abc.austintexas.gov/web/permit/public-search-other?t_detail=1&t_selected_folderrsn=13647832,9405 DINGO DRIVE,NA,Austin,Texas,United States,1
4703 SANTA ANNA ST BLDG 2,ePlan: Residential Expedited Review - New construction of a 2-Story Single Family Res. [2bed 2.5bath] with Attached Carport. BLDG 2,2026-01-06,1,2,4703 SANTA ANNA ST BLDG 2,78721,1,NA,https://abc.austintexas.gov/web/permit/public-search-other?t_detail=1&t_selected_folderrsn=13627205,4703 SANTA ANNA STREET BLDG 2,NA,Austin,Texas,United States,1
1201 GEORGIAN ST,New three-story SFR (5br/4ba) with attached garage and covered porches,2026-01-15,1,3,1201 GEORGIAN ST,78756,7,NA,https://abc.austintexas.gov/web/permit/public-search-other?t_detail=1&t_selected_folderrsn=13640407,1201 GEORGIAN STREET,NA,Austin,Texas,United States,1
8517 PICNIC HOUSE PATH,New SFR 1-story with 4 bedrooms 3 bathrooms attached 2 car garage covered entry porch and patio.,2026-02-04,1,1,8517 PICNIC HOUSE PATH,78744,2,NA,https://abc.austintexas.gov/web/permit/public-search-other?t_detail=1&t_selected_folderrsn=13648919,8517 PICNIC HOUSE PATH,NA,Austin,Texas,United States,1
5001 PECAN SPRINGS RD BLDG 35,New 2 story condo single family residence with 1 car garage covered patio 3 beds 2.5 baths,2026-01-27,1,2,5001 PECAN SPRINGS RD BLDG 35,78723,1,NA,https://abc.austintexas.gov/web/permit/public-search-other?t_detail=1&t_selected_folderrsn=13645055,5001 PECAN SPRINGS ROAD BLDG 35,NA,Austin,Texas,United States,1
1308 RAMBLING ROSE RD,New construction of a 2-story single family dwelling in a condo regime. 3 Bedroom 2.5 Bath with attached 2 car garage,2026-01-23,1,2,1308 RAMBLING ROSE RD,78745,5,NA,https://abc.austintexas.gov/web/permit/public-search-other?t_detail=1&t_selected_folderrsn=13641896,1308 RAMBLING ROSE ROAD,NA,Austin,Texas,United States,1
5156 VILLAGE SQUARE DR BLDG 2,Bldg. 2 Unit B - New construction of 3 story townhome unit w/ 3 bedrooms and 2.5 baths.,2026-01-05,1,3,5156 VILLAGE SQUARE DR BLDG 2,78744,2,NA,https://abc.austintexas.gov/web/permit/public-search-other?t_detail=1&t_selected_folderrsn=13618398,5156 VILLAGE SQUARE DRIVE BLDG 2,NA,Austin,Texas,United States,1
2300 ENFIELD RD UNIT 302,Unit# 302 New 3-story Condominium Residence with attached garage covered porch and patio.  *CONDOMINIUM RESIDENCE,2026-01-26,1,3,2300 ENFIELD RD UNIT 302,78703,10,NA,https://abc.austintexas.gov/web/permit/public-search-other?t_detail=1&t_selected_folderrsn=11852752,2300 ENFIELD ROAD UNIT 302,NA,Austin,Texas,United States,1
3401 GARDEN VILLA LN,ePlan: Residential Expedited Review - New construction of a 2-Story Duplex [2bed 2.5bath] with attached Carport. 3401 Garden Villa Ln,2026-01-26,1,2,3401 GARDEN VILLA LN,78704,3,NA,https://abc.austintexas.gov/web/permit/public-search-other?t_detail=1&t_selected_folderrsn=13610699,3401 GARDEN VILLA LANE,NA,Austin,Texas,United States,1
905 SOUTH CENTER ST,Bldg 1: New construction 3-unit use single-family residential 2-story 3 bedroom 2.5 bath with attached 1-car garage 1-car carport and covered front porch.,2026-01-05,1,2,905 SOUTH CENTER ST,78704,3,NA,https://abc.austintexas.gov/web/permit/public-search-other?t_detail=1&t_selected_folderrsn=13635428,905 SOUTH CENTER STREET,NA,Austin,Texas,United States,1
5156 VILLAGE SQUARE DR BLDG 6,Bldg. 6 Unit C - 3bedroom 1.5 bath - New construction of 2 story 4 unit Townhome.,2026-01-05,1,2,5156 VILLAGE SQUARE DR BLDG 6,78744,2,NA,https://abc.austintexas.gov/web/permit/public-search-other?t_detail=1&t_selected_folderrsn=13618502,5156 VILLAGE SQUARE DRIVE BLDG 6,NA,Austin,Texas,United States,1
4613 BANISTER LN,ePlan: Residential Expedited Review - New construction of a 2-story residence 5 bedroom 4 bathroom 2-car tandem garage.,2026-01-02,1,2,4613 BANISTER LN,78745,5,NA,https://abc.austintexas.gov/web/permit/public-search-other?t_detail=1&t_selected_folderrsn=13634204,4613 BANISTER LANE,NA,Austin,Texas,United States,1
2404 EUCLID AVE,ePlan: Residential Expedited Review - New construction of a 2-Story Single Family Res. [3bed 3.5bath] with Attached Carport.,2026-01-27,1,2,2404 EUCLID AVE,78704,3,NA,https://abc.austintexas.gov/web/permit/public-search-other?t_detail=1&t_selected_folderrsn=13643907,2404 EUCLID AVE,NA,Austin,Texas,United States,1
7407 BOYD HAVEN DR,*Green Building* New 2-story 4 bedroom 3.5 bathroom single family residence with covered front porch and rear covered patio.,2026-01-06,1,2,7407 BOYD HAVEN DR,78744,2,NA,https://abc.austintexas.gov/web/permit/public-search-other?t_detail=1&t_selected_folderrsn=13635627,7407 BOYD HAVEN DRIVE,NA,Austin,Texas,United States,1
814 SUSANA ALMANZA ST,New three-story condo duplex 4 bed 2.5 Bath with attached covered patio,2026-01-02,1,3,814 SUSANA ALMANZA ST,78721,3,NA,https://abc.austintexas.gov/web/permit/public-search-other?t_detail=1&t_selected_folderrsn=13482927,814 SUSANA ALMANZA STREET,NA,Austin,Texas,United States,1
7201 WOODFORD WAY,New two-story SFR with attached garage covered porch and covered patio,2026-01-02,1,2,7201 WOODFORD WAY,78744,2,NA,https://abc.austintexas.gov/web/permit/public-search-other?t_detail=1&t_selected_folderrsn=13632353,7201 WOODFORD WAY,NA,Austin,Texas,United States,1
16816 WIND CHIME DR,"*Green Building*

1 Story SFR with 4 bedrooms and 3 bathrooms with attached garage and covered porch",2026-02-03,1,1,16816 WIND CHIME DR,78653,1,NA,https://abc.austintexas.gov/web/permit/public-search-other?t_detail=1&t_selected_folderrsn=13649032,16816 WIND CHIME DRIVE,NA,Austin,Texas,United States,1
925 CARDINAL LN,ePlan: Residential Expedited Review - New construction of a 2-Story Duplex [2bed 2.5bath] with attached Carport. 925 Cardinal Ln,2026-01-26,1,2,925 CARDINAL LN,78704,3,NA,https://abc.austintexas.gov/web/permit/public-search-other?t_detail=1&t_selected_folderrsn=13610698,925 CARDINAL LANE,NA,Austin,Texas,United States,1
1410 PEREZ ST--BLDG 2,Bldg 2 New construction of a 2-Story Single Family Res. [3bed 2.5bath] Attached Carport,2026-01-22,1,2,1410 PEREZ ST BLDG 2,78721,1,NA,https://abc.austintexas.gov/web/permit/public-search-other?t_detail=1&t_selected_folderrsn=13632601,1410 PEREZ STREET BLDG 2,NA,Austin,Texas,United States,1
2707 WHITE HORSE TRL,ePlan: Residential Expedited Review - New construction of a 2-Story Single Family Res. [5bed 4bath] with Attached Garage.,2026-02-03,1,2,2707 WHITE HORSE TRL,78757,7,NA,https://abc.austintexas.gov/web/permit/public-search-other?t_detail=1&t_selected_folderrsn=13642934,2707 WHITE HORSE TRAIL,NA,Austin,Texas,United States,1
9309 DINGO DR,New construction of single-family dwelling with 4 bedrooms and 3.5 baths 3 car garage rear patio and front porch,2026-01-22,1,1,9309 DINGO DR,78744,2,NA,https://abc.austintexas.gov/web/permit/public-search-other?t_detail=1&t_selected_folderrsn=13642580,9309 DINGO DRIVE,NA,Austin,Texas,United States,1
5001 PECAN SPRINGS RD BLDG 31,New Condo - New 2 story single family residence with 1 car garage 3 beds 2.5 baths,2026-01-27,1,2,5001 PECAN SPRINGS RD BLDG 31,78723,1,NA,https://abc.austintexas.gov/web/permit/public-search-other?t_detail=1&t_selected_folderrsn=13645088,5001 PECAN SPRINGS ROAD BLDG 31,NA,Austin,Texas,United States,1
2806 SAN PEDRO ST UNIT B,UNIT 102: (north Unit:  New 1st floor unit of triplex 3 bathroom 3 bedroom shared patio & porch w/ other units.. Part of 2-story triplex  3-unit use.,2026-01-16,1,1,2806 SAN PEDRO ST UNIT B,78705,9,NA,https://abc.austintexas.gov/web/permit/public-search-other?t_detail=1&t_selected_folderrsn=13641615,2806 SAN PEDRO STREET UNIT B,NA,Austin,Texas,United States,1
2821 SALADO ST,ePlan: Residential Expedited Review - New construction of a 2-Story Single Family Res. [5bed 5bath]. 2821 SALADO ST,2026-01-09,1,2,2821 SALADO ST,78705,9,NA,https://abc.austintexas.gov/web/permit/public-search-other?t_detail=1&t_selected_folderrsn=13634514,2821 SALADO STREET,NA,Austin,Texas,United States,1
5156 VILLAGE SQUARE DR BLDG 4,Bldg. 4 Unit C - New Construction of 3 story townhome w/ 3 bedrooms and 2.5 baths.,2026-01-05,1,3,5156 VILLAGE SQUARE DR BLDG 4,78744,2,NA,https://abc.austintexas.gov/web/permit/public-search-other?t_detail=1&t_selected_folderrsn=13618441,5156 VILLAGE SQUARE DRIVE BLDG 4,NA,Austin,Texas,United States,1
13216 KEEFER DR,Brahman 3318 B Right New - 2 Story SFR CONDOMINUM w/ 4 bedrooms 2.5 bathrooms attached 2 car garage covered entry porch and patio FFE: 680.23 Site Plan: SP-2021-0328C Site Plan Exp.: 01/09/27 Max Bld height: 31 Actual Bld height: 31-0 required parking: 2.,2026-02-09,1,2,13216 KEEFER DR,78652,5,NA,https://abc.austintexas.gov/web/permit/public-search-other?t_detail=1&t_selected_folderrsn=13651401,13216 KEEFER DRIVE,NA,Austin,Texas,United States,1
4606 GILLIS ST BLDG 2,ePlan: Residential Expedited Review - New construction of a 1-Story Single Family Res. [1bed 1bath].  Bldg 2,2026-01-20,1,1,4606 GILLIS ST BLDG 2,78745,5,NA,https://abc.austintexas.gov/web/permit/public-search-other?t_detail=1&t_selected_folderrsn=13640497,4606 GILLIS STREET BLDG 2,NA,Austin,Texas,United States,1
1212 ARCADIA AVE BLDG 2,New construction of 1 story tiny house (2nd unit),2026-01-21,1,1,1212 ARCADIA AVE BLDG 2,78757,7,NA,https://abc.austintexas.gov/web/permit/public-search-other?t_detail=1&t_selected_folderrsn=13625321,1212 ARCADIA AVE BLDG 2,NA,Austin,Texas,United States,1
2609 FISET DR,New construction - new single family residence with attached garage and new driveway. There is an expired permit to replace water service the scope under the expired permit will have to be wrapped up into this permit since AW required a water plan upgrade. submitting the ack of exp permits eitherway.,2026-01-05,1,2,2609 FISET DR,78731,7,NA,https://abc.austintexas.gov/web/permit/public-search-other?t_detail=1&t_selected_folderrsn=13620169,2609 FISET DRIVE,NA,Austin,Texas,United States,1
8205 PEERLESS PASS,*Green Building* New 1-story 3 bedroom 2 bathroom single family residence with attached garage covered front porch and rear covered patio.,2026-02-05,1,1,8205 PEERLESS PASS,78744,2,NA,https://abc.austintexas.gov/web/permit/public-search-other?t_detail=1&t_selected_folderrsn=13649057,8205 PEERLESS PASS,NA,Austin,Texas,United States,1
803 JOHNNY LIMON WAY,"New Construction of 3 Story Duplex Condo (3 beds 3 baths covered patio)

(803 Johnny Limon Way)",2025-12-29,1,3,803 JOHNNY LIMON WAY,78721,3,NA,https://abc.austintexas.gov/web/permit/public-search-other?t_detail=1&t_selected_folderrsn=13481633,803 JOHNNY LIMON WAY,NA,Austin,Texas,United States,1
1310 E APPLEGATE DR,New construction - new 2-story 4 bed room 3 bathroom single-family residence with attached 2-car garage.,2026-01-02,1,1,1310 E APPLEGATE DR,78753,1,NA,https://abc.austintexas.gov/web/permit/public-search-other?t_detail=1&t_selected_folderrsn=13634303,1310 EAST APPLEGATE DRIVE,NA,Austin,Texas,United States,1
913 CAPITOL CT BLDG 2,ePlan: Residential Expedited Review - New TWO UNIT RES.  Bldg 2 New construction of a 2-Story Single Family Res. [2bed 2.5bath] with Attached Carport,2026-01-07,1,2,913 CAPITOL CT BLDG 2,78756,7,NA,https://abc.austintexas.gov/web/permit/public-search-other?t_detail=1&t_selected_folderrsn=13548942,913 CAPITOL CT BLDG 2,NA,Austin,Texas,United States,1
8702 BASIL HAYDEN LN,"New SFR 1- Story 3 bedroom 2 bath with attached 2-car garage covered front porch and covered rear patio

PUD",2026-01-09,1,1,8702 BASIL HAYDEN LN,78744,2,NA,https://abc.austintexas.gov/web/permit/public-search-other?t_detail=1&t_selected_folderrsn=13635380,8702 BASIL HAYDEN LANE,NA,Austin,Texas,United States,1
808 SUSANA ALMANZA ST,New 2 story condo 3 Bed/3 bath attached covered porch and patio Green/Smart housing,2026-01-02,1,2,808 SUSANA ALMANZA ST,78721,3,NA,https://abc.austintexas.gov/web/permit/public-search-other?t_detail=1&t_selected_folderrsn=13481587,808 SUSANA ALMANZA STREET,NA,Austin,Texas,United States,1
5001 PECAN SPRINGS RD BLDG 32,New 3 Story single family residence with 2 car garage 3.5 baths 3 beds,2026-01-28,1,3,5001 PECAN SPRINGS RD BLDG 32,78723,1,NA,https://abc.austintexas.gov/web/permit/public-search-other?t_detail=1&t_selected_folderrsn=13646464,5001 PECAN SPRINGS ROAD BLDG 32,NA,Austin,Texas,United States,1
905 SOUTH CENTER ST,Bldg 3: New construction 3-unit use single-family residential 2-story 4 bedroom 3 bath with covered front porch.,2026-01-05,1,2,905 SOUTH CENTER ST,78704,3,NA,https://abc.austintexas.gov/web/permit/public-search-other?t_detail=1&t_selected_folderrsn=13635431,905 SOUTH CENTER STREET,NA,Austin,Texas,United States,1
4606 GILLIS ST BLDG 1,ePlan: Residential Expedited Review - New construction of a 2-Story Single Family Res. [4bed 3.5bath] with Attached Garage.,2026-01-20,1,2,4606 GILLIS ST BLDG 1,78745,5,NA,https://abc.austintexas.gov/web/permit/public-search-other?t_detail=1&t_selected_folderrsn=13640496,4606 GILLIS STREET BLDG 1,NA,Austin,Texas,United States,1
8508 AMBERGILL CT,New 1 story single family residence with 4 bedrooms 3 bathrooms attached 2 car garage covered entry porch and patio.,2026-01-29,1,1,8508 AMBERGILL CT,78744,2,NA,https://abc.austintexas.gov/web/permit/public-search-other?t_detail=1&t_selected_folderrsn=13646136,8508 AMBERGILL CT,NA,Austin,Texas,United States,1
1506 ALGUNO RD,ePlan: Residential Expedited Review - New construction of a 2-Story Single Family Res. [5bed 4bath] with Habitable Attic Attached Carport.,2026-02-03,1,2,1506 ALGUNO RD,78757,7,NA,https://abc.austintexas.gov/web/permit/public-search-other?t_detail=1&t_selected_folderrsn=13646876,1506 ALGUNO ROAD,NA,Austin,Texas,United States,1
1300 RAMBLING ROSE RD,New construction of a 2-story single family dwelling in a condo regime. 3 BEDROOM 2.5 BATH with attached Garage,2026-01-28,1,2,1300 RAMBLING ROSE RD,78745,5,NA,https://abc.austintexas.gov/web/permit/public-search-other?t_detail=1&t_selected_folderrsn=13646472,1300 RAMBLING ROSE ROAD,NA,Austin,Texas,United States,1
5001 PECAN SPRINGS RD BLDG 37,New 2 story SFR with 2 car garage 25 baths 3 bedrooms and attached covered patio,2026-01-27,1,2,5001 PECAN SPRINGS RD BLDG 37,78723,1,NA,https://abc.austintexas.gov/web/permit/public-search-other?t_detail=1&t_selected_folderrsn=13645561,5001 PECAN SPRINGS ROAD BLDG 37,NA,Austin,Texas,United States,1
2001 MELRIDGE PL BLDG 6,ePlan: Residential Expedited Review - New construction of a 2-Story Single Family Res. [4bed 3.5bath] with Attached Carport. Bldg 6,2026-01-07,1,2,2001 MELRIDGE PL BLDG 6,78704,5,NA,https://abc.austintexas.gov/web/permit/public-search-other?t_detail=1&t_selected_folderrsn=13636115,2001 MELRIDGE PLACE BLDG 6,NA,Austin,Texas,United States,1
5156 VILLAGE SQUARE DR BLDG 4,Bldg. 4 Unit A - New Construction of 3 story townhome w/ 3 bedrooms and 2.5 baths.,2026-01-05,1,3,5156 VILLAGE SQUARE DR BLDG 4,78744,2,NA,https://abc.austintexas.gov/web/permit/public-search-other?t_detail=1&t_selected_folderrsn=13618439,5156 VILLAGE SQUARE DRIVE BLDG 4,NA,Austin,Texas,United States,1
4703 SANTA ANNA ST BLDG 1,ePlan: Residential Expedited Review - New construction of a 3-Story Single Family Res. [3bed 3.5bath] with Attached Carport. BLDG 1,2026-01-06,1,3,4703 SANTA ANNA ST BLDG 1,78721,1,NA,https://abc.austintexas.gov/web/permit/public-search-other?t_detail=1&t_selected_folderrsn=13627204,4703 SANTA ANNA STREET BLDG 1,NA,Austin,Texas,United States,1
1300 MC KIE DR BLDG 1,"Building 1 Unit 11 New construction of a two story 4 unit condo 8 total beds 10 baths 
with attached garage    2/2.5",2026-01-14,1,2,1300 MC KIE DR BLDG 1,78752,4,NA,https://abc.austintexas.gov/web/permit/public-search-other?t_detail=1&t_selected_folderrsn=12999498,1300 MC KIE DRIVE BLDG 1,NA,Austin,Texas,United States,1
5156 VILLAGE SQUARE DR BLDG 2,Bldg. 2 Unit A - New construction of 3 story townhome unit w/ 3 bedrooms and 2.5 baths.,2026-01-05,1,3,5156 VILLAGE SQUARE DR BLDG 2,78744,2,NA,https://abc.austintexas.gov/web/permit/public-search-other?t_detail=1&t_selected_folderrsn=13618397,5156 VILLAGE SQUARE DRIVE BLDG 2,NA,Austin,Texas,United States,1
1500 VALLEYRIDGE DR,ePlan: Residential Expedited Review - New construction of a 2-Story Single Family Res. [4bed 4.5bath] with Attached Carport.,2026-01-23,1,2,1500 VALLEYRIDGE DR,78704,5,NA,https://abc.austintexas.gov/web/permit/public-search-other?t_detail=1&t_selected_folderrsn=13640961,1500 VALLEYRIDGE DRIVE,NA,Austin,Texas,United States,1
803 SUSANA ALMANZA ST,803 Susana Almanza St Unit C1 New 3 Story duplex 3/2.5,2025-12-30,1,3,803 SUSANA ALMANZA ST,78721,3,NA,https://abc.austintexas.gov/web/permit/public-search-other?t_detail=1&t_selected_folderrsn=13452513,803 SUSANA ALMANZA STREET,NA,Austin,Texas,United States,1
5156 VILLAGE SQUARE DR BLDG 8,Bldg. 8 - Unit A - 3 bed 2 bath - New construction of 2 story 4 unit Townhomes,2026-01-05,1,2,5156 VILLAGE SQUARE DR BLDG 8,78744,2,NA,https://abc.austintexas.gov/web/permit/public-search-other?t_detail=1&t_selected_folderrsn=13618542,5156 VILLAGE SQUARE DRIVE BLDG 8,NA,Austin,Texas,United States,1
5001 PECAN SPRINGS RD BLDG 5,New construction of 3 story SFR Condo with 2 car garage and covered porch 3 bedrooms 2.5 baths,2026-01-28,1,3,5001 PECAN SPRINGS RD BLDG 5,78723,1,NA,https://abc.austintexas.gov/web/permit/public-search-other?t_detail=1&t_selected_folderrsn=13646084,5001 PECAN SPRINGS ROAD BLDG 5,NA,Austin,Texas,United States,1
2522 WAYMAKER WAY BLDG 2,Convert existing detached garage into a dwelling unit consisting of 1 bedroom/living space 1 full bathroom and kitchenette. Add new windows.,2026-02-03,1,1,2522 WAYMAKER WAY BLDG 2,78746,8,NA,https://abc.austintexas.gov/web/permit/public-search-other?t_detail=1&t_selected_folderrsn=13646895,2522 WAYMAKER WAY BLDG 2,NA,Austin,Texas,United States,1
8802 BREEZE HILL DR,*Green Building* New 2-story 3 bedroom 3 bathroom single family residence with attached garage covered front porch and covered patio.,2026-01-09,1,2,8802 BREEZE HILL DR,78744,2,NA,https://abc.austintexas.gov/web/permit/public-search-other?t_detail=1&t_selected_folderrsn=13637424,8802 BREEZE HILL DRIVE,NA,Austin,Texas,United States,1
5907 JORGE GUERRA ST,Building 5907 Jorge Guerra St New construction of a 3-story duplex as part of a larger development of 15 total buildings on a single lot.  3/3,2026-01-02,1,3,5907 JORGE GUERRA ST,78721,3,NA,https://abc.austintexas.gov/web/permit/public-search-other?t_detail=1&t_selected_folderrsn=13477097,5907 JORGE GUERRA STREET,NA,Austin,Texas,United States,1
1408 RAMBLING ROSE RD,New construction of a 2-story single family dwelling in a condo regime. 3 Bedroom 2.5 bath 2 car attached garage,2026-02-06,1,2,1408 RAMBLING ROSE RD,78745,5,NA,https://abc.austintexas.gov/web/permit/public-search-other?t_detail=1&t_selected_folderrsn=13651006,1408 RAMBLING ROSE ROAD,NA,Austin,Texas,United States,1
9803 RIBELIN RANCH CT BLDG 5,New construction of single building based on Volume Builder Approved (2024-067871 VB) Plan 5-BA-L. This is a 2 Story building 3 beds 3.5 baths with height of 33-4 and 3144 square feet.,2026-01-07,1,2,9803 RIBELIN RANCH CT BLDG 5,78750,10,NA,https://abc.austintexas.gov/web/permit/public-search-other?t_detail=1&t_selected_folderrsn=13634170,9803 RIBELIN RANCH CT BLDG 5,NA,Austin,Texas,United States,1
817 SUSANA ALMANZA ST,*SMART Housing* *Green Building* New 2-story 2 bedroom 2.5 bathroom duplex condo residence with covered front porch and rear covered patio.,2025-12-30,1,2,817 SUSANA ALMANZA ST,78721,3,NA,https://abc.austintexas.gov/web/permit/public-search-other?t_detail=1&t_selected_folderrsn=13479568,817 SUSANA ALMANZA STREET,NA,Austin,Texas,United States,1
17116 WIND CHIME DR,"New construction of 2 story SFR with 4 beds 3.5 baths with attached garage and covered porch.

PUD",2026-02-04,1,2,17116 WIND CHIME DR,78653,1,NA,https://abc.austintexas.gov/web/permit/public-search-other?t_detail=1&t_selected_folderrsn=13649403,17116 WIND CHIME DRIVE,NA,Austin,Texas,United States,1
2805 BONNIE RD BLDG 2,BLDG 2:  New construction of a 2-Story Duplex unit [1 bed 1.5 bath].  Attached to the corner of the patio for Building 1,2026-01-12,1,2,2805 BONNIE RD BLDG 2,78703,10,NA,https://abc.austintexas.gov/web/permit/public-search-other?t_detail=1&t_selected_folderrsn=13630960,2805 BONNIE ROAD BLDG 2,NA,Austin,Texas,United States,1
2301 WESTWORTH CIR,ePlan: Residential Expedited Review - New construction of a 2-Story Single Family Res. [5bed 4bath] with Habitable Attic Attached Garage.,2026-01-27,1,2,2301 WESTWORTH CIR,78704,5,NA,https://abc.austintexas.gov/web/permit/public-search-other?t_detail=1&t_selected_folderrsn=13640227,2301 WESTWORTH CIR,NA,Austin,Texas,United States,1
5156 VILLAGE SQUARE DR BLDG 2,Bldg. 2 Unit C - New construction of 3 story townhome unit w/ 3 bedrooms and 2.5 baths.,2026-01-05,1,3,5156 VILLAGE SQUARE DR BLDG 2,78744,2,NA,https://abc.austintexas.gov/web/permit/public-search-other?t_detail=1&t_selected_folderrsn=13618399,5156 VILLAGE SQUARE DRIVE BLDG 2,NA,Austin,Texas,United States,1
5907 SILENT NOVA VW,New construction of SFR Condo with 5 beds 5.5 baths covered patio covered porch and covered front deck 2nd floor balcony 3 car garage,2026-01-08,1,1,5907 SILENT NOVA VW,78730,10,NA,https://abc.austintexas.gov/web/permit/public-search-other?t_detail=1&t_selected_folderrsn=13637315,5907 SILENT NOVA VW,NA,Austin,Texas,United States,1
12115 FENNEC WAY,New construction of 3 story SFR with 3-5 beds 2.35-4 baths recreation room covered patio 1st and 2nd floor and covered entry with 2 car attached garage,2026-01-13,1,3,12115 FENNEC WAY,78758,7,NA,https://abc.austintexas.gov/web/permit/public-search-other?t_detail=1&t_selected_folderrsn=13639682,12115 FENNEC WAY,NA,Austin,Texas,United States,1
8001 MULEY DR,New Construction of a single-family residence with attached parking covered porches balconies and decks. Lower porch pool porch and sky deck are not included in the area calculations as they are either above or below other habitable areas counted for coverage,2026-01-19,1,2,8001 MULEY DR,78759,6,NA,https://abc.austintexas.gov/web/permit/public-search-other?t_detail=1&t_selected_folderrsn=13637070,8001 MULEY DRIVE,NA,Austin,Texas,United States,1
1216 ETERNITY TER,New construction of a 2 story residence with 5 bedrooms 5.5 bathrooms covered patio gym & 3-car garage.,2025-12-31,1,2,1216 ETERNITY TER,78746,8,NA,https://abc.austintexas.gov/web/permit/public-search-other?t_detail=1&t_selected_folderrsn=13634107,1216 ETERNITY TER,NA,Austin,Texas,United States,1
5021 STOCKTON LN,Hughes 841-M-L Is a New one-story single-family residence with (4) bedrooms (3) bathrooms an attached two-car garage and a covered entry porch & patio.,2026-01-07,1,1,5021 STOCKTON LN,78617,2,NA,https://abc.austintexas.gov/web/permit/public-search-other?t_detail=1&t_selected_folderrsn=13635909,5021 STOCKTON LANE,NA,Austin,Texas,United States,1
815 JOHNNY LIMON WAY,New Construction of 2 Story SFR Condo,2025-12-30,1,2,815 JOHNNY LIMON WAY,78721,3,NA,https://abc.austintexas.gov/web/permit/public-search-other?t_detail=1&t_selected_folderrsn=13476588,815 JOHNNY LIMON WAY,NA,Austin,Texas,United States,1
816 SUSANA ALMANZA ST,Duplex Unit#818 3-story 4 bed/2.5 bath with attached covered porch and patio,2026-01-02,1,3,816 SUSANA ALMANZA ST,78721,3,NA,https://abc.austintexas.gov/web/permit/public-search-other?t_detail=1&t_selected_folderrsn=13480648,816 SUSANA ALMANZA STREET,NA,Austin,Texas,United States,1
4610 LENNOX DR,ePlan: Residential Expedited Review - New construction of a two-story single family residence with two car garage rear patio 4 bedroom 3.5 bathroom.,2026-02-05,1,2,4610 LENNOX DR,78745,3,NA,https://abc.austintexas.gov/web/permit/public-search-other?t_detail=1&t_selected_folderrsn=13643686,4610 LENNOX DRIVE,NA,Austin,Texas,United States,1
4500 LAVA ISLAND DR,Flacon S404 C Right New - 2 Story SFR w/ 4 bedrooms 2.5 bathrooms attached 2 car garage covered entry porch and patio required parking: 2.,2026-01-28,1,2,4500 LAVA ISLAND DR,78747,5,NA,https://abc.austintexas.gov/web/permit/public-search-other?t_detail=1&t_selected_folderrsn=13645708,4500 LAVA ISLAND DRIVE,NA,Austin,Texas,United States,1
8609 CHALGRIN PL,*Green Building* New 2-story 5 bedroom 4 bathroom single family residence with covered front porch and rear covered patio.,2026-01-12,1,2,8609 CHALGRIN PL,78744,2,NA,https://abc.austintexas.gov/web/permit/public-search-other?t_detail=1&t_selected_folderrsn=13633800,8609 CHALGRIN PLACE,NA,Austin,Texas,United States,1
5001 PECAN SPRINGS RD BLDG 1,New Construction of 3 story SFR Condo with 2 car garage covered patio 2nd floor balcony 3 beds 3.5 baths,2026-01-28,1,3,5001 PECAN SPRINGS RD BLDG 1,78723,1,NA,https://abc.austintexas.gov/web/permit/public-search-other?t_detail=1&t_selected_folderrsn=13645953,5001 PECAN SPRINGS ROAD BLDG 1,NA,Austin,Texas,United States,1
8216 FRITILLARY DR,"New construction of SFR Condo with 3 beds 2.5 baths porch (temporary office to garage area will convert back to garage before occupation)

PUD",2026-02-09,1,2,8216 FRITILLARY DR,78744,2,NA,https://abc.austintexas.gov/web/permit/public-search-other?t_detail=1&t_selected_folderrsn=13651373,8216 FRITILLARY DRIVE,NA,Austin,Texas,United States,1
1606 WETHERSFIELD RD,New construction single-family residential 2-story 4 bedroom 3.5 bath with attached 1-car garage and covered front porch.,2026-01-23,1,2,1606 WETHERSFIELD RD,78703,10,NA,https://abc.austintexas.gov/web/permit/public-search-other?t_detail=1&t_selected_folderrsn=13642483,1606 WETHERSFIELD ROAD,NA,Austin,Texas,United States,1
816 SUSANA ALMANZA ST,Duplex Unit #816 3-story 4 bed/2.5 bath with attached covered porch and patio,2026-01-02,1,3,816 SUSANA ALMANZA ST,78721,3,NA,https://abc.austintexas.gov/web/permit/public-search-other?t_detail=1&t_selected_folderrsn=13480647,816 SUSANA ALMANZA STREET,NA,Austin,Texas,United States,1
7414 GUADALUPE ST BLDG 2,Bldg 2:  New construction 3-unit use single-family residential 3-story 4 bedroom 3.5 bath with attached 1-car carport covered front porch covered rear patio and 3rd floor balcony.,2026-02-07,1,3,7414 GUADALUPE ST BLDG 2,78752,4,NA,https://abc.austintexas.gov/web/permit/public-search-other?t_detail=1&t_selected_folderrsn=13651375,7414 GUADALUPE STREET BLDG 2,NA,Austin,Texas,United States,1
3220 CHERRY LN,ePlan: Residential Expedited Review - New construction of a 2-Story Single Family Res. [4bed 2.5bath] with Habitable Attic and Attached Carport.,2026-01-29,1,2,3220 CHERRY LN,78703,10,NA,https://abc.austintexas.gov/web/permit/public-search-other?t_detail=1&t_selected_folderrsn=13647316,3220 CHERRY LANE,NA,Austin,Texas,United States,1
10300 EPSILON WAY,New SFR Condo with 5 or 6 beds option 5.5 baths covered patio covered porch and covered front deck with 3 car attached tandem garage,2026-02-03,1,2,10300 EPSILON WAY,78730,10,NA,https://abc.austintexas.gov/web/permit/public-search-other?t_detail=1&t_selected_folderrsn=13649036,10300 EPSILON WAY,NA,Austin,Texas,United States,1
7501 BOYD HAVEN DR,*Green Building* New 2-story 3 bedroom 2.5 bathroom single family residence with covered front porch and rear covered patio.,2026-01-06,1,2,7501 BOYD HAVEN DR,78744,2,NA,https://abc.austintexas.gov/web/permit/public-search-other?t_detail=1&t_selected_folderrsn=13635700,7501 BOYD HAVEN DRIVE,NA,Austin,Texas,United States,1
2806 SAN PEDRO ST UNIT C,UNIT 201:  New 2nd floor unit of triplex 6.5 bathroom 6 bedroom patio & porch. Part of 2-story triplex  3-unit use.,2026-01-16,1,1,2806 SAN PEDRO ST UNIT C,78705,9,NA,https://abc.austintexas.gov/web/permit/public-search-other?t_detail=1&t_selected_folderrsn=13641617,2806 SAN PEDRO STREET UNIT C,NA,Austin,Texas,United States,1
5105 MONARDA MINT DR,Afton 2981-HC202-L New 1-Story Single Family Residence with (4) bedrooms (2) bathrooms Attached Garage Covered Patio & Porch Cafe,2026-01-23,1,1,5105 MONARDA MINT DR,78653,1,NA,https://abc.austintexas.gov/web/permit/public-search-other?t_detail=1&t_selected_folderrsn=13643022,5105 MONARDA MINT DRIVE,NA,Austin,Texas,United States,1
17221 ASTRAL LN,New construction single-family residential 2-story 4 bedroom 2.5 bath with attached 2-car garage covered front patio and covered rear porch.,2026-01-14,1,2,17221 ASTRAL LN,78653,1,NA,https://abc.austintexas.gov/web/permit/public-search-other?t_detail=1&t_selected_folderrsn=13640046,17221 ASTRAL LANE,NA,Austin,Texas,United States,1
809 SUSANA ALMANZA ST,New construction of 3 story duplex condo,2025-12-30,1,3,809 SUSANA ALMANZA ST,78721,3,NA,https://abc.austintexas.gov/web/permit/public-search-other?t_detail=1&t_selected_folderrsn=13479505,809 SUSANA ALMANZA STREET,NA,Austin,Texas,United States,1
5156 VILLAGE SQUARE DR BLDG 8,Bldg. 8 - Unit B - 3 bed 1.5 bath - New construction of 2 story 4 unit Townhomes,2026-01-05,1,2,5156 VILLAGE SQUARE DR BLDG 8,78744,2,NA,https://abc.austintexas.gov/web/permit/public-search-other?t_detail=1&t_selected_folderrsn=13618543,5156 VILLAGE SQUARE DRIVE BLDG 8,NA,Austin,Texas,United States,1
8601 DONGAN DR,2 story Single Family Home with attached garage and office. 4bedroom 3 bath.,2026-01-20,1,2,8601 DONGAN DR,78744,2,NA,https://abc.austintexas.gov/web/permit/public-search-other?t_detail=1&t_selected_folderrsn=13639298,8601 DONGAN DRIVE,NA,Austin,Texas,United States,1
1002 BRENTWOOD ST BLDG 1,Bldg 1: New construction 3-unit usen single-family residential 2-story 3 bedroom 2.5 bath with attached 2-car garage covered front porch and covered rear patio.,2026-02-09,1,2,1002 BRENTWOOD ST BLDG 1,78757,7,NA,https://abc.austintexas.gov/web/permit/public-search-other?t_detail=1&t_selected_folderrsn=13650525,1002 BRENTWOOD STREET BLDG 1,NA,Austin,Texas,United States,1
5107 MONARDA MINT DR,Beeville 2980-HC201-L New 1-Story Single Family Residence with (3) bedrooms (2) bathrooms Attached Garage Covered Patio & Porch & Cafe,2026-01-23,1,1,5107 MONARDA MINT DR,78653,1,NA,https://abc.austintexas.gov/web/permit/public-search-other?t_detail=1&t_selected_folderrsn=13643031,5107 MONARDA MINT DRIVE,NA,Austin,Texas,United States,1
4415 SINCLAIR AVE,Addition and Remodel to Existing 2-Story Single Family Residence.  Remodel includes new doors  remodel of kitchen and living room new master bathroom on first floor. Addition includes 2 new bedrooms playroom and bathroom on second floor.,2026-01-07,1,2,4415 SINCLAIR AVE,78756,10,NA,https://abc.austintexas.gov/web/permit/public-search-other?t_detail=1&t_selected_folderrsn=13450760,4415 SINCLAIR AVE,NA,Austin,Texas,United States,1
9803 RIBELIN RANCH CT BLDG 31,New construction of single building based on Volume Builder Approved (2024-067871 VB) Plan 4-AB-R. This is a 2 Story building 4 beds 4.5 baths with height of 30-9 and 3801 square feet.,2026-01-07,1,2,9803 RIBELIN RANCH CT BLDG 31,78750,10,NA,https://abc.austintexas.gov/web/permit/public-search-other?t_detail=1&t_selected_folderrsn=13634187,9803 RIBELIN RANCH CT BLDG 31,NA,Austin,Texas,United States,1
5001 PECAN SPRINGS RD BLDG 29,New 2 story single family residence with 2 car garage covered front porch and patio,2026-01-27,1,2,5001 PECAN SPRINGS RD BLDG 29,78723,1,NA,https://abc.austintexas.gov/web/permit/public-search-other?t_detail=1&t_selected_folderrsn=13643940,5001 PECAN SPRINGS ROAD BLDG 29,NA,Austin,Texas,United States,1
1414 KAREN AVE BLDG 2,"ePlan: Residential Expedited Review - New TWO UNIT RES 
Bldg 2 New construction of a 2-Story Single Family Res. [4bed 4.5bath] with attached Carport",2025-12-31,1,2,1414 KAREN AVE BLDG 2,78757,7,NA,https://abc.austintexas.gov/web/permit/public-search-other?t_detail=1&t_selected_folderrsn=13607978,1414 KAREN AVE BLDG 2,NA,Austin,Texas,United States,1
4508 LAVA ISLAND DR,Eisenhower S406 B Left New - 2 Story SFR w/ 5 bedrooms 3 bathrooms attached 2 car garage covered entry porch and patio required parking: 2.,2026-01-28,1,2,4508 LAVA ISLAND DR,78747,5,NA,https://abc.austintexas.gov/web/permit/public-search-other?t_detail=1&t_selected_folderrsn=13645723,4508 LAVA ISLAND DRIVE,NA,Austin,Texas,United States,1
21 SCOTT CRES UNIT B,21 Scott Cres Unit B: New duplex unit 1 bathroom 1 bedroom.,2026-02-06,1,2,21 SCOTT CRES UNIT B,78703,10,NA,https://abc.austintexas.gov/web/permit/public-search-other?t_detail=1&t_selected_folderrsn=13650986,21 SCOTT CRES UNIT B,NA,Austin,Texas,United States,1
5901 JORGE GUERRA ST,New Construction two-unit residential 3-story duplex: 3 bedroom 3 bath covered front porch and covered rear porch.,2025-12-31,1,3,5901 JORGE GUERRA ST,78721,3,NA,https://abc.austintexas.gov/web/permit/public-search-other?t_detail=1&t_selected_folderrsn=13479706,5901 JORGE GUERRA STREET,NA,Austin,Texas,United States,1
5001 PECAN SPRINGS RD BLDG 6,New construction of 3 story SFR Condo with 2 car garage covered patio and 2nd floor balcony,2026-01-27,1,3,5001 PECAN SPRINGS RD BLDG 6,78723,1,NA,https://abc.austintexas.gov/web/permit/public-search-other?t_detail=1&t_selected_folderrsn=13644816,5001 PECAN SPRINGS ROAD BLDG 6,NA,Austin,Texas,United States,1
5156 VILLAGE SQUARE DR BLDG 8,Bldg. 8 - Unit C - 3 bed 1.5 bath - New construction of 2 story 4 unit Townhomes,2026-01-05,1,2,5156 VILLAGE SQUARE DR BLDG 8,78744,2,NA,https://abc.austintexas.gov/web/permit/public-search-other?t_detail=1&t_selected_folderrsn=13618544,5156 VILLAGE SQUARE DRIVE BLDG 8,NA,Austin,Texas,United States,1
1501 GARNER AVE BLDG 1,Building 1 2870 sf 2 story single family residence. 3 Bdrm 3.5 Bath pool and spa. Detached 2 car garage with 503 sf one bedroom one bath residence on the second floor,2026-01-09,1,2,1501 GARNER AVE BLDG 1,78704,5,NA,https://abc.austintexas.gov/web/permit/public-search-other?t_detail=1&t_selected_folderrsn=13637459,1501 GARNER AVE BLDG 1,NA,Austin,Texas,United States,1
1508 WILLOW ST--BLDG 2,Bldg #2 New 2-story dwelling unit 1 bed/2 bath with storage covered patio and deck,2026-02-05,1,2,1508 WILLOW ST BLDG 2,78702,3,NA,https://abc.austintexas.gov/web/permit/public-search-other?t_detail=1&t_selected_folderrsn=13650041,1508 WILLOW STREET BLDG 2,NA,Austin,Texas,United States,1
10204 CURB STRAP DR,"New construction of 1 story SFR with 5 beds 2 baths attached garage covered porch and patio

PUD

Revision:
Plan revision to change the house plan from an X35CM to a T35CM",2025-11-26,1,1,10204 CURB STRAP DR,78724,1,NA,https://abc.austintexas.gov/web/permit/public-search-other?t_detail=1&t_selected_folderrsn=13518550,10204 CURB STRAP DRIVE,NA,Austin,Texas,United States,1
1100 S 5TH ST,ePlan: Residential Expedited Review - New construction of a 2-Story Single Family Res. [3bed 5bath] with Habitable attic and basement Attached Carport,2025-11-25,1,2,1100 S 5TH ST,78704,9,NA,https://abc.austintexas.gov/web/permit/public-search-other?t_detail=1&t_selected_folderrsn=13620448,1100 SOUTH 5TH STREET,NA,Austin,Texas,United States,1
5001 WESTVIEW DR,ePlan: Residential Expedited Review - New construction of a 2 story single family residence 4 bedroom 4.5 bathroom covered patio & uncovered wood deck  attached 2-car garage.,2025-12-23,1,2,5001 WESTVIEW DR,78731,10,NA,https://abc.austintexas.gov/web/permit/public-search-other?t_detail=1&t_selected_folderrsn=13632510,5001 WESTVIEW DRIVE,NA,Austin,Texas,United States,1
3103 GARWOOD ST--BLDG 2,"ePlan: Residential Expedited Review - New THREE UNIT RES.
Bldg 2 New construction of a 2-Story Single Family Res. [3bed 2.5bath] with Attached Garage",2025-11-13,1,2,3103 GARWOOD ST BLDG 2,78702,3,NA,https://abc.austintexas.gov/web/permit/public-search-other?t_detail=1&t_selected_folderrsn=13612708,3103 GARWOOD STREET BLDG 2,NA,Austin,Texas,United States,1
1307 SWEET BARK ST,New construction of a 2-story single family dwelling in a condo regime. 3 BEDROOM 2.5 BATH ATTACHED GARAGE,2025-12-11,1,2,1307 SWEET BARK ST,78745,5,NA,https://abc.austintexas.gov/web/permit/public-search-other?t_detail=1&t_selected_folderrsn=13626399,1307 SWEET BARK STREET,NA,Austin,Texas,United States,1
709 W MONROE ST,ePlan: Residential Expedited Review - New construction of a 2-Story Single Family Res. [3bed 3.5bath] with Habitable Attic Attached Carport and Autofill/Heated pool,2025-12-04,1,2,709 W MONROE ST,78704,9,NA,https://abc.austintexas.gov/web/permit/public-search-other?t_detail=1&t_selected_folderrsn=13580473,709 WEST MONROE STREET,NA,Austin,Texas,United States,1
7817 W SH 71 BLDG 10,ePlan: Expedited Review - New Construction of Multi Family Townhouse Building.,2025-12-11,3,2,7817 W SH 71 BLDG 10,78736,8,NA,https://abc.austintexas.gov/web/permit/public-search-other?t_detail=1&t_selected_folderrsn=13626099,7817 WEST SH 71 BLDG 10,NA,Austin,Texas,United States,1
3103 GARWOOD ST--BLDG 1,"ePlan: Residential Expedited Review - New THREE UNIT RES.
Bldg 1 New construction of a 2-Story Single Family Res. [3bed 3.5bath] with Attached Garage",2025-11-13,1,2,3103 GARWOOD ST BLDG 1,78702,3,NA,https://abc.austintexas.gov/web/permit/public-search-other?t_detail=1&t_selected_folderrsn=13612707,3103 GARWOOD STREET BLDG 1,NA,Austin,Texas,United States,1
1300 MC KIE DR BLDG 2,Building 2 Unit 21 & 22. New 2-story condominium duplex residence to have 5 bedrooms 5 bathrooms attached garage covered front porch and rear covered patio.,2025-11-19,2,2,1300 MC KIE DR BLDG 2,78752,4,NA,https://abc.austintexas.gov/web/permit/public-search-other?t_detail=1&t_selected_folderrsn=12352398,1300 MC KIE DRIVE BLDG 2,NA,Austin,Texas,United States,1
1301 SWEET BARK ST,New constuction of a 2-story single family dwelling in a condo regime. 3 bedroom 2.5 bath extended covered patio attached 2-car garage,2025-12-23,1,2,1301 SWEET BARK ST,78745,5,NA,https://abc.austintexas.gov/web/permit/public-search-other?t_detail=1&t_selected_folderrsn=13632342,1301 SWEET BARK STREET,NA,Austin,Texas,United States,1
308 BEN HOWELL DR,ePlan: Residential Expedited Review - 308 Ben Howell Dr:  New 2-story residence w/ 1-car carport  3 bed 3.5 bath.  Part of 2-unit use.,2025-12-09,1,2,308 BEN HOWELL DR,78704,3,NA,https://abc.austintexas.gov/web/permit/public-search-other?t_detail=1&t_selected_folderrsn=13617950,308 BEN HOWELL DRIVE,NA,Austin,Texas,United States,1
6300 BRISTOL CIR,ePlan: Residential Expedited Review - New construction of an 2-Story Single-Family Res. [4bed 4bath]  with attached Garage,2025-11-16,1,2,6300 BRISTOL CIR,78723,4,NA,https://abc.austintexas.gov/web/permit/public-search-other?t_detail=1&t_selected_folderrsn=13454443,6300 BRISTOL CIR,NA,Austin,Texas,United States,1
1813 E 38TH HALF ST--BLDG 2,Bldg 2:  New construction 3-unit use single-family residential  3-story 3 bedroom 2.5 bath with attached 1-car carport covered front porch covered rear patio 3rd floor balcony and uncovered roof top deck.,2025-11-26,1,3,1813 E 38TH HALF ST BLDG 2,78722,9,NA,https://abc.austintexas.gov/web/permit/public-search-other?t_detail=1&t_selected_folderrsn=13620044,1813 EAST 38TH HALF STREET BLDG 2,NA,Austin,Texas,United States,1
11628 LADERA VISTA DR,11626 Ladera Vista Dr: New 2-story detached residence 3 bedroom 2.5 bath 1-car garage.,2025-12-11,1,2,11628 LADERA VISTA DR,78759,10,NA,https://abc.austintexas.gov/web/permit/public-search-other?t_detail=1&t_selected_folderrsn=13626279,11628 LADERA VISTA DRIVE,NA,Austin,Texas,United States,1
4007 BUNNY RUN BLDG 2,New construction of single story 2nd dwelling unit containing 2 bedrooms 3 bathrooms w/ attached garage and covered front porch. New driveway connecting to existing driveway within property.,2025-12-09,1,1,4007 BUNNY RUN BLDG 2,78746,10,NA,https://abc.austintexas.gov/web/permit/public-search-other?t_detail=1&t_selected_folderrsn=13617345,4007 BUNNY RUN BLDG 2,NA,Austin,Texas,United States,1
10201 CRESSIDA BND,New construction of SFR Condo with 5 or 6 bed option 5.5 baths covered patio covered porch and covered front deck balcony 3 car attached tandem garage,2025-11-26,1,2,10201 CRESSIDA BND,78730,10,NA,https://abc.austintexas.gov/web/permit/public-search-other?t_detail=1&t_selected_folderrsn=13620277,10201 CRESSIDA BND,NA,Austin,Texas,United States,1
3203 CLAWSON RD BLDG 2,new construction of 1-story SFR 2 beds 1.5 baths to rear of existing SFR,2025-11-19,1,1,3203 CLAWSON RD BLDG 2,78704,5,NA,https://abc.austintexas.gov/web/permit/public-search-other?t_detail=1&t_selected_folderrsn=13616350,3203 CLAWSON ROAD BLDG 2,NA,Austin,Texas,United States,1
3103 GARWOOD ST--BLDG 3,"ePlan: Residential Expedited Review - New THREE UNIT RES.
Bldg 3 New construction of a 2-Story Single Family Res. [3bed 2.5bath] with Attached Garage",2025-11-13,1,2,3103 GARWOOD ST BLDG 3,78702,3,NA,https://abc.austintexas.gov/web/permit/public-search-other?t_detail=1&t_selected_folderrsn=13612710,3103 GARWOOD STREET BLDG 3,NA,Austin,Texas,United States,1
3706 1/2 OAKMONT BLVD,3706 1/2 Oakmont Blvd: New 2-story residence with 2-car garage & second floor studio garage apartment 1 bathroom. Part of 2-unit use.,2025-12-12,1,2,3706 1/2 OAKMONT BLVD,78731,10,NA,https://abc.austintexas.gov/web/permit/public-search-other?t_detail=1&t_selected_folderrsn=13625660,3706 1/2 OAKMONT BOULEVARD,NA,Austin,Texas,United States,1
2211 ALLRED DR,New Construction of 2 Story SFR with 4 beds 5 baths,2025-11-13,1,2,2211 ALLRED DR,78748,5,NA,https://abc.austintexas.gov/web/permit/public-search-other?t_detail=1&t_selected_folderrsn=13521462,2211 ALLRED DRIVE,NA,Austin,Texas,United States,1
4208 BELLVUE AVE BLDG 2,New 2-story dwelling unit 1 bed/1 bath,2025-12-12,1,2,4208 BELLVUE AVE BLDG 2,78756,10,NA,https://abc.austintexas.gov/web/permit/public-search-other?t_detail=1&t_selected_folderrsn=13627269,4208 BELLVUE AVE BLDG 2,NA,Austin,Texas,United States,1
7817 W SH 71 BLDG 7,ePlan: Expedited Review - New Construction of Multi Family Townhouse Building.,2025-12-11,2,2,7817 W SH 71 BLDG 7,78736,8,NA,https://abc.austintexas.gov/web/permit/public-search-other?t_detail=1&t_selected_folderrsn=13626101,7817 WEST SH 71 BLDG 7,NA,Austin,Texas,United States,1
9803 RIBELIN RANCH CT BLDG 17,New construction of single building based on Volume Builder Approved (2024-067871 VB) Plan 3-AB-L. This is a 2 Story building with height of 30-9 and 3600 square feet.,2025-11-14,1,2,9803 RIBELIN RANCH CT BLDG 17,78750,10,NA,https://abc.austintexas.gov/web/permit/public-search-other?t_detail=1&t_selected_folderrsn=13605926,9803 RIBELIN RANCH CT BLDG 17,NA,Austin,Texas,United States,1
9803 RIBELIN RANCH CT BLDG 37,New construction of single building based on Volume Builder Approved (2024-067871 VB) Plan 10-CB-R. This is a 2 Story building 4 Beds 3.5 Baths with height of 31-7 and 3129 square feet.,2025-11-12,1,2,9803 RIBELIN RANCH CT BLDG 37,78750,10,NA,https://abc.austintexas.gov/web/permit/public-search-other?t_detail=1&t_selected_folderrsn=13604476,9803 RIBELIN RANCH CT BLDG 37,NA,Austin,Texas,United States,1
7004 WOODFORD WAY,New construction single-family residential 1-story 3 bedroom 2.5 bath with attached 2-car garage covered front porch and covered rear patio.,2025-12-11,1,1,7004 WOODFORD WAY,78744,2,NA,https://abc.austintexas.gov/web/permit/public-search-other?t_detail=1&t_selected_folderrsn=13626478,7004 WOODFORD WAY,NA,Austin,Texas,United States,1
2311 WESTROCK DR BLDG 2,"ePlan: Residential Expedited Review - New TWO UNIT RES.
New construction of a 2-Story Single Family Res. [4bed 5.5bath] with Attached Garage",2025-11-21,1,2,2311 WESTROCK DR BLDG 2,78704,5,NA,https://abc.austintexas.gov/web/permit/public-search-other?t_detail=1&t_selected_folderrsn=13617987,2311 WESTROCK DRIVE BLDG 2,NA,Austin,Texas,United States,1
5901 SILENT NOVA VW,New construction of SFR condo - 6 bedrooms 6.5 baths covered patio and porch covered front deck attached 3 car garage,2025-12-10,1,2,5901 SILENT NOVA VW,78730,10,NA,https://abc.austintexas.gov/web/permit/public-search-other?t_detail=1&t_selected_folderrsn=13625732,5901 SILENT NOVA VW,NA,Austin,Texas,United States,1
2303 E 2ND ST--BLDG 2,2303 E 2nd St Building 2: (rearmost on Mildred side): New construction of a 3-Story Single Family Res. [3 bed 3.5bath] with Attached 1-car Garage and 3rd floor balcony. Part of 4-unit use 8 detached units total in development across 2 lots.,2025-11-17,1,3,2303 E 2ND ST BLDG 2,78702,3,NA,https://abc.austintexas.gov/web/permit/public-search-other?t_detail=1&t_selected_folderrsn=13614301,2303 EAST 2ND STREET BLDG 2,NA,Austin,Texas,United States,1
9622 BREEZE HILL DR,New SFR 2-story 4 bedroom 3 bath with attached 2 car garage covered front porch and covered rear patio,2025-12-01,1,2,9622 BREEZE HILL DR,78744,2,NA,https://abc.austintexas.gov/web/permit/public-search-other?t_detail=1&t_selected_folderrsn=13620481,9622 BREEZE HILL DRIVE,NA,Austin,Texas,United States,1
3105 MC ELROY DR,New 2-story single family residence 5 bed/4.5 bath with habitable attic attached garage covered porch covered porch and balcony,2025-12-15,1,2,3105 MC ELROY DR,78757,7,NA,https://abc.austintexas.gov/web/permit/public-search-other?t_detail=1&t_selected_folderrsn=13625414,3105 MC ELROY DRIVE,NA,Austin,Texas,United States,1
5921 COVENTRY LN BLDG 101,Bldg 101: New 3-story townhome unit with 3 bedroom 3.5 bathroom covered patio attached carport.  Part of 3-unit townhome under 3-unit use.,2025-12-04,1,3,5921 COVENTRY LN BLDG 101,78723,4,NA,https://abc.austintexas.gov/web/permit/public-search-other?t_detail=1&t_selected_folderrsn=13622922,5921 COVENTRY LANE BLDG 101,NA,Austin,Texas,United States,1
1203 VIOLA LEE LN,1203 Viola Lee Ln 2 Story Duplex with attached garage and covered porch 3/2.5,2025-11-24,1,2,1203 VIOLA LEE LN,78745,5,NA,https://abc.austintexas.gov/web/permit/public-search-other?t_detail=1&t_selected_folderrsn=13617853,1203 VIOLA LEE LANE,NA,Austin,Texas,United States,1
4330 AIRPORT BLVD BLDG 1,BLDG 1: New construction of a 2-Story Single Family Res. [5 bed 4.5 bath] with Attached Carport. Part of 2-unit use.,2025-11-13,1,2,4330 AIRPORT BLVD BLDG 1,78722,9,NA,https://abc.austintexas.gov/web/permit/public-search-other?t_detail=1&t_selected_folderrsn=13614181,4330 AIRPORT BOULEVARD BLDG 1,NA,Austin,Texas,United States,1
906 RUTH AVE BLDG 1,"ePlan: Residential Expedited Review - New THREE UNIT RES.
New construction of a 3-Story Single Family Res. [4bed 5bath] with Attached Carport",2025-12-23,1,3,906 RUTH AVE BLDG 1,78757,7,NA,https://abc.austintexas.gov/web/permit/public-search-other?t_detail=1&t_selected_folderrsn=13632242,906 RUTH AVE BLDG 1,NA,Austin,Texas,United States,1
805 JOHNNY LIMON WAY,"New Construction of 3 Story Duplex Condo Unit A - 2 beds 2.5 baths covered porch

(805 Johnny limon)",2025-12-29,1,2,805 JOHNNY LIMON WAY,78721,3,NA,https://abc.austintexas.gov/web/permit/public-search-other?t_detail=1&t_selected_folderrsn=13478104,805 JOHNNY LIMON WAY,NA,Austin,Texas,United States,1
906 RUTH AVE BLDG 2,"ePlan: Residential Expedited Review - New THREE UNIT RES.
New construction of a 3-Story Single Family Res. [4bed 4.5bath] with Attached Carport",2025-12-23,1,3,906 RUTH AVE BLDG 2,78757,7,NA,https://abc.austintexas.gov/web/permit/public-search-other?t_detail=1&t_selected_folderrsn=13632243,906 RUTH AVE BLDG 2,NA,Austin,Texas,United States,1
1605 VALERIA ST,Building 3 3 Story SFR with attached garage and covered patio,2025-12-12,1,3,1605 VALERIA ST,78704,5,NA,https://abc.austintexas.gov/web/permit/public-search-other?t_detail=1&t_selected_folderrsn=13608439,1605 VALERIA STREET,NA,Austin,Texas,United States,1
7817 W SH 71 BLDG 5,ePlan: Expedited Review - New Construction of Multi Family Townhouse Building.,2025-12-11,3,2,7817 W SH 71 BLDG 5,78736,8,NA,https://abc.austintexas.gov/web/permit/public-search-other?t_detail=1&t_selected_folderrsn=13626095,7817 WEST SH 71 BLDG 5,NA,Austin,Texas,United States,1
5203 1/2 AVENUE H,new constructions - construction of 2 story accessory dwelling unit rear of main house 2/2,2025-12-16,1,2,5203 1/2 AVENUE H,78751,9,NA,https://abc.austintexas.gov/web/permit/public-search-other?t_detail=1&t_selected_folderrsn=13625233,5203 1/2 AVENUE H,NA,Austin,Texas,United States,1
4413 BANISTER LN UNIT 203,Unit 203 Bldg 2: New 3-story townhome with 3 bedroom 3.5 bathroom balcony attached 2-car carport.  Part of 3-unit townhome building in 3-unit use.  (9 units on 3 properties sharing 1-driveway utilizing a flag-lot configuration),2025-12-18,1,3,4413 BANISTER LN UNIT 203,78745,5,NA,https://abc.austintexas.gov/web/permit/public-search-other?t_detail=1&t_selected_folderrsn=13628140,4413 BANISTER LANE UNIT 203,NA,Austin,Texas,United States,1
9216 HAMADRYAS DR,PB: New construction of 2 story SFR,2025-12-26,1,2,9216 HAMADRYAS DR,78744,2,NA,https://abc.austintexas.gov/web/permit/public-search-other?t_detail=1&t_selected_folderrsn=13633088,9216 HAMADRYAS DRIVE,NA,Austin,Texas,United States,1
906 RUTH AVE BLDG 3,"ePlan: Residential Expedited Review - New THREE UNIT RES.
New construction of a 3-Story Single Family Res. [1bed 2bath]",2025-12-23,1,3,906 RUTH AVE BLDG 3,78757,7,NA,https://abc.austintexas.gov/web/permit/public-search-other?t_detail=1&t_selected_folderrsn=13632244,906 RUTH AVE BLDG 3,NA,Austin,Texas,United States,1
1406 VARGAS RD BLDG 2,New single-story unit (1br/1ba) with attached covered patio and uncovered wood deck,2025-12-27,1,1,1406 VARGAS RD BLDG 2,78741,3,NA,https://abc.austintexas.gov/web/permit/public-search-other?t_detail=1&t_selected_folderrsn=13631819,1406 VARGAS ROAD BLDG 2,NA,Austin,Texas,United States,1
2309 OAK CREST AVE UNIT 2B,BUILDING 2 UNIT 2B: New 3-story residence (duplex residence) with entryway going up to second floor 2nd floor kitchen & living area  2 bedroom 2.5 bath.,2025-11-12,1,3,2309 OAK CREST AVE UNIT 2B,78704,3,NA,https://abc.austintexas.gov/web/permit/public-search-other?t_detail=1&t_selected_folderrsn=13607246,2309 OAK CREST AVE UNIT 2B,NA,Austin,Texas,United States,1
809 JOHNNY LIMON WAY,"New Construction of 3 Story Duplex Condo

(809 Johnny Limon Way)",2025-12-29,1,2,809 JOHNNY LIMON WAY,78721,3,NA,https://abc.austintexas.gov/web/permit/public-search-other?t_detail=1&t_selected_folderrsn=13478303,809 JOHNNY LIMON WAY,NA,Austin,Texas,United States,1
1108 S 5TH ST BLDG 2,Bldg 2: New detached dwelling unit  studio w/ 1 bathroom. Tiny home. Part of 3-unit use.,2025-12-14,1,1,1108 S 5TH ST BLDG 2,78704,9,NA,https://abc.austintexas.gov/web/permit/public-search-other?t_detail=1&t_selected_folderrsn=13627657,1108 SOUTH 5TH STREET BLDG 2,NA,Austin,Texas,United States,1
1601 VALERIA ST,Building 1 3 Story SFR with attached garage and covered patio and Deck,2025-12-11,1,3,1601 VALERIA ST,78704,5,NA,https://abc.austintexas.gov/web/permit/public-search-other?t_detail=1&t_selected_folderrsn=13608437,1601 VALERIA STREET,NA,Austin,Texas,United States,1
2103 TOWER DR UNIT B,"ePlan: Residential Expedited Review - New construction of a 2-Story Duplex [4bed 3.5bath]. UNIT A
ePlan: Residential Expedited Review - New construction of a 2-Story Duplex [1bed 1bath] with attached Garage. UNIT B",2025-12-03,1,2,2103 TOWER DR UNIT B,78703,10,NA,https://abc.austintexas.gov/web/permit/public-search-other?t_detail=1&t_selected_folderrsn=13622298,2103 TOWER DRIVE UNIT B,NA,Austin,Texas,United States,1
4604 SANTA ANNA ST BLDG 2,Bldg 2:  New construction of a 2-Story Single Family Res. [3 bed 2.5 bath] with Attached Carport.,2025-12-03,1,2,4604 SANTA ANNA ST BLDG 2,78721,1,NA,https://abc.austintexas.gov/web/permit/public-search-other?t_detail=1&t_selected_folderrsn=13551751,4604 SANTA ANNA STREET BLDG 2,NA,Austin,Texas,United States,1
2706 ESTONIA PATH,New construction of SFR Condo with 3 beds 3.5 baths 2 car garage,2025-12-15,1,3,2706 ESTONIA PATH,78741,3,NA,https://abc.austintexas.gov/web/permit/public-search-other?t_detail=1&t_selected_folderrsn=13627723,2706 ESTONIA PATH,NA,Austin,Texas,United States,1
5203 BALCONES DR,New construction single-family residential 2-story 4 bedroom 3.5 bath with attached 1-car carport and covered porch.,2025-11-14,1,2,5203 BALCONES DR,78731,10,NA,https://abc.austintexas.gov/web/permit/public-search-other?t_detail=1&t_selected_folderrsn=13569550,5203 BALCONES DRIVE,NA,Austin,Texas,United States,1
2002 GREENWOOD AVE BLDG 3,Building 3 New 3 Story Single Family House with attached carport,2025-12-17,1,3,2002 GREENWOOD AVE BLDG 3,78723,1,NA,https://abc.austintexas.gov/web/permit/public-search-other?t_detail=1&t_selected_folderrsn=13629127,2002 GREENWOOD AVE BLDG 3,NA,Austin,Texas,United States,1
4413 BANISTER LN UNIT 201,"ePlan: Residential Expedited Review - New THREE UNIT RES.
Unit 201 Bldg 2:  New 3-story townhome with 3 bedroom 3.5 bathroom balcony attached 2-car carport.  Part of 3-unit townhome building in 3-unit use.  (9 units on 3 properties sharing 1-driveway utilizing a flag-lot configuration)",2025-12-18,1,2,4413 BANISTER LN UNIT 201,78745,5,NA,https://abc.austintexas.gov/web/permit/public-search-other?t_detail=1&t_selected_folderrsn=13628138,4413 BANISTER LANE UNIT 201,NA,Austin,Texas,United States,1
1114 1/2 LINDEN ST--BLDG 1,BLDG 1: New 2 story SFR with attached garage covered front porch and covered rear patio. 3 bedroom 2.5 bathroom.,2025-12-17,1,2,1114 1/2 LINDEN ST BLDG 1,78702,3,NA,https://abc.austintexas.gov/web/permit/public-search-other?t_detail=1&t_selected_folderrsn=13629273,1114 1/2 LINDEN STREET BLDG 1,NA,Austin,Texas,United States,1
4603 SHOALWOOD AVE,"new construction - New 14x26 pier and beam addition to the back of the house.  Relocate overhead electric service.  New water supply and waste lines to city mains in Shoalwood Street.  New plumbing fixtures.  New roofing siding exerior doors & windows.  New interior finishes and cabinetry.  Relocate HVAC unit in attic. 


Revised: New construction on slab",2025-12-12,1,1,4603 SHOALWOOD AVE,78756,7,NA,https://abc.austintexas.gov/web/permit/public-search-other?t_detail=1&t_selected_folderrsn=13626920,4603 SHOALWOOD AVE,NA,Austin,Texas,United States,1
87 COMAL ST,ePlan: Residential Expedited Review - New construction of a 1-Story Single Family Res. [2bed 2bath],2025-11-24,1,1,87 COMAL ST,78702,3,NA,https://abc.austintexas.gov/web/permit/public-search-other?t_detail=1&t_selected_folderrsn=13618647,87 COMAL STREET,NA,Austin,Texas,United States,1
908 W MARY ST,New construction two-unit use: New construction single-family residential 2-story 3 bedroom 2.5 bath with attached 3-car garage covered front porch and covered rear porch.,2025-12-11,1,2,908 W MARY ST,78704,9,NA,https://abc.austintexas.gov/web/permit/public-search-other?t_detail=1&t_selected_folderrsn=13624852,908 WEST MARY STREET,NA,Austin,Texas,United States,1
1300 MC KIE DR UNIT 33,Unit 33 building 3.  New two story condominium townhome residence covered porch 2 bedroom 2.5 bathroom.,2025-12-10,1,2,1300 MC KIE DR UNIT 33,78752,4,NA,https://abc.austintexas.gov/web/permit/public-search-other?t_detail=1&t_selected_folderrsn=12351294,1300 MC KIE DRIVE UNIT 33,NA,Austin,Texas,United States,1
1820 W 10TH ST UNIT 2B,"New 2-Story Duplex
Bldg 2 Unit B (2nd floor) New duplex unit 2 bed/2 bath with kitchen and living room",2025-12-26,1,2,1820 W 10TH ST UNIT 2B,78703,9,NA,https://abc.austintexas.gov/web/permit/public-search-other?t_detail=1&t_selected_folderrsn=13547398,1820 WEST 10TH STREET UNIT 2B,NA,Austin,Texas,United States,1
7817 W SH 71 BLDG 4,ePlan: Expedited Review - New Construction of Multi Family Townhouse Building.,2025-12-11,3,2,7817 W SH 71 BLDG 4,78736,8,NA,https://abc.austintexas.gov/web/permit/public-search-other?t_detail=1&t_selected_folderrsn=13626094,7817 WEST SH 71 BLDG 4,NA,Austin,Texas,United States,1
1818 W ST JOHNS AVE BLDG 2,ePlan: Residential Expedited Review - New construction of a 1-Story Single Family Res. [1bed 1bath]. BLDG 2,2025-12-15,1,1,1818 W ST JOHNS AVE BLDG 2,78757,7,NA,https://abc.austintexas.gov/web/permit/public-search-other?t_detail=1&t_selected_folderrsn=13621984,1818 WEST STREET JOHNS AVE BLDG 2,NA,Austin,Texas,United States,1
9803 RIBELIN RANCH CT BLDG 34,New construction of single building based on Volume Builder Approved (2024-067871 VB) Plan 9-CB-L. This is a 2 Story building with height of 31-7 and 3129 square feet.,2025-12-12,1,2,9803 RIBELIN RANCH CT BLDG 34,78750,10,NA,https://abc.austintexas.gov/web/permit/public-search-other?t_detail=1&t_selected_folderrsn=13621117,9803 RIBELIN RANCH CT BLDG 34,NA,Austin,Texas,United States,1
2008 DE VERNE ST,ePlan: Residential Expedited Review - New construction of a 2-Story Single Family Res. [4bed 4.5bath] with Habitable Attic Attached Carport.,2025-12-12,1,2,2008 DE VERNE ST,78704,5,NA,https://abc.austintexas.gov/web/permit/public-search-other?t_detail=1&t_selected_folderrsn=13622768,2008 DE VERNE STREET,NA,Austin,Texas,United States,1
8519 DONGAN DR,New construction single-family residential 1-story 3 bedroom 2.5 bath with attached 2-car garage covered front porch and covered rear patio.,2025-12-19,1,1,8519 DONGAN DR,78744,2,NA,https://abc.austintexas.gov/web/permit/public-search-other?t_detail=1&t_selected_folderrsn=13630696,8519 DONGAN DRIVE,NA,Austin,Texas,United States,1
2710 ESTONIA PATH,Site Plan Condo: Proposed construction of a 2446 sq foot single family residence with 3 bedrooms 3 1/2 bathrooms 2 car garage,2025-12-11,1,3,2710 ESTONIA PATH,78741,3,NA,https://abc.austintexas.gov/web/permit/public-search-other?t_detail=1&t_selected_folderrsn=13625919,2710 ESTONIA PATH,NA,Austin,Texas,United States,1
9803 RIBELIN RANCH CT BLDG 27,New construction of single building based on Volume Builder Approved (2024-067871 VB) Plan 4-AB-R. This is a 2 Story building with height of 30-9 and 3600 square feet.,2025-11-12,1,2,9803 RIBELIN RANCH CT BLDG 27,78750,10,NA,https://abc.austintexas.gov/web/permit/public-search-other?t_detail=1&t_selected_folderrsn=13605957,9803 RIBELIN RANCH CT BLDG 27,NA,Austin,Texas,United States,1
6307 WEST COURTYARD DR,ePlan: Residential Expedited Review - New construction of a 2-Story Single Family Res. [5bed 6bath] with Attached Garage,2025-11-18,1,2,6307 WEST COURTYARD DR,78730,10,NA,https://abc.austintexas.gov/web/permit/public-search-other?t_detail=1&t_selected_folderrsn=13609277,6307 WEST COURTYARD DRIVE,NA,Austin,Texas,United States,1
7817 W SH 71 BLDG 6,ePlan: Expedited Review - New Construction of Multi Family Townhouse Building.,2025-12-11,3,2,7817 W SH 71 BLDG 6,78736,8,NA,https://abc.austintexas.gov/web/permit/public-search-other?t_detail=1&t_selected_folderrsn=13626096,7817 WEST SH 71 BLDG 6,NA,Austin,Texas,United States,1
1812 PIEDMONT AVE,ePlan: Residential Expedited Review - New construction of a 2-Story Single Family Res. [5 bed 4 bath] habitable attic & porch.,2025-12-08,1,2,1812 PIEDMONT AVE,78757,7,NA,https://abc.austintexas.gov/web/permit/public-search-other?t_detail=1&t_selected_folderrsn=13619607,1812 PIEDMONT AVE,NA,Austin,Texas,United States,1
203 W APPLEGATE DR,New construction of 2 story SFR,2025-12-12,1,2,203 W APPLEGATE DR,78753,4,NA,https://abc.austintexas.gov/web/permit/public-search-other?t_detail=1&t_selected_folderrsn=13628286,203 WEST APPLEGATE DRIVE,NA,Austin,Texas,United States,1
603 E 49TH ST,New construction single-family residential 2-story 3 bedroom 2.5 bath with attached 2-car garage covered front porch covered rear patio. uncovered wood deck and 2nd floor balcony.,2025-12-22,1,2,603 E 49TH ST,78751,9,NA,https://abc.austintexas.gov/web/permit/public-search-other?t_detail=1&t_selected_folderrsn=13553890,603 EAST 49TH STREET,NA,Austin,Texas,United States,1
111 MILDRED ST--BLDG 2,111 Mildred St Bldg 2 (middle front on Mildred side):   New construction of a 3-Story Single Family Res. [3 bed 3.5bath] with Attached 1-car Garage and 3rd floor balcony. Part of 4-unit use 8 detached units total in development across 2 lots.,2025-11-17,1,3,111 MILDRED ST BLDG 2,78702,3,NA,https://abc.austintexas.gov/web/permit/public-search-other?t_detail=1&t_selected_folderrsn=13614299,111 MILDRED STREET BLDG 2,NA,Austin,Texas,United States,1
2002 GREENWOOD AVE BLDG 2,Building 2 New 3 Story Single Family House with attached carport,2025-12-17,1,3,2002 GREENWOOD AVE BLDG 2,78723,1,NA,https://abc.austintexas.gov/web/permit/public-search-other?t_detail=1&t_selected_folderrsn=13629126,2002 GREENWOOD AVE BLDG 2,NA,Austin,Texas,United States,1
2212 CANTERBURY ST--BLDG 2,Bldg 2: New construction 2-unit use single-family residential 3 bedroom 2.5 bath with attached 1-car carport covered front porch and covered rear patio.,2025-11-18,1,2,2212 CANTERBURY ST,78702,3,NA,https://abc.austintexas.gov/web/permit/public-search-other?t_detail=1&t_selected_folderrsn=13612374,2212 CANTERBURY STREET,NA,Austin,Texas,United States,1
4330 AIRPORT BLVD BLDG 2,BLDG 2: New construction of a 2-Story Single Family Res. [3 bed 3.5 bath] with Attached Garage/Carport. Part of 2-unit use.,2025-11-13,1,2,4330 AIRPORT BLVD BLDG 2,78722,9,NA,https://abc.austintexas.gov/web/permit/public-search-other?t_detail=1&t_selected_folderrsn=13614182,4330 AIRPORT BOULEVARD BLDG 2,NA,Austin,Texas,United States,1
4007 EDGEROCK DR,ePlan: Residential Expedited Review - New construction of a 2-Story Single Family Res. [5 bed 4.5 bath] Attached Carport.,2025-11-25,1,2,4007 EDGEROCK DR,78731,10,NA,https://abc.austintexas.gov/web/permit/public-search-other?t_detail=1&t_selected_folderrsn=13618594,4007 EDGEROCK DRIVE,NA,Austin,Texas,United States,1
1905 FOREST TRL,ePlan: Residential Expedited Review - New construction of a 1-Story Single Family Res. [3bed 2bath] Existing Detached Garage to Remain as is.,2025-12-08,1,1,1905 FOREST TRL,78703,10,NA,https://abc.austintexas.gov/web/permit/public-search-other?t_detail=1&t_selected_folderrsn=13625292,1905 FOREST TRAIL,NA,Austin,Texas,United States,1
5410 DUVAL ST BLDG 1,BLDG 1:  New 2-story residence with attached 1-car garage 4 bedroom 3.5 bath breezeway to guest bedroom.  Part of 2-unit use.,2025-12-01,1,2,5410 DUVAL ST BLDG 1,78751,4,NA,https://abc.austintexas.gov/web/permit/public-search-other?t_detail=1&t_selected_folderrsn=13607326,5410 DUVAL STREET BLDG 1,NA,Austin,Texas,United States,1
2426 HARTFORD RD,New two-story SFR (5br/4ba) with attached garage and covered patio,2025-12-16,1,2,2426 HARTFORD RD,78703,10,NA,https://abc.austintexas.gov/web/permit/public-search-other?t_detail=1&t_selected_folderrsn=13597696,2426 HARTFORD ROAD,NA,Austin,Texas,United States,1
3213 WALNUT AVE UNIT B,"ePlan: Residential Expedited Review - New construction of a 2-Story Duplex [5bed 5bath]. Unit B

THIS PROJECT TO BE COMBINED WITH 3305 HEMLOCK VIA UDA.",2025-11-26,1,2,3213 WALNUT AVE UNIT B,78722,9,NA,https://abc.austintexas.gov/web/permit/public-search-other?t_detail=1&t_selected_folderrsn=13617565,3213 WALNUT AVE UNIT B,NA,Austin,Texas,United States,1
5610 FORKS RD,"New construction of 2 story SFR Condo with 2 bedrooms 2.5 baths and an attached 2-car garage 

PUD",2025-12-12,1,2,5610 FORKS RD,78747,2,NA,https://abc.austintexas.gov/web/permit/public-search-other?t_detail=1&t_selected_folderrsn=13608358,5610 FORKS ROAD,NA,Austin,Texas,United States,1
1608 SYLVAN GLADE,Unit A New 2-story duplex unit 3 bed/2.5 bed with covered porch and covered patio,2025-11-24,1,2,1608 SYLVAN GLADE,78745,5,NA,https://abc.austintexas.gov/web/permit/public-search-other?t_detail=1&t_selected_folderrsn=13617965,1608 SYLVAN GLADE,NA,Austin,Texas,United States,1
1813 E 38TH HALF ST--BLDG 1--UNIT 1A,Bldg 1: New construction 3-unit use duplex residential: Unit A  3-story 4 bedroom 3.5 bath with attached 1-car carport covered front porch covered rear patio 3rd floor balcony and uncovered roof top deck.,2025-11-26,1,3,1813 E 38TH HALF ST BLDG 1 UNIT 1A,78722,9,NA,https://abc.austintexas.gov/web/permit/public-search-other?t_detail=1&t_selected_folderrsn=13620042,1813 EAST 38TH HALF STREET BLDG 1 UNIT 1A,NA,Austin,Texas,United States,1
4413 BANISTER LN UNIT 301,Unit 301 Bldg 3:  New 3-story townhome with 3 bedroom 3.5 bathroom balcony attached 2-car carport.  Part of 3-unit townhome building in 3-unit use.  (9 units on 3 properties sharing 1-driveway utilizing a flag-lot configuration),2025-12-18,1,3,4413 BANISTER LN UNIT 301,78745,5,NA,https://abc.austintexas.gov/web/permit/public-search-other?t_detail=1&t_selected_folderrsn=13627278,4413 BANISTER LANE UNIT 301,NA,Austin,Texas,United States,1
5016 STOCKTON LN,Reynolds 890-N-R Is a New two-story single-family residence with (5) bedrooms (3) bathrooms an attached two-car garage and a covered entry porch & patio.,2025-12-09,1,2,5016 STOCKTON LN,78617,2,NA,https://abc.austintexas.gov/web/permit/public-search-other?t_detail=1&t_selected_folderrsn=13622947,5016 STOCKTON LANE,NA,Austin,Texas,United States,1
4808 WEST PARK DR Unit A,UNIT A: New 2-story residence  larger primary dwelling in duplex.  4 bedroom 4 bathroom. Part of duplex use.,2025-12-03,1,2,4808 WEST PARK DR,78731,7,NA,https://abc.austintexas.gov/web/permit/public-search-other?t_detail=1&t_selected_folderrsn=13618809,4808 WEST PARK DRIVE,NA,Austin,Texas,United States,1
4604 SANTA ANNA ST BLDG 1,Bldg 1:  New construction of a 3-Story Single Family Res. [4 bed 3.5 bath] with Attached Carport.  Part of 2-unit use.,2025-12-03,1,3,4604 SANTA ANNA ST BLDG 1,78721,1,NA,https://abc.austintexas.gov/web/permit/public-search-other?t_detail=1&t_selected_folderrsn=13551750,4604 SANTA ANNA STREET BLDG 1,NA,Austin,Texas,United States,1
2903 HILLVIEW RD UNIT 2,New Detached garage with appartement on second floor.,2025-11-14,1,2,2903 HILLVIEW RD UNIT B,78703,10,NA,https://abc.austintexas.gov/web/permit/public-search-other?t_detail=1&t_selected_folderrsn=13613860,2903 HILLVIEW ROAD UNIT B,NA,Austin,Texas,United States,1
1608 SYLVAN GLADE,Unit B New 2-story duplex unit 3 bed/2.5 bathroom with covered porch and covered patio,2025-11-24,1,2,1608 SYLVAN GLADE,78745,5,NA,https://abc.austintexas.gov/web/permit/public-search-other?t_detail=1&t_selected_folderrsn=13617966,1608 SYLVAN GLADE,NA,Austin,Texas,United States,1
5921 COVENTRY LN BLDG 103,Bldg 103: : New 3-story townhome unit with 3 bedroom 3.5 bathroom covered patio attached carport.  Part of 3-unit townhome under 3-unit use.,2025-12-04,1,3,5921 COVENTRY LN BLDG 103,78723,4,NA,https://abc.austintexas.gov/web/permit/public-search-other?t_detail=1&t_selected_folderrsn=13622924,5921 COVENTRY LANE BLDG 103,NA,Austin,Texas,United States,1
7817 W SH 71 BLDG 8,ePlan: Expedited Review - New Construction of Multi Family Townhouse Building.,2025-12-11,3,2,7817 W SH 71 BLDG 8,78736,8,NA,https://abc.austintexas.gov/web/permit/public-search-other?t_detail=1&t_selected_folderrsn=13626097,7817 WEST SH 71 BLDG 8,NA,Austin,Texas,United States,1
10116 CURB STRAP DR,"New construction of 1 story SFR with 5 beds 2 baths attached garage covered porch and patio

PUD

Revision:
Plan revision to change the house plan from an X35CN to a T35CN",2025-12-15,1,1,10116 CURB STRAP DR,78724,1,NA,https://abc.austintexas.gov/web/permit/public-search-other?t_detail=1&t_selected_folderrsn=13518523,10116 CURB STRAP DRIVE,NA,Austin,Texas,United States,1
9803 RIBELIN RANCH CT BLDG 33,New construction of single building based on Volume Builder Approved (2024-067871 VB) Plan 12-DB-R. This is a 3 Story building with height of 38-6 and 3405 square feet.,2025-12-12,1,3,9803 RIBELIN RANCH CT BLDG 33,78750,10,NA,https://abc.austintexas.gov/web/permit/public-search-other?t_detail=1&t_selected_folderrsn=13622215,9803 RIBELIN RANCH CT BLDG 33,NA,Austin,Texas,United States,1
9116 BOATHOUSE DR,"New SFR 1- Story 4 bedroom 3 bath with attached 2-car garage covered front porch and covered rear patio

PUD",2025-12-22,1,1,9116 BOATHOUSE DR,78744,2,NA,https://abc.austintexas.gov/web/permit/public-search-other?t_detail=1&t_selected_folderrsn=13629224,9116 BOATHOUSE DRIVE,NA,Austin,Texas,United States,1
5921 COVENTRY LN BLDG 102,Bldg 102: : New 3-story townhome unit with 3 bedroom 3.5 bathroom covered patio attached carport.  Part of 3-unit townhome under 3-unit use.,2025-12-04,1,3,5921 COVENTRY LN BLDG 102,78723,4,NA,https://abc.austintexas.gov/web/permit/public-search-other?t_detail=1&t_selected_folderrsn=13622923,5921 COVENTRY LANE BLDG 102,NA,Austin,Texas,United States,1
1300 MC KIE DR BLDG 5,Building 5 Unit 52 and Unit 51.  New condominium residential duplex 2 stories 5 bedroom 5 bathroom attached 2 car garages covered porch and patio.,2025-11-19,2,2,1300 MC KIE DR BLDG 5,78752,4,NA,https://abc.austintexas.gov/web/permit/public-search-other?t_detail=1&t_selected_folderrsn=12351223,1300 MC KIE DRIVE BLDG 5,NA,Austin,Texas,United States,1
2309 OAK CREST AVE UNIT 2A,BUILDING 2 (2a): New studio apartment (duplex residence) w/ 1 bathroom & includes the carport & porch for building 2.,2025-11-12,1,1,2309 OAK CREST AVE UNIT 2A,78704,3,NA,https://abc.austintexas.gov/web/permit/public-search-other?t_detail=1&t_selected_folderrsn=13607245,2309 OAK CREST AVE UNIT 2A,NA,Austin,Texas,United States,1
2309 OAK CREST AVE BLDG 1,BUILDING 1:  New 3-story single family residence w/ attached carport 3 bedroom 3.5 bath.,2025-11-12,1,3,2309 OAK CREST AVE BLDG 1,78704,3,NA,https://abc.austintexas.gov/web/permit/public-search-other?t_detail=1&t_selected_folderrsn=13607244,2309 OAK CREST AVE BLDG 1,NA,Austin,Texas,United States,1
10124 CURB STRAP DR,"New construction of 2 story SFR 4 beds 3 baths attached garage covered porch and patio

PUD

Revision
Plan revision to change the house plan from an X35CM to a T35MM",2025-12-05,1,1,10124 CURB STRAP DR,78724,1,NA,https://abc.austintexas.gov/web/permit/public-search-other?t_detail=1&t_selected_folderrsn=13519738,10124 CURB STRAP DRIVE,NA,Austin,Texas,United States,1
11628 LADERA VISTA DR UNIT A,11628 Ladera Vista Dr Unit A: New 2-story duplex unit 3 bedroom 2.5 bath 1-car garage.,2025-12-11,1,2,11628 LADERA VISTA DR UNIT A,78759,10,NA,https://abc.austintexas.gov/web/permit/public-search-other?t_detail=1&t_selected_folderrsn=13626280,11628 LADERA VISTA DRIVE UNIT A,NA,Austin,Texas,United States,1
801 JOHNNY LIMON WAY,"New Construction of 3 Story Duplex Condo (3 beds 3 baths covered patio)

(801 Johnny Limon Way)",2025-12-29,1,3,801 JOHNNY LIMON WAY,78721,3,NA,https://abc.austintexas.gov/web/permit/public-search-other?t_detail=1&t_selected_folderrsn=13481632,801 JOHNNY LIMON WAY,NA,Austin,Texas,United States,1
811 JOHNNY LIMON WAY,"New Construction of 3 Story Duplex Condo

811 Johnny Limon Way",2025-12-29,1,3,811 JOHNNY LIMON WAY,78721,3,NA,https://abc.austintexas.gov/web/permit/public-search-other?t_detail=1&t_selected_folderrsn=13478304,811 JOHNNY LIMON WAY,NA,Austin,Texas,United States,1
1818 W ST JOHNS AVE BLDG 1,ePlan: Residential Expedited Review - New construction of a 2-Story Single Family Res. [4bed 4bath],2025-12-15,1,2,1818 W ST JOHNS AVE BLDG 1,78757,7,NA,https://abc.austintexas.gov/web/permit/public-search-other?t_detail=1&t_selected_folderrsn=13621983,1818 WEST STREET JOHNS AVE BLDG 1,NA,Austin,Texas,United States,1
4413 BANISTER LN UNIT 102,Unit 102 Bldg 1: New 3-story townhome with 3 bedroom 3.5 bathroom balcony attached 2-car carport.  Part of 3-unit townhome building in 3-unit use.  (9 units on 3 properties sharing 1-driveway utilizing a flag-lot configuration),2025-12-18,1,3,4413 BANISTER LN UNIT 102,78745,5,NA,https://abc.austintexas.gov/web/permit/public-search-other?t_detail=1&t_selected_folderrsn=13627394,4413 BANISTER LANE UNIT 102,NA,Austin,Texas,United States,1
1718 S 5TH ST,New 2-story ADU 1br/1bath w/garage covered porch and roof deck,2025-12-16,1,2,1718 S 5TH ST,78704,9,NA,https://abc.austintexas.gov/web/permit/public-search-other?t_detail=1&t_selected_folderrsn=12831676,1718 SOUTH 5TH STREET,NA,Austin,Texas,United States,1
111 MILDRED ST--BLDG 1 (CORNER-BEHIND BLDG 3),111 Mildred St BUILDING 1 (corner of Mildred & E 2nd St):  New construction of a 3-Story Single Family Res. [3 bed 3.5bath] with Attached 1-car Garage and 3rd floor balcony.  Part of 4-unit use 8 detached units total in development across 2 lots.,2025-11-17,1,3,111 MILDRED ST BLDG 1,78702,3,NA,https://abc.austintexas.gov/web/permit/public-search-other?t_detail=1&t_selected_folderrsn=13614298,111 MILDRED STREET BLDG 1,NA,Austin,Texas,United States,1
9803 RIBELIN RANCH CT BLDG 23,New construction of single building based on Volume Builder Approved (2024-067871 VB) Plan 2-AA-R. This is a 2 Story building with height of 30-9 and 3801 square feet.,2025-12-12,1,2,9803 RIBELIN RANCH CT BLDG 23,78750,10,NA,https://abc.austintexas.gov/web/permit/public-search-other?t_detail=1&t_selected_folderrsn=13605937,9803 RIBELIN RANCH CT BLDG 23,NA,Austin,Texas,United States,1
1317 SWEET BARK ST,New two-story SFR (4br/3.5ba) with attached garage and covered patio *PRODUCTION BUILDER- CONDO*,2025-12-01,1,2,1317 SWEET BARK ST,78745,5,NA,https://abc.austintexas.gov/web/permit/public-search-other?t_detail=1&t_selected_folderrsn=13606153,1317 SWEET BARK STREET,NA,Austin,Texas,United States,1
8921 GOLDEN LION DR,"New construction of 2 story SFR 3 beds 2.5 baths with attached 3 car garage covered entry porch and patio

PUD",2025-12-05,1,2,8921 GOLDEN LION DR,78744,2,NA,https://abc.austintexas.gov/web/permit/public-search-other?t_detail=1&t_selected_folderrsn=13614873,8921 GOLDEN LION DRIVE,NA,Austin,Texas,United States,1
2705 WILSON ST,2705 Wilson St: New 2-story residence 2 bed 2.5 bath. Part of 2-unit use,2025-12-09,1,2,2705 WILSON ST,78704,3,NA,https://abc.austintexas.gov/web/permit/public-search-other?t_detail=1&t_selected_folderrsn=13617951,2705 WILSON STREET,NA,Austin,Texas,United States,1
1114 1/2 LINDEN ST--BLDG 2,BLDG 2: New 2 story SFR with attached garage and covered front porch and covered rear patio. 3 bedroom 2.5 bathroom.,2025-12-17,1,2,1114 1/2 LINDEN ST BLDG 2,78702,3,NA,https://abc.austintexas.gov/web/permit/public-search-other?t_detail=1&t_selected_folderrsn=13629274,1114 1/2 LINDEN STREET BLDG 2,NA,Austin,Texas,United States,1
3213 WALNUT AVE--UNIT A,"ePlan: Residential Expedited Review - New THREE UNIT RES.
New construction of a 2-Story Duplex [1bed 1bath] with attached Garage. 3213 WALNUT AVE Unit A
New construction of a 2-Story Duplex [5bed 5bath]. 3213 WALNUT AVE Unit B

THIS PROJECT TO BE COMBINED WITH 3305 HEMLOCK VIA UDA.",2025-11-26,1,2,3213 WALNUT AVE UNIT A,78722,9,NA,https://abc.austintexas.gov/web/permit/public-search-other?t_detail=1&t_selected_folderrsn=13616943,3213 WALNUT AVE UNIT A,NA,Austin,Texas,United States,1
4413 BANISTER LN UNIT 101,Unit 101 Bldg 1: New 3-story townhome with 3 bedroom 3.5 bathroom balcony attached 2-car carport.  Part of 3-unit townhome building in 3-unit use.  (9 units on 3 properties sharing 1-driveway utilizing a flag-lot configuration),2025-12-18,1,3,4413 BANISTER LN UNIT 101,78745,5,NA,https://abc.austintexas.gov/web/permit/public-search-other?t_detail=1&t_selected_folderrsn=13627393,4413 BANISTER LANE UNIT 101,NA,Austin,Texas,United States,1
4413 BANISTER LN UNIT 302,Unit 302 Bldg 3:New 3-story townhome with 3 bedroom 3.5 bathroom balcony attached 2-car carport.  Part of 3-unit townhome building in 3-unit use.  (9 units on 3 properties sharing 1-driveway utilizing a flag-lot configuration),2025-12-18,1,3,4413 BANISTER LN UNIT 302,78745,5,NA,https://abc.austintexas.gov/web/permit/public-search-other?t_detail=1&t_selected_folderrsn=13627279,4413 BANISTER LANE UNIT 302,NA,Austin,Texas,United States,1
1614 SUFFOLK DR,Expedited Review - New construction of 2-story duplex [6bed 8bath] with one attached 1-car Garage and one attached 1-car Carport.,2025-11-30,2,2,1614 SUFFOLK DR,78723,4,NA,https://abc.austintexas.gov/web/permit/public-search-other?t_detail=1&t_selected_folderrsn=13313733,1614 SUFFOLK DRIVE,NA,Austin,Texas,United States,1
1904 SHARON LN,ePlan: Residential Expedited Review - New ePlan: Residential Expedited Review - New construction of a 2-Story Single Family Res. [5bed 5.5bath] with Habitable Attic and Attached Carport.,2025-11-14,1,2,1904 SHARON LN,78703,10,NA,https://abc.austintexas.gov/web/permit/public-search-other?t_detail=1&t_selected_folderrsn=13606179,1904 SHARON LANE,NA,Austin,Texas,United States,1
2103 TOWER DR UNIT A,"ePlan: Residential Expedited Review - New construction of a 2-Story Duplex [4bed 3.5bath]. UNIT A
ePlan: Residential Expedited Review - New construction of a 2-Story Duplex [1bed 1bath] with attached Garage. UNIT B",2025-12-03,1,2,2103 TOWER DR UNIT A,78703,10,NA,https://abc.austintexas.gov/web/permit/public-search-other?t_detail=1&t_selected_folderrsn=13622297,2103 TOWER DRIVE UNIT A,NA,Austin,Texas,United States,1
1809 MARGARET ST,Expedited Review - New Construction of a 2-Story Single Family Res. [4bed 5.5bath] with Basement outdoor kitchen and attached Carport.,2025-12-22,1,2,1809 MARGARET ST,78704,5,NA,https://abc.austintexas.gov/web/permit/public-search-other?t_detail=1&t_selected_folderrsn=13237386,1809 MARGARET STREET,NA,Austin,Texas,United States,1
1900 W 37TH ST,"1900 W 37th St:  New 2 story residence with 3 bedroom 3.5 bath & screened porch. Part of 2-unit use.

2/6/26 SM - For second unit. 3706 1/2 Oakmont Blvd: New 2-story residence with 2-car garage & second floor studio garage apartment 1 bathroom.",2025-12-12,1,2,1900 W 37TH ST,78731,10,NA,https://abc.austintexas.gov/web/permit/public-search-other?t_detail=1&t_selected_folderrsn=13625659,1900 WEST 37TH STREET,NA,Austin,Texas,United States,1
1813 E 38TH HALF ST--BLDG 1--UNIT 1B,Bldg. 1 Unit B: New construction 3-unit use duplex residential  3-story 4 bedroom 3.5 bath with covered front porch covered rear patio 3rd floor balcony and uncovered roof top deck.,2025-11-26,1,3,1813 E 38TH HALF ST BLDG 1 UNIT 1B,78722,9,NA,https://abc.austintexas.gov/web/permit/public-search-other?t_detail=1&t_selected_folderrsn=13620043,1813 EAST 38TH HALF STREET BLDG 1 UNIT 1B,NA,Austin,Texas,United States,1
2505 DEERFOOT TRL,ePlan: Residential Expedited Review - New construction of a 2-Story Single Family Res. [5bed 4bath] with Attached Garage.  Work to include Casita (1bed/ 1 bath) connected by breeze way.,2025-11-17,1,2,2505 DEERFOOT TRL,78704,5,NA,https://abc.austintexas.gov/web/permit/public-search-other?t_detail=1&t_selected_folderrsn=13616264,2505 DEERFOOT TRAIL,NA,Austin,Texas,United States,1
908 W MARY ST,New construction two-unit use single-family residential 1-story studio with 1 bath and covered front porch.,2025-12-11,1,1,908 W MARY ST,78704,9,NA,https://abc.austintexas.gov/web/permit/public-search-other?t_detail=1&t_selected_folderrsn=13624853,908 WEST MARY STREET,NA,Austin,Texas,United States,1
7012 WOODFORD WAY,New construction single-family residential 1-story 3 bedroom 2 bath with attached 2-car garage covered front porch and covered rear patio.,2025-12-11,1,1,7012 WOODFORD WAY,78744,2,NA,https://abc.austintexas.gov/web/permit/public-search-other?t_detail=1&t_selected_folderrsn=13626470,7012 WOODFORD WAY,NA,Austin,Texas,United States,1
7817 W SH 71 BLDG 9,ePlan: Expedited Review - New Construction of Multi Family Townhouse Building.,2025-12-11,3,2,7817 W SH 71 BLDG 9,78736,8,NA,https://abc.austintexas.gov/web/permit/public-search-other?t_detail=1&t_selected_folderrsn=13626098,7817 WEST SH 71 BLDG 9,NA,Austin,Texas,United States,1
4808 WEST PARK DR Unit B,UNIT B: New 2-garage garage & studio garage apartment w/ 1 bathroom. Part of duplex use.,2025-12-03,1,2,4808 WEST PARK DR,78731,7,NA,https://abc.austintexas.gov/web/permit/public-search-other?t_detail=1&t_selected_folderrsn=13618810,4808 WEST PARK DRIVE,NA,Austin,Texas,United States,1
10120 CURB STRAP DR,"New construction of 1 story SFR with 4 beds 2 baths attached garage covered porch and patio

PUD
Revision: Plan revision to change the house plan from an X35KM to a T35BM",2025-12-15,1,1,10120 CURB STRAP DR,78724,1,NA,https://abc.austintexas.gov/web/permit/public-search-other?t_detail=1&t_selected_folderrsn=13518538,10120 CURB STRAP DRIVE,NA,Austin,Texas,United States,1
8202 BRIARWOOD LN UNIT B,New 2-story duplex unit B 3 bed/2.5 bath attached garage covered porch and balcony,2025-12-01,1,2,8202 BRIARWOOD LN UNIT B,78757,7,NA,https://abc.austintexas.gov/web/permit/public-search-other?t_detail=1&t_selected_folderrsn=13619567,8202 BRIARWOOD LANE UNIT B,NA,Austin,Texas,United States,1
11400 LADERA VISTA DR,New construction of 3 story SFR with partial driveway and porches,2025-11-21,1,3,11400 LADERA VISTA DR,78759,10,NA,https://abc.austintexas.gov/web/permit/public-search-other?t_detail=1&t_selected_folderrsn=13617108,11400 LADERA VISTA DRIVE,NA,Austin,Texas,United States,1
1407 SWEET BARK ST,New 2-story 3 bedroom 2.5 bathroom single family condo with attached garage covered front porch and rear covered patio.,2025-12-23,1,2,1407 SWEET BARK ST,78745,5,NA,https://abc.austintexas.gov/web/permit/public-search-other?t_detail=1&t_selected_folderrsn=13632331,1407 SWEET BARK STREET,NA,Austin,Texas,United States,1
813 W OLTORF ST,New 2-story SFR with 4 bedrooms and 3 bathrooms and a attached single car garage with a guest suite above,2025-11-26,1,2,813 W OLTORF ST,78704,3,NA,https://abc.austintexas.gov/web/permit/public-search-other?t_detail=1&t_selected_folderrsn=13619275,813 WEST OLTORF STREET,NA,Austin,Texas,United States,1
3804 TOWER VIEW CT BLDG 2,ePlan: Residential Expedited Review -New construction of a 2-Story Single Family Res. [3bed 2.5bath] with attached Garage. Bldg 2,2025-12-10,1,2,3804 TOWER VIEW CT BLDG 2,78723,1,NA,https://abc.austintexas.gov/web/permit/public-search-other?t_detail=1&t_selected_folderrsn=13626128,3804 TOWER VIEW CT BLDG 2,NA,Austin,Texas,United States,1
5410 DUVAL ST BLDG 2,BLDG 2: New 2-story residence with attached 1-car carport 3 bedroom 2.5 bath. Part of 2-unit use.,2025-12-01,1,2,5410 DUVAL ST BLDG 2,78751,4,NA,https://abc.austintexas.gov/web/permit/public-search-other?t_detail=1&t_selected_folderrsn=13607327,5410 DUVAL STREET BLDG 2,NA,Austin,Texas,United States,1
5024 STOCKTON LN,Briscoe 820-N-R Is a New one-story single-family residence with (3) bedrooms (2) bathrooms an attached two-car garage and a covered entry porch & patio.,2025-12-09,1,1,5024 STOCKTON LN,78617,2,NA,https://abc.austintexas.gov/web/permit/public-search-other?t_detail=1&t_selected_folderrsn=13623003,5024 STOCKTON LANE,NA,Austin,Texas,United States,1
1108 S 5TH ST UNIT 1A,ePlan: Residential Expedited Review - Bldg 1 Unit 1A:  New duplex unit. 3 bedroom 2.5 bath. Balconies & Terrace. Part of 3-unit use.,2025-12-14,1,2,1108 S 5TH ST UNIT 1A,78704,9,NA,https://abc.austintexas.gov/web/permit/public-search-other?t_detail=1&t_selected_folderrsn=13627655,1108 SOUTH 5TH STREET UNIT 1A,NA,Austin,Texas,United States,1
607 1/2 THRUSH AVE,Retroactive permit single-story dwelling and concrete fence,2025-12-03,1,1,607 1/2 THRUSH AVE,78753,7,NA,https://abc.austintexas.gov/web/permit/public-search-other?t_detail=1&t_selected_folderrsn=13605997,607 1/2 THRUSH AVE,NA,Austin,Texas,United States,1
2303 E 2ND ST--BLDG 3,2303 E 2nd St BUILDING 3 (middle rear on Mildred side):   New construction of a 3-Story Single Family Res. [3 bed 3.5bath] and 3rd floor balcony. Part of 4-unit use 8 detached units total in development across 2 lots.,2025-11-17,1,3,2303 E 2ND ST BLDG 3,78702,3,NA,https://abc.austintexas.gov/web/permit/public-search-other?t_detail=1&t_selected_folderrsn=13614300,2303 EAST 2ND STREET BLDG 3,NA,Austin,Texas,United States,1
7100 WOODFORD WAY,New construction single-family residential 2-story 4 bedroom 3.5 bath with attached 2-car garage covered front porch and covered rear patio.,2025-12-11,1,2,7100 WOODFORD WAY,78744,2,NA,https://abc.austintexas.gov/web/permit/public-search-other?t_detail=1&t_selected_folderrsn=13626695,7100 WOODFORD WAY,NA,Austin,Texas,United States,1
8512 ROCKWOOD LN,New Two-Story SF Residence w/ 4 bed 3.5 baths + attached garage,2025-11-13,1,2,8512 ROCKWOOD LN,78757,7,NA,https://abc.austintexas.gov/web/permit/public-search-other?t_detail=1&t_selected_folderrsn=13612240,8512 ROCKWOOD LANE,NA,Austin,Texas,United States,1
2002 GREENWOOD AVE BLDG 1,Building 1 New 3 Story Single Family House with attached carport,2025-12-17,1,3,2002 GREENWOOD AVE BLDG 1,78723,1,NA,https://abc.austintexas.gov/web/permit/public-search-other?t_detail=1&t_selected_folderrsn=13629125,2002 GREENWOOD AVE BLDG 1,NA,Austin,Texas,United States,1
5020 STOCKTON LN,Callaghan 830-M-L Is a New one-story single-family residence with (4) bedrooms (2) bathrooms an attached two-car garage and a covered entry porch & patio.,2025-12-09,1,1,5020 STOCKTON LN,78617,2,NA,https://abc.austintexas.gov/web/permit/public-search-other?t_detail=1&t_selected_folderrsn=13622990,5020 STOCKTON LANE,NA,Austin,Texas,United States,1
11628 LADERA VISTA DR UNIT B,11628 Ladera Vista Dr Unit B: New 2-story duplex unit 3 bedroom 2.5 bath 1-car garage.,2025-12-11,1,2,11628 LADERA VISTA DR UNIT B,78759,10,NA,https://abc.austintexas.gov/web/permit/public-search-other?t_detail=1&t_selected_folderrsn=13626281,11628 LADERA VISTA DRIVE UNIT B,NA,Austin,Texas,United States,1
503 E MARY ST BLDG 2,"BLDG 2: New wood framing ADU and 11-0 x 22-0 pool at the backyard of existing home. ADU will include one unconditioned powder room one full bath a small
kitchen and living space.",2025-12-01,1,2,503 E MARY ST BLDG 2,78704,9,NA,https://abc.austintexas.gov/web/permit/public-search-other?t_detail=1&t_selected_folderrsn=13620256,503 EAST MARY STREET BLDG 2,NA,Austin,Texas,United States,1
1603 VALERIA ST,Building 2 3 Story SFR with attached garage and covered paito,2025-12-12,1,3,1603 VALERIA ST,78704,5,NA,https://abc.austintexas.gov/web/permit/public-search-other?t_detail=1&t_selected_folderrsn=13608438,1603 VALERIA STREET,NA,Austin,Texas,United States,1
4413 BANISTER LN UNIT 202,Unit 202 Bldg 2:New 3-story townhome with 3 bedroom 3.5 bathroom balcony attached 2-car carport.  Part of 3-unit townhome building in 3-unit use.  (9 units on 3 properties sharing 1-driveway utilizing a flag-lot configuration),2025-12-18,1,3,4413 BANISTER LN UNIT 202,78745,5,NA,https://abc.austintexas.gov/web/permit/public-search-other?t_detail=1&t_selected_folderrsn=13628139,4413 BANISTER LANE UNIT 202,NA,Austin,Texas,United States,1
1820 W 10TH ST UNIT 2A,"New 2-Story Duplex
Bldg 2 Unit A (1st floor) New duplex unit 1 bed/1 bath with kitchen living room and attached porch",2025-12-26,1,2,1820 W 10TH ST UNIT 2A,78703,9,NA,https://abc.austintexas.gov/web/permit/public-search-other?t_detail=1&t_selected_folderrsn=13547397,1820 WEST 10TH STREET UNIT 2A,NA,Austin,Texas,United States,1
13395 BULLICK HOLLOW RD,ePlan: Residential Expedited Review - New construction of a 2-Story Single Family Res. [4bed 4.5bath] with Attached Garage,2025-12-29,1,2,13395 BULLICK HOLLOW RD,78732,10,NA,https://abc.austintexas.gov/web/permit/public-search-other?t_detail=1&t_selected_folderrsn=13631517,13395 BULLICK HOLLOW ROAD,NA,Austin,Texas,United States,1
4200 WILSHIRE PKWY,ePlan: Residential Expedited Review - New construction of a 1-Story Single Family Res. [3bed 3bath],2025-12-03,1,1,4200 WILSHIRE PKWY,78722,9,NA,https://abc.austintexas.gov/web/permit/public-search-other?t_detail=1&t_selected_folderrsn=13465464,4200 WILSHIRE PKWY,NA,Austin,Texas,United States,1
4413 BANISTER LN UNIT 103,Unit 103 Bldg 1: New 3-story townhome with 3 bedroom 3.5 bathroom balcony attached 2-car carport.  Part of 3-unit townhome building in 3-unit use.  (9 units on 3 properties sharing 1-driveway utilizing a flag-lot configuration),2025-12-18,1,3,4413 BANISTER LN UNIT 103,78745,5,NA,https://abc.austintexas.gov/web/permit/public-search-other?t_detail=1&t_selected_folderrsn=13627395,4413 BANISTER LANE UNIT 103,NA,Austin,Texas,United States,1
2608 PARK VIEW DR,ePlan: Residential Expedited Review -- New construction of a 2-Story Single Family Res. [5 bed 4.5 bath]  Attached Garage,2025-12-22,1,2,2608 PARK VIEW DR,78757,7,NA,https://abc.austintexas.gov/web/permit/public-search-other?t_detail=1&t_selected_folderrsn=13560455,2608 PARK VIEW DRIVE,NA,Austin,Texas,United States,1
807 JOHNNY LIMON WAY,"New Construction of 3 Story Duplex Condo Unit A - 2 beds 2.5 baths covered porch

(807 Johnny limon)",2025-12-29,1,3,807 JOHNNY LIMON WAY,78721,3,NA,https://abc.austintexas.gov/web/permit/public-search-other?t_detail=1&t_selected_folderrsn=13478106,807 JOHNNY LIMON WAY,NA,Austin,Texas,United States,1
4515 GILLIS ST,Addition to existing 1-story single-family residential to include: new 2 bedroom 1 bath with covered front porch extension covered rear porch and 13 sqft for refrigerator alcove. Retroactively permitting existing 1-story 2-unit use single-family residential studio space with full bath and covered front wood deck.,2025-12-22,1,1,4515 GILLIS ST,78745,5,NA,https://abc.austintexas.gov/web/permit/public-search-other?t_detail=1&t_selected_folderrsn=13628296,4515 GILLIS STREET,NA,Austin,Texas,United States,1
1108 S 5TH ST UNIT 1B,Bldg 1 Unit 1B: New duplex unit.  Basement level studio-apartment with 1 bathroom and deck. Part of 3-unit use.,2025-12-14,1,1,1108 S 5TH ST UNIT 1B,78704,9,NA,https://abc.austintexas.gov/web/permit/public-search-other?t_detail=1&t_selected_folderrsn=13627656,1108 SOUTH 5TH STREET UNIT 1B,NA,Austin,Texas,United States,1
2212 CANTERBURY ST--BLDG 1,"Bldg 1: New construction 2-unit use single-family residential 2-story 4 bedroom 3 bath with attached 1-car carport covered front porch and covered rear patio. 
On May 262026 I (Sam West) changes the required sidewalk inspection to yes because the new driveway approach could not be installed because of the exiting sidewalk condition.",2025-11-18,1,2,2212 CANTERBURY ST,78702,3,NA,https://abc.austintexas.gov/web/permit/public-search-other?t_detail=1&t_selected_folderrsn=13612373,2212 CANTERBURY STREET,NA,Austin,Texas,United States,1
3309 STARDUST DR,New 1-story 5 bedroom 4 bathroom single family residence with attached garage covered front porch and rear covered patio.,2025-12-01,1,1,3309 STARDUST DR,78757,7,NA,https://abc.austintexas.gov/web/permit/public-search-other?t_detail=1&t_selected_folderrsn=13616244,3309 STARDUST DRIVE,NA,Austin,Texas,United States,1
819 JOHNNY LIMON WAY,819 New Construction of a 3 Story Duplex Condo,2025-12-29,1,3,819 JOHNNY LIMON WAY,78721,3,NA,https://abc.austintexas.gov/web/permit/public-search-other?t_detail=1&t_selected_folderrsn=13476475,819 JOHNNY LIMON WAY,NA,Austin,Texas,United States,1
8202 BRIARWOOD LN UNIT A,New 2-story duplex unit A 3 bed/2.5 bath attached garage covered porch and balcony,2025-12-01,1,2,8202 BRIARWOOD LN UNIT A,78757,7,NA,https://abc.austintexas.gov/web/permit/public-search-other?t_detail=1&t_selected_folderrsn=13619566,8202 BRIARWOOD LANE UNIT A,NA,Austin,Texas,United States,1
4413 BANISTER LN UNIT 303,Unit 303 Bldg 3: New 3-story townhome with 3 bedroom 3.5 bathroom balcony attached 2-car carport.  Part of 3-unit townhome building in 3-unit use.  (9 units on 3 properties sharing 1-driveway utilizing a flag-lot configuration),2025-12-18,1,3,4413 BANISTER LN UNIT 303,78745,5,NA,https://abc.austintexas.gov/web/permit/public-search-other?t_detail=1&t_selected_folderrsn=13627280,4413 BANISTER LANE UNIT 303,NA,Austin,Texas,United States,1
2708 ESTONIA PATH,Site Plan Condo: Proposed construction of 2518 sq ft single-family residence with 3 bedroom 3.5 bathrooms 2 car garage,2025-12-11,1,3,2708 ESTONIA PATH,78741,3,NA,https://abc.austintexas.gov/web/permit/public-search-other?t_detail=1&t_selected_folderrsn=13625956,2708 ESTONIA PATH,NA,Austin,Texas,United States,1
9205 DINGO DR,New construction single-family residential two-story 4 bedroom 3 bath with attached 2-car garage covered front porch and covered rear patio.,2025-12-11,1,2,9205 DINGO DR,78744,2,NA,https://abc.austintexas.gov/web/permit/public-search-other?t_detail=1&t_selected_folderrsn=13626162,9205 DINGO DRIVE,NA,Austin,Texas,United States,1
8603 DONGAN DR,"2 story SFR with 4 bedrooms 3 baths covered porch and attached garage. 
On May 26 2026 I (Sam West) removed the driveway and sidewalk required inspection because the project is located in the limited purpose of the City of Austin.",2025-10-22,1,2,8603 DONGAN DR,78744,2,NA,https://abc.austintexas.gov/web/permit/public-search-other?t_detail=1&t_selected_folderrsn=13601757,8603 DONGAN DRIVE,NA,Austin,Texas,United States,1
2615 SPRING LN,ePlan: Residential Expedited Review - New construction of a 2-Story Single Family Res. [5bed 6bath] with Habitable Attic and Attached Garage. Work to include 500 sf casita connected by covered patio.,2025-10-20,1,2,2615 SPRING LN,78703,10,NA,https://abc.austintexas.gov/web/permit/public-search-other?t_detail=1&t_selected_folderrsn=13590941,2615 SPRING LANE,NA,Austin,Texas,United States,1
8404 COSMICO ST,ePlan: Residential Expedited Review - SITE PLAN APPROVED: PHASE A - Greystar Plan A583 New 2 story attached unit with 2 bedrooms 2.5 bathrooms and a 1 car garage,2025-10-16,1,2,8404 COSMICO ST,78736,8,NA,https://abc.austintexas.gov/web/permit/public-search-other?t_detail=1&t_selected_folderrsn=13601212,8404 COSMICO STREET,NA,Austin,Texas,United States,1
8412 COSMICO ST,ePlan: Residential Expedited Review - SITE PLAN APPROVED: PHASE A - Greystar Plan A583 New 2 story attached unit with 2 bedrooms 2.5 bathrooms and a 1 car garage,2025-10-16,1,2,8412 COSMICO ST,78736,8,NA,https://abc.austintexas.gov/web/permit/public-search-other?t_detail=1&t_selected_folderrsn=13601214,8412 COSMICO STREET,NA,Austin,Texas,United States,1
8113 WILDER RD UNIT 202,ePlan: Residential Expedited Review - SITE PLAN APPROVED: PHASE A - Greystar Plan A582 New 2 story attached unit with 2 bedrooms 2.5 bathrooms and a 2 car garage.,2025-10-16,1,2,8113 WILDER RD UNIT 202,78736,8,NA,https://abc.austintexas.gov/web/permit/public-search-other?t_detail=1&t_selected_folderrsn=13601243,8113 WILDER ROAD UNIT 202,NA,Austin,Texas,United States,1
408 W LIVE OAK STREET Bldg 2,"ePlan: Residential Expedited Review - New Construction of 4 New Modular 3-Story Residences. 
Bldg 2 New construction of a 3-Story Single Family Res. [3bed 2.5bath] with Attached Garage. 408 W LIVE OAK STREET Bldg 2",2025-10-02,1,3,408 W LIVE OAK ST BLDG 2,78704,3,NA,https://abc.austintexas.gov/web/permit/public-search-other?t_detail=1&t_selected_folderrsn=13589357,408 WEST LIVE OAK STREET BLDG 2,NA,Austin,Texas,United States,1
1619 ELMHURST DR BLDG 2,"ePlan: Residential Expedited Review: New construction of a THREE UNIT RESIDENTIAL with two pools. 
BLDG 2: New 3-Story Single Fam. Res. [4 bed 3.5bath] w/ Carport.",2025-10-09,1,3,1619 ELMHURST DR BLDG 2,78741,9,NA,https://abc.austintexas.gov/web/permit/public-search-other?t_detail=1&t_selected_folderrsn=13588208,1619 ELMHURST DRIVE BLDG 2,NA,Austin,Texas,United States,1
2020 RUNDELL PL,New 2-story single family residence with habitable attic 7 bed/4.5 bath attached garage carport covered front rear porch driveway and sidewalk,2025-11-11,1,2,2020 RUNDELL PL,78704,5,NA,https://abc.austintexas.gov/web/permit/public-search-other?t_detail=1&t_selected_folderrsn=13608417,2020 RUNDELL PLACE,NA,Austin,Texas,United States,1
8013 WILDER RD UNIT 101,ePlan: Residential Expedited Review - SITE PLAN APPROVED: PHASE A - Greystar Plan A581 New 2 story attached unit with 3 bedrooms 2.5 bathrooms and a 2 car garage.,2025-11-03,1,2,8013 WILDER RD UNIT 101,78736,8,NA,https://abc.austintexas.gov/web/permit/public-search-other?t_detail=1&t_selected_folderrsn=13609538,8013 WILDER ROAD UNIT 101,NA,Austin,Texas,United States,1
911 POST OAK ST,New 2-story 3 bedroom 2.5 bathroom single family residence with habitable basement attached carport covered porches and balcony.,2025-10-07,1,3,911 POST OAK ST,78704,9,NA,https://abc.austintexas.gov/web/permit/public-search-other?t_detail=1&t_selected_folderrsn=13563015,911 POST OAK STREET,NA,Austin,Texas,United States,1
4603 BUCKS RUN,New construction of 1 story SFR with 2 bathrooms and 3 bedrooms,2025-11-11,1,1,4603 BUCKS RUN,78744,2,NA,https://abc.austintexas.gov/web/permit/public-search-other?t_detail=1&t_selected_folderrsn=13607566,4603 BUCKS RUN,NA,Austin,Texas,United States,1
8400 COSMICO ST,ePlan: Residential Expedited Review - SITE PLAN APPROVED: PHASE A - Greystar Plan A584 New 2 story attached unit with 3 bedrooms 2.5 bathrooms and a 2 car garage,2025-10-16,1,2,8400 COSMICO ST,78736,8,NA,https://abc.austintexas.gov/web/permit/public-search-other?t_detail=1&t_selected_folderrsn=13601120,8400 COSMICO STREET,NA,Austin,Texas,United States,1
1808 SYLVAN DR BLDG 2,ePlan: Residential Expedited Review - New construction of a 3-Story Single Family Res. [4bed 4bath] with Attached Carport. Bldg 2,2025-10-14,1,3,1808 SYLVAN DR BLDG 2,78741,9,NA,https://abc.austintexas.gov/web/permit/public-search-other?t_detail=1&t_selected_folderrsn=13588965,1808 SYLVAN DRIVE BLDG 2,NA,Austin,Texas,United States,1
8709 COSMICO ST UNIT 104,ePlan: Residential Expedited Review - SITE PLAN APPROVED: PHASE A - Greystar Plan A581 New 2 story attached unit with 3 bedrooms 2.5 bathrooms and a 2 car garage.,2025-11-03,1,2,8709 COSMICO ST UNIT 104,78736,8,NA,https://abc.austintexas.gov/web/permit/public-search-other?t_detail=1&t_selected_folderrsn=13609550,8709 COSMICO STREET UNIT 104,NA,Austin,Texas,United States,1
8410 COSMICO ST,ePlan: Residential Expedited Review - SITE PLAN APPROVED: PHASE A - Greystar Plan A584 New 2 story attached unit with 3 bedrooms 2.5 bathrooms and a 2 car garage,2025-10-16,1,2,8410 COSMICO ST,78736,8,NA,https://abc.austintexas.gov/web/permit/public-search-other?t_detail=1&t_selected_folderrsn=13601124,8410 COSMICO STREET,NA,Austin,Texas,United States,1
2313 E 11TH ST--BLDG 2,New two-story dwelling unit 1 bed/1 bath with covered patio and storage,2025-10-28,1,2,2313 E 11TH ST BLDG 2,78702,1,NA,https://abc.austintexas.gov/web/permit/public-search-other?t_detail=1&t_selected_folderrsn=13574148,2313 EAST 11TH STREET BLDG 2,NA,Austin,Texas,United States,1
8013 WILDER RD UNIT 201,ePlan: Residential Expedited Review - SITE PLAN APPROVED: PHASE A - Greystar Plan A581 New 2 story attached unit with 3 bedrooms 2.5 bathrooms and a 2 car garage.,2025-11-03,1,2,8013 WILDER RD UNIT 201,78736,8,NA,https://abc.austintexas.gov/web/permit/public-search-other?t_detail=1&t_selected_folderrsn=13609540,8013 WILDER ROAD UNIT 201,NA,Austin,Texas,United States,1
1805 E 18TH ST--BLDG 2 (MIDDLE),"ePlan: Residential Expedited Review - New THREE UNIT RES.
Bldg 2 New construction of a 2-Story Single Family Res. [3bed 3bath] with Attached Garage",2025-10-30,1,2,1805 E 18TH ST BLDG 2,78702,1,NA,https://abc.austintexas.gov/web/permit/public-search-other?t_detail=1&t_selected_folderrsn=13585811,1805 EAST 18TH STREET BLDG 2,NA,Austin,Texas,United States,1
8113 WILDER RD UNIT 201,ePlan: Residential Expedited Review - SITE PLAN APPROVED: PHASE A - Greystar Plan A581 New 2 story attached unit with 3 bedrooms 2.5 bathrooms and a 2 car garage.,2025-11-03,1,2,8113 WILDER RD UNIT 201,78736,8,NA,https://abc.austintexas.gov/web/permit/public-search-other?t_detail=1&t_selected_folderrsn=13609544,8113 WILDER ROAD UNIT 201,NA,Austin,Texas,United States,1
5007 DUVAL ST,New 1-story 3 bedroom 2 bathroom single family residence with attached carport and covered front porch.,2025-10-09,1,1,5007 DUVAL ST,78751,9,NA,https://abc.austintexas.gov/web/permit/public-search-other?t_detail=1&t_selected_folderrsn=13566535,5007 DUVAL STREET,NA,Austin,Texas,United States,1
8709 COSMICO ST UNIT 103,ePlan: Residential Expedited Review - SITE PLAN APPROVED: PHASE A - Greystar Plan A582 New 2 story attached unit with 2 bedrooms 2.5 bathrooms and a 2 car garage.,2025-10-16,1,2,8709 COSMICO ST UNIT 103,78736,8,NA,https://abc.austintexas.gov/web/permit/public-search-other?t_detail=1&t_selected_folderrsn=13601247,8709 COSMICO STREET UNIT 103,NA,Austin,Texas,United States,1
2301 E 2ND ST--BLDG 1,2301 E 2nd St BUILDING 1 (middle front on E 2nd side):   New construction of a 3-Story Single Family Res. [3 bed 3.5bath] with Attached 1-car Garage and 3rd floor balcony. Part of 4-unit use  8 detached units total in development across 2 lots.,2025-10-20,1,3,2301 E 2ND ST BLDG 1,78702,3,NA,https://abc.austintexas.gov/web/permit/public-search-other?t_detail=1&t_selected_folderrsn=13600544,2301 EAST 2ND STREET BLDG 1,NA,Austin,Texas,United States,1
8406 COSMICO ST,ePlan: Residential Expedited Review - SITE PLAN APPROVED: PHASE A - Greystar Plan A583 New 2 story attached unit with 2 bedrooms 2.5 bathrooms and a 1 car garage,2025-10-16,1,2,8406 COSMICO ST,78736,8,NA,https://abc.austintexas.gov/web/permit/public-search-other?t_detail=1&t_selected_folderrsn=13601213,8406 COSMICO STREET,NA,Austin,Texas,United States,1
210 W MOCKINGBIRD LN BLDG 3,New 2-story 3 bedroom 2.5 bathroom dwelling unit with attached garage covered front porch and rear covered patio.,2025-10-15,1,2,210 W MOCKINGBIRD LN BLDG 3,78745,3,NA,https://abc.austintexas.gov/web/permit/public-search-other?t_detail=1&t_selected_folderrsn=13598937,210 WEST MOCKINGBIRD LANE BLDG 3,NA,Austin,Texas,United States,1
1309 ALGUNO RD,ePlan: Residential Expedited Review - New construction of a 2-Story Single Family Res. [6bed 5bath] with Attached Carport.,2025-10-29,1,2,1309 ALGUNO RD,78757,7,NA,https://abc.austintexas.gov/web/permit/public-search-other?t_detail=1&t_selected_folderrsn=13602731,1309 ALGUNO ROAD,NA,Austin,Texas,United States,1
8113 WILDER RD UNIT 103,ePlan: Residential Expedited Review - SITE PLAN APPROVED: PHASE A - Greystar Plan A581 New 2 story attached unit with 3 bedrooms 2.5 bathrooms and a 2 car garage.,2025-11-03,1,2,8113 WILDER RD UNIT 103,78736,8,NA,https://abc.austintexas.gov/web/permit/public-search-other?t_detail=1&t_selected_folderrsn=13609543,8113 WILDER ROAD UNIT 103,NA,Austin,Texas,United States,1
8717 COSMICO ST UNIT 103,ePlan: Residential Expedited Review - SITE PLAN APPROVED: PHASE A - Greystar Plan A582 New 2 story attached unit with 2 bedrooms 2.5 bathrooms and a 2 car garage.,2025-10-16,1,2,8717 COSMICO ST UNIT 103,78736,8,NA,https://abc.austintexas.gov/web/permit/public-search-other?t_detail=1&t_selected_folderrsn=13601250,8717 COSMICO STREET UNIT 103,NA,Austin,Texas,United States,1
8013 WILDER RD UNIT 103,ePlan: Residential Expedited Review - SITE PLAN APPROVED: PHASE A - Greystar Plan A581 New 2 story attached unit with 3 bedrooms 2.5 bathrooms and a 2 car garage.,2025-11-03,1,2,8013 WILDER RD UNIT 103,78736,8,NA,https://abc.austintexas.gov/web/permit/public-search-other?t_detail=1&t_selected_folderrsn=13609539,8013 WILDER ROAD UNIT 103,NA,Austin,Texas,United States,1
8709 COSMICO ST UNIT 102,ePlan: Residential Expedited Review - SITE PLAN APPROVED: PHASE A - Greystar Plan A582 New 2 story attached unit with 2 bedrooms 2.5 bathrooms and a 2 car garage.,2025-10-16,1,2,8709 COSMICO ST UNIT 102,78736,8,NA,https://abc.austintexas.gov/web/permit/public-search-other?t_detail=1&t_selected_folderrsn=13601246,8709 COSMICO STREET UNIT 102,NA,Austin,Texas,United States,1
1501 MINNIE DR,New construction of SFR with 3 beds and 2.5 baths,2025-10-16,1,1,1501 MINNIE DR,78732,10,NA,https://abc.austintexas.gov/web/permit/public-search-other?t_detail=1&t_selected_folderrsn=13595740,1501 MINNIE DRIVE,NA,Austin,Texas,United States,1
706 E 46TH ST UNIT B,706 E 46th St  UNIT B(rear building):  New construction of 2-story 2-car garage and a 2nd floor studio garage apartment  1 bathroom.  Attached via covered breezeway to main dwelling of 706 E 46th. Part of 3-unit use.,2025-10-01,1,2,706 E 46TH ST UNIT B,78751,9,NA,https://abc.austintexas.gov/web/permit/public-search-other?t_detail=1&t_selected_folderrsn=13590972,706 EAST 46TH STREET UNIT B,NA,Austin,Texas,United States,1
2611 DEERFOOT TRL,New 2-story 4 bedroom 4.5 bathroom dwelling unit with attached garage carport covered front porch rear covered patio and balcony.,2025-11-07,1,2,2611 DEERFOOT TRL,78704,5,NA,https://abc.austintexas.gov/web/permit/public-search-other?t_detail=1&t_selected_folderrsn=13583765,2611 DEERFOOT TRAIL,NA,Austin,Texas,United States,1
1619 ELMHURST DR BLDG 1,"ePlan: Residential Expedited Review: New construction of a THREE UNIT RESIDENTIAL with two pools. 
BLDG 1: New 3--Story Single Fam. Res. [4bed 3.5bath] w/ Carport",2025-10-09,1,3,1619 ELMHURST DR BLDG 1,78741,9,NA,https://abc.austintexas.gov/web/permit/public-search-other?t_detail=1&t_selected_folderrsn=13588207,1619 ELMHURST DRIVE BLDG 1,NA,Austin,Texas,United States,1
3002 WEBBERVILLE RD--BLDG 2,ePlan: Residential Expedited Review - New construction of Second Unit 2-Story Single Family Res. [3bed 2.5bath] with Attached Garage,2025-11-10,1,2,3002 WEBBERVILLE RD BLDG 2,78702,1,NA,https://abc.austintexas.gov/web/permit/public-search-other?t_detail=1&t_selected_folderrsn=13612630,3002 WEBBERVILLE ROAD BLDG 2,NA,Austin,Texas,United States,1
1309 ALGUNO RD BLDG 2,ePlan: Residential Expedited Review -New construction of a 2-Story Single Family Res. [4bed 3bath]. Bldg 2,2025-10-29,1,2,1309 ALGUNO RD BLDG 2,78757,7,NA,https://abc.austintexas.gov/web/permit/public-search-other?t_detail=1&t_selected_folderrsn=13602732,1309 ALGUNO ROAD BLDG 2,NA,Austin,Texas,United States,1
1909 WESTRIDGE DR UNIT 1,"ePlan: Residential Expedited Review - New TWO UNIT RES.
Unit 1 New construction of a 2-Story Duplex [4bed 3.5bath] with attached Garage",2025-10-22,2,2,1909 WESTRIDGE DR UNIT 1,78704,5,NA,https://abc.austintexas.gov/web/permit/public-search-other?t_detail=1&t_selected_folderrsn=13547035,1909 WESTRIDGE DRIVE UNIT 1,NA,Austin,Texas,United States,1
2406 DREW LN BLDG 1,ePlan: Residential Expedited Review - Bldg 1: New construction of 2-Story residence [2.5 bed 2.5 bath] with attached Garage.  Part of 3-unit use.,2025-10-14,1,2,2406 DREW LN BLDG 1,78748,5,NA,https://abc.austintexas.gov/web/permit/public-search-other?t_detail=1&t_selected_folderrsn=13599453,2406 DREW LANE BLDG 1,NA,Austin,Texas,United States,1
1204 SINGLETON AVE--BLDG 1,New 2-story 3 bedroom 2.5 bathroom dwelling unit with covered porches and uncovered wood deck walkway.,2025-11-04,1,2,1204 SINGLETON AVE,78702,1,NA,https://abc.austintexas.gov/web/permit/public-search-other?t_detail=1&t_selected_folderrsn=13604460,1204 SINGLETON AVE,NA,Austin,Texas,United States,1
409 CROCKETT ST BLDG 1,"ePlan: Residential Expedited Review - New Construction 4 MODULAR 3-Story Residences. 
Bldg 1 New 3-story SF Res [3bed 2.5bath] with garage",2025-10-23,1,3,409 CROCKETT ST BLDG 1,78704,3,NA,https://abc.austintexas.gov/web/permit/public-search-other?t_detail=1&t_selected_folderrsn=13604314,409 CROCKETT STREET BLDG 1,NA,Austin,Texas,United States,1
406 W LIVE OAK ST,"ePlan: Residential Expedited Review - New Construction of 4 New Modular 3-Story Residences. 
New construction of a 3-Story Single Family Res. [3bed 2.5bath] with Attached Garage. 406 W LIVE OAK ST",2025-10-02,1,3,406 W LIVE OAK ST,78704,3,NA,https://abc.austintexas.gov/web/permit/public-search-other?t_detail=1&t_selected_folderrsn=13589359,406 WEST LIVE OAK STREET,NA,Austin,Texas,United States,1
1210 ROMERIA DR BLDG 1,New construction 2-Unit use single-family residential 2-story 4 bedroom 3.5 bath with attached 2-car garage and uncovered wood rear deck.,2025-11-04,1,2,1210 ROMERIA DR BLDG 1,78757,7,NA,https://abc.austintexas.gov/web/permit/public-search-other?t_detail=1&t_selected_folderrsn=13564971,1210 ROMERIA DRIVE BLDG 1,NA,Austin,Texas,United States,1
1902 GREENWOOD AVE BLDG 3,"ePlan: Residential Expedited Review - New THREE UNIT RES.
New construction of a 3-Story Single Family Res. [3bed 3.5bath] with Attached Carport",2025-10-10,1,3,1902 GREENWOOD AVE BLDG 3,78723,1,NA,https://abc.austintexas.gov/web/permit/public-search-other?t_detail=1&t_selected_folderrsn=13598152,1902 GREENWOOD AVE BLDG 3,NA,Austin,Texas,United States,1
2301 E 2ND ST--BLDG 2,2301 E 2nd St BUILDING 2 (middle rear on E 2nd side):   New construction of a 3-Story Single Family Res. [3 bed 3.5bath] and 3rd floor balcony. Part of 4-unit use  8 detached units total in development across 2 lots.,2025-10-20,1,3,2301 E 2ND ST BLDG 2,78702,3,NA,https://abc.austintexas.gov/web/permit/public-search-other?t_detail=1&t_selected_folderrsn=13600545,2301 EAST 2ND STREET BLDG 2,NA,Austin,Texas,United States,1
8414 COSMICO ST,ePlan: Residential Expedited Review - SITE PLAN APPROVED: PHASE A - Greystar Plan A583 New 2 story attached unit with 2 bedrooms 2.5 bathrooms and a 1 car garage,2025-10-16,1,2,8414 COSMICO ST,78736,8,NA,https://abc.austintexas.gov/web/permit/public-search-other?t_detail=1&t_selected_folderrsn=13601215,8414 COSMICO STREET,NA,Austin,Texas,United States,1
910 CHOTE AVE--BLDG 2 (4701 BOLM),ePlan: Residential Expedited Review -New construction of a 3-Story Single Family Res. [3bed 3.5bath] with Attached Carport.  4701 Bolm Rd,2025-11-10,1,3,910 CHOTE AVE,78702,3,NA,https://abc.austintexas.gov/web/permit/public-search-other?t_detail=1&t_selected_folderrsn=13607699,910 CHOTE AVE,NA,Austin,Texas,United States,1
2410 DREW LN BLDG 6,Bldg 6: New 3-Story [2 bed 2.5 bath]. Part of THREE-UNIT RES.  (six units sharing 1 address number & shared driveway),2025-10-13,1,3,2410 DREW LN BLDG 6,78748,5,NA,https://abc.austintexas.gov/web/permit/public-search-other?t_detail=1&t_selected_folderrsn=13598592,2410 DREW LANE BLDG 6,NA,Austin,Texas,United States,1
6005 SILENT NOVA VW,New construction of SFR Condo with 5 beds 5.5 Baths covered rear porch patio and 3 car garage,2025-10-23,1,2,6005 SILENT NOVA VW,78730,10,NA,https://abc.austintexas.gov/web/permit/public-search-other?t_detail=1&t_selected_folderrsn=13603554,6005 SILENT NOVA VW,NA,Austin,Texas,United States,1
5700 FORKS RD,New 2-Story Single Family Residence with 3 bedrooms 2.5 bathrooms and an attached 2-car garage,2025-11-03,1,1,5700 FORKS RD,78747,2,NA,https://abc.austintexas.gov/web/permit/public-search-other?t_detail=1&t_selected_folderrsn=13607804,5700 FORKS ROAD,NA,Austin,Texas,United States,1
4530 CLAWSON RD BLDG 2,New 3-story 3 bedroom 2.5 bathroom dwelling unit with attached carport covered porches and balconies.,2025-11-04,1,3,4530 CLAWSON RD BLDG 2,78745,5,NA,https://abc.austintexas.gov/web/permit/public-search-other?t_detail=1&t_selected_folderrsn=13608500,4530 CLAWSON ROAD BLDG 2,NA,Austin,Texas,United States,1
1101 RUTH AVE BLDG 1,"New construction of two separate residential buildings on an individual site with a two-unit residential use.
Main Structure",2025-10-21,1,2,1101 RUTH AVE BLDG 1,78757,7,NA,https://abc.austintexas.gov/web/permit/public-search-other?t_detail=1&t_selected_folderrsn=13526343,1101 RUTH AVE BLDG 1,NA,Austin,Texas,United States,1
8013 WILDER RD UNIT 102,ePlan: Residential Expedited Review - SITE PLAN APPROVED: PHASE A - Greystar Plan A582 New 2 story attached unit with 2 bedrooms 2.5 bathrooms and a 2 car garage.,2025-10-16,1,2,8013 WILDER RD UNIT 102,78736,8,NA,https://abc.austintexas.gov/web/permit/public-search-other?t_detail=1&t_selected_folderrsn=13601240,8013 WILDER ROAD UNIT 102,NA,Austin,Texas,United States,1
8420 COSMICO ST,ePlan: Residential Expedited Review - SITE PLAN APPROVED: PHASE A - Greystar Plan A583 New 2 story attached unit with 2 bedrooms 2.5 bathrooms and a 1 car garage,2025-10-16,1,2,8420 COSMICO ST,78736,8,NA,https://abc.austintexas.gov/web/permit/public-search-other?t_detail=1&t_selected_folderrsn=13601219,8420 COSMICO STREET,NA,Austin,Texas,United States,1
1805 E 18TH ST--BLDG 1 (FRONT),"ePlan: Residential Expedited Review - New THREE UNIT RES.
Bldg 1 New construction of a 2-Story Single Family Res. [3bed 3bath] with Attached Garage",2025-10-30,1,2,1805 E 18TH ST BLDG 1,78702,1,NA,https://abc.austintexas.gov/web/permit/public-search-other?t_detail=1&t_selected_folderrsn=13585810,1805 EAST 18TH STREET BLDG 1,NA,Austin,Texas,United States,1
8422 COSMICO ST,ePlan: Residential Expedited Review - SITE PLAN APPROVED: PHASE A - Greystar Plan A584 New 2 story attached unit with 3 bedrooms 2.5 bathrooms and a 2 car garage,2025-10-16,1,2,8422 COSMICO ST,78736,8,NA,https://abc.austintexas.gov/web/permit/public-search-other?t_detail=1&t_selected_folderrsn=13601125,8422 COSMICO STREET,NA,Austin,Texas,United States,1
2407 S 3RD ST UNIT 2A,Building 2A New construction of 3 story duplex (existing unit on lot) rear of main house.,2025-10-27,1,3,2407 S 3RD ST UNIT 2A,78704,3,NA,https://abc.austintexas.gov/web/permit/public-search-other?t_detail=1&t_selected_folderrsn=13603626,2407 SOUTH 3RD STREET UNIT 2A,NA,Austin,Texas,United States,1
2201 MONTCLAIRE STREET,ePlan: Residential Expedited Review - New construction of a 1-Story Single Family Res. [1bed 1bath],2025-09-30,1,1,2201 MONTCLAIRE ST,78704,5,NA,https://abc.austintexas.gov/web/permit/public-search-other?t_detail=1&t_selected_folderrsn=13590079,2201 MONTCLAIRE STREET,NA,Austin,Texas,United States,1
2806 SAN PEDRO ST,TEMPORARY BUILDING PERMIT: Scope Of Work Is Limited To Construct a Slab on grade foundation and the rough plumbing and electrical. The building footprint is 4060.4 SF.,2025-10-20,2,0,2806 SAN PEDRO ST,78705,9,NA,https://abc.austintexas.gov/web/permit/public-search-other?t_detail=1&t_selected_folderrsn=13602817,2806 SAN PEDRO STREET,NA,Austin,Texas,United States,1
1909 WESTRIDGE DR UNIT 2,"ePlan: Residential Expedited Review - New TWO UNIT RES.
Unit 2 New construction of a 1-Story Duplex [1bed 1bath] with attached Garage",2025-10-21,2,1,1909 WESTRIDGE DR UNIT 2,78704,5,NA,https://abc.austintexas.gov/web/permit/public-search-other?t_detail=1&t_selected_folderrsn=13547036,1909 WESTRIDGE DRIVE UNIT 2,NA,Austin,Texas,United States,1
1204 SINGLETON AVE--BLDG 2,New 2-story 3 bedroom 2.5 bathroom dwelling unit with covered porches and uncovered wood deck walkway.,2025-11-04,1,2,1204 SINGLETON AVE,78702,1,NA,https://abc.austintexas.gov/web/permit/public-search-other?t_detail=1&t_selected_folderrsn=13604461,1204 SINGLETON AVE,NA,Austin,Texas,United States,1
2907 BEANNA ST BLDG 1,"ePlan: Residential Expedited Review - New construction of TWO Units
Bldg 1 New 2-Story Single Family Res. [5bed 4.5bath] with habitable attic space",2025-10-08,1,2,2907 BEANNA ST BLDG 1,78705,9,NA,https://abc.austintexas.gov/web/permit/public-search-other?t_detail=1&t_selected_folderrsn=13596624,2907 BEANNA STREET BLDG 1,NA,Austin,Texas,United States,1
5610 HUDSON ST BLDG 1,"ePlan: Residential Expedited Review - New THREE UNIT RES.
Bldg 1: New construction of a 3-Story Single Family Res. [3bed 3.5bath] with Attached Carport.",2025-09-30,1,3,5610 HUDSON ST BLDG 1,78721,1,NA,https://abc.austintexas.gov/web/permit/public-search-other?t_detail=1&t_selected_folderrsn=13589220,5610 HUDSON STREET BLDG 1,NA,Austin,Texas,United States,1
2507 INWOOD PL,New construction of a new 2-Story Single Family Res. [5 bed 5.5bath]  with pergola front & rear patio Attached Garage.,2025-10-24,1,2,2507 INWOOD PL,78703,10,NA,https://abc.austintexas.gov/web/permit/public-search-other?t_detail=1&t_selected_folderrsn=13605585,2507 INWOOD PLACE,NA,Austin,Texas,United States,1
2100 MOUNTAIN VIEW RD UNIT B,"ePlan: Residential Expedited Review - New duplex  comprising of unit 1 (primary unit) & unit 2 (smaller second floor garage apartment).  
Unit B:  Located on 2nd floor accessed via sprial staircase1 bed 1 bath with 2-car garage",2025-10-08,1,2,2100 MOUNTAIN VIEW RD UNIT B,78703,10,NA,https://abc.austintexas.gov/web/permit/public-search-other?t_detail=1&t_selected_folderrsn=13594930,2100 MOUNTAIN VIEW ROAD UNIT B,NA,Austin,Texas,United States,1
1101 RUTH AVE BLDG 2,"New construction of two separate residential buildings on an individual site with a two-unit residential use.
Secondary Unit",2025-10-21,1,2,1101 RUTH AVE BLDG 2,78757,7,NA,https://abc.austintexas.gov/web/permit/public-search-other?t_detail=1&t_selected_folderrsn=13526344,1101 RUTH AVE BLDG 2,NA,Austin,Texas,United States,1
210 W MOCKINGBIRD LN BLDG 2,New 2-story 3 bedroom 2.5 bathroom dwelling unit with attached garage covered front porch and rear covered patio.,2025-10-15,1,2,210 W MOCKINGBIRD LN BLDG 2,78745,3,NA,https://abc.austintexas.gov/web/permit/public-search-other?t_detail=1&t_selected_folderrsn=13598936,210 WEST MOCKINGBIRD LANE BLDG 2,NA,Austin,Texas,United States,1
5505 WILLIAM HOLLAND AVE BLDG 1,"ePlan: Residential Expedited Review - New construction of a THREE UNIT RES.
Bldg 1 New construction of a 3-Story Single Family Res. [3bed 3bath] with attached Garage.",2025-11-11,1,3,5505 WILLIAM HOLLAND AVE BLDG 1,78756,7,NA,https://abc.austintexas.gov/web/permit/public-search-other?t_detail=1&t_selected_folderrsn=13540626,5505 WILLIAM HOLLAND AVE BLDG 1,NA,Austin,Texas,United States,1
2218 RIVERVIEW ST--PRIMARY,"New construction of a 2-Story Single Family Res with 3rd floor habitable attic. [4 bed 4 bath] front & rear porch with Detached 2-car Garage.
Retroactive demolition of framing & foundation from a previous incomplete attempted development is included in the scope of work (no need for demo permit).",2025-11-06,1,2,2218 RIVERVIEW ST,78702,3,NA,https://abc.austintexas.gov/web/permit/public-search-other?t_detail=1&t_selected_folderrsn=13611228,2218 RIVERVIEW STREET,NA,Austin,Texas,United States,1
2601 LITTLE JOHN LN,ePlan: Residential Expedited Review - New construction of a 2-Story Single Family Res. [4bed 4bath] with Attached Garage.,2025-10-23,1,2,2601 LITTLE JOHN LN,78704,3,NA,https://abc.austintexas.gov/web/permit/public-search-other?t_detail=1&t_selected_folderrsn=13601672,2601 LITTLE JOHN LANE,NA,Austin,Texas,United States,1
8500 COSMICO ST,ePlan: Residential Expedited Review - SITE PLAN APPROVED: PHASE A - Greystar Plan A584 New 2 story attached unit with 3 bedrooms 2.5 bathrooms and a 2 car garage,2025-10-16,1,2,8500 COSMICO ST,78736,8,NA,https://abc.austintexas.gov/web/permit/public-search-other?t_detail=1&t_selected_folderrsn=13601126,8500 COSMICO STREET,NA,Austin,Texas,United States,1
8013 WILDER RD UNIT 202,ePlan: Residential Expedited Review - SITE PLAN APPROVED: PHASE A - Greystar Plan A582 New 2 story attached unit with 2 bedrooms 2.5 bathrooms and a 2 car garage.,2025-10-16,1,2,8013 WILDER RD UNIT 202,78736,8,NA,https://abc.austintexas.gov/web/permit/public-search-other?t_detail=1&t_selected_folderrsn=13601241,8013 WILDER ROAD UNIT 202,NA,Austin,Texas,United States,1
2613 GERAGHTY AVE,ePlan: Residential Expedited Review - New construction of a 2-Story Single Family Res. [5bed 4bath] with Attached Carport,2025-11-03,1,2,2613 GERAGHTY AVE,78757,7,NA,https://abc.austintexas.gov/web/permit/public-search-other?t_detail=1&t_selected_folderrsn=13609252,2613 GERAGHTY AVE,NA,Austin,Texas,United States,1
704 E 46TH ST,704 E 46th St (front dwelling):  New construction of a 2-Story Single Family Res. [4 bed 4 bath] with Attached Garage. Part of 3-unit use.,2025-10-01,1,2,704 E 46TH ST,78751,9,NA,https://abc.austintexas.gov/web/permit/public-search-other?t_detail=1&t_selected_folderrsn=13590970,704 EAST 46TH STREET,NA,Austin,Texas,United States,1
8508 COSMICO ST,ePlan: Residential Expedited Review - SITE PLAN APPROVED: PHASE A - Greystar Plan A584 New 2 story attached unit with 3 bedrooms 2.5 bathrooms and a 2 car garage,2025-11-06,1,2,8508 COSMICO ST,78736,8,NA,https://abc.austintexas.gov/web/permit/public-search-other?t_detail=1&t_selected_folderrsn=13611332,8508 COSMICO STREET,NA,Austin,Texas,United States,1
1619 ELMHURST DR BLDG 3,"ePlan: Residential Expedited Review: New construction of a THREE UNIT RESIDENTIAL with two pools. 
BLDG 3: New 2-Story Single Family Res. [4 bed 3 bath] w/ Carport",2025-10-09,1,3,1619 ELMHURST DR BLDG 3,78741,9,NA,https://abc.austintexas.gov/web/permit/public-search-other?t_detail=1&t_selected_folderrsn=13588209,1619 ELMHURST DRIVE BLDG 3,NA,Austin,Texas,United States,1
2101 PAYNE AVE BLDG 2,New 2-story 1 bedroom 1 bathroom dwelling unit with attached garage workshops pool bathroom exterior staircase and balcony.,2025-10-09,1,2,2101 PAYNE AVE BLDG 2,78757,7,NA,https://abc.austintexas.gov/web/permit/public-search-other?t_detail=1&t_selected_folderrsn=13586676,2101 PAYNE AVE BLDG 2,NA,Austin,Texas,United States,1
409 CROCKETT ST BLDG 3,"ePlan: Residential Expedited Review - New Construction 4 MODULAR 3-Story Residences. 
Bldg 3 New 3-story SF Res [3bed 2.5bath]",2025-10-23,1,3,409 CROCKETT ST BLDG 3,78704,3,NA,https://abc.austintexas.gov/web/permit/public-search-other?t_detail=1&t_selected_folderrsn=13604316,409 CROCKETT STREET BLDG 3,NA,Austin,Texas,United States,1
910 CHOTE AVE--BLDG 3 (4705 BOLM),ePlan: Residential Expedited Review -New construction of a 3-Story Single Family Res. [3bed 3.5bath] with Attached Carport.  4705 Bolm Rd.,2025-11-10,1,3,910 CHOTE AVE,78702,3,NA,https://abc.austintexas.gov/web/permit/public-search-other?t_detail=1&t_selected_folderrsn=13607700,910 CHOTE AVE,NA,Austin,Texas,United States,1
8506 COSMICO ST,ePlan: Residential Expedited Review - SITE PLAN APPROVED: PHASE A - Greystar Plan A583 New 2 story attached unit with 2 bedrooms 2.5 bathrooms and a 1 car garage,2025-10-16,1,2,8506 COSMICO ST,78736,8,NA,https://abc.austintexas.gov/web/permit/public-search-other?t_detail=1&t_selected_folderrsn=13601222,8506 COSMICO STREET,NA,Austin,Texas,United States,1
3804 MANORWOOD RD BLDG 2,Bldg 2: New 2 story SFR with a covered front porch and balcony. 2 bedroom 1.5 bath.,2025-10-23,1,2,3804 MANORWOOD RD BLDG 2,78723,1,NA,https://abc.austintexas.gov/web/permit/public-search-other?t_detail=1&t_selected_folderrsn=13570641,3804 MANORWOOD ROAD BLDG 2,NA,Austin,Texas,United States,1
205 MEDINA--BLDG 1 (CORNER),Bldg 1: New construction of a 2-Story Single Family Res. [3 bed 2.5bath] with Attached Carport. Part of 3-unit use.,2025-10-06,1,2,205 MEDINA BLDG 1,78702,3,NA,https://abc.austintexas.gov/web/permit/public-search-other?t_detail=1&t_selected_folderrsn=13584784,205 MEDINA BLDG 1,NA,Austin,Texas,United States,1
111 MILDRED ST--BLDG 3 (CORNER),111 Mildred St BUILDING 3 (corner of Mildred & E 2nd St):  New construction of a 3-Story Single Family Res. [3 bed 3.5bath] with Attached 1-car Garage and 3rd floor balcony.  Part of 4-unit use  8 detached units total in development across 2 lots.,2025-10-20,1,3,111 MILDRED ST BLDG 3,78702,3,NA,https://abc.austintexas.gov/web/permit/public-search-other?t_detail=1&t_selected_folderrsn=13600543,111 MILDRED STREET BLDG 3,NA,Austin,Texas,United States,1
301 N PLEASANT VALLEY RD--BLDG 2 (CENTER),"ePlan: Residential Expedited Review - New construction of a THREE-UNIT RES. 
UNIT 2 3-Story [3bed 3.5bath]",2025-10-23,1,3,301 N PLEASANT VALLEY RD BLDG 2,78702,3,NA,https://abc.austintexas.gov/web/permit/public-search-other?t_detail=1&t_selected_folderrsn=13600277,301 NORTH PLEASANT VALLEY ROAD BLDG 2,NA,Austin,Texas,United States,1
3804 MANORWOOD RD--BLDG 1,Bldg 1: New 2 story SFR with attached garagecov front porch covered patio. 3 bedroom 2.5 bath,2025-10-04,1,2,3804 MANORWOOD RD BLDG 1,78723,1,NA,https://abc.austintexas.gov/web/permit/public-search-other?t_detail=1&t_selected_folderrsn=13570640,3804 MANORWOOD ROAD BLDG 1,NA,Austin,Texas,United States,1
703 SPARKS AVE BLDG 2,ePlan: Residential Expedited Review -New construction of a 2-Story Single Family Res. [4bed 4bath]. Bldg 2,2025-10-22,1,2,703 SPARKS AVE BLDG 2,78705,9,NA,https://abc.austintexas.gov/web/permit/public-search-other?t_detail=1&t_selected_folderrsn=13597401,703 SPARKS AVE BLDG 2,NA,Austin,Texas,United States,1
8703 COSMICO ST UNIT 102,ePlan: Residential Expedited Review - SITE PLAN APPROVED: PHASE A - Greystar Plan A582 New 2 story attached unit with 2 bedrooms 2.5 bathrooms and a 2 car garage.,2025-10-16,1,2,8703 COSMICO ST UNIT 102,78736,8,NA,https://abc.austintexas.gov/web/permit/public-search-other?t_detail=1&t_selected_folderrsn=13601244,8703 COSMICO STREET UNIT 102,NA,Austin,Texas,United States,1
4530 CLAWSON RD BLDG 1,New 3-story 3 bedroom 2.5 bathroom dwelling unit with attached carport covered porches and balconies.,2025-11-04,1,3,4530 CLAWSON RD BLDG 1,78745,5,NA,https://abc.austintexas.gov/web/permit/public-search-other?t_detail=1&t_selected_folderrsn=13608499,4530 CLAWSON ROAD BLDG 1,NA,Austin,Texas,United States,1
5610 HUDSON ST BLDG 3,"ePlan: Residential Expedited Review - New THREE UNIT RES.
Bldg 3: New construction of a 2-Story Single Family Res. [3bed 2.5bath] with Attached Carport.",2025-09-30,1,2,5610 HUDSON ST BLDG 3,78721,1,NA,https://abc.austintexas.gov/web/permit/public-search-other?t_detail=1&t_selected_folderrsn=13589222,5610 HUDSON STREET BLDG 3,NA,Austin,Texas,United States,1
8717 COSMICO ST UNIT 102,ePlan: Residential Expedited Review - SITE PLAN APPROVED: PHASE A - Greystar Plan A582 New 2 story attached unit with 2 bedrooms 2.5 bathrooms and a 2 car garage.,2025-10-16,1,2,8717 COSMICO ST UNIT 102,78736,8,NA,https://abc.austintexas.gov/web/permit/public-search-other?t_detail=1&t_selected_folderrsn=13601248,8717 COSMICO STREET UNIT 102,NA,Austin,Texas,United States,1
8717 COSMICO ST UNIT 101,ePlan: Residential Expedited Review - SITE PLAN APPROVED: PHASE A - Greystar Plan A581 New 2 story attached unit with 3 bedrooms 2.5 bathrooms and a 2 car garage.,2025-11-03,1,2,8717 COSMICO ST UNIT 101,78736,8,NA,https://abc.austintexas.gov/web/permit/public-search-other?t_detail=1&t_selected_folderrsn=13609551,8717 COSMICO STREET UNIT 101,NA,Austin,Texas,United States,1
8013 WILDER RD UNIT 203,ePlan: Residential Expedited Review - SITE PLAN APPROVED: PHASE A - Greystar Plan A581 New 2 story attached unit with 3 bedrooms 2.5 bathrooms and a 2 car garage.,2025-11-03,1,2,8013 WILDER RD UNIT 203,78736,8,NA,https://abc.austintexas.gov/web/permit/public-search-other?t_detail=1&t_selected_folderrsn=13609541,8013 WILDER ROAD UNIT 203,NA,Austin,Texas,United States,1
701 SPARKS AVE BLDG 1,ePlan: Residential Expedited Review - New construction of a 2-Story Single Family Res. [4bed 4bath]. Bldg 1,2025-10-22,1,2,701 SPARKS AVE BLDG 1,78705,9,NA,https://abc.austintexas.gov/web/permit/public-search-other?t_detail=1&t_selected_folderrsn=13597319,701 SPARKS AVE BLDG 1,NA,Austin,Texas,United States,1
1606 GARDEN ST--BLDG 2--UNIT A,BLDG 2 UNIT 2A:  New 2-story duplex unit w/ 2 bedroom 2 bath screened balcony attached carport w/ alley access. Part of 3-unit use.,2025-11-04,1,1,1606 GARDEN ST BLDG 2 UNIT 2A,78702,3,NA,https://abc.austintexas.gov/web/permit/public-search-other?t_detail=1&t_selected_folderrsn=13595218,1606 GARDEN STREET BLDG 2 UNIT 2A,NA,Austin,Texas,United States,1
8408 COSMICO ST,ePlan: Residential Expedited Review - SITE PLAN APPROVED: PHASE A - Greystar Plan A584 New 2 story attached unit with 3 bedrooms 2.5 bathrooms and a 2 car garage,2025-10-16,1,2,8408 COSMICO ST,78736,8,NA,https://abc.austintexas.gov/web/permit/public-search-other?t_detail=1&t_selected_folderrsn=13601123,8408 COSMICO STREET,NA,Austin,Texas,United States,1
301 N PLEASANT VALLEY RD--BLDG 1 (LEFT),"ePlan: Residential Expedited Review - New construction of a THREE-UNIT RES. 
UNIT 1 3-Story [3bed 3.5bath] with attached Carport",2025-10-23,1,3,301 N PLEASANT VALLEY RD BLDG 1,78702,3,NA,https://abc.austintexas.gov/web/permit/public-search-other?t_detail=1&t_selected_folderrsn=13600276,301 NORTH PLEASANT VALLEY ROAD BLDG 1,NA,Austin,Texas,United States,1
703 SPARKS AVE BLDG 1,ePlan: Residential Expedited Review - New construction of a 2-Story Single Family Res. [5bed 5bath]. Bldg 1,2025-10-22,1,2,703 SPARKS AVE BLDG 1,78705,9,NA,https://abc.austintexas.gov/web/permit/public-search-other?t_detail=1&t_selected_folderrsn=13597400,703 SPARKS AVE BLDG 1,NA,Austin,Texas,United States,1
2007 ARPDALE ST,Unit B addition to main house to create a Duplex,2025-10-29,1,1,2007 ARPDALE ST,78704,5,NA,https://abc.austintexas.gov/web/permit/public-search-other?t_detail=1&t_selected_folderrsn=13606712,2007 ARPDALE STREET,NA,Austin,Texas,United States,1
907 E RIVERSIDE DR BLDG 2,Building 2 New 2 Story SFR with attached garage,2025-10-06,1,2,907 E RIVERSIDE DR BLDG 2,78704,9,NA,https://abc.austintexas.gov/web/permit/public-search-other?t_detail=1&t_selected_folderrsn=13582632,907 EAST RIVERSIDE DRIVE BLDG 2,NA,Austin,Texas,United States,1
408 W LIVE OAK STREET Bldg 1,"ePlan: Residential Expedited Review - New Construction of 4 New Modular 3-Story Residences. 
New construction of a 3-Story Single Family Res. [3bed 2.5bath] with Attached Garage. 408 W LIVE OAK STREET Bldg 1",2025-10-02,1,3,408 W LIVE OAK ST BLDG 1,78704,3,NA,https://abc.austintexas.gov/web/permit/public-search-other?t_detail=1&t_selected_folderrsn=13589356,408 WEST LIVE OAK STREET BLDG 1,NA,Austin,Texas,United States,1
5505 WILLIAM HOLLAND AVE BLDG 3,"ePlan: Residential Expedited Review - New construction of a THREE UNIT RES.
Bldg 3 New construction of a 3-Story Single Family Res. [3bed 3bath] with attached Garage",2025-11-11,1,3,5505 WILLIAM HOLLAND AVE BLDG 3,78756,7,NA,https://abc.austintexas.gov/web/permit/public-search-other?t_detail=1&t_selected_folderrsn=13540628,5505 WILLIAM HOLLAND AVE BLDG 3,NA,Austin,Texas,United States,1
5615 WILLIAM HOLLAND AVE,New 1-story dwelling unit 3 bed/2.5 bath attached garage covered porch and patio,2025-10-31,1,1,5615 WILLIAM HOLLAND AVE,78756,7,NA,https://abc.austintexas.gov/web/permit/public-search-other?t_detail=1&t_selected_folderrsn=13570930,5615 WILLIAM HOLLAND AVE,NA,Austin,Texas,United States,1
1606 GARDEN ST--BLDG 2--UNIT B,BLDG 2 UNIT 2B: New 2-story duplex unit w/ 2 bedroom 2.5 bath  covered patio covered/screened deck above second floor. Part of 3-unit use.,2025-11-04,1,2,1606 GARDEN ST BLDG 2 UNIT 2B,78702,3,NA,https://abc.austintexas.gov/web/permit/public-search-other?t_detail=1&t_selected_folderrsn=13595220,1606 GARDEN STREET BLDG 2 UNIT 2B,NA,Austin,Texas,United States,1
1211 KINNEY AVE BLDG 1,ePlan: Residential Expedited Review - New  construction of a 2-Story Single Family Res. [3bed 2.5bath] with Attached Garage. Bldg 1,2025-11-10,1,2,1211 KINNEY AVE BLDG 1,78704,9,NA,https://abc.austintexas.gov/web/permit/public-search-other?t_detail=1&t_selected_folderrsn=13602823,1211 KINNEY AVE BLDG 1,NA,Austin,Texas,United States,1
2410 DREW LN BLDG 5,"Bldg 5: New 3-Story [2 bed 2.5 bath]. Part of THREE-UNIT RES.  (six units sharing 1 address number & shared driveway)

Revision 1: REMOVAL OF FIRE SUPPRESSION FOR BUILDINGS 4 AND 5.  REPLACEMENT PAGES LOCATED AT THE END OF THE SET",2025-10-13,1,3,2410 DREW LN BLDG 5,78748,5,NA,https://abc.austintexas.gov/web/permit/public-search-other?t_detail=1&t_selected_folderrsn=13598591,2410 DREW LANE BLDG 5,NA,Austin,Texas,United States,1
5505 WILLIAM HOLLAND AVE BLDG 2,"ePlan: Residential Expedited Review - New construction of a THREE UNIT RES.
Bldg 2 New construction of a 3-Story Single Family Res. [3bed 3bath] with attached Garage",2025-11-11,1,3,5505 WILLIAM HOLLAND AVE BLDG 2,78756,7,NA,https://abc.austintexas.gov/web/permit/public-search-other?t_detail=1&t_selected_folderrsn=13540627,5505 WILLIAM HOLLAND AVE BLDG 2,NA,Austin,Texas,United States,1
5408 MONTVIEW ST,ePlan: Residential Expedited Review - New construction of a 2-Story Single Family Res. [5bed 4.5bath] with Attached Garage.,2025-11-06,1,2,5408 MONTVIEW ST,78756,7,NA,https://abc.austintexas.gov/web/permit/public-search-other?t_detail=1&t_selected_folderrsn=13608401,5408 MONTVIEW STREET,NA,Austin,Texas,United States,1
1902 GREENWOOD AVE BLDG 2,"ePlan: Residential Expedited Review - New THREE UNIT RES.
New construction of a 3-Story Single Family Res. [4bed 3.5bath] with Attached Carport",2025-10-10,1,3,1902 GREENWOOD AVE BLDG 2,78723,1,NA,https://abc.austintexas.gov/web/permit/public-search-other?t_detail=1&t_selected_folderrsn=13598151,1902 GREENWOOD AVE BLDG 2,NA,Austin,Texas,United States,1
8709 COSMICO ST UNIT 101,ePlan: Residential Expedited Review - SITE PLAN APPROVED: PHASE A - Greystar Plan A581 New 2 story attached unit with 3 bedrooms 2.5 bathrooms and a 2 car garage.,2025-11-03,1,2,8709 COSMICO ST UNIT 101,78736,8,NA,https://abc.austintexas.gov/web/permit/public-search-other?t_detail=1&t_selected_folderrsn=13609549,8709 COSMICO STREET UNIT 101,NA,Austin,Texas,United States,1
1808 SYLVAN DR BLDG 3,ePlan: Residential Expedited Review - New construction of a 3-Story Single Family Res. [3bed 3.5bath]. Bldg 3,2025-10-14,1,3,1808 SYLVAN DR BLDG 3,78741,9,NA,https://abc.austintexas.gov/web/permit/public-search-other?t_detail=1&t_selected_folderrsn=13588966,1808 SYLVAN DRIVE BLDG 3,NA,Austin,Texas,United States,1
2907 BEANNA ST BLDG 2,"ePlan: Residential Expedited Review - New construction of TWO Units
Bldg 2 New 2-Story Single Family Res. [3bed 3bath]",2025-10-08,1,2,2907 BEANNA ST BLDG 2,78705,9,NA,https://abc.austintexas.gov/web/permit/public-search-other?t_detail=1&t_selected_folderrsn=13596626,2907 BEANNA STREET BLDG 2,NA,Austin,Texas,United States,1
910 CHOTE AVE--BLDG 1,ePlan: Residential Expedited Review - New construction of a 3-Story Single Family Res. [6bed 4.5bath] with Attached Garage.  910 Chote Ave,2025-11-10,1,3,910 CHOTE AVE,78702,3,NA,https://abc.austintexas.gov/web/permit/public-search-other?t_detail=1&t_selected_folderrsn=13607698,910 CHOTE AVE,NA,Austin,Texas,United States,1
8703 COSMICO ST UNIT 103,ePlan: Residential Expedited Review - SITE PLAN APPROVED: PHASE A - Greystar Plan A582 New 2 story attached unit with 2 bedrooms 2.5 bathrooms and a 2 car garage.,2025-10-16,1,2,8703 COSMICO ST UNIT 103,78736,8,NA,https://abc.austintexas.gov/web/permit/public-search-other?t_detail=1&t_selected_folderrsn=13601245,8703 COSMICO STREET UNIT 103,NA,Austin,Texas,United States,1
514 E LIVE OAK ST,New 2-story 3 bedroom 3.5 bathroom small lot single family residence with attached carport covered porch and uncovered wood deck.,2025-11-10,1,2,514 E LIVE OAK ST,78704,9,NA,https://abc.austintexas.gov/web/permit/public-search-other?t_detail=1&t_selected_folderrsn=13606524,514 EAST LIVE OAK STREET,NA,Austin,Texas,United States,1
302 LELAND ST,ePlan: Residential Expedited Review -   New construction of a 1-Story second dwelling unit [2 bed 2 bath] on through lot off Leland St .  Part of 2-unit use with existing residence on Terrace Dr to remain.,2025-10-23,1,1,302 LELAND ST,78704,9,NA,https://abc.austintexas.gov/web/permit/public-search-other?t_detail=1&t_selected_folderrsn=13602702,302 LELAND STREET,NA,Austin,Texas,United States,1
1902 GREENWOOD AVE BLDG 1,"ePlan: Residential Expedited Review - New THREE UNIT RES.
New construction of a 3-Story Single Family Res. [6bed 5.5bath] with Attached Garage/Carport",2025-10-10,1,3,1902 GREENWOOD AVE BLDG 1,78723,1,NA,https://abc.austintexas.gov/web/permit/public-search-other?t_detail=1&t_selected_folderrsn=13598150,1902 GREENWOOD AVE BLDG 1,NA,Austin,Texas,United States,1
8717 COSMICO ST UNIT 104,ePlan: Residential Expedited Review - SITE PLAN APPROVED: PHASE A - Greystar Plan A581 New 2 story attached unit with 3 bedrooms 2.5 bathrooms and a 2 car garage.,2025-11-03,1,2,8717 COSMICO ST UNIT 104,78736,8,NA,https://abc.austintexas.gov/web/permit/public-search-other?t_detail=1&t_selected_folderrsn=13609552,8717 COSMICO STREET UNIT 104,NA,Austin,Texas,United States,1
2407 S 3RD ST UNIT 2B,Building 2B New construction of 3 story duplex (existing unit on lot) rear of main house.,2025-10-27,1,3,2407 S 3RD ST UNIT 2B,78704,3,NA,https://abc.austintexas.gov/web/permit/public-search-other?t_detail=1&t_selected_folderrsn=13603627,2407 SOUTH 3RD STREET UNIT 2B,NA,Austin,Texas,United States,1
205 MEDINA--BLDG 2 (MIDDLE),Bldg 2: New construction of a 3-Story Single Family Res. [3 bed 2.5bath] with Attached Carport balcony. Part of 3-unit use.,2025-10-06,1,3,205 MEDINA BLDG 2,78702,3,NA,https://abc.austintexas.gov/web/permit/public-search-other?t_detail=1&t_selected_folderrsn=13584785,205 MEDINA BLDG 2,NA,Austin,Texas,United States,1
12009 BITTERN HOLW,New 1 story SFR with 4 beds 4.5 baths 2 car garage front covered porch and rear covered patio,2025-10-07,1,1,12009 BITTERN HOLW,78758,7,NA,https://abc.austintexas.gov/web/permit/public-search-other?t_detail=1&t_selected_folderrsn=13589437,12009 BITTERN HOLW,NA,Austin,Texas,United States,1
409 CROCKETT ST BLDG 2,"ePlan: Residential Expedited Review - New Construction 4 MODULAR 3-Story Residences. 
Bldg 2 New 3-story SF Res [3bed 2.5bath]",2025-10-23,1,3,409 CROCKETT ST BLDG 2,78704,3,NA,https://abc.austintexas.gov/web/permit/public-search-other?t_detail=1&t_selected_folderrsn=13604315,409 CROCKETT STREET BLDG 2,NA,Austin,Texas,United States,1
2708 ZARAGOSA ST--BLDG 2,Building 2 New construction of SFR rear of main house 1/1.5,2025-10-21,1,2,2708 ZARAGOSA ST BLDG 2,78702,3,NA,https://abc.austintexas.gov/web/permit/public-search-other?t_detail=1&t_selected_folderrsn=13573246,2708 ZARAGOSA STREET BLDG 2,NA,Austin,Texas,United States,1
701 SPARKS AVE BLDG 2,ePlan: Residential Expedited Review - New construction of a 2-Story Single Family Res. [4bed 4bath]. Bldg 2,2025-10-22,1,2,701 SPARKS AVE BLDG 2,78705,9,NA,https://abc.austintexas.gov/web/permit/public-search-other?t_detail=1&t_selected_folderrsn=13597320,701 SPARKS AVE BLDG 2,NA,Austin,Texas,United States,1
2406 DREW LN BLDG 2,Bldg 2: New construction of 3-Story residence [2.5 bed 2.5 bath].  Part of 3-unit use.,2025-10-14,1,3,2406 DREW LN BLDG 2,78748,5,NA,https://abc.austintexas.gov/web/permit/public-search-other?t_detail=1&t_selected_folderrsn=13599454,2406 DREW LANE BLDG 2,NA,Austin,Texas,United States,1
1229 ETERNITY TER,ePlan: Residential Expedited Review - New construction of a 2-Story Single Family Res. [5bed 5.5bath] with Attached Garage.,2025-10-23,1,2,1229 ETERNITY TER,78746,8,NA,https://abc.austintexas.gov/web/permit/public-search-other?t_detail=1&t_selected_folderrsn=13601662,1229 ETERNITY TER,NA,Austin,Texas,United States,1
2303 E 2ND ST--BLDG 1,2303 E 2nd St Building 1: (rearmost on Mildred side): New construction of a 3-Story Single Family Res. [3 bed 3.5bath] with Attached 1-car Garage and 3rd floor balcony. Part of 4-unit use  8 detached units total in development across 2 lots.,2025-10-20,1,3,2303 E 2ND ST BLDG 1,78702,3,NA,https://abc.austintexas.gov/web/permit/public-search-other?t_detail=1&t_selected_folderrsn=13600546,2303 EAST 2ND STREET BLDG 1,NA,Austin,Texas,United States,1
1015 LUCINDA WILLIAMS DR,Site Plan Condo *Green Building* - New Single family residence with 2 bedrooms 2.5 bathrooms and an attached 2-car garage,2025-11-03,1,2,1015 LUCINDA WILLIAMS DR,78744,2,NA,https://abc.austintexas.gov/web/permit/public-search-other?t_detail=1&t_selected_folderrsn=13608134,1015 LUCINDA WILLIAMS DRIVE,NA,Austin,Texas,United States,1
8113 WILDER RD UNIT 102,ePlan: Residential Expedited Review - SITE PLAN APPROVED: PHASE A - Greystar Plan A582 New 2 story attached unit with 2 bedrooms 2.5 bathrooms and a 2 car garage.,2025-10-16,1,2,8113 WILDER RD UNIT 102,78736,8,NA,https://abc.austintexas.gov/web/permit/public-search-other?t_detail=1&t_selected_folderrsn=13601242,8113 WILDER ROAD UNIT 102,NA,Austin,Texas,United States,1
8703 COSMICO ST UNIT 101,ePlan: Residential Expedited Review - SITE PLAN APPROVED: PHASE A - Greystar Plan A581 New 2 story attached unit with 3 bedrooms 2.5 bathrooms and a 2 car garage.,2025-11-03,1,2,8703 COSMICO ST UNIT 101,78736,8,NA,https://abc.austintexas.gov/web/permit/public-search-other?t_detail=1&t_selected_folderrsn=13609547,8703 COSMICO STREET UNIT 101,NA,Austin,Texas,United States,1
3004 OAK PARK DR,ePlan: Residential Expedited Review - New construction of a 2-Story Single Family Res. [5bed 5.5bath] with Habitable Attic and Attached Garage.,2025-10-03,1,2,3004 OAK PARK DR,78704,5,NA,https://abc.austintexas.gov/web/permit/public-search-other?t_detail=1&t_selected_folderrsn=13592425,3004 OAK PARK DRIVE,NA,Austin,Texas,United States,1
2101 PAYNE AVE BLDG 1,New 2-story 4 bedroom 3.5 bathroom dwelling unit with trellis.,2025-10-09,1,2,2101 PAYNE AVE BLDG 1,78757,7,NA,https://abc.austintexas.gov/web/permit/public-search-other?t_detail=1&t_selected_folderrsn=13586675,2101 PAYNE AVE BLDG 1,NA,Austin,Texas,United States,1
8402 COSMICO ST,ePlan: Residential Expedited Review - SITE PLAN APPROVED: PHASE A - Greystar Plan A583 New 2 story attached unit with 2 bedrooms 2.5 bathrooms and a 1 car garage,2025-10-16,1,2,8402 COSMICO ST,78736,8,NA,https://abc.austintexas.gov/web/permit/public-search-other?t_detail=1&t_selected_folderrsn=13601211,8402 COSMICO STREET,NA,Austin,Texas,United States,1
1805 E 18TH ST--BLDG 3 (BACK),"ePlan: Residential Expedited Review - New THREE UNIT RES.
Bldg 3 New construction of a 2-Story Single Family Res. [3bed 3bath] with Attached Garage",2025-10-30,1,2,1805 E 18TH ST BLDG 3,78702,1,NA,https://abc.austintexas.gov/web/permit/public-search-other?t_detail=1&t_selected_folderrsn=13585812,1805 EAST 18TH STREET BLDG 3,NA,Austin,Texas,United States,1
8504 COSMICO ST,ePlan: Residential Expedited Review - SITE PLAN APPROVED: PHASE A - Greystar Plan A583 New 2 story attached unit with 2 bedrooms 2.5 bathrooms and a 1 car garage,2025-10-16,1,2,8504 COSMICO ST,78736,8,NA,https://abc.austintexas.gov/web/permit/public-search-other?t_detail=1&t_selected_folderrsn=13601221,8504 COSMICO STREET,NA,Austin,Texas,United States,1
8502 COSMICO ST,ePlan: Residential Expedited Review - SITE PLAN APPROVED: PHASE A - Greystar Plan A583 New 2 story attached unit with 2 bedrooms 2.5 bathrooms and a 1 car garage,2025-10-16,1,2,8502 COSMICO ST,78736,8,NA,https://abc.austintexas.gov/web/permit/public-search-other?t_detail=1&t_selected_folderrsn=13601220,8502 COSMICO STREET,NA,Austin,Texas,United States,1
706 E 46TH ST,"706 E 46th St (rear building):  New construction of a 1-Story dwelling.  [4 bed 3.5 bath]. Part of 3-unit use.

**Meter will be located on front dwelling - ref 2025 124979 EP at 704 E 46th St.",2025-10-01,1,1,706 E 46TH ST,78751,9,NA,https://abc.austintexas.gov/web/permit/public-search-other?t_detail=1&t_selected_folderrsn=13590971,706 EAST 46TH STREET,NA,Austin,Texas,United States,1
1607 GASTON AVE BLDG 2,New 1 story dwelling unit 1 bed 1 bath with attached covered patio,2025-10-07,1,1,1607 GASTON AVE BLDG 2,78703,10,NA,https://abc.austintexas.gov/web/permit/public-search-other?t_detail=1&t_selected_folderrsn=13591023,1607 GASTON AVE BLDG 2,NA,Austin,Texas,United States,1
1808 SYLVAN DR BLDG 1,ePlan: Residential Expedited Review - New construction of a 3-Story Single Family Res. [4bed 4bath] with Attached Carport. Bldg 1,2025-10-14,1,3,1808 SYLVAN DR BLDG 1,78741,9,NA,https://abc.austintexas.gov/web/permit/public-search-other?t_detail=1&t_selected_folderrsn=13588964,1808 SYLVAN DRIVE BLDG 1,NA,Austin,Texas,United States,1
1117 ETERNITY TER,ePlan: Residential Expedited Review - New construction of a 2-Story Single Family Res. [5bed 5bath] with Attached Garage.,2025-10-23,1,2,1117 ETERNITY TER,78746,8,NA,https://abc.austintexas.gov/web/permit/public-search-other?t_detail=1&t_selected_folderrsn=13601652,1117 ETERNITY TER,NA,Austin,Texas,United States,1
8418 COSMICO ST,ePlan: Residential Expedited Review - SITE PLAN APPROVED: PHASE A - Greystar Plan A583 New 2 story attached unit with 2 bedrooms 2.5 bathrooms and a 1 car garage,2025-10-16,1,2,8418 COSMICO ST,78736,8,NA,https://abc.austintexas.gov/web/permit/public-search-other?t_detail=1&t_selected_folderrsn=13601218,8418 COSMICO STREET,NA,Austin,Texas,United States,1
8113 WILDER RD UNIT 203,ePlan: Residential Expedited Review - SITE PLAN APPROVED: PHASE A - Greystar Plan A581 New 2 story attached unit with 3 bedrooms 2.5 bathrooms and a 2 car garage.,2025-11-03,1,2,8113 WILDER RD UNIT 203,78736,8,NA,https://abc.austintexas.gov/web/permit/public-search-other?t_detail=1&t_selected_folderrsn=13609545,8113 WILDER ROAD UNIT 203,NA,Austin,Texas,United States,1
1606 GARDEN ST--BLDG 1,BLDG 1: New construction of a 3-Story Single Family Res. [5 bed 4 bath] with 2 screened balconies Attached Carport . Part of 3-unit use.,2025-11-03,1,3,1606 GARDEN ST BLDG 1,78702,3,NA,https://abc.austintexas.gov/web/permit/public-search-other?t_detail=1&t_selected_folderrsn=13595217,1606 GARDEN STREET BLDG 1,NA,Austin,Texas,United States,1
1204 SINGLETON AVE--BLDG 3,New 2-story 3 bedroom 2.5 bathroom dwelling unit with covered porches and uncovered wood deck walkway.,2025-11-04,1,2,1204 SINGLETON AVE,78702,1,NA,https://abc.austintexas.gov/web/permit/public-search-other?t_detail=1&t_selected_folderrsn=13604462,1204 SINGLETON AVE,NA,Austin,Texas,United States,1
1210 ROMERIA DR BLDG 2,New construction 2-Unit use single-family residential 2-story 4 bedroom 3.5 bath with attached 2-car garage and uncovered wood rear deck.,2025-10-27,1,2,1210 ROMERIA DR BLDG 2,78757,7,NA,https://abc.austintexas.gov/web/permit/public-search-other?t_detail=1&t_selected_folderrsn=13564973,1210 ROMERIA DRIVE BLDG 2,NA,Austin,Texas,United States,1
2100 MOUNTAIN VIEW RD UNIT A,"ePlan: Residential Expedited Review - New duplex  comprising of unit 1 (primary unit) & unit 2 (smaller second floor garage apartment).  
Unit A: 2-stories 5 bed 5.5 bath.",2025-10-08,1,2,2100 MOUNTAIN VIEW RD UNIT A,78703,10,NA,https://abc.austintexas.gov/web/permit/public-search-other?t_detail=1&t_selected_folderrsn=13594929,2100 MOUNTAIN VIEW ROAD UNIT A,NA,Austin,Texas,United States,1
300 W MOCKINGBIRD LN BLDG 2,New 2-story 3 bedroom 2.5 bathroom dwelling unit with attached garage covered front porch and rear screened patio.,2025-11-06,1,2,300 W MOCKINGBIRD LN BLDG 2,78745,3,NA,https://abc.austintexas.gov/web/permit/public-search-other?t_detail=1&t_selected_folderrsn=13609295,300 WEST MOCKINGBIRD LANE BLDG 2,NA,Austin,Texas,United States,1
1211 KINNEY AVE BLDG 3,ePlan: Residential Expedited Review - New  construction of a 2-Story Single Family Res. [3bed 2.5bath] with Attached Garage. Bldg 3,2025-11-10,1,2,1211 KINNEY AVE BLDG 3,78704,9,NA,https://abc.austintexas.gov/web/permit/public-search-other?t_detail=1&t_selected_folderrsn=13602825,1211 KINNEY AVE BLDG 3,NA,Austin,Texas,United States,1
1211 KINNEY AVE BLDG 2,ePlan: Residential Expedited Review - New  construction of a 2-Story Single Family Res. [3bed 2.5bath] with Attached Garage. Bldg 2,2025-11-10,1,2,1211 KINNEY AVE BLDG 2,78704,9,NA,https://abc.austintexas.gov/web/permit/public-search-other?t_detail=1&t_selected_folderrsn=13602824,1211 KINNEY AVE BLDG 2,NA,Austin,Texas,United States,1
1407 GASTON AVE,New construction single-family residential 2-story 4 bedroom 5.5 bath with attached 2-car garage covered front porch covered rear patio screened porch and 2nd story covered balcony.,2025-10-08,1,2,1407 GASTON AVE,78703,10,NA,https://abc.austintexas.gov/web/permit/public-search-other?t_detail=1&t_selected_folderrsn=13555352,1407 GASTON AVE,NA,Austin,Texas,United States,1
1804 ALTA VISTA AVE,New 3-story 4 bedroom 2.5 bathroom single family residence with covered and screened porches balconies and an uncovered elevated steel walkway.,2025-10-03,1,3,1804 ALTA VISTA AVE,78704,9,NA,https://abc.austintexas.gov/web/permit/public-search-other?t_detail=1&t_selected_folderrsn=13590531,1804 ALTA VISTA AVE,NA,Austin,Texas,United States,1
210 W MOCKINGBIRD LN BLDG 1,New 2-story 3 bedroom 2.5 bathroom dwelling unit with attached garage covered front porch rear covered patio and 2nd floor covered balcony.,2025-10-15,1,2,210 W MOCKINGBIRD LN BLDG 1,78745,3,NA,https://abc.austintexas.gov/web/permit/public-search-other?t_detail=1&t_selected_folderrsn=13598935,210 WEST MOCKINGBIRD LANE BLDG 1,NA,Austin,Texas,United States,1
2410 DREW LN BLDG 4,"Bldg 4: New 2-Story [2 bed 2.5bath] with attached 1-car garage. Part of THREE-UNIT RES.  (six units sharing 1 address number & shared driveway)..

Revision 1: REMOVAL OF FIRE SUPPRESSION FOR BUILDINGS 4 AND 5.  REPLACEMENT PAGES LOCATED AT THE END OF THE SET",2025-10-13,1,2,2410 DREW LN BLDG 4,78748,5,NA,https://abc.austintexas.gov/web/permit/public-search-other?t_detail=1&t_selected_folderrsn=13598590,2410 DREW LANE BLDG 4,NA,Austin,Texas,United States,1
301 N PLEASANT VALLEY RD--BLDG 3 (RIGHT),"ePlan: Residential Expedited Review - New construction of a THREE-UNIT RES. 
UNIT 3 3-Story [3bed 3.5bath] with attached Carport",2025-10-23,1,3,301 N PLEASANT VALLEY RD BLDG 3,78702,3,NA,https://abc.austintexas.gov/web/permit/public-search-other?t_detail=1&t_selected_folderrsn=13600278,301 NORTH PLEASANT VALLEY ROAD BLDG 3,NA,Austin,Texas,United States,1
205 MEDINA--BLDG 3 (ALLEY),Bldg 3: New construction of a 2-Story Single Family Res. [3 bed 2.5bath] with Attached Carport. Part of 3-unit use.,2025-10-06,1,2,205 MEDINA BLDG 3,78702,3,NA,https://abc.austintexas.gov/web/permit/public-search-other?t_detail=1&t_selected_folderrsn=13584786,205 MEDINA BLDG 3,NA,Austin,Texas,United States,1
8703 COSMICO ST UNIT 104,ePlan: Residential Expedited Review - SITE PLAN APPROVED: PHASE A - Greystar Plan A581 New 2 story attached unit with 3 bedrooms 2.5 bathrooms and a 2 car garage.,2025-11-03,1,2,8703 COSMICO ST UNIT 104,78736,8,NA,https://abc.austintexas.gov/web/permit/public-search-other?t_detail=1&t_selected_folderrsn=13609548,8703 COSMICO STREET UNIT 104,NA,Austin,Texas,United States,1
8113 WILDER RD UNIT 101,ePlan: Residential Expedited Review - SITE PLAN APPROVED: PHASE A - Greystar Plan A581 New 2 story attached unit with 3 bedrooms 2.5 bathrooms and a 2 car garage.,2025-11-03,1,2,8113 WILDER RD UNIT 101,78736,8,NA,https://abc.austintexas.gov/web/permit/public-search-other?t_detail=1&t_selected_folderrsn=13609542,8113 WILDER ROAD UNIT 101,NA,Austin,Texas,United States,1
407 CROCKETT ST,"ePlan: Residential Expedited Review - New Construction 4 MODULAR 3-Story Residences. 
Bldg 4 New 3-story SF Res [3bed 2.5bath]",2025-10-23,1,3,407 CROCKETT ST,78704,3,NA,https://abc.austintexas.gov/web/permit/public-search-other?t_detail=1&t_selected_folderrsn=13604317,407 CROCKETT STREET,NA,Austin,Texas,United States,1
2406 DREW LN BLDG 3,Bldg 3: New construction of 3-Story residence [2.5 bed 2.5 bath].  Part of 3-unit use.,2025-10-14,1,3,2406 DREW LN BLDG 3,78748,5,NA,https://abc.austintexas.gov/web/permit/public-search-other?t_detail=1&t_selected_folderrsn=13599455,2406 DREW LANE BLDG 3,NA,Austin,Texas,United States,1
410 W LIVE OAK STREET,"ePlan: Residential Expedited Review - New Construction of 4 New Modular 3-Story Residences. 
New construction of a 3-Story Single Family Res. [3bed 2.5bath] with Attached Garage. 410 W LIVE OAK STREET",2025-10-02,1,3,410 W LIVE OAK ST,78704,3,NA,https://abc.austintexas.gov/web/permit/public-search-other?t_detail=1&t_selected_folderrsn=13589358,410 WEST LIVE OAK STREET,NA,Austin,Texas,United States,1
8416 COSMICO ST,ePlan: Residential Expedited Review - SITE PLAN APPROVED: PHASE A - Greystar Plan A583 New 2 story attached unit with 2 bedrooms 2.5 bathrooms and a 1 car garage,2025-10-16,1,2,8416 COSMICO ST,78736,8,NA,https://abc.austintexas.gov/web/permit/public-search-other?t_detail=1&t_selected_folderrsn=13601217,8416 COSMICO STREET,NA,Austin,Texas,United States,1
2003 GREENWOOD AVE BLDG 2,"ePlan: Residential Expedited Review - New THREE UNIT RES.
New construction MODULAR 1-Story Single Family Res. [3bed 1bath]",2025-08-20,1,1,2003 GREENWOOD AVE BLDG 2,78723,1,NA,https://abc.austintexas.gov/web/permit/public-search-other?t_detail=1&t_selected_folderrsn=13569783,2003 GREENWOOD AVE BLDG 2,NA,Austin,Texas,United States,1
4507 HANK AVE BLDG 2,New construction 2-unit use single-family residential 1-story 1 bedroom 1 bath with covered front porch.,2025-09-24,1,1,4507 HANK AVE BLDG 2,78745,5,NA,https://abc.austintexas.gov/web/permit/public-search-other?t_detail=1&t_selected_folderrsn=13586464,4507 HANK AVE BLDG 2,NA,Austin,Texas,United States,1
9312 CORVALLIS DR,Dawson S351 A Left New - 1 Story SFR w/ 3 bedrooms 2 bathrooms attached 2 car garage covered entry porch and patio required parking: 2.,2025-09-10,1,1,9312 CORVALLIS DR,78747,2,NA,https://abc.austintexas.gov/web/permit/public-search-other?t_detail=1&t_selected_folderrsn=13578830,9312 CORVALLIS DRIVE,NA,Austin,Texas,United States,1
4701 LAVA ISLAND DR,Caprock S405 B Right New - 2 Story SFR w/ 5 bedrooms 3 bathrooms attached 2 car garage covered entry porch and patio required parking: 2.,2025-09-22,1,2,4701 LAVA ISLAND DR,78747,5,NA,https://abc.austintexas.gov/web/permit/public-search-other?t_detail=1&t_selected_folderrsn=13584307,4701 LAVA ISLAND DRIVE,NA,Austin,Texas,United States,1
3205 TOM GREEN ST UNIT B,New Triplex Unit 2(B) 3 Story 3 bed/3.5 bath covered porch and patio,2025-08-28,1,3,3205 TOM GREEN ST UNIT B,78705,9,NA,https://abc.austintexas.gov/web/permit/public-search-other?t_detail=1&t_selected_folderrsn=13449025,3205 TOM GREEN STREET UNIT B,NA,Austin,Texas,United States,1
1118 AZIE MORTON RD UNIT A,Unit A:  Conversion of a duplex building into a triplex. Interior remodel to existing dwelling,2025-08-19,1,3,1118 AZIE MORTON RD UNIT A,78704,5,NA,https://abc.austintexas.gov/web/permit/public-search-other?t_detail=1&t_selected_folderrsn=13502585,1118 AZIE MORTON ROAD UNIT A,NA,Austin,Texas,United States,1
4003 DEL ROBLES,ePlan: Residential Expedited Review - New construction of a 2-Story Single-Family Res. [4bed 4.5bath] with attached Garage.,2025-09-04,1,2,4003 DEL ROBLES,78727,7,NA,https://abc.austintexas.gov/web/permit/public-search-other?t_detail=1&t_selected_folderrsn=13437606,4003 DEL ROBLES,NA,Austin,Texas,United States,1
1204 E ST JOHNS AVE,New construction of a 2 story accessory dwelling unit with a 1 car garage,2025-09-22,1,2,1204 E ST JOHNS AVE,78752,4,NA,https://abc.austintexas.gov/web/permit/public-search-other?t_detail=1&t_selected_folderrsn=13044679,1204 EAST STREET JOHNS AVE,NA,Austin,Texas,United States,1
1614 CANTERBURY ST BLDG 1,ePlan: Residential Expedited Review - New construction of a 2-Story Single Family Res. [4bed 3bath] with Attached Garage. Bldg 1,2025-09-29,1,2,1614 CANTERBURY ST BLDG 1,78702,3,NA,https://abc.austintexas.gov/web/permit/public-search-other?t_detail=1&t_selected_folderrsn=13569719,1614 CANTERBURY STREET BLDG 1,NA,Austin,Texas,United States,1
2514 WILSON ST BLDG 2,ePlan: Residential Expedited Review - Retroactive Building permit for active BP 2000-003795 to be included in Expedited PR 2025-077385 3-Story Single Family Res. [2bed 4bath],2025-09-24,1,3,2514 WILSON ST BLDG 2,78704,3,NA,https://abc.austintexas.gov/web/permit/public-search-other?t_detail=1&t_selected_folderrsn=13583847,2514 WILSON STREET BLDG 2,NA,Austin,Texas,United States,1
8500 HANBRIDGE LN,NEW CONSTRUCTION 2-STORY SINGLE FAMILY RESIDENCE. EXISTING HOME BURNED DOWN IN FIRE. SEE 2025-047680 PR,2025-08-19,1,2,8500 HANBRIDGE LN,78736,8,NA,https://abc.austintexas.gov/web/permit/public-search-other?t_detail=1&t_selected_folderrsn=13567144,8500 HANBRIDGE LANE,NA,Austin,Texas,United States,1
7016 CIRCLE S RD BLDG 2,ePlan: Residential Expedited Review - New construction UNIT 2 2-Story [3bed 2.5bath],2025-08-19,1,2,7016 CIRCLE S RD BLDG 2,78745,2,NA,https://abc.austintexas.gov/web/permit/public-search-other?t_detail=1&t_selected_folderrsn=13435919,7016 CIRCLE SOUTH ROAD BLDG 2,NA,Austin,Texas,United States,1
9113 CORVALLIS DR,Boone S413 B Right New - 1 Story SFR w/ 4 bedrooms 2 bathrooms attached 2 car garage covered entry porch and patio required parking: 2.,2025-08-25,1,1,9113 CORVALLIS DR,78747,2,NA,https://abc.austintexas.gov/web/permit/public-search-other?t_detail=1&t_selected_folderrsn=13570544,9113 CORVALLIS DRIVE,NA,Austin,Texas,United States,1
5519 JACKIE ROBINSON ST BLDG 10,Unit 10 - New two-story detached single family residence. (2) bedroom (2.5) bathrooms attached 1 car garage. Floor plan type: The Roosevelt B-L-Elevation Option 1. Building Height 26ft-7 1/2in. Maximum Height 30ft. Site Plan #: SP-2020-0393CSH. Expiration Date: 04-13-2025,2025-09-11,1,2,5519 JACKIE ROBINSON ST BLDG 10,78721,1,NA,https://abc.austintexas.gov/web/permit/public-search-other?t_detail=1&t_selected_folderrsn=13385326,5519 JACKIE ROBINSON STREET BLDG 10,NA,Austin,Texas,United States,1
17121 PAMPERING DR,New single-story SFR (3br/2ba) with attached garage covered porch and covered patio *PRODUCTION BUILDER- SMART HOUSING / GREEN BUILDING*,2025-09-04,1,1,17121 PAMPERING DR,78653,1,NA,https://abc.austintexas.gov/web/permit/public-search-other?t_detail=1&t_selected_folderrsn=13576524,17121 PAMPERING DRIVE,NA,Austin,Texas,United States,1
1508 HOLLY ST--BLDG 3,Expedited Review: New Construction of a 3-Story [4bed 3bath] with attached garage and carport.,2025-09-03,1,3,1508 HOLLY ST BLDG 3,78702,3,NA,https://abc.austintexas.gov/web/permit/public-search-other?t_detail=1&t_selected_folderrsn=13300482,1508 HOLLY STREET BLDG 3,NA,Austin,Texas,United States,1
17213 PAMPERING DR,New single-story SFR (3br/2ba) with attached garage covered porch and covered patio *PRODUCTION BUILDER- SMART HOUSING / GREEN BUILDING*,2025-08-29,1,1,17213 PAMPERING DR,78653,1,NA,https://abc.austintexas.gov/web/permit/public-search-other?t_detail=1&t_selected_folderrsn=13573822,17213 PAMPERING DRIVE,NA,Austin,Texas,United States,1
5108 FAIRVIEW DR,New 2 story SFR with 4 beds 3.5 baths covered carport and driveway and screen porch on rear deck will be included and a small storage building (200 sq ft) in the back yard. Pool will be on separate permit,2025-09-19,1,2,5108 FAIRVIEW DR,78731,10,NA,https://abc.austintexas.gov/web/permit/public-search-other?t_detail=1&t_selected_folderrsn=13557014,5108 FAIRVIEW DRIVE,NA,Austin,Texas,United States,1
1804 E 22ND ST--BLDG 1,"ePlan: Residential Expedited Review - BLDG 1: New 2-story single family  residence w/ 1-car carport  3 bed 3.5 bath balcony covered patio roof deck above 2nd floor.  Part of 3-unit use.
Revision 1: Add 3 transoms and update siding.",2025-09-08,1,2,1804 E 22ND ST BLDG 1,78722,1,NA,https://abc.austintexas.gov/web/permit/public-search-other?t_detail=1&t_selected_folderrsn=13578504,1804 EAST 22ND STREET BLDG 1,NA,Austin,Texas,United States,1
1700 MEADOWBROOK DRIVE,ePlan: Residential Expedited Review - New construction of a 2-Story Single Family Res. [5bed 6bath] with Attached Garage and Carport,2025-09-10,1,2,1700 MEADOWBROOK DR,78703,10,NA,https://abc.austintexas.gov/web/permit/public-search-other?t_detail=1&t_selected_folderrsn=13579078,1700 MEADOWBROOK DRIVE,NA,Austin,Texas,United States,1
1304 MERLENE DR,New single-story SFR (3br/3ba) with attached garage and pool,2025-09-19,1,1,1304 MERLENE DR,78732,10,NA,https://abc.austintexas.gov/web/permit/public-search-other?t_detail=1&t_selected_folderrsn=13483111,1304 MERLENE DRIVE,NA,Austin,Texas,United States,1
1306 ROCKCLIFF RD,"Void due to disannexation. Case Number: C7d-2025-004 effective December 22 2025 Ordinance Number: 20251211-089

New construction of a single-family residence with attached garage covered porches and rooftop balcony. New driveway approach will be constructed. BOA case approved relative to setback restrictions.",2025-08-26,1,2,1306 ROCKCLIFF RD,78746,8,NA,https://abc.austintexas.gov/web/permit/public-search-other?t_detail=1&t_selected_folderrsn=13571079,1306 ROCKCLIFF ROAD,NA,Austin,Texas,United States,1
4200 AVENUE H BLDG 2,New 2 Story secondary dwelling located entirely above garage. This garage will replace an off-street parking pad that was permitted under 2023-104021 BP. Therefore no change in impervious coverage is sought 1/1,2025-09-03,1,2,4200 AVENUE H BLDG 2,78751,9,NA,https://abc.austintexas.gov/web/permit/public-search-other?t_detail=1&t_selected_folderrsn=13523205,4200 AVENUE H BLDG 2,NA,Austin,Texas,United States,1
7009 STITZEL WELLER DR,New construction single-family residential 2-story 3 bedroom 2.5 bath with attached 2-car garage covered front porch and covered rear patio.,2025-09-10,1,2,7009 STITZEL WELLER DR,78744,2,NA,https://abc.austintexas.gov/web/permit/public-search-other?t_detail=1&t_selected_folderrsn=13579545,7009 STITZEL WELLER DRIVE,NA,Austin,Texas,United States,1
10622 WINCHELSEA DR,ePlan: Residential Expedited Review - Addition to existing 2-story single family residence  4 bed  4 bath.  Addition of office room & covered basement level patio w/ outdoor kitchen below.  Addition of second floor game room.,2025-08-26,1,2,10622 WINCHELSEA DR,78750,6,NA,https://abc.austintexas.gov/web/permit/public-search-other?t_detail=1&t_selected_folderrsn=13564516,10622 WINCHELSEA DRIVE,NA,Austin,Texas,United States,1
9224 FURMAN DR,Harrison S356 C Left New - 2 Story SFR w/ 5 bedrooms 3 bathrooms attached 2 car garage covered entry porch and patio required parking: 2.,2025-09-26,1,2,9224 FURMAN DR,78747,2,NA,https://abc.austintexas.gov/web/permit/public-search-other?t_detail=1&t_selected_folderrsn=13586375,9224 FURMAN DRIVE,NA,Austin,Texas,United States,1
4902 SANTA ANNA ST UNIT C,Bldg #1 Unit C  New dwelling unit 3-Story  3 Bed/3.5 Bath covered porch balcony and deck,2025-09-21,1,3,4902 SANTA ANNA ST UNIT C,78721,1,NA,https://abc.austintexas.gov/web/permit/public-search-other?t_detail=1&t_selected_folderrsn=13532324,4902 SANTA ANNA STREET UNIT C,NA,Austin,Texas,United States,1
3011 FONTANA DR UNIT A,New construction of a 2-story duplex (unit A) with 3 bedrooms 2.5 bathrooms per unit,2025-09-12,2,2,3011 FONTANA DR UNIT A,78704,3,NA,https://abc.austintexas.gov/web/permit/public-search-other?t_detail=1&t_selected_folderrsn=13580687,3011 FONTANA DRIVE UNIT A,NA,Austin,Texas,United States,1
7015 STITZEL WELLER DR,PUD New SFR 2- Story 4 bedroom 2.5 bath with attached 2-car garage covered front porch and covered rear patio,2025-09-22,1,2,7015 STITZEL WELLER DR,78744,2,NA,https://abc.austintexas.gov/web/permit/public-search-other?t_detail=1&t_selected_folderrsn=13585220,7015 STITZEL WELLER DRIVE,NA,Austin,Texas,United States,1
613 E 50TH ST BLDG 3,New 2 story unit 2 bed 2.5 bath with attached carport and balcony covered front/rear porch,2025-09-23,1,2,613 E 50TH ST BLDG 3,78751,9,NA,https://abc.austintexas.gov/web/permit/public-search-other?t_detail=1&t_selected_folderrsn=13584237,613 EAST 50TH STREET BLDG 3,NA,Austin,Texas,United States,1
309 FRANKLIN BLVD BLDG 2,Bldg 2: (2 of 2 Units) New 2 story residence with 3 bedroom 2.5 bathroom attached 1-car carport and balcony.,2025-09-29,1,2,309 FRANKLIN BLVD BLDG 2,78751,9,NA,https://abc.austintexas.gov/web/permit/public-search-other?t_detail=1&t_selected_folderrsn=13497402,309 FRANKLIN BOULEVARD BLDG 2,NA,Austin,Texas,United States,1
2907 OAKMONT BLVD,2907 Oakmont Blvd New 2 Story SFR with attached garage and covered porch. 2/2,2025-08-21,1,2,2907 OAKMONT BLVD,78703,10,NA,https://abc.austintexas.gov/web/permit/public-search-other?t_detail=1&t_selected_folderrsn=13538340,2907 OAKMONT BOULEVARD,NA,Austin,Texas,United States,1
2500 PARAMOUNT AVE,ePlan: Residential Expedited Review - New construction of a 2-Story Single Family Res. [3bed 4.5bath] with Attached Garage.,2025-09-30,1,2,2500 PARAMOUNT AVE,78704,5,NA,https://abc.austintexas.gov/web/permit/public-search-other?t_detail=1&t_selected_folderrsn=13590078,2500 PARAMOUNT AVE,NA,Austin,Texas,United States,1
1614 CANTERBURY ST BLDG 2,ePlan: Residential Expedited Review - New construction of a 2-Story Single Family Res. [3bed 2.5bath] with Attached Carport. Bldg 2,2025-09-29,1,2,1614 CANTERBURY ST BLDG 2,78702,3,NA,https://abc.austintexas.gov/web/permit/public-search-other?t_detail=1&t_selected_folderrsn=13569720,1614 CANTERBURY STREET BLDG 2,NA,Austin,Texas,United States,1
9121 CORVALLIS DR,Balboa S415 B Right New - 1 Story SFR w/ 4 bedrooms 3 bathrooms attached 2 car garage covered entry porch and patio required parking: 2.,2025-08-25,1,1,9121 CORVALLIS DR,78747,2,NA,https://abc.austintexas.gov/web/permit/public-search-other?t_detail=1&t_selected_folderrsn=13570551,9121 CORVALLIS DRIVE,NA,Austin,Texas,United States,1
408 CLOVER CT BLDG 2,Building 2 New 2 Story SFR with attached carport 3/3.5,2025-09-04,1,2,408 CLOVER CT BLDG 2,78745,3,NA,https://abc.austintexas.gov/web/permit/public-search-other?t_detail=1&t_selected_folderrsn=13574730,408 CLOVER CT BLDG 2,NA,Austin,Texas,United States,1
9221 CORVALLIS DR,Donley S355 C Right New - 2 Story SFR w/ 5 bedrooms 3 bathrooms attached 2 car garage covered entry porch and patio required parking: 2.,2025-09-04,1,2,9221 CORVALLIS DR,78747,2,NA,https://abc.austintexas.gov/web/permit/public-search-other?t_detail=1&t_selected_folderrsn=13575827,9221 CORVALLIS DRIVE,NA,Austin,Texas,United States,1
5519 JACKIE ROBINSON ST BLDG 20,Unit 20 - New two-story detached single family residence. (2) bedroom (2.5) bathrooms attached 1 car garage. Floor plan type: The Roosevelt A-L-Elevation Option 2. Building Height 25ft-3/8in. Maximum Height 30ft. Site Plan #: SP-2020-0393CSH. Expiration Date: 04-13-2025,2025-09-09,1,2,5519 JACKIE ROBINSON ST BLDG 20,78721,1,NA,https://abc.austintexas.gov/web/permit/public-search-other?t_detail=1&t_selected_folderrsn=13383872,5519 JACKIE ROBINSON STREET BLDG 20,NA,Austin,Texas,United States,1
5519 JACKIE ROBINSON ST BLDG 13,Unit 13 - New three-story detached single family residence. (3) bedroom (2.5) bathrooms attached 1 car garage. Floor plan type: The Roosevelt D-L-Elevation Option 1. Building Height 31ft-4 7/8in. Maximum Height 40ft. Site Plan #: SP-2020-0393CSH. Expiration Date: 04-13-2025,2025-09-09,1,3,5519 JACKIE ROBINSON ST BLDG 13,78721,1,NA,https://abc.austintexas.gov/web/permit/public-search-other?t_detail=1&t_selected_folderrsn=13383821,5519 JACKIE ROBINSON STREET BLDG 13,NA,Austin,Texas,United States,1
408 CLOVER CT UNIT 1B,Home: Unit 1B New two story Duplex with attached carport 3/3,2025-09-04,2,2,408 CLOVER CT UNIT 1B,78745,3,NA,https://abc.austintexas.gov/web/permit/public-search-other?t_detail=1&t_selected_folderrsn=13574731,408 CLOVER CT UNIT 1B,NA,Austin,Texas,United States,1
4312 JINX AVE BLDG 3,BLDG 3 New construction of a 2-Story Single Family Res. [3 bed 2.5 bath] with attached Carport. Part of 3-unit use.,2025-08-21,1,2,4312 JINX AVE BLDG 3,78745,5,NA,https://abc.austintexas.gov/web/permit/public-search-other?t_detail=1&t_selected_folderrsn=13570290,4312 JINX AVE BLDG 3,NA,Austin,Texas,United States,1
17201 PAMPERING DR,New single-story SFR (3br/2ba) with attached garage covered porch and covered patio *PRODUCTION BUILDER- SMART HOUSING / GREEN BUILDING*,2025-09-04,1,1,17201 PAMPERING DR,78653,1,NA,https://abc.austintexas.gov/web/permit/public-search-other?t_detail=1&t_selected_folderrsn=13576510,17201 PAMPERING DRIVE,NA,Austin,Texas,United States,1
3808 BALCONES DR BLDG 2,"ePlan: Residential Expedited Review - New Second Unit
Bldg 2 New construction of a 2-Story Single Family Res. [1bed 1bath] over Detached Garage",2025-08-26,1,2,3808 BALCONES DR BLDG 2,78731,10,NA,https://abc.austintexas.gov/web/permit/public-search-other?t_detail=1&t_selected_folderrsn=13572462,3808 BALCONES DRIVE BLDG 2,NA,Austin,Texas,United States,1
1157 NICKOLS AVE--BLDG 2--(4901 LOTT),4901 Lott Ave: New construction 3-Unit use single-family residential  2-story 2 bedroom 2.5 bath with attached 1-car carport and covered front porch.,2025-09-17,1,2,1157 NICKOLS AVE,78721,1,NA,https://abc.austintexas.gov/web/permit/public-search-other?t_detail=1&t_selected_folderrsn=13581077,1157 NICKOLS AVE,NA,Austin,Texas,United States,1
4409 BANISTER LN BLDG 1,ePlan: Residential Expedited Review - New construction of a 3-Story Single Family Res. [4bed 3.5bath] with Attached Carport. Bldg 1,2025-09-25,1,3,4409 BANISTER LN BLDG 1,78745,5,NA,https://abc.austintexas.gov/web/permit/public-search-other?t_detail=1&t_selected_folderrsn=13563238,4409 BANISTER LANE BLDG 1,NA,Austin,Texas,United States,1
9301 CORVALLIS DR,Cameron S354 A Right New - 1 Story SFR w/ 4 bedrooms 2 bathrooms attached 2 car garage covered entry porch and patio required parking: 2.,2025-09-10,1,1,9301 CORVALLIS DR,78747,2,NA,https://abc.austintexas.gov/web/permit/public-search-other?t_detail=1&t_selected_folderrsn=13578726,9301 CORVALLIS DRIVE,NA,Austin,Texas,United States,1
4517 LAVA ISLAND DR,Garner S401 C Right New - 1 Story SFR w/ 3 bedrooms 2 bathrooms attached 2 car garage covered entry porch and patio required parking: 2.,2025-09-10,1,1,4517 LAVA ISLAND DR,78747,5,NA,https://abc.austintexas.gov/web/permit/public-search-other?t_detail=1&t_selected_folderrsn=13579515,4517 LAVA ISLAND DRIVE,NA,Austin,Texas,United States,1
1801 VISTA LN Unit A,"New construction of a 2-Story Duplex [4bed 5bath] with attach Garage (SEE SEPARATE PERMIT). 
Unit 1 [3bed 4bath]",2025-08-20,1,2,1801 VISTA LN,78703,10,NA,https://abc.austintexas.gov/web/permit/public-search-other?t_detail=1&t_selected_folderrsn=13569843,1801 VISTA LANE,NA,Austin,Texas,United States,1
1157 NICKOLS AVE--BLDG 1,1157 Nickols Ave: New construction 3-Unit use single-family residential  2-story 2 bedroom 2.5 bath with attached 1-car carport and covered front porch.,2025-09-17,1,2,1157 NICKOLS AVE,78721,1,NA,https://abc.austintexas.gov/web/permit/public-search-other?t_detail=1&t_selected_folderrsn=13581076,1157 NICKOLS AVE,NA,Austin,Texas,United States,1
408 CLOVER CT UNIT 1A,Home: Unit 1A New two story Duplex with attached carport 3/3,2025-09-04,2,2,408 CLOVER CT UNIT 1A,78745,3,NA,https://abc.austintexas.gov/web/permit/public-search-other?t_detail=1&t_selected_folderrsn=13574732,408 CLOVER CT UNIT 1A,NA,Austin,Texas,United States,1
1208 HASKELL ST--BLDG 2 (WEST),Bldg 2:New construction 3-Unit use single-family residential 2-story 3 bedroom 2.5 bath with covered front porch.,2025-09-09,1,2,1208 HASKELL ST BLDG 2,78702,3,NA,https://abc.austintexas.gov/web/permit/public-search-other?t_detail=1&t_selected_folderrsn=13577177,1208 HASKELL STREET BLDG 2,NA,Austin,Texas,United States,1
2329 LAKEHURST DR,2329 Lakehurst Drive New 2 story dwelling unit 3 bed/2.5 bath attached garage and covered front porch,2025-09-02,1,2,2329 LAKEHURST DR,78744,2,NA,https://abc.austintexas.gov/web/permit/public-search-other?t_detail=1&t_selected_folderrsn=13518344,2329 LAKEHURST DRIVE,NA,Austin,Texas,United States,1
2003 GREENWOOD AVE BLDG 3,"ePlan: Residential Expedited Review - New THREE UNIT RES.
New construction of MODULAR a 1-Story Single Family Res. [2bed 2bath]",2025-08-20,1,1,2003 GREENWOOD AVE BLDG 3,78723,1,NA,https://abc.austintexas.gov/web/permit/public-search-other?t_detail=1&t_selected_folderrsn=13569785,2003 GREENWOOD AVE BLDG 3,NA,Austin,Texas,United States,1
4800 RUSSET HILL DR,ePlan: Residential Expedited Review - New construction of a 2-Story Single Family Res. [4bed 2.5bath] with Attached Garage.,2025-09-24,1,2,4800 RUSSET HILL DR,78723,1,NA,https://abc.austintexas.gov/web/permit/public-search-other?t_detail=1&t_selected_folderrsn=13586520,4800 RUSSET HILL DRIVE,NA,Austin,Texas,United States,1
6506 BRANCHWOOD DR,6506 Branchwood Drive New 2 story dwelling unit 2 bed/2.5 bath with covered front porch driveway and sidewalk improvements,2025-09-02,1,2,6506 BRANCHWOOD DR,78744,2,NA,https://abc.austintexas.gov/web/permit/public-search-other?t_detail=1&t_selected_folderrsn=13518345,6506 BRANCHWOOD DRIVE,NA,Austin,Texas,United States,1
4409 BANISTER LN BLDG 2,ePlan: Residential Expedited Review - New construction of a 3-Story Single Family Res. [4bed 3.5bath] with Attached Carport. Bldg 2,2025-09-25,1,3,4409 BANISTER LN BLDG 2,78745,5,NA,https://abc.austintexas.gov/web/permit/public-search-other?t_detail=1&t_selected_folderrsn=13563239,4409 BANISTER LANE BLDG 2,NA,Austin,Texas,United States,1
41 MARGRANITA CRES UNIT A,UNIT A: New construction of a 2-Story duplex unit primary dwelling [4bed 4.5bath],2025-09-22,2,2,41 MARGRANITA CRES UNIT A,78703,10,NA,https://abc.austintexas.gov/web/permit/public-search-other?t_detail=1&t_selected_folderrsn=13555683,41 MARGRANITA CRES UNIT A,NA,Austin,Texas,United States,1
5519 JACKIE ROBINSON ST BLDG 12,Unit 12 - New two-story detached single family residence. (2) bedroom (2.5) bathrooms attached 1 car garage. Floor plan type: The Roosevelt B-L-Elevation Option 1. Building Height 26ft-7 1/2in. Maximum Height 30ft. Site Plan #: SP-2020-0393CSH. Expiration Date: 04-13-2025,2025-09-09,1,2,5519 JACKIE ROBINSON ST BLDG 12,78721,1,NA,https://abc.austintexas.gov/web/permit/public-search-other?t_detail=1&t_selected_folderrsn=13383815,5519 JACKIE ROBINSON STREET BLDG 12,NA,Austin,Texas,United States,1
17221 PAMPERING DR,*SMART Housing* *Green Building* New 1-story 3 bedroom 2 bathroom single family residence with covered front porch and rear covered patio.,2025-08-26,1,1,17221 PAMPERING DR,78653,1,NA,https://abc.austintexas.gov/web/permit/public-search-other?t_detail=1&t_selected_folderrsn=13571493,17221 PAMPERING DRIVE,NA,Austin,Texas,United States,1
17209 PAMPERING DR,*SMART Housing* *Green Building* New 1-story 4 bedroom 2 bathroom single family residence with covered front porch and rear covered patio.,2025-09-16,1,1,17209 PAMPERING DR,78653,1,NA,https://abc.austintexas.gov/web/permit/public-search-other?t_detail=1&t_selected_folderrsn=13581844,17209 PAMPERING DRIVE,NA,Austin,Texas,United States,1
1606 CEDAR AVE BLDG 2,ePlan: Residential Expedited Review - New construction of a 2-Story Single Family Res. [2bed 2.5bath]. Bldg 2,2025-08-28,1,1,1606 CEDAR AVE BLDG 2,78702,1,NA,https://abc.austintexas.gov/web/permit/public-search-other?t_detail=1&t_selected_folderrsn=13573678,1606 CEDAR AVE BLDG 2,NA,Austin,Texas,United States,1
3205 TOM GREEN ST UNIT A,New Triplex Unit 1(A) 3 Story 3 bed/ 3.5 bath covered porch and patio,2025-08-28,1,3,3205 TOM GREEN ST UNIT A,78705,9,NA,https://abc.austintexas.gov/web/permit/public-search-other?t_detail=1&t_selected_folderrsn=13449024,3205 TOM GREEN STREET UNIT A,NA,Austin,Texas,United States,1
7016 CIRCLE S RD BLDG 1,ePlan: Residential Expedited Review - New construction of a UNIT 1 1-Story [3bed 2bath].,2025-08-19,1,1,7016 CIRCLE S RD BLDG 1,78745,2,NA,https://abc.austintexas.gov/web/permit/public-search-other?t_detail=1&t_selected_folderrsn=13435918,7016 CIRCLE SOUTH ROAD BLDG 1,NA,Austin,Texas,United States,1
4312 JINX AVE BLDG 1,ePlan: Residential Expedited Review - BLDG 1:  New construction of a 3-Story Single Family Res. [3 bed 3bath] with attached Carport. Part of 3-unit use.,2025-08-21,1,3,4312 JINX AVE BLDG 1,78745,5,NA,https://abc.austintexas.gov/web/permit/public-search-other?t_detail=1&t_selected_folderrsn=13570288,4312 JINX AVE BLDG 1,NA,Austin,Texas,United States,1
4902 LOUIS AVE,"New 2-story 1 bedroom 1 bathroom dwelling unit with covered porches. 
Revision 1: Add half bathroom to 2nd floor of new dwelling unit. No changes to building footprint and building envelope proposed.",2025-09-15,1,2,4902 LOUIS AVE,78721,1,NA,https://abc.austintexas.gov/web/permit/public-search-other?t_detail=1&t_selected_folderrsn=13564672,4902 LOUIS AVE,NA,Austin,Texas,United States,1
523 BARTON BLVD BLDG 2,"Two-unit use: New construction single-family residential 2-story 3 bedroom 3 bath with attached 2-car carport covered porch and uncovered wood deck. 

JP-05/18/2026- no inspection will be done until cut-over is final",2025-09-26,1,2,523 BARTON BLVD BLDG 2,78704,5,NA,https://abc.austintexas.gov/web/permit/public-search-other?t_detail=1&t_selected_folderrsn=13538846,523 BARTON BOULEVARD BLDG 2,NA,Austin,Texas,United States,1
3718 MENCHACA RD,"UNIT 304 - New 3 story with attached garage office and roof top. 3/3.5 
Revision 1: Revisions to exterior building materials.",2025-09-18,1,3,3718 MENCHACA RD,78704,5,NA,https://abc.austintexas.gov/web/permit/public-search-other?t_detail=1&t_selected_folderrsn=12942317,3718 MENCHACA ROAD,NA,Austin,Texas,United States,1
9309 CORVALLIS DR,Freestone S353 D Right New - 1 Story SFR w/ 4 bedrooms 2 bathrooms attached 2 car garage covered entry porch and patio required parking: 2.,2025-09-26,1,1,9309 CORVALLIS DR,78747,2,NA,https://abc.austintexas.gov/web/permit/public-search-other?t_detail=1&t_selected_folderrsn=13586138,9309 CORVALLIS DRIVE,NA,Austin,Texas,United States,1
4902 SANTA ANNA ST UNIT B,Bldg #1 Unit B New dwelling unit 3-Story 4 Bed/2.5 Bath covered porch and balcony,2025-09-21,1,3,4902 SANTA ANNA ST UNIT B,78721,1,NA,https://abc.austintexas.gov/web/permit/public-search-other?t_detail=1&t_selected_folderrsn=13532323,4902 SANTA ANNA STREET UNIT B,NA,Austin,Texas,United States,1
4617 LAVA ISLAND DR,Abilene S402 C Right New - 1 Story SFR w/ 3 bedrooms 2 bathrooms attached 2 car garage covered entry porch and patio required parking: 2.,2025-09-10,1,1,4617 LAVA ISLAND DR,78747,5,NA,https://abc.austintexas.gov/web/permit/public-search-other?t_detail=1&t_selected_folderrsn=13579597,4617 LAVA ISLAND DRIVE,NA,Austin,Texas,United States,1
4512 BEACON BAY DR,Abilene S402 C Left New - 1 Story SFR w/ 3 bedrooms 2 bathrooms attached 2 car garage covered entry porch and patio required parking: 2.,2025-09-22,1,1,4512 BEACON BAY DR,78747,5,NA,https://abc.austintexas.gov/web/permit/public-search-other?t_detail=1&t_selected_folderrsn=13584389,4512 BEACON BAY DRIVE,NA,Austin,Texas,United States,1
4409 BANISTER LN BLDG 3,ePlan: Residential Expedited Review - New construction of a 3-Story Single Family Res. [4bed 3.5bath] with Attached Carport. Bldg 3,2025-09-25,1,3,4409 BANISTER LN BLDG 3,78745,5,NA,https://abc.austintexas.gov/web/permit/public-search-other?t_detail=1&t_selected_folderrsn=13563240,4409 BANISTER LANE BLDG 3,NA,Austin,Texas,United States,1
2310 VILLAGE CIR BLDG 2,Bldg #2: New 1-story detached dwelling unit 1 bed/1 bath,2025-09-26,1,1,2310 VILLAGE CIR BLDG 2,78745,5,NA,https://abc.austintexas.gov/web/permit/public-search-other?t_detail=1&t_selected_folderrsn=13586429,2310 VILLAGE CIR BLDG 2,NA,Austin,Texas,United States,1
4507 HANK AVE,New construction 2-Unit use single-family residential 1-story 3 bedroom 2 bath with attached 1-car carport and covered front porch.,2025-09-24,1,1,4507 HANK AVE,78745,5,NA,https://abc.austintexas.gov/web/permit/public-search-other?t_detail=1&t_selected_folderrsn=13586463,4507 HANK AVE,NA,Austin,Texas,United States,1
7003 LUNAR DR BLDG 2,New Construction of 260 sqft unit,2025-09-22,1,1,7003 LUNAR DR BLDG 2,78745,2,NA,https://abc.austintexas.gov/web/permit/public-search-other?t_detail=1&t_selected_folderrsn=13575664,7003 LUNAR DRIVE BLDG 2,NA,Austin,Texas,United States,1
5519 JACKIE ROBINSON ST BLDG 16,Unit 16 - New two-story detached single family residence. (3) bedroom (2.5) bathrooms attached 1 car garage. Floor plan type: The Roosevelt C-L-Elevation Option 2. Building Height 24ft-8 5/8in. Maximum Height 30ft. Site Plan #: SP-2020-0393CSH. Expiration Date: 04-13-2025,2025-09-09,1,2,5519 JACKIE ROBINSON ST BLDG 16,78721,1,NA,https://abc.austintexas.gov/web/permit/public-search-other?t_detail=1&t_selected_folderrsn=13383846,5519 JACKIE ROBINSON STREET BLDG 16,NA,Austin,Texas,United States,1
10109 CURB STRAP DR,New construction single-family residential 2-story 4 bedroom 3 bath with attached 2-car garage covered front porch and covered rear patio.,2025-08-19,1,2,10109 CURB STRAP DR,78724,1,NA,https://abc.austintexas.gov/web/permit/public-search-other?t_detail=1&t_selected_folderrsn=13567341,10109 CURB STRAP DRIVE,NA,Austin,Texas,United States,1
1204 E ST JOHNS AVE,New Construction of a 2-Story primary dwelling unit with 1 Car Garage.,2025-09-22,1,2,1204 E ST JOHNS AVE,78752,4,NA,https://abc.austintexas.gov/web/permit/public-search-other?t_detail=1&t_selected_folderrsn=13044678,1204 EAST STREET JOHNS AVE,NA,Austin,Texas,United States,1
17217 PAMPERING DR,*SMART Housing* *Green Building* New 1-story 3 bedroom 1.5 bathroom single family residence with covered front porch and rear covered patio.,2025-09-03,1,1,17217 PAMPERING DR,78653,1,NA,https://abc.austintexas.gov/web/permit/public-search-other?t_detail=1&t_selected_folderrsn=13575329,17217 PAMPERING DRIVE,NA,Austin,Texas,United States,1
5519 JACKIE ROBINSON ST BLDG 61,Unit 61 - New two-story detached single family residence. (3) bedroom (2.5) bathrooms attached 1 car garage. Floor plan type: The Roosevelt C-R-Elevation Option 1. Building Height 25ft-9 3/4in. Maximum Height 30ft. Site Plan #: SP-2020-0393CSH. Expiration Date: 04-13-2025,2025-09-09,1,2,5519 JACKIE ROBINSON ST BLDG 61,78721,1,NA,https://abc.austintexas.gov/web/permit/public-search-other?t_detail=1&t_selected_folderrsn=13383877,5519 JACKIE ROBINSON STREET BLDG 61,NA,Austin,Texas,United States,1
1801 VISTA LN Unit B,"New construction PART OF 2-Story Duplex work to include Garage with Unit above. 
Unit 2 [1bed 1bath]",2025-08-20,1,2,1801 VISTA LN,78703,10,NA,https://abc.austintexas.gov/web/permit/public-search-other?t_detail=1&t_selected_folderrsn=13569844,1801 VISTA LANE,NA,Austin,Texas,United States,1
41 MARGRANITA CRES UNIT B,UNIT B: New construction of a 2-Story duplex unit   garage apartment with 1 bath.,2025-09-22,2,NA,41 MARGRANITA CRES UNIT B,78703,10,NA,https://abc.austintexas.gov/web/permit/public-search-other?t_detail=1&t_selected_folderrsn=13555684,41 MARGRANITA CRES UNIT B,NA,Austin,Texas,United States,1
1157 NICKOLS AVE--BLDG 3--(4905 LOTT),4905 Lott Ave: New construction 3-Unit use single-family residential  2-story 2 bedroom 2.5 bath with attached 1-car carport and covered front porch.,2025-09-17,1,2,1157 NICKOLS AVE,78721,1,NA,https://abc.austintexas.gov/web/permit/public-search-other?t_detail=1&t_selected_folderrsn=13581078,1157 NICKOLS AVE,NA,Austin,Texas,United States,1
4415 GILLIS ST BLDG 2,Bldg 2: New construction of a 2-Story Single Family Res. [3 bed 3 bath]. Part of 3-unit use.,2025-09-23,1,2,4415 GILLIS ST BLDG 2,78745,5,NA,https://abc.austintexas.gov/web/permit/public-search-other?t_detail=1&t_selected_folderrsn=13585184,4415 GILLIS STREET BLDG 2,NA,Austin,Texas,United States,1
5519 JACKIE ROBINSON ST BLDG 17,Unit 17 - New two-story detached single family residence. (2) bedroom (2.5) bathrooms attached 1 car garage. Floor plan type: The Roosevelt A-L-Elevation Option 1. Building Height 25ft-1/4in. Maximum Height 30ft. Site Plan #: SP-2020-0393CSH. Expiration Date: 04-13-2025,2025-09-09,1,2,5519 JACKIE ROBINSON ST BLDG 17,78721,1,NA,https://abc.austintexas.gov/web/permit/public-search-other?t_detail=1&t_selected_folderrsn=13383854,5519 JACKIE ROBINSON STREET BLDG 17,NA,Austin,Texas,United States,1
3718 MENCHACA RD,"UNIT 305 - New 3 story with attached garage office and roof top. 3/3.5 
Revision 1: Revisions to exterior building materials.",2025-09-18,1,3,3718 MENCHACA RD,78704,5,NA,https://abc.austintexas.gov/web/permit/public-search-other?t_detail=1&t_selected_folderrsn=12942318,3718 MENCHACA ROAD,NA,Austin,Texas,United States,1
4709 DEPEW AVE UNIT B,"ePlan: Residential Expedited Review - New construction of a 3-Story Duplex [3bed 2.5bath] Unit B
MODULAR CONSTRUCTION",2025-09-22,1,3,4709 DEPEW AVE UNIT B,78751,9,NA,https://abc.austintexas.gov/web/permit/public-search-other?t_detail=1&t_selected_folderrsn=13434593,4709 DEPEW AVE UNIT B,NA,Austin,Texas,United States,1
17205 PAMPERING DR,*SMART Housing* *Green Building* New 1-story 3 bedroom 2 bathroom single family residence with covered front porch and rear covered patio.,2025-09-11,1,1,17205 PAMPERING DR,78653,1,NA,https://abc.austintexas.gov/web/permit/public-search-other?t_detail=1&t_selected_folderrsn=13579490,17205 PAMPERING DRIVE,NA,Austin,Texas,United States,1
2603 SOL WILSON AVE,New 2-story 4 bedroom 3.5 bathroom single family residence with attached carport covered front porch and rear covered patio.,2025-09-23,1,2,2603 SOL WILSON AVE,78702,1,NA,https://abc.austintexas.gov/web/permit/public-search-other?t_detail=1&t_selected_folderrsn=13586170,2603 SOL WILSON AVE,NA,Austin,Texas,United States,1
1804 E 22ND ST--UNIT 2A,"UNIT 2A BLDG 2  : New 2-story duplex unit w/ 2 bedroom 2.5 bath.  (east unit)
Revision 1: Move location of washer and dryer kitchen sink and secondary exterior door. Update siding and windows.",2025-09-08,2,2,1804 E 22ND ST UNIT 2A,78722,1,NA,https://abc.austintexas.gov/web/permit/public-search-other?t_detail=1&t_selected_folderrsn=13578505,1804 EAST 22ND STREET UNIT 2A,NA,Austin,Texas,United States,1
4312 JINX AVE BLDG 2,BLDG 2: New construction of a 3-Story Single Family Res. [3 bed 3.5 bath] with attached Carport. Part of 3-unit use.,2025-08-21,1,3,4312 JINX AVE BLDG 2,78745,5,NA,https://abc.austintexas.gov/web/permit/public-search-other?t_detail=1&t_selected_folderrsn=13570289,4312 JINX AVE BLDG 2,NA,Austin,Texas,United States,1
4415 GILLIS ST BLDG 3,Bldg 3: New construction of a 3-Story Single Family Res. [4 bed 4 bath] with Attached 1-car Carport and Pool. Part of 3-unit use.,2025-09-23,1,3,4415 GILLIS ST BLDG 3,78745,5,NA,https://abc.austintexas.gov/web/permit/public-search-other?t_detail=1&t_selected_folderrsn=13585185,4415 GILLIS STREET BLDG 3,NA,Austin,Texas,United States,1
1208 HASKELL ST--BLDG 3 (EAST),Bldg 3: New construction 3-Unit use single-family residential 2-story 3 bedroom 2.5 bath with covered front porch.,2025-09-09,1,2,1208 HASKELL ST BLDG 3,78702,3,NA,https://abc.austintexas.gov/web/permit/public-search-other?t_detail=1&t_selected_folderrsn=13577178,1208 HASKELL STREET BLDG 3,NA,Austin,Texas,United States,1
1508 HOLLY ST--BLDG 1,Expedited Review: New Construction of a 3-Story [4bed 3bath] with attached garage and carport.,2025-09-03,1,3,1508 HOLLY ST BLDG 1,78702,3,NA,https://abc.austintexas.gov/web/permit/public-search-other?t_detail=1&t_selected_folderrsn=13300480,1508 HOLLY STREET BLDG 1,NA,Austin,Texas,United States,1
5610 HUDSON ST BLDG 2,"ePlan: Residential Expedited Review - New THREE UNIT RES.
Bldg 2: New construction of a 3-Story Single Family Res. [3bed 3.5bath] with Attached Carport.",2025-09-30,1,3,5610 HUDSON ST BLDG 2,78721,1,NA,https://abc.austintexas.gov/web/permit/public-search-other?t_detail=1&t_selected_folderrsn=13589221,5610 HUDSON STREET BLDG 2,NA,Austin,Texas,United States,1
1804 E 22ND ST--UNIT 2B,"UNIT 2B BLDG 2  : New 2-story duplex unit w/ 2 bedroom 2.5 bath.  (west unit)
Revision 1: Move location of washer and dryer kitchen sink and secondary exterior door. Update siding and windows.",2025-09-08,2,2,1804 E 22ND ST UNIT 2B,78722,1,NA,https://abc.austintexas.gov/web/permit/public-search-other?t_detail=1&t_selected_folderrsn=13578506,1804 EAST 22ND STREET UNIT 2B,NA,Austin,Texas,United States,1
1606 CEDAR AVE,ePlan: Residential Expedited Review - New construction of a 2-Story Single Family Res. [4bed 3.5bath] with Attached Garage. Bldg 1,2025-08-28,1,2,1606 CEDAR AVE,78702,1,NA,https://abc.austintexas.gov/web/permit/public-search-other?t_detail=1&t_selected_folderrsn=13573677,1606 CEDAR AVE,NA,Austin,Texas,United States,1
3711 BRIDLE PATH Bldg. 2,Retro Active permit of accessory dwelling unit and attached carport. Dwelling unit updated to BLDG 2 designation per conversations with addressing and Austin Water 4/29/26 (CB),2025-09-29,1,1,3711 BRIDLE PATH BLDG 2,78703,10,NA,https://abc.austintexas.gov/web/permit/public-search-other?t_detail=1&t_selected_folderrsn=13546546,3711 BRIDLE PATH BLDG 2,NA,Austin,Texas,United States,1
16325 DONOHER DR - BLDG 2,Bldg #2 New 1 story dwelling unit 1 bed/1 bath attached by covered breezeway,2025-09-01,1,1,16325 DONOHER DR BLDG 2,78717,6,NA,https://abc.austintexas.gov/web/permit/public-search-other?t_detail=1&t_selected_folderrsn=13558505,16325 DONOHER DRIVE BLDG 2,NA,Austin,Texas,United States,1
1508 HOLLY ST--BLDG 2,Expedited Review: New Construction of a 3-Story [4bed 3.5bath] with attached garage and carport.,2025-09-03,1,3,1508 HOLLY ST BLDG 2,78702,3,NA,https://abc.austintexas.gov/web/permit/public-search-other?t_detail=1&t_selected_folderrsn=13300481,1508 HOLLY STREET BLDG 2,NA,Austin,Texas,United States,1
4525 BRIDAL VEIL DR,Abilene S402 C Left New - 1 Story SFR w/ 3 bedrooms 2 bathrooms attached 2 car garage covered entry porch and patio required parking: 2.,2025-09-04,1,1,4525 BRIDAL VEIL DR,78747,5,NA,https://abc.austintexas.gov/web/permit/public-search-other?t_detail=1&t_selected_folderrsn=13576514,4525 BRIDAL VEIL DRIVE,NA,Austin,Texas,United States,1
2003 GREENWOOD AVE BLDG 1,"ePlan: Residential Expedited Review - New THREE UNIT RES.
New construction MODULAR 2-Story Single Family Res. [5bed 3.5bath]",2025-08-20,1,2,2003 GREENWOOD AVE BLDG 1,78723,1,NA,https://abc.austintexas.gov/web/permit/public-search-other?t_detail=1&t_selected_folderrsn=13569782,2003 GREENWOOD AVE BLDG 1,NA,Austin,Texas,United States,1
5519 JACKIE ROBINSON ST BLDG 19,Unit 19 - New two-story detached single family residence. (3) bedroom (2.5) bathrooms attached 1 car garage. Floor plan type: The Roosevelt C-L-Elevation Option 2. Building Height 24ft-8 5/8in. Maximum Height 30ft. Site Plan #: SP-2020-0393CSH. Expiration Date: 04-13-2025,2025-09-09,1,2,5519 JACKIE ROBINSON ST BLDG 19,78721,1,NA,https://abc.austintexas.gov/web/permit/public-search-other?t_detail=1&t_selected_folderrsn=13383867,5519 JACKIE ROBINSON STREET BLDG 19,NA,Austin,Texas,United States,1
4621 LAVA ISLAND DR,Sheldon S403 A Right New - 2 Story SFR w/ 3 bedrooms 2.5 bathrooms attached 2 car garage covered entry porch and patio required parking: 2.,2025-09-10,1,2,4621 LAVA ISLAND DR,78747,5,NA,https://abc.austintexas.gov/web/permit/public-search-other?t_detail=1&t_selected_folderrsn=13579651,4621 LAVA ISLAND DRIVE,NA,Austin,Texas,United States,1
5519 JACKIE ROBINSON ST BLDG 14,Unit 14 - New two-story detached single family residence. (3) bedroom (2.5) bathrooms attached 1 car garage. Floor plan type: The Roosevelt C-L-Elevation Option 1. Building Height 25ft-6 7/8in. Maximum Height 30ft. Site Plan #: SP-2020-0393CSH. Expiration Date: 04-13-2025,2025-09-09,1,2,5519 JACKIE ROBINSON ST BLDG 14,78721,1,NA,https://abc.austintexas.gov/web/permit/public-search-other?t_detail=1&t_selected_folderrsn=13383830,5519 JACKIE ROBINSON STREET BLDG 14,NA,Austin,Texas,United States,1
4705 LAVA ISLAND DR,Garner S401 C Right New - 1 Story SFR w/ 3 bedrooms 2 bathrooms attached 2 car garage covered entry porch and patio required parking: 2.,2025-09-22,1,1,4705 LAVA ISLAND DR,78747,5,NA,https://abc.austintexas.gov/web/permit/public-search-other?t_detail=1&t_selected_folderrsn=13584382,4705 LAVA ISLAND DRIVE,NA,Austin,Texas,United States,1
5519 JACKIE ROBINSON ST BLDG 18,Unit 18 - New two-story detached single family residence. (2) bedroom (2.5) bathrooms attached 1 car garage. Floor plan type: The Roosevelt B-L-Elevation Option 2. Building Height 23ft-5 3/8in. Maximum Height 30ft. Site Plan #: SP-2020-0393CSH. Expiration Date: 04-13-2025,2025-09-09,1,2,5519 JACKIE ROBINSON ST BLDG 18,78721,1,NA,https://abc.austintexas.gov/web/permit/public-search-other?t_detail=1&t_selected_folderrsn=13383863,5519 JACKIE ROBINSON STREET BLDG 18,NA,Austin,Texas,United States,1
4613 LAVA ISLAND DR,Garner S401 B Right New - 1 Story SFR w/ 3 bedrooms 2 bathrooms attached 2 car garage covered entry porch and patio required parking: 2.,2025-09-10,1,1,4613 LAVA ISLAND DR,78747,5,NA,https://abc.austintexas.gov/web/permit/public-search-other?t_detail=1&t_selected_folderrsn=13579576,4613 LAVA ISLAND DRIVE,NA,Austin,Texas,United States,1
8708 BASIL HAYDEN LN,New construction single-family residential 2-story 3 bedroom 2.5 bath with attached 2-car garage covered front porch and covered rear patio.,2025-09-19,1,2,8708 BASIL HAYDEN LN,78744,2,NA,https://abc.austintexas.gov/web/permit/public-search-other?t_detail=1&t_selected_folderrsn=13583142,8708 BASIL HAYDEN LANE,NA,Austin,Texas,United States,1
17138 RADIANT DR,*SMART Housing* *Green Building* New 1-story 3 bedroom 1.5 bathroom single family residence with covered front porch and rear covered patio.,2025-08-26,1,1,17138 RADIANT DR,78653,1,NA,https://abc.austintexas.gov/web/permit/public-search-other?t_detail=1&t_selected_folderrsn=13571071,17138 RADIANT DRIVE,NA,Austin,Texas,United States,1
2514 WILSON ST BLDG 1,"ePlan: Residential Expedited Review - 
BUILDING 1: New front detached 2-story residence with 4 bedroom 4 bath attached carport & patio.
Part of 2-unit use with existing rear residence to remain",2025-09-24,1,2,2514 WILSON ST BLDG 1,78704,3,NA,https://abc.austintexas.gov/web/permit/public-search-other?t_detail=1&t_selected_folderrsn=13580560,2514 WILSON STREET BLDG 1,NA,Austin,Texas,United States,1
4902 SANTA ANNA ST UNIT A,Bldg #1 Unit A  New dwelling unit 3-Story 4 Bed/4.5 Bath covered porch and balcony,2025-09-21,1,3,4902 SANTA ANNA ST UNIT A,78721,1,NA,https://abc.austintexas.gov/web/permit/public-search-other?t_detail=1&t_selected_folderrsn=13532322,4902 SANTA ANNA STREET UNIT A,NA,Austin,Texas,United States,1
3205 TOM GREEN ST UNIT C,New Triplex Unit 3(C) 3 Story 3 bed/3.5 bath covered porch and patio,2025-08-28,1,3,3205 TOM GREEN ST UNIT C,78705,9,NA,https://abc.austintexas.gov/web/permit/public-search-other?t_detail=1&t_selected_folderrsn=13449026,3205 TOM GREEN STREET UNIT C,NA,Austin,Texas,United States,1
1118 AZIE MORTON RD UNIT C,Unit C: New dwelling unit to convert existing duplex building into a triplex.  A 13D automatic sprinkler system will be required.  Fire lines to serve each individual unit and not be supplied by line passing through another unit (see email from AFD attached).,2025-08-26,1,1,1118 AZIE MORTON RD UNIT C,78704,5,NA,https://abc.austintexas.gov/web/permit/public-search-other?t_detail=1&t_selected_folderrsn=13563651,1118 AZIE MORTON ROAD UNIT C,NA,Austin,Texas,United States,1
3011 FONTANA DR UNIT B,New construction of a 2-story duplex (unit B) with 3 bedrooms 2.5 bathrooms per unit,2025-09-12,2,2,3011 FONTANA DR UNIT B,78704,3,NA,https://abc.austintexas.gov/web/permit/public-search-other?t_detail=1&t_selected_folderrsn=13580688,3011 FONTANA DRIVE UNIT B,NA,Austin,Texas,United States,1
309 FRANKLIN BLVD BLDG 1,Bldg 1: (1 of 2 Units) New 2 story residence with 4 bedroom 4.5 bathroom with attached 1-car carport. work to include 2nd floor deck.,2025-09-29,1,2,309 FRANKLIN BLVD BLDG 1,78751,9,NA,https://abc.austintexas.gov/web/permit/public-search-other?t_detail=1&t_selected_folderrsn=13497400,309 FRANKLIN BOULEVARD BLDG 1,NA,Austin,Texas,United States,1
17125 PAMPERING DR,New 1-story single family residence 3 bed/1.5 bath attached covered patio and porch SMART Housing Green building,2025-08-25,1,1,17125 PAMPERING DR,78653,1,NA,https://abc.austintexas.gov/web/permit/public-search-other?t_detail=1&t_selected_folderrsn=13570805,17125 PAMPERING DRIVE,NA,Austin,Texas,United States,1
2802 BRIDLE PATH,ePlan: Residential Expedited Review - New construction of a 1-Story Single Family Res. [1bed 1bath] with Attached Carport,2025-09-10,1,1,2802 BRIDLE PATH,78703,10,NA,https://abc.austintexas.gov/web/permit/public-search-other?t_detail=1&t_selected_folderrsn=13579079,2802 BRIDLE PATH,NA,Austin,Texas,United States,1
6205 MARSHALL RANCH RD,*Model Home* ePlan: Residential Expedited Review - New construction of a 2-Story Single Family Res. [5bed 5.5bath],2025-09-30,1,2,6205 MARSHALL RANCH RD,78746,8,NA,https://abc.austintexas.gov/web/permit/public-search-other?t_detail=1&t_selected_folderrsn=13589969,6205 MARSHALL RANCH ROAD,NA,Austin,Texas,United States,1
8710 BASIL HAYDEN LN,new construction - PUD New SFR 2- Story 4 bedroom 3.5 bath with attached 2-car garage covered front porch and covered rear patio,2025-09-10,1,2,8710 BASIL HAYDEN LN,78744,2,NA,https://abc.austintexas.gov/web/permit/public-search-other?t_detail=1&t_selected_folderrsn=13577946,8710 BASIL HAYDEN LANE,NA,Austin,Texas,United States,1
3705 BALCONES DR,New 1 story single family home with 2 bathroom sauna 1 bedroom covered porches,2025-09-16,1,1,3705 BALCONES DR,78731,10,NA,https://abc.austintexas.gov/web/permit/public-search-other?t_detail=1&t_selected_folderrsn=13477058,3705 BALCONES DRIVE,NA,Austin,Texas,United States,1
5519 JACKIE ROBINSON ST BLDG 62,Unit 62 - New two-story detached single family residence. (2) bedroom (2.5) bathrooms attached 1 car garage. Floor plan type: The Roosevelt B-L-Elevation Option 1. Building Height 26ft-7 1/2in. Maximum Height 30ft. Site Plan #: SP-2020-0393CSH. Expiration Date: 04-13-2025,2025-09-11,1,2,5519 JACKIE ROBINSON ST BLDG 62,78721,1,NA,https://abc.austintexas.gov/web/permit/public-search-other?t_detail=1&t_selected_folderrsn=13383887,5519 JACKIE ROBINSON STREET BLDG 62,NA,Austin,Texas,United States,1
5519 JACKIE ROBINSON ST BLDG 15,Unit 15 - New three-story detached single family residence. (3) bedroom (2.5) bathrooms attached 1 car garage. Floor plan type: The Roosevelt D-L-Elevation Option 2. Building Height 32ft-9 3/4in. Maximum Height 40ft. Site Plan #: SP-2020-0393CSH. Expiration Date: 04-13-2025,2025-09-09,1,3,5519 JACKIE ROBINSON ST BLDG 15,78721,1,NA,https://abc.austintexas.gov/web/permit/public-search-other?t_detail=1&t_selected_folderrsn=13383840,5519 JACKIE ROBINSON STREET BLDG 15,NA,Austin,Texas,United States,1
9305 CORVALLIS DR,Dawson S351 B Right New - 1 Story SFR w/ 3 bedrooms 2 bathrooms attached 2 car garage covered entry porch and patio required parking: 2.,2025-09-11,1,1,9305 CORVALLIS DR,78747,2,NA,https://abc.austintexas.gov/web/permit/public-search-other?t_detail=1&t_selected_folderrsn=13578852,9305 CORVALLIS DRIVE,NA,Austin,Texas,United States,1
4415 GILLIS ST BLDG 1,Bldg 1: New construction of a 2-Story Single Family Res. [3 bed 2.5 bath] with Attached 1-car carport.  Part of 3-unit use.,2025-09-23,1,2,4415 GILLIS ST BLDG 1,78745,5,NA,https://abc.austintexas.gov/web/permit/public-search-other?t_detail=1&t_selected_folderrsn=13585183,4415 GILLIS STREET BLDG 1,NA,Austin,Texas,United States,1
9000 THE RAVINE WAY,New construction single-family residential 1-story 3 bedroom 2.5 bath with attached 2-car garage covered front porch and covered rear patio.,2025-09-15,1,1,9000 THE RAVINE WAY,78744,2,NA,https://abc.austintexas.gov/web/permit/public-search-other?t_detail=1&t_selected_folderrsn=13581171,9000 THE RAVINE WAY,NA,Austin,Texas,United States,1
9217 CORVALLIS DR,Dawson S351 A Left New - 1 Story SFR w/ 3 bedrooms 2 bathrooms attached 2 car garage covered entry porch and patio required parking: 2.,2025-09-04,1,1,9217 CORVALLIS DR,78747,2,NA,https://abc.austintexas.gov/web/permit/public-search-other?t_detail=1&t_selected_folderrsn=13575803,9217 CORVALLIS DRIVE,NA,Austin,Texas,United States,1
1118 AZIE MORTON RD UNIT B,Unit B: Conversion of a duplex building into a triplex.  A 13D automatic sprinkler system will be required.  Fire lines to serve each individual unit and not be supplied by line passing through another unit (see email from AFD attached).,2025-08-26,1,2,1118 AZIE MORTON RD UNIT B,78704,5,NA,https://abc.austintexas.gov/web/permit/public-search-other?t_detail=1&t_selected_folderrsn=13563630,1118 AZIE MORTON ROAD UNIT B,NA,Austin,Texas,United States,1
4405 SINCLAIR AVE Unit 1,"ePlan: Residential Expedited Review - New construction of a 2-Story residence [3 bed 2 bath].   Part of two-unit use with existing dwelling/garage to remain.

Revision #1: Add D/S permit",2025-08-18,1,1,4405 SINCLAIR AVE,78756,10,NA,https://abc.austintexas.gov/web/permit/public-search-other?t_detail=1&t_selected_folderrsn=13567976,4405 SINCLAIR AVE,NA,Austin,Texas,United States,1
1902 HOLLY HILL DR,New 2-story SFR with pool - 5 beds 6 baths cover rear and front porch attached 2 car garage,2025-08-14,1,2,1902 HOLLY HILL DR,78746,8,NA,https://abc.austintexas.gov/web/permit/public-search-other?t_detail=1&t_selected_folderrsn=13490396,1902 HOLLY HILL DRIVE,NA,Austin,Texas,United States,1
9316 CORVALLIS DR,Moscoso S423 D Right New - 1 Story SFR w/ 4 bedrooms 2 bathrooms attached 2 car garage covered entry porch and patio required parking: 2.,2025-08-11,1,1,9316 CORVALLIS DR,78747,2,NA,https://abc.austintexas.gov/web/permit/public-search-other?t_detail=1&t_selected_folderrsn=13564183,9316 CORVALLIS DRIVE,NA,Austin,Texas,United States,1
1816 W 38TH ST #1A,Bldg 1A: 2 story sfr within duplex with attached carport and covered patio. 2.5 bathroom 3 bedroom.,2025-08-01,1,2,1816 W 38TH ST,78731,10,NA,https://abc.austintexas.gov/web/permit/public-search-other?t_detail=1&t_selected_folderrsn=13555494,1816 WEST 38TH STREET,NA,Austin,Texas,United States,1
708 W 32ND ST BLDG 2,NEW DWELLING UNIT OVER GARAGE IN BACKYARD OF EXISTING LOT W/ MAIN HOUSE. ELECTRIC WILL RUN FROM MAIN HOUSE AND BE ON EXISING METER. NEW STRUCTURE INCLUDES 1 BED/1 BATH/1 KITCHEN,2025-08-18,1,2,708 W 32ND ST BLDG 2,78705,9,NA,https://abc.austintexas.gov/web/permit/public-search-other?t_detail=1&t_selected_folderrsn=13530312,708 WEST 32ND STREET BLDG 2,NA,Austin,Texas,United States,1
10412 CURB STRAP DR,PB: New construction of 2 story SFR 4 bed 3 bath with attached garage,2025-07-15,1,2,10412 CURB STRAP DR,78724,1,NA,https://abc.austintexas.gov/web/permit/public-search-other?t_detail=1&t_selected_folderrsn=13547549,10412 CURB STRAP DRIVE,NA,Austin,Texas,United States,1
8820 MARMOSET WAY,"New SFR 2- Story 3 bedroom 3 bath with attached 2-car garage covered front porch and covered rear patio

PUD",2025-07-28,1,2,8820 MARMOSET WAY,78744,2,NA,https://abc.austintexas.gov/web/permit/public-search-other?t_detail=1&t_selected_folderrsn=13555236,8820 MARMOSET WAY,NA,Austin,Texas,United States,1
6001 CARY DR,ePlan: Residential Expedited Review - New construction of Single Family Res. [4bed 3.5bath] with attached garage,2025-08-13,1,2,6001 CARY DR,78757,7,NA,https://abc.austintexas.gov/web/permit/public-search-other?t_detail=1&t_selected_folderrsn=13532889,6001 CARY DRIVE,NA,Austin,Texas,United States,1
9401 OXBOW STRAP DR,New construction single-family residential 4 bedroom 3 bath with attached 2-car garage covered front porch and covered rear patio.,2025-07-28,1,2,9401 OXBOW STRAP DR,78724,1,NA,https://abc.austintexas.gov/web/permit/public-search-other?t_detail=1&t_selected_folderrsn=13552991,9401 OXBOW STRAP DRIVE,NA,Austin,Texas,United States,1
1203 CULLEN AVE,ePlan: Residential Expedited Review - New construction of a 2-Story Single Family Res. [3bed 3.5bath] with Attached Garage.,2025-08-05,1,2,1203 CULLEN AVE,78757,7,NA,https://abc.austintexas.gov/web/permit/public-search-other?t_detail=1&t_selected_folderrsn=13540083,1203 CULLEN AVE,NA,Austin,Texas,United States,1
5207 PROCK LN,New Two Story SFR 3 be d2.5 bath with attached garage and front covered porch/rear covered patio,2025-08-07,1,2,5207 PROCK LN,78721,3,NA,https://abc.austintexas.gov/web/permit/public-search-other?t_detail=1&t_selected_folderrsn=13562952,5207 PROCK LANE,NA,Austin,Texas,United States,1
13611 LONG ISLAND DR,New two-story SFR (4br/3ba) with attached garage and covered patio,2025-07-15,1,2,13611 LONG ISLAND DR,78660,1,NA,https://abc.austintexas.gov/web/permit/public-search-other?t_detail=1&t_selected_folderrsn=13509168,13611 LONG ISLAND DRIVE,NA,Austin,Texas,United States,1
2107 PRATHER LN - BLDG 1,ePlan: Residential Expedited Review - Bldg 1: New construction of a 3-Story Single Family Res. [ 4 bed 3.5 bath] with Attached Carport and uncovered roof deck. Part of 3-unit use.,2025-07-31,1,3,2107 PRATHER LN BLDG 1,78704,5,NA,https://abc.austintexas.gov/web/permit/public-search-other?t_detail=1&t_selected_folderrsn=13558833,2107 PRATHER LANE BLDG 1,NA,Austin,Texas,United States,1
8822 MARMOSET WAY,"New SFR 2- Story 2 bedroom 2.5 bath with attached 2-car garage covered front porch and covered rear patio

PUD",2025-07-28,1,2,8822 MARMOSET WAY,78744,2,NA,https://abc.austintexas.gov/web/permit/public-search-other?t_detail=1&t_selected_folderrsn=13555247,8822 MARMOSET WAY,NA,Austin,Texas,United States,1
1809 PALO DURO RD,1809 palo duro - Unit 3-  New construction of 3 story SFR with attached carport 3 bedrooms 2.5 baths and loft.,2025-08-08,1,3,1809 PALO DURO RD,78757,7,NA,https://abc.austintexas.gov/web/permit/public-search-other?t_detail=1&t_selected_folderrsn=13560805,1809 PALO DURO ROAD,NA,Austin,Texas,United States,1
8605 COSMICO ST,"ePlan: Residential Expedited Review - SITE PLAN APPROVED: PHASE A - Greystar Plan A577 
New 2 story SFR with 4 Bedrooms 3.5 Bath and an attached 2 car garage.

FOR RECORD SET SEE: 8002 PONCHO PASS 2025-070719 PR (INCLUDES 23 ADDRESSES.)",2025-07-28,1,2,8605 COSMICO ST,78736,8,NA,https://abc.austintexas.gov/web/permit/public-search-other?t_detail=1&t_selected_folderrsn=13555624,8605 COSMICO STREET,NA,Austin,Texas,United States,1
2006 GARDEN ST--UNIT 1,"ePlan: Residential Expedited Review - New TWO UNIT RES.
BLDG 1: New 2-story residence with 3 bedroom 3 bathroom.",2025-07-23,1,2,2006 GARDEN ST UNIT 1,78702,3,NA,https://abc.austintexas.gov/web/permit/public-search-other?t_detail=1&t_selected_folderrsn=13547619,2006 GARDEN STREET UNIT 1,NA,Austin,Texas,United States,1
913 CAPITOL CT BLDG 1,ePlan: Residential Expedited Review - New TWO UNIT RES.  Bldg 1 New construction of a 2-Story Single Family Res. [3bed 2.5bath] with Attached Garage,2025-07-23,1,2,913 CAPITOL CT BLDG 1,78756,7,NA,https://abc.austintexas.gov/web/permit/public-search-other?t_detail=1&t_selected_folderrsn=13548941,913 CAPITOL CT BLDG 1,NA,Austin,Texas,United States,1
4907 STRASS DR,ePlan: Residential Expedited Review - New construction of a 2-Story Single Family Res. [4bed 3bath] with attached garage,2025-07-24,1,2,4907 STRASS DR,78731,7,NA,https://abc.austintexas.gov/web/permit/public-search-other?t_detail=1&t_selected_folderrsn=13481278,4907 STRASS DRIVE,NA,Austin,Texas,United States,1
2308 S 2ND ST BLDG 2,ePlan: Residential Expedited Review - New construction of a 2-Story Single Family Res. [3bed 2.5bath]. Bldg 2,2025-08-04,1,2,2308 S 2ND ST BLDG 2,78704,3,NA,https://abc.austintexas.gov/web/permit/public-search-other?t_detail=1&t_selected_folderrsn=13503247,2308 SOUTH 2ND STREET BLDG 2,NA,Austin,Texas,United States,1
1816 W 38TH ST #1B,Bldg 1B: 2 story sfr within duplex. 1.5 bathroom 2 bedroom with covered porch.,2025-08-01,1,2,1816 W 38TH ST,78731,10,NA,https://abc.austintexas.gov/web/permit/public-search-other?t_detail=1&t_selected_folderrsn=13555495,1816 WEST 38TH STREET,NA,Austin,Texas,United States,1
3011 WESTLAKE DR,ePlan: Residential Expedited Review - New construction of a 2-Story Single Family Res. [9bed 13.5bath] with Attached Garages,2025-07-21,1,2,3011 WESTLAKE DR,78746,8,NA,https://abc.austintexas.gov/web/permit/public-search-other?t_detail=1&t_selected_folderrsn=13548032,3011 WESTLAKE DRIVE,NA,Austin,Texas,United States,1
1217 HARVEY ST BLDG 3,Bldg 3: New construction of a 2-Story residence [3 bed 2.5 bath] with Attached Carport.  Part of three-unit use.,2025-07-16,1,2,1217 HARVEY ST BLDG 3,78702,1,NA,https://abc.austintexas.gov/web/permit/public-search-other?t_detail=1&t_selected_folderrsn=13550218,1217 HARVEY STREET BLDG 3,NA,Austin,Texas,United States,1
6004 SPANCREEK CIR,New 1-story single family home 3 bed/2.5 bath with attached garage covered porch and patio,2025-08-04,1,1,6004 SPANCREEK CIR,78731,10,NA,https://abc.austintexas.gov/web/permit/public-search-other?t_detail=1&t_selected_folderrsn=13556811,6004 SPANCREEK CIR,NA,Austin,Texas,United States,1
10416 CURB STRAP DR,"New construction of 1 story SFR with attached garage covered porch and patio

PUD",2025-07-15,1,1,10416 CURB STRAP DR,78724,1,NA,https://abc.austintexas.gov/web/permit/public-search-other?t_detail=1&t_selected_folderrsn=13546090,10416 CURB STRAP DRIVE,NA,Austin,Texas,United States,1
943 E 52ND ST,New 3 story SFR with 3 bed 2.5 bath attached carport and front covered porch/rear covered patio,2025-08-07,1,3,943 E 52ND ST,78751,9,NA,https://abc.austintexas.gov/web/permit/public-search-other?t_detail=1&t_selected_folderrsn=13560948,943 EAST 52ND STREET,NA,Austin,Texas,United States,1
3616 PENNSYLVANIA AVE BLDG 1,Bldg #1: New 2-story dwelling unit 2 Bed/1.5 bath with attached carport uncovered wood deck and driveway,2025-07-15,1,2,3616 PENNSYLVANIA AVE BLDG 1,78721,1,NA,https://abc.austintexas.gov/web/permit/public-search-other?t_detail=1&t_selected_folderrsn=13512792,3616 PENNSYLVANIA AVE BLDG 1,NA,Austin,Texas,United States,1
2605 W 10TH ST,ePlan: Residential Expedited Review:  New construction of a 2-Story Single Family Res. [5 bed 4bath] with Attached Carport.,2025-07-17,1,2,2605 W 10TH ST,78703,10,NA,https://abc.austintexas.gov/web/permit/public-search-other?t_detail=1&t_selected_folderrsn=13549052,2605 WEST 10TH STREET,NA,Austin,Texas,United States,1
2210 WILLOW ST--BLDG 2,BLDG 2: New two-story SFR (2br/2.5ba),2025-07-28,1,2,2210 WILLOW ST BLDG 2,78702,3,NA,https://abc.austintexas.gov/web/permit/public-search-other?t_detail=1&t_selected_folderrsn=13554486,2210 WILLOW STREET BLDG 2,NA,Austin,Texas,United States,1
2006 GARDEN ST--UNIT 2,"ePlan: Residential Expedited Review: New TWO UNIT RES: 
BLDG 2: New 2-story residence with 2 bedroom 2.5 bathroom.",2025-07-15,1,2,2006 GARDEN ST UNIT 2,78702,3,NA,https://abc.austintexas.gov/web/permit/public-search-other?t_detail=1&t_selected_folderrsn=13547620,2006 GARDEN STREET UNIT 2,NA,Austin,Texas,United States,1
5907 CAMINO REAL,5907 Cmino Real - Unit 1 - New construction of 3 story SFR with attached carport 3 bedrooms 2.5 baths and loft.,2025-08-08,1,3,5907 CAMINO REAL,78757,7,NA,https://abc.austintexas.gov/web/permit/public-search-other?t_detail=1&t_selected_folderrsn=13560806,5907 CAMINO REAL,NA,Austin,Texas,United States,1
17130 RADIANT DR,*SMART Housing* *Green Building* New 1-story 3 bedroom 2 bathroom single family residence with covered front porch and rear covered patio.,2025-07-28,1,1,17130 RADIANT DR,78653,1,NA,https://abc.austintexas.gov/web/permit/public-search-other?t_detail=1&t_selected_folderrsn=13555166,17130 RADIANT DRIVE,NA,Austin,Texas,United States,1
10208 CURB STRAP DR,New construction single-family residential 1-story 4 bedroom 2 bath with attached 2-car garage covered front porch and covered rear patio.,2025-07-18,1,1,10208 CURB STRAP DR,78724,1,NA,https://abc.austintexas.gov/web/permit/public-search-other?t_detail=1&t_selected_folderrsn=13549503,10208 CURB STRAP DRIVE,NA,Austin,Texas,United States,1
5909 CAMINO REAL,5909 Cmino Real - Unit 2 - New construction of 3 story SFR with attached carport 3 bedrooms 2.5 baths and loft.,2025-08-08,1,3,5909 CAMINO REAL,78757,7,NA,https://abc.austintexas.gov/web/permit/public-search-other?t_detail=1&t_selected_folderrsn=13560807,5909 CAMINO REAL,NA,Austin,Texas,United States,1
17134 RADIANT DR,*SMART Housing* *Green Building* New 1-story 3 bedroom 2 bathroom single family residence with covered front porch and rear covered patio.,2025-08-07,1,1,17134 RADIANT DR,78653,1,NA,https://abc.austintexas.gov/web/permit/public-search-other?t_detail=1&t_selected_folderrsn=13562060,17134 RADIANT DRIVE,NA,Austin,Texas,United States,1
8611 COSMICO ST,"ePlan: Residential Expedited Review - SITE PLAN APPROVED: PHASE A - Greystar Plan A577 
New 2 story SFR with 3 Bedrooms 2.5 Bath and an attached 2 car garage.

FOR RECORD SET SEE: 8000 PONCHO PASS 2025-070709 (INCLUDES 22 ADDRESSES.)",2025-07-28,1,2,8611 COSMICO ST,78736,8,NA,https://abc.austintexas.gov/web/permit/public-search-other?t_detail=1&t_selected_folderrsn=13555991,8611 COSMICO STREET,NA,Austin,Texas,United States,1
1004 JUANITA ST BLDG 1,"ePlan: Residential Expedited Review - New THREE UNIT RES.
Bldg1 New 2-story SF Res [3bed 3.5bath] with attached carport",2025-07-24,1,2,1004 JUANITA ST BLDG 1,78704,3,NA,https://abc.austintexas.gov/web/permit/public-search-other?t_detail=1&t_selected_folderrsn=13549486,1004 JUANITA STREET BLDG 1,NA,Austin,Texas,United States,1
8607 COSMICO ST,"ePlan: Residential Expedited Review - SITE PLAN APPROVED: PHASE A - Greystar Plan A577 
New 2 story SFR with 4 Bedrooms 3.5 Bath and an attached 2 car garage.

FOR RECORD SET SEE: 8002 PONCHO PASS 2025-070719 PR (INCLUDES 23 ADDRESSES.)",2025-07-28,1,2,8607 COSMICO ST,78736,8,NA,https://abc.austintexas.gov/web/permit/public-search-other?t_detail=1&t_selected_folderrsn=13555625,8607 COSMICO STREET,NA,Austin,Texas,United States,1
2210 WILLOW ST--BLDG 3,BLDG:3 New 2 story SFR (3br/3.5ba) with attached carport and covered patio. Alley Access.,2025-07-28,1,3,2210 WILLOW ST BLDG 3,78702,3,NA,https://abc.austintexas.gov/web/permit/public-search-other?t_detail=1&t_selected_folderrsn=13554507,2210 WILLOW STREET BLDG 3,NA,Austin,Texas,United States,1
806 E 31ST ST BLDG 3,"ePlan: Residential Expedited Review : New three unit residential
Building 3: New construction of a 3-Story Single Family Res. [4bed 4bath] with Attached Carport


4/15 CM
Plan review (Elliot Bucknall)  has approved for bathroom on 3rd floor to be finished out. Plans only show it to be roughed in.",2025-07-15,1,3,806 E 31ST ST BLDG 3,78705,9,NA,https://abc.austintexas.gov/web/permit/public-search-other?t_detail=1&t_selected_folderrsn=13546136,806 EAST 31ST STREET BLDG 3,NA,Austin,Texas,United States,1
607 TILLERY ST--BLDG 2--(13D REQ),"ePlan: Residential Expedited Review - New THREE UNIT RES.
Bldg 2 New construction of a 3-Story Single Family Res. [3bed 3.5bath] with Attached Carport",2025-08-12,1,3,607 TILLERY ST BLDG 2,78702,3,NA,https://abc.austintexas.gov/web/permit/public-search-other?t_detail=1&t_selected_folderrsn=13546583,607 TILLERY STREET BLDG 2,NA,Austin,Texas,United States,1
1012 W MILTON ST UNIT 2B,ePlan: Residential Expedited Review - Unit 2B  Bldg 2.  New construction of a 2-Story Duplex unit [3 bed 3 bath].  Part of 3-unit use w/ existing residence to remain.,2025-08-01,2,2,1012 W MILTON ST UNIT 2B,78704,9,NA,https://abc.austintexas.gov/web/permit/public-search-other?t_detail=1&t_selected_folderrsn=13532672,1012 WEST MILTON STREET UNIT 2B,NA,Austin,Texas,United States,1
1301 WEBBERVILLE RD BLDG 2,ePlan: Residential Expedited Review - New construction of a 3-Story Single Family Res. [1bed 1.5bath] with attached Carport. Bldg 2,2025-07-28,1,3,1301 WEBBERVILLE RD BLDG 2,78721,1,NA,https://abc.austintexas.gov/web/permit/public-search-other?t_detail=1&t_selected_folderrsn=13511580,1301 WEBBERVILLE ROAD BLDG 2,NA,Austin,Texas,United States,1
2404 ARPDALE ST,ePlan: Residential Expedited Review - New construction of a 2-Story Single-Family Res. [4bed 4.5bath]  with attached Garage and attached Carport,2025-07-16,1,2,2404 ARPDALE ST,78704,5,NA,https://abc.austintexas.gov/web/permit/public-search-other?t_detail=1&t_selected_folderrsn=13511311,2404 ARPDALE STREET,NA,Austin,Texas,United States,1
2114 W 11TH ST UNIT A,"ePlan: Residential Expedited Review: New construction of duplex residence.
UNIT 1: 2-story Primary residence covered patio w/grill  4 bed 2 bath.  Part of duplex use.",2025-08-15,2,2,2114 W 11TH ST UNIT A,78703,10,NA,https://abc.austintexas.gov/web/permit/public-search-other?t_detail=1&t_selected_folderrsn=13555974,2114 WEST 11TH STREET UNIT A,NA,Austin,Texas,United States,1
9213 CORVALLIS DR,Freestone S353 C Right New - 1 Story SFR w/ 4 bedrooms 2 bathrooms attached 2 car garage covered entry porch and patio required parking: 2.,2025-08-11,1,1,9213 CORVALLIS DR,78747,2,NA,https://abc.austintexas.gov/web/permit/public-search-other?t_detail=1&t_selected_folderrsn=13563537,9213 CORVALLIS DRIVE,NA,Austin,Texas,United States,1
6112 CADDIE STREET Unit 2B,New 2 story duplex. 3 bedroom 1.5 bath with rear covered porch in each unit.,2025-08-06,2,2,6112 CADDIE ST UNIT 2B,78741,3,NA,https://abc.austintexas.gov/web/permit/public-search-other?t_detail=1&t_selected_folderrsn=13560995,6112 CADDIE STREET UNIT 2B,NA,Austin,Texas,United States,1
2107 PRATHER LN BLDG 3,Bldg 3: New construction of a 3-Story Single Family Res. [ 3 bed 2.5 bath] with Attached Carport and uncovered roof deck. Part of 3-unit use.,2025-07-31,1,3,2107 PRATHER LN BLDG 3,78704,5,NA,https://abc.austintexas.gov/web/permit/public-search-other?t_detail=1&t_selected_folderrsn=13558835,2107 PRATHER LANE BLDG 3,NA,Austin,Texas,United States,1
10212 CURB STRAP DR,"New construction of 1 story SFR with 3 beds and 2 baths attached garage covered porch and patio

PUD

Revision: Plan revision to change the house plan from an X35KN to a T35AM",2025-07-21,1,1,10212 CURB STRAP DR,78724,1,NA,https://abc.austintexas.gov/web/permit/public-search-other?t_detail=1&t_selected_folderrsn=13550548,10212 CURB STRAP DRIVE,NA,Austin,Texas,United States,1
1004 JUANITA ST UNIT 2A,"ePlan: Residential Expedited Review - New THREE UNIT RES.
Bldg 2a New 2-story Duplex [2bed 2.5bath] with attached carport",2025-07-24,2,2,1004 JUANITA ST UNIT 2A,78704,3,NA,https://abc.austintexas.gov/web/permit/public-search-other?t_detail=1&t_selected_folderrsn=13549487,1004 JUANITA STREET UNIT 2A,NA,Austin,Texas,United States,1
3616 PENNSYLVANIA AVE BLDG 3,Bldg #3: New 2-story dwelling unit 1 bath casita studio storage with attached wood deck and screened in porch,2025-07-15,1,2,3616 PENNSYLVANIA AVE BLDG 3,78721,1,NA,https://abc.austintexas.gov/web/permit/public-search-other?t_detail=1&t_selected_folderrsn=13512794,3616 PENNSYLVANIA AVE BLDG 3,NA,Austin,Texas,United States,1
2104 S L DAVIS AVE--UNIT B,Unit B New construction of 3 story Duplex with roof top uncovered patio 3/2.5.  Part of 3-unit use.,2025-07-21,2,3,2104 S L DAVIS AVE UNIT 1B,78702,1,NA,https://abc.austintexas.gov/web/permit/public-search-other?t_detail=1&t_selected_folderrsn=13551609,2104 SOUTH L DAVIS AVE UNIT 1B,NA,Austin,Texas,United States,1
4004 PETES PATH,ePlan: Residential Expedited Review - New construction of a 2-Story Single Family Res. [5 bed 5.5 bath] with third-floor Habitable Attic,2025-08-13,1,3,4004 PETES PATH,78731,10,NA,https://abc.austintexas.gov/web/permit/public-search-other?t_detail=1&t_selected_folderrsn=13560867,4004 PETES PATH,NA,Austin,Texas,United States,1
8602 COSMICO ST,"ePlan: Residential Expedited Review - SITE PLAN APPROVED: PHASE A - Greystar Plan A577 
New 2 story SFR with 4 Bedrooms 3.5 Bath and an attached 2 car garage.

FOR RECORD SET SEE: 8002 PONCHO PASS 2025-070719 PR (INCLUDES 23 ADDRESSES.)",2025-07-28,1,2,8602 COSMICO ST,78736,8,NA,https://abc.austintexas.gov/web/permit/public-search-other?t_detail=1&t_selected_folderrsn=13555621,8602 COSMICO STREET,NA,Austin,Texas,United States,1
10200 CURB STRAP DR,New construction single-family residential 1-story 4 bedroom 2 bath with attached 2-car garage covered front porch and covered rear patio.,2025-07-15,1,1,10200 CURB STRAP DR,78724,1,NA,https://abc.austintexas.gov/web/permit/public-search-other?t_detail=1&t_selected_folderrsn=13547540,10200 CURB STRAP DRIVE,NA,Austin,Texas,United States,1
5013 STOCKTON LN,Reynolds 890-M-L Is a New two-story family residence with (5) bedrooms (3) bathrooms an attached two-car garage and a covered entry porch & patio.,2025-07-22,1,2,5013 STOCKTON LN,78617,2,NA,https://abc.austintexas.gov/web/permit/public-search-other?t_detail=1&t_selected_folderrsn=13553826,5013 STOCKTON LANE,NA,Austin,Texas,United States,1
5000 FINLEY DR,Expedited Plan Review - New construction of a 1-Story Single Family Res. [6bed 6.5bath] with Attached Garage.,2025-07-22,1,1,5000 FINLEY DR,78731,7,NA,https://abc.austintexas.gov/web/permit/public-search-other?t_detail=1&t_selected_folderrsn=13550891,5000 FINLEY DRIVE,NA,Austin,Texas,United States,1
8709 PEAFOWL ST,New two-story SFR (4br/3ba) with attached garage covered porch and covered patio *PRODUCTION BUILDER- GREEN BUILDING*,2025-07-15,1,2,8709 PEAFOWL ST,78744,2,NA,https://abc.austintexas.gov/web/permit/public-search-other?t_detail=1&t_selected_folderrsn=13547566,8709 PEAFOWL STREET,NA,Austin,Texas,United States,1
8609 COSMICO ST,"ePlan: Residential Expedited Review - SITE PLAN APPROVED: PHASE A - Greystar Plan A577 
New 2 story SFR with 4 Bedrooms 3.5 Bath and an attached 2 car garage.

FOR RECORD SET SEE: 8002 PONCHO PASS 2025-070719 PR (INCLUDES 23 ADDRESSES.)",2025-07-28,1,2,8609 COSMICO ST,78736,8,NA,https://abc.austintexas.gov/web/permit/public-search-other?t_detail=1&t_selected_folderrsn=13555627,8609 COSMICO STREET,NA,Austin,Texas,United States,1
1709 VALERIA ST,ePlan: Residential Expedited Review - New construction of a 2-Story Single Family Res. [5bed 4.5bath] with Habitable Attic Attached Garage Attached Carport,2025-07-16,1,2,1709 VALERIA ST,78704,5,NA,https://abc.austintexas.gov/web/permit/public-search-other?t_detail=1&t_selected_folderrsn=13548981,1709 VALERIA STREET,NA,Austin,Texas,United States,1
17122 RADIANT DR,*SMART Housing* *Green Building* New 1-story 3 bedroom 1.5 bathroom single family residence with covered front porch and rear covered patio.,2025-07-28,1,1,17122 RADIANT DR,78653,1,NA,https://abc.austintexas.gov/web/permit/public-search-other?t_detail=1&t_selected_folderrsn=13555414,17122 RADIANT DRIVE,NA,Austin,Texas,United States,1
7524 SHERWOOD RD BLDG 2,ePlan: Residential Expedited Review - New construction of a TWO-UNIT RES. UNIT 2 1-Story [2bed 2bath] with attached Carport,2025-07-15,1,1,7524 SHERWOOD RD BLDG 2,78745,5,NA,https://abc.austintexas.gov/web/permit/public-search-other?t_detail=1&t_selected_folderrsn=13487188,7524 SHERWOOD ROAD BLDG 2,NA,Austin,Texas,United States,1
1204 MARCY ST BLDG 2,"ePlan: Residential Expedited Review - New construction of a 3-Story Single Family Res. [1bed 1.5bath] with attached 
Garage. Bldg 2",2025-07-28,1,3,1204 MARCY ST BLDG 2,78745,5,NA,https://abc.austintexas.gov/web/permit/public-search-other?t_detail=1&t_selected_folderrsn=13532603,1204 MARCY STREET BLDG 2,NA,Austin,Texas,United States,1
5017 STOCKTON LN,Winedale 880-N-L Is a New two-story single family residence with (5) bedrooms (3) bathrooms an attached two-car garage and a covered entry porch & patio.,2025-07-22,1,2,5017 STOCKTON LN,78617,2,NA,https://abc.austintexas.gov/web/permit/public-search-other?t_detail=1&t_selected_folderrsn=13552791,5017 STOCKTON LANE,NA,Austin,Texas,United States,1
2114 W 11TH ST UNIT B,UNIT 2: 2nd floor Garage apartment accessed via spiral stair 1 bed 1 bath.  Includes garage.,2025-08-18,2,2,2114 W 11TH ST UNIT B,78703,10,NA,https://abc.austintexas.gov/web/permit/public-search-other?t_detail=1&t_selected_folderrsn=13555975,2114 WEST 11TH STREET UNIT B,NA,Austin,Texas,United States,1
9404 LILT DR BLDG 4,*SMART Housing* *Green Building* New 1-story 3 bedroom 1.5 bathroom single family residence with covered front porch and rear covered patio.,2025-07-15,1,1,9404 LILT DR BLDG 4,78653,1,NA,https://abc.austintexas.gov/web/permit/public-search-other?t_detail=1&t_selected_folderrsn=13547205,9404 LILT DRIVE BLDG 4,NA,Austin,Texas,United States,1
3616 PENNSYLVANIA AVE BLDG 2,Bldg #2: New 2-story dwelling unit 2 Bed/2.5 bath with attached wood deck,2025-07-15,1,2,3616 PENNSYLVANIA AVE BLDG 2,78721,1,NA,https://abc.austintexas.gov/web/permit/public-search-other?t_detail=1&t_selected_folderrsn=13512793,3616 PENNSYLVANIA AVE BLDG 2,NA,Austin,Texas,United States,1
5519 JACKIE ROBINSON ST BLDG 11,Unit 11 - New three-story detached single family residence. (3) bedroom (2.5) bathrooms attached 1 car garage. Floor plan type: The Roosevelt D-L-Elevation Option 1. Building Height 31ft-4 7/8in. Maximum Height 40ft. Site Plan #: SP-2020-0393CSH. Expiration Date: 04-13-2025,2025-07-15,1,3,5519 JACKIE ROBINSON ST BLDG 11,78721,1,NA,https://abc.austintexas.gov/web/permit/public-search-other?t_detail=1&t_selected_folderrsn=13385333,5519 JACKIE ROBINSON STREET BLDG 11,NA,Austin,Texas,United States,1
2109 OAK MOTTE LN,New manufactured home,2025-07-21,1,1,2109 OAK MOTTE LN,78744,2,NA,https://abc.austintexas.gov/web/permit/public-search-other?t_detail=1&t_selected_folderrsn=13550464,2109 OAK MOTTE LANE,NA,Austin,Texas,United States,1
1014 BRICKELL LOOP UNIT B,"*Green Building* (Unit B/16) - New construction of attached condo (duplex) with 3 beds 2.5 baths and attached 2 car garage each

PUD",2025-08-13,2,2,1014 BRICKELL LOOP UNIT B,78744,2,NA,https://abc.austintexas.gov/web/permit/public-search-other?t_detail=1&t_selected_folderrsn=13547180,1014 BRICKELL LOOP UNIT B,NA,Austin,Texas,United States,1
6112 CADDIE STREET Unit 2A,New 2 story duplex. 3 bedroom 1.5 bath with rear covered porch in each unit.,2025-08-06,2,2,6112 CADDIE ST UNIT 2A,78741,3,NA,https://abc.austintexas.gov/web/permit/public-search-other?t_detail=1&t_selected_folderrsn=13560994,6112 CADDIE STREET UNIT 2A,NA,Austin,Texas,United States,1
1204 MARCY ST BLDG 1B,ePlan: Residential Expedited Review - ePlan: Residential Expedited Review - New construction of a 3-Story Duplex [3bed 3.5bath] with attached Carport. 1B,2025-07-28,2,3,1204 MARCY ST BLDG 1B,78745,5,NA,https://abc.austintexas.gov/web/permit/public-search-other?t_detail=1&t_selected_folderrsn=13532602,1204 MARCY STREET BLDG 1B,NA,Austin,Texas,United States,1
8102 LEROI DR,"*Green Building* New 2 Story Condominium Single Family Residence 2 Bdrm 2.5 Bath Porch w/ 2-Car Garage

PUD UNIT 276",2025-07-18,1,2,8102 LEROI DR,78744,2,NA,https://abc.austintexas.gov/web/permit/public-search-other?t_detail=1&t_selected_folderrsn=13549326,8102 LEROI DRIVE,NA,Austin,Texas,United States,1
3608 THOMPSON ST--BLDG 1,"ePlan: Residential Expedited Review. New Three Unit Residential:
Building 1: New construction of a 2-Story Single Family Res. [4bed 2.5bath] with attached garage",2025-08-04,1,2,3608 THOMPSON ST BLDG 1,78702,3,NA,https://abc.austintexas.gov/web/permit/public-search-other?t_detail=1&t_selected_folderrsn=13558823,3608 THOMPSON STREET BLDG 1,NA,Austin,Texas,United States,1
8600 COSMICO ST,"ePlan: Residential Expedited Review - SITE PLAN APPROVED: PHASE A - Greystar Plan A577 
New 2 story SFR with 3 Bedrooms 2.5 Bath and an attached 2 car garage.

FOR RECORD SET SEE: 8000 PONCHO PASS 2025-070709 (INCLUDES 22 ADDRESSES.)",2025-07-28,1,2,8600 COSMICO ST,78736,8,NA,https://abc.austintexas.gov/web/permit/public-search-other?t_detail=1&t_selected_folderrsn=13555986,8600 COSMICO STREET,NA,Austin,Texas,United States,1
2308 S 2ND ST BLDG 1,ePlan: Residential Expedited Review - New construction of a 2-Story Single Family Res. [3bed 3bath]. Bldg 1,2025-08-04,1,2,2308 S 2ND ST BLDG 1,78704,3,NA,https://abc.austintexas.gov/web/permit/public-search-other?t_detail=1&t_selected_folderrsn=13503246,2308 SOUTH 2ND STREET BLDG 1,NA,Austin,Texas,United States,1
8601 SWANSON LN,New 2-story 4 bedroom 4.5 bathroom single family residence with attached garage covered front porch and rear covered patio.,2025-08-16,1,2,8601 SWANSON LN,78748,2,NA,https://abc.austintexas.gov/web/permit/public-search-other?t_detail=1&t_selected_folderrsn=13522596,8601 SWANSON LANE,NA,Austin,Texas,United States,1
10420 CURB STRAP DR,New single-story SFR (4br/2ba) with attached garage covered porch and covered patio *PRODUCTION BUILDER- GREEN BUILDING*,2025-07-15,1,1,10420 CURB STRAP DR,78724,1,NA,https://abc.austintexas.gov/web/permit/public-search-other?t_detail=1&t_selected_folderrsn=13547531,10420 CURB STRAP DRIVE,NA,Austin,Texas,United States,1
9420 GAMBOL DR,*SMART Housing* *Green Building* New 1-story 3 bedroom 2 bathroom single family residence with covered front porch and rear covered patio.,2025-08-07,1,1,9420 GAMBOL DR,78653,1,NA,https://abc.austintexas.gov/web/permit/public-search-other?t_detail=1&t_selected_folderrsn=13563130,9420 GAMBOL DRIVE,NA,Austin,Texas,United States,1
4707 DEPEW AVE UNIT A,"ePlan: Residential Expedited Review - New construction of a 2-Story Duplex [3bed 2.5bath] Unit A
MODULAR CONSTRUCTION",2025-07-14,1,3,4707 DEPEW AVE UNIT A,78751,9,NA,https://abc.austintexas.gov/web/permit/public-search-other?t_detail=1&t_selected_folderrsn=13434707,4707 DEPEW AVE UNIT A,NA,Austin,Texas,United States,1
8705 PEAFOWL ST,"New 2-story single family residence 3 bed/2.5 bath attached garage covered porch and covered rear patio green building 

PUD",2025-07-15,1,2,8705 PEAFOWL ST,78744,2,NA,https://abc.austintexas.gov/web/permit/public-search-other?t_detail=1&t_selected_folderrsn=13547989,8705 PEAFOWL STREET,NA,Austin,Texas,United States,1
17118 RADIANT DR,*SMART Housing* *Green Building* New 1-story 3 bedroom 2 bathroom single family residence with covered front porch and rear covered patio.,2025-07-28,1,1,17118 RADIANT DR,78653,1,NA,https://abc.austintexas.gov/web/permit/public-search-other?t_detail=1&t_selected_folderrsn=13555409,17118 RADIANT DRIVE,NA,Austin,Texas,United States,1
607 TILLERY ST--BLDG 1,"ePlan: Residential Expedited Review - New THREE UNIT RES.
Bldg 1 New construction of a 3-Story Single Family Res. [3bed 3.5bath] with Attached Carport",2025-08-12,1,3,607 TILLERY ST BLDG 1,78702,3,NA,https://abc.austintexas.gov/web/permit/public-search-other?t_detail=1&t_selected_folderrsn=13546582,607 TILLERY STREET BLDG 1,NA,Austin,Texas,United States,1
1014 BRICKELL LOOP UNIT A,"*Green Building* (Unit A/15) - New construction of attached condo (duplex) with 3 beds 2.5 baths and attached 2 car garage each

PUD",2025-08-13,2,2,1014 BRICKELL LOOP UNIT A,78744,2,NA,https://abc.austintexas.gov/web/permit/public-search-other?t_detail=1&t_selected_folderrsn=13547179,1014 BRICKELL LOOP UNIT A,NA,Austin,Texas,United States,1
5108 HARMON AVE UNIT A,New 3 story SFR with 3 bed 2.5 bath attached carport and front covered porch/rear covered patio,2025-08-07,1,3,5108 HARMON AVE UNIT A,78751,9,NA,https://abc.austintexas.gov/web/permit/public-search-other?t_detail=1&t_selected_folderrsn=13560949,5108 HARMON AVE UNIT A,NA,Austin,Texas,United States,1
1012 W MILTON ST UNIT 2A,ePlan: Residential Expedited Review - Unit 2A  Bldg 2.  New construction of a 2-Story Duplex unit [3 bed 3 bath].  Part of 3-unit use w/ existing residence to remain.,2025-07-18,2,2,1012 W MILTON ST UNIT 2A,78704,9,NA,https://abc.austintexas.gov/web/permit/public-search-other?t_detail=1&t_selected_folderrsn=13532671,1012 WEST MILTON STREET UNIT 2A,NA,Austin,Texas,United States,1
10400 CURB STRAP DR,"New construction of 1 story SFR with attached garage covered porch and patio

PUD",2025-07-14,1,1,10400 CURB STRAP DR,78724,1,NA,https://abc.austintexas.gov/web/permit/public-search-other?t_detail=1&t_selected_folderrsn=13546083,10400 CURB STRAP DRIVE,NA,Austin,Texas,United States,1
6112 CADDIE STREET Bldg 1,New two story single family residence with rear patio and single car garage. 3Br 2.5 bath.,2025-08-06,1,2,6112 CADDIE ST BLDG 1,78741,3,NA,https://abc.austintexas.gov/web/permit/public-search-other?t_detail=1&t_selected_folderrsn=13560993,6112 CADDIE STREET BLDG 1,NA,Austin,Texas,United States,1
1217 HARVEY ST BLDG 1,ePlan: Residential Expedited Review -Bldg 1: New construction of a 2-Story residence [3 bed 2.5 bath] with Attached Carport.  Part of three-unit use.,2025-07-16,1,2,1217 HARVEY ST BLDG 1,78702,1,NA,https://abc.austintexas.gov/web/permit/public-search-other?t_detail=1&t_selected_folderrsn=13550216,1217 HARVEY STREET BLDG 1,NA,Austin,Texas,United States,1
8601 COSMICO ST,"ePlan: Residential Expedited Review - SITE PLAN APPROVED: PHASE A - Greystar Plan A577 
New 2 story SFR with 3 Bedrooms 2.5 Bath and an attached 2 car garage.

FOR RECORD SET SEE: 8000 PONCHO PASS 2025-070709 (INCLUDES 22 ADDRESSES.)",2025-07-28,1,2,8601 COSMICO ST,78736,8,NA,https://abc.austintexas.gov/web/permit/public-search-other?t_detail=1&t_selected_folderrsn=13555987,8601 COSMICO STREET,NA,Austin,Texas,United States,1
1816 W 38TH ST #2,Bldg 2: 2 story sfr at rear of property w 2.5 bathrooms 3 bedrroms covered porch and attached garage.,2025-08-01,1,2,1816 W 38TH ST,78731,10,NA,https://abc.austintexas.gov/web/permit/public-search-other?t_detail=1&t_selected_folderrsn=13555496,1816 WEST 38TH STREET,NA,Austin,Texas,United States,1
2104 S L DAVIS AVE--UNIT A,Unit A New construction of 3 story Duplex with roof top uncovered patio 3/2.5.  Part of 3-unit use.,2025-07-21,2,3,2104 S L DAVIS AVE UNIT 1A,78702,1,NA,https://abc.austintexas.gov/web/permit/public-search-other?t_detail=1&t_selected_folderrsn=13551608,2104 SOUTH L DAVIS AVE UNIT 1A,NA,Austin,Texas,United States,1
9416 GAMBOL DR,*SMART Housing* *Green Building* New 1-story 4 bedroom 2 bathroom single family residence with covered front porch and rear covered patio.,2025-08-14,1,1,9416 GAMBOL DR,78653,1,NA,https://abc.austintexas.gov/web/permit/public-search-other?t_detail=1&t_selected_folderrsn=13565089,9416 GAMBOL DRIVE,NA,Austin,Texas,United States,1
5108 HARMON AVE UNIT B,New 3 story SFR with 3 bed 2.5 bath attached carport and front covered porch/rear covered patio,2025-08-07,1,3,5108 HARMON AVE UNIT B,78751,9,NA,https://abc.austintexas.gov/web/permit/public-search-other?t_detail=1&t_selected_folderrsn=13560950,5108 HARMON AVE UNIT B,NA,Austin,Texas,United States,1
6507 HERGOTZ LN,New construction (relocation) single-family residential 1-story 2 bedroom 1 bath with attached uncovered wood landings/ stairs (2 sets).,2025-08-14,1,1,6507 HERGOTZ LN,78742,3,NA,https://abc.austintexas.gov/web/permit/public-search-other?t_detail=1&t_selected_folderrsn=13551698,6507 HERGOTZ LANE,NA,Austin,Texas,United States,1
8816 MARMOSET WAY,"New SFR 2- Story 3 bedroom 2.5 bath with attached 2-car garage covered front porch and covered rear patio

PUD",2025-07-28,1,2,8816 MARMOSET WAY,78744,2,NA,https://abc.austintexas.gov/web/permit/public-search-other?t_detail=1&t_selected_folderrsn=13554291,8816 MARMOSET WAY,NA,Austin,Texas,United States,1
13213 STABLER DR,Dexter 3317 A Left New - 2 Story SFR CONDOMINUM w/ 4 bedrooms 3 bathrooms attached 2 car garage covered entry porch and patio FFE: 682.11 Site Plan: SP-2021-0328C Site Plan Exp.: 01/09/27 Max Bld height: 28 Actual Bld height: 27-6 required parking: 2.,2025-08-07,1,2,13213 STABLER DR,78652,5,NA,https://abc.austintexas.gov/web/permit/public-search-other?t_detail=1&t_selected_folderrsn=13562951,13213 STABLER DRIVE,NA,Austin,Texas,United States,1
8818 MARMOSET WAY,"New SFR 2- Story 3 bedroom 2.5 bath with attached 2-car garage covered front porch and covered rear patio

PUD",2025-07-28,1,2,8818 MARMOSET WAY,78744,2,NA,https://abc.austintexas.gov/web/permit/public-search-other?t_detail=1&t_selected_folderrsn=13555222,8818 MARMOSET WAY,NA,Austin,Texas,United States,1
1404 JUSTIN LN BLDG 2,Home: New construction of 2 story detached dwelling unit 3 bed 2.5 bath with attached garage,2025-08-18,1,2,1404 JUSTIN LN BLDG 2,78757,7,NA,https://abc.austintexas.gov/web/permit/public-search-other?t_detail=1&t_selected_folderrsn=13565113,1404 JUSTIN LANE BLDG 2,NA,Austin,Texas,United States,1
2107 PRATHER LN BLDG 2,Bldg 2: New construction of a 3-Story Single Family Res. [ 3 bed 2.5 bath] with Attached Carport and uncovered roof deck. Part of 3-unit use.,2025-07-31,1,3,2107 PRATHER LN BLDG 2,78704,5,NA,https://abc.austintexas.gov/web/permit/public-search-other?t_detail=1&t_selected_folderrsn=13558834,2107 PRATHER LANE BLDG 2,NA,Austin,Texas,United States,1
9404 LILT DR BLDG 5,*Green Building* *SMART Housing* New 1-story 3 bedroom 2 bathroom single family residence with covered front porch and rear covered patio.,2025-07-15,1,1,9404 LILT DR BLDG 5,78653,1,NA,https://abc.austintexas.gov/web/permit/public-search-other?t_detail=1&t_selected_folderrsn=13547820,9404 LILT DRIVE BLDG 5,NA,Austin,Texas,United States,1
9412 GAMBOL DR,*SMART Housing* *Green Building* New 1-story 3 bedroom 1.5 bathroom single family residence with covered porches.,2025-08-11,1,1,9412 GAMBOL DR,78653,1,NA,https://abc.austintexas.gov/web/permit/public-search-other?t_detail=1&t_selected_folderrsn=13564620,9412 GAMBOL DRIVE,NA,Austin,Texas,United States,1
3608 THOMPSON ST--BLDG 2,"ePlan: Residential Expedited Review. New Three Unit Residential:
Building 2: New construction of a 2-Story Single Family Res. [2bed 2.5bath]",2025-08-04,1,2,3608 THOMPSON ST BLDG 2,78702,3,NA,https://abc.austintexas.gov/web/permit/public-search-other?t_detail=1&t_selected_folderrsn=13558824,3608 THOMPSON STREET BLDG 2,NA,Austin,Texas,United States,1
607 TILLERY ST--BLDG 3--(13D REQ),"ePlan: Residential Expedited Review - New THREE UNIT RES.
Bldg 3 New construction of a 3-Story Single Family Res. [3bed 3.5bath] with Attached Garage",2025-08-12,1,3,607 TILLERY ST BLDG 3,78702,3,NA,https://abc.austintexas.gov/web/permit/public-search-other?t_detail=1&t_selected_folderrsn=13546584,607 TILLERY STREET BLDG 3,NA,Austin,Texas,United States,1
3608 THOMPSON ST--BLDG 3,"ePlan: Residential Expedited Review. New Three Unit Residential:
Building 3:  New construction of a 3-Story Single Family Res. [4bed 3.5bath] with attached garage",2025-08-04,1,3,3608 THOMPSON ST BLDG 3,78702,3,NA,https://abc.austintexas.gov/web/permit/public-search-other?t_detail=1&t_selected_folderrsn=13558826,3608 THOMPSON STREET BLDG 3,NA,Austin,Texas,United States,1
1127 ELEANOR ST BLDG 2,Building 2 New 2 Story SFR with attached garage rear of main house covered porch and covered rear patio 3/2.5,2025-07-23,1,2,1127 ELEANOR ST BLDG 2,78721,1,NA,https://abc.austintexas.gov/web/permit/public-search-other?t_detail=1&t_selected_folderrsn=13520668,1127 ELEANOR STREET BLDG 2,NA,Austin,Texas,United States,1
2009 PARAMOUNT AVE,ePlan: Residential Expedited Review: New construction of a 2-Story Single Family Res. [4 bed 4 bath] with Attached Garage.,2025-08-15,1,2,2009 PARAMOUNT AVE,78704,5,NA,https://abc.austintexas.gov/web/permit/public-search-other?t_detail=1&t_selected_folderrsn=13558881,2009 PARAMOUNT AVE,NA,Austin,Texas,United States,1
9803 RIBELIN RANCH CT BLDG 13,New construction of single building based on Volume Builder Approved (2024-067871 VB) Plan 11-DB-L. This is a 3 Story building with height of 38-6 and 3405 square feet.,2025-07-21,1,3,9803 RIBELIN RANCH CT BLDG 13,78750,10,NA,https://abc.austintexas.gov/web/permit/public-search-other?t_detail=1&t_selected_folderrsn=13531029,9803 RIBELIN RANCH CT BLDG 13,NA,Austin,Texas,United States,1
806 E 31ST ST BLDG 2,"ePlan: Residential Expedited Review : New three unit residential
Building 2: New construction of a 2-Story Single Family Res. [3bed 3.5bath] with Attached Carport 

4/15 CM
Plan review (Elliot Bucknall)  has approved for bathroom on 3rd floor to be finished out. Plans only show it to be roughed in.",2025-07-15,1,2,806 E 31ST ST BLDG 2,78705,9,NA,https://abc.austintexas.gov/web/permit/public-search-other?t_detail=1&t_selected_folderrsn=13546135,806 EAST 31ST STREET BLDG 2,NA,Austin,Texas,United States,1
2609 CARNARVON LN UNIT B,ePlan: Residential Expedited Review - New Two Story Duplex Unit B 1-story [1bath] with attached garage,2025-07-25,1,1,2609 CARNARVON LN UNIT B,78704,3,NA,https://abc.austintexas.gov/web/permit/public-search-other?t_detail=1&t_selected_folderrsn=13501992,2609 CARNARVON LANE UNIT B,NA,Austin,Texas,United States,1
10408 CURB STRAP DR,"New construction of 2 story SFR with attached garage covered porch and patio

PUD

Revision: Plan revision to change the house plan from the X35KM to an X35HN.",2025-07-14,1,1,10408 CURB STRAP DR,78724,1,NA,https://abc.austintexas.gov/web/permit/public-search-other?t_detail=1&t_selected_folderrsn=13546066,10408 CURB STRAP DRIVE,NA,Austin,Texas,United States,1
17114 RADIANT DR,*SMART Housing* *Green Building* New 1-story 3 bedroom 2 bathroom single family residence with covered front porch and rear covered patio.,2025-07-28,1,1,17114 RADIANT DR,78653,1,NA,https://abc.austintexas.gov/web/permit/public-search-other?t_detail=1&t_selected_folderrsn=13556589,17114 RADIANT DRIVE,NA,Austin,Texas,United States,1
4901 RIDGE OAK DR,ePlan: Residential Expedited Review - New construction of a 2-Story Single Family Res. [4 bed 6.5bath] with Attached Garage.  Existing pool to remain.,2025-07-30,1,2,4901 RIDGE OAK DR,78731,10,NA,https://abc.austintexas.gov/web/permit/public-search-other?t_detail=1&t_selected_folderrsn=13547231,4901 RIDGE OAK DRIVE,NA,Austin,Texas,United States,1
1004 JUANITA ST UNIT 2B,"ePlan: Residential Expedited Review - New THREE UNIT RES.
Bldg 2b New 2-story Duplex [1bed 1bath]",2025-07-24,2,2,1004 JUANITA ST UNIT 2B,78704,3,NA,https://abc.austintexas.gov/web/permit/public-search-other?t_detail=1&t_selected_folderrsn=13549488,1004 JUANITA STREET UNIT 2B,NA,Austin,Texas,United States,1
1217 HARVEY ST BLDG 2,Bldg 2: New construction of a 2-Story residence [3 bed 2.5 bath] with Attached Carport.  Part of three-unit use.,2025-07-16,1,2,1217 HARVEY ST BLDG 2,78702,1,NA,https://abc.austintexas.gov/web/permit/public-search-other?t_detail=1&t_selected_folderrsn=13550217,1217 HARVEY STREET BLDG 2,NA,Austin,Texas,United States,1
8603 COSMICO ST,"ePlan: Residential Expedited Review - SITE PLAN APPROVED: PHASE A - Greystar Plan A577 
New 2 story SFR with 4 Bedrooms 3.5 Bath and an attached 2 car garage.

FOR RECORD SET SEE: 8002 PONCHO PASS 2025-070719 PR (INCLUDES 23 ADDRESSES.)",2025-07-28,1,2,8603 COSMICO ST,78736,8,NA,https://abc.austintexas.gov/web/permit/public-search-other?t_detail=1&t_selected_folderrsn=13555622,8603 COSMICO STREET,NA,Austin,Texas,United States,1
1301 WEBBERVILLE RD BLDG 1,ePlan: Residential Expedited Review - New construction of a 2-Story Single Family Res. [2bed 2.5bath] Bldg 3,2025-07-28,1,2,1301 WEBBERVILLE RD BLDG 1,78721,1,NA,https://abc.austintexas.gov/web/permit/public-search-other?t_detail=1&t_selected_folderrsn=13511579,1301 WEBBERVILLE ROAD BLDG 1,NA,Austin,Texas,United States,1
2000 ARTHUR LN,ePlan: Residential Expedited Review - New 2-Story Single Family Res. [4bed 4bath] With 2 Car Garage,2025-07-29,1,2,2000 ARTHUR LN,78704,5,NA,https://abc.austintexas.gov/web/permit/public-search-other?t_detail=1&t_selected_folderrsn=13557493,2000 ARTHUR LANE,NA,Austin,Texas,United States,1
1807 VISTA LN,ePlan: Residential Expedited Review - New construction of a 2-Story Single Family Res. [6 bed 5.5bath] with Habitable Attic Attached Garage.,2025-08-15,1,2,1807 VISTA LN,78703,10,NA,https://abc.austintexas.gov/web/permit/public-search-other?t_detail=1&t_selected_folderrsn=13567203,1807 VISTA LANE,NA,Austin,Texas,United States,1
2816 MARY HELEN LOPEZ ST,New 2-Story condo with 4 bedrooms and 2.5 baths covered front and rear porch,2025-06-26,1,2,2816 MARY HELEN LOPEZ ST,78702,3,NA,https://abc.austintexas.gov/web/permit/public-search-other?t_detail=1&t_selected_folderrsn=13386181,2816 MARY HELEN LOPEZ STREET,NA,Austin,Texas,United States,1
1507 JULIET ST,ePlan: Residential Expedited Review - New construction of a 2-Story Single Family Res. [3bed 3.5bath] with Attached Carport.,2025-06-23,1,2,1507 JULIET ST,78704,9,NA,https://abc.austintexas.gov/web/permit/public-search-other?t_detail=1&t_selected_folderrsn=13537963,1507 JULIET STREET,NA,Austin,Texas,United States,1
6500 PORTER ST,6500 Porter St (front unit): New 3-story residence w/ 3 bedroom 3 bathroom covered balcony carport.  Part of 3-unit use.,2025-06-30,1,3,6500 PORTER ST,78741,3,NA,https://abc.austintexas.gov/web/permit/public-search-other?t_detail=1&t_selected_folderrsn=13541083,6500 PORTER STREET,NA,Austin,Texas,United States,1
5 SCOTT CRES,ePlan: Residential Expedited Review - New construction of a 2-Story Single Family Res. [5bed 4.5bath] with attached Garage.,2025-06-27,1,2,5 SCOTT CRES,78703,10,NA,https://abc.austintexas.gov/web/permit/public-search-other?t_detail=1&t_selected_folderrsn=13539038,5 SCOTT CRES,NA,Austin,Texas,United States,1
7808 ELLA LEE LN,TERRACE Q52150 ELEVATION B LEFT SWING 1 STORY SINGLE FAMLY HOME / 3 BED AND 3.5 BATH WITH OPT CAITA OPT SITTING ROOM   OPT FLEX ROOM ILO GRILLING PATIO,2025-06-17,1,1,7808 ELLA LEE LN,78744,2,NA,https://abc.austintexas.gov/web/permit/public-search-other?t_detail=1&t_selected_folderrsn=13535862,7808 ELLA LEE LANE,NA,Austin,Texas,United States,1
932 E 53RD ST,New construction of a 2-Story Single Family Res. [4bed 3.5bath] with attached 2-car carport.,2025-06-11,1,2,932 E 53RD ST,78751,4,NA,https://abc.austintexas.gov/web/permit/public-search-other?t_detail=1&t_selected_folderrsn=13496340,932 EAST 53RD STREET,NA,Austin,Texas,United States,1
10300 CURB STRAP DR,"New construction of 1 story SFR with 5 beds 2 baths attached garage covered porch and patio

PUD
Revision: Plan revision to change the house plan from an X35GM to a T35CN",2025-06-16,1,1,10300 CURB STRAP DR,78724,1,NA,https://abc.austintexas.gov/web/permit/public-search-other?t_detail=1&t_selected_folderrsn=13533637,10300 CURB STRAP DRIVE,NA,Austin,Texas,United States,1
9408 OXBOW STRAP DR,*Green Building* New 1-story 3 bedroom 2 bathroom single family residence with attached garage covered front porch and rear covered patio.,2025-07-09,1,1,9408 OXBOW STRAP DR,78724,1,NA,https://abc.austintexas.gov/web/permit/public-search-other?t_detail=1&t_selected_folderrsn=13541764,9408 OXBOW STRAP DRIVE,NA,Austin,Texas,United States,1
1201 IGNACIO TREVINO ST,New 2-story SFR *CONDO / SMART HOUSING / GREEN BUILDING* - 4 bedrooms 2.5 bathrooms with covered patio,2025-06-26,1,2,1201 IGNACIO TREVINO ST,78702,3,NA,https://abc.austintexas.gov/web/permit/public-search-other?t_detail=1&t_selected_folderrsn=13399707,1201 IGNACIO TREVINO STREET,NA,Austin,Texas,United States,1
3101 1/2 NEAL ST,ePlan: Residential Expedited Review - New construction of a 3-Story Single Family Res. [4bed 3bath] with Attached Carport. 3101 1/2 Neal St,2025-06-27,1,3,3101 1/2 NEAL ST,78702,3,NA,https://abc.austintexas.gov/web/permit/public-search-other?t_detail=1&t_selected_folderrsn=13536030,3101 1/2 NEAL STREET,NA,Austin,Texas,United States,1
10312 CURB STRAP DR,New construction single-family residential 1-story 4 bedroom 2.5 bath with attached 2-car garage covered front porch and covered rear patio.,2025-07-09,1,2,10312 CURB STRAP DR,78724,1,NA,https://abc.austintexas.gov/web/permit/public-search-other?t_detail=1&t_selected_folderrsn=13544958,10312 CURB STRAP DRIVE,NA,Austin,Texas,United States,1
6502 PORTER ST BLDG 3,6502 Porter St Bldg 3: New construction of a 2-Story Single Family Res. [3 bed 3 bath]  with Attached carport.  Part of 3-unit use.   5 dwelling units on two properties share driveway on join-use-access-easement.,2025-06-30,1,2,6502 PORTER ST BLDG 3,78741,3,NA,https://abc.austintexas.gov/web/permit/public-search-other?t_detail=1&t_selected_folderrsn=13541723,6502 PORTER STREET BLDG 3,NA,Austin,Texas,United States,1
2603 RICHCREEK RD,New 2-story 5 bedroom 4 bathroom single family residence with attached garage covered front porch covered side porch and rear covered patio.,2025-06-30,1,2,2603 RICHCREEK RD,78757,7,NA,https://abc.austintexas.gov/web/permit/public-search-other?t_detail=1&t_selected_folderrsn=13513669,2603 RICHCREEK ROAD,NA,Austin,Texas,United States,1
6502 PORTER ST BLDG 1,6502 Porter St Bldg 1: New construction of a 3-Story Single Family Res. [3 bed 3 bath] second floor baclony with Attached carport.  Part of 3-unit use.   5 dwelling units on two properties share driveway on join-use-access-easement.,2025-06-30,1,3,6502 PORTER ST BLDG 1,78741,3,NA,https://abc.austintexas.gov/web/permit/public-search-other?t_detail=1&t_selected_folderrsn=13541721,6502 PORTER STREET BLDG 1,NA,Austin,Texas,United States,1
3419 NEAL ST UNIT 301,UNIT 103. New 3-Story [3 bed 2.5 bath] home with balcony.  Part of 3-unit use.  Original property was subdivided front-to-back into 4 flag lots each with 2-3 units.,2025-06-18,1,2,3419 NEAL ST UNIT 301,78702,3,NA,https://abc.austintexas.gov/web/permit/public-search-other?t_detail=1&t_selected_folderrsn=13534773,3419 NEAL STREET UNIT 301,NA,Austin,Texas,United States,1
1308 MASON AVE,New construction two-unit use duplex 3-story 2 bedroom 2.5 bath with attached 2-car carport 1st floor storage covered front porch covered rear patio and 2nd floor covered balcony.,2025-06-05,1,3,1308 MASON AVE,78721,1,NA,https://abc.austintexas.gov/web/permit/public-search-other?t_detail=1&t_selected_folderrsn=13527716,1308 MASON AVE,NA,Austin,Texas,United States,1
2846 MARY HELEN LOPEZ ST,Single Family Condo - Two story with 4 bedrooms 2.5 bathrooms and covered patio,2025-06-25,1,2,2846 MARY HELEN LOPEZ ST,78702,3,NA,https://abc.austintexas.gov/web/permit/public-search-other?t_detail=1&t_selected_folderrsn=13398598,2846 MARY HELEN LOPEZ STREET,NA,Austin,Texas,United States,1
1119 TILLERY ST,Bldg 1: New 3-Story [3 bed 3.5 bath] detached residence with attached Garage. Part of 3-unit residential use.,2025-06-27,1,3,1119 TILLERY ST,78702,3,NA,https://abc.austintexas.gov/web/permit/public-search-other?t_detail=1&t_selected_folderrsn=13420132,1119 TILLERY STREET,NA,Austin,Texas,United States,1
8009 PONCHO PASS,"ePlan: Residential Expedited Review - [SITE PLAN APPROVED: PHASE A - Greystar Plan C ] New Construction of a 8 Single Family Residences

 REV 1 TO WAIVE VISITABILITY - Rise 22.8  / Run  144  Slope: 16%",2025-06-24,1,2,8009 PONCHO PASS,78736,8,NA,https://abc.austintexas.gov/web/permit/public-search-other?t_detail=1&t_selected_folderrsn=13539307,8009 PONCHO PASS,NA,Austin,Texas,United States,1
7510 MADONNA DR,"*Green Building* New 2 Story Condominium Single Family Residence 3 Bdrm 3 Bath Porch w/ 2-Car Garage

PUD",2025-06-24,1,2,7510 MADONNA DR,78744,2,NA,https://abc.austintexas.gov/web/permit/public-search-other?t_detail=1&t_selected_folderrsn=13536685,7510 MADONNA DRIVE,NA,Austin,Texas,United States,1
2102 PALO PINTO DR,"ePlan: Residential Expedited Review - New construction of a TWO UNIT RES. Bldg 1 New construction of a 2-Story Single Family Res. [3bed 3bath] with attached Garage 

Revision 10/7/2025- changes to primary suite entrance and bath layout",2025-06-12,1,2,2102 PALO PINTO DR,78723,1,NA,https://abc.austintexas.gov/web/permit/public-search-other?t_detail=1&t_selected_folderrsn=13470129,2102 PALO PINTO DRIVE,NA,Austin,Texas,United States,1
2101 PASADENA DR BLDG 1,New 2-story 4 bedroom 3.5 bathroom dwelling unit with attached garage covered front porch and rear covered patio.,2025-07-08,1,2,2101 PASADENA DR BLDG 1,78757,7,NA,https://abc.austintexas.gov/web/permit/public-search-other?t_detail=1&t_selected_folderrsn=13480013,2101 PASADENA DRIVE BLDG 1,NA,Austin,Texas,United States,1
7504 MADONNA DR,"*Green Building* New 2 Story Condominium Single Family Residence 2 Bdrm 2.5 Bath Porch w/ 2-Car Garage

PUD",2025-06-20,1,2,7504 MADONNA DR,78744,2,NA,https://abc.austintexas.gov/web/permit/public-search-other?t_detail=1&t_selected_folderrsn=13535988,7504 MADONNA DRIVE,NA,Austin,Texas,United States,1
7506 MADONNA DR,"*Green Building* New 2 Story Condominium Single Family Residence 2 Bdrm 2.5 Bath Porch w/ 2-Car Garage

PUD",2025-06-20,1,2,7506 MADONNA DR,78744,2,NA,https://abc.austintexas.gov/web/permit/public-search-other?t_detail=1&t_selected_folderrsn=13535949,7506 MADONNA DRIVE,NA,Austin,Texas,United States,1
9404 LILT DR BLDG 3,*Green Building* New 1-story 3 bedroom 2 bathroom single family residence with covered front porch and rear covered patio.,2025-07-10,1,1,9404 LILT DR BLDG 3,78653,1,NA,https://abc.austintexas.gov/web/permit/public-search-other?t_detail=1&t_selected_folderrsn=13542116,9404 LILT DRIVE BLDG 3,NA,Austin,Texas,United States,1
6502 PORTER ST BLDG 2,6502 Porter St Bldg 2: New construction of a 3-Story Single Family Res. [3 bed 3 bath] with Attached carport.  Part of 3-unit use.   5 dwelling units on two properties share driveway on join-use-access-easement.,2025-06-30,1,3,6502 PORTER ST BLDG 2,78741,3,NA,https://abc.austintexas.gov/web/permit/public-search-other?t_detail=1&t_selected_folderrsn=13541722,6502 PORTER STREET BLDG 2,NA,Austin,Texas,United States,1
4029 PEARCE RD,"1 Story Single Family House.  New Septic system. No additional dwelling units.

(ETJ and full purpose jurisdictions-work being done on full purpose side of lot)",2025-06-23,1,1,4029 PEARCE RD,78730,NA,NA,https://abc.austintexas.gov/web/permit/public-search-other?t_detail=1&t_selected_folderrsn=13518506,4029 PEARCE ROAD,NA,Austin,Texas,United States,1
8106 LEROI DR,PB: New construction of 2 story SFR condo - 2 bedrooms 2.5 baths with attached garage covered rear patio,2025-06-11,1,2,8106 LEROI DR,78744,2,NA,https://abc.austintexas.gov/web/permit/public-search-other?t_detail=1&t_selected_folderrsn=13531203,8106 LEROI DRIVE,NA,Austin,Texas,United States,1
2836 MARY HELEN LOPEZ ST,*SMART HOUSING-CONDO*Construction of a detached single family residence - two story with 4 bedrooms and 2.5 bathrooms and covered patio,2025-06-27,1,2,2836 MARY HELEN LOPEZ ST,78702,3,NA,https://abc.austintexas.gov/web/permit/public-search-other?t_detail=1&t_selected_folderrsn=13398879,2836 MARY HELEN LOPEZ STREET,NA,Austin,Texas,United States,1
1307 CRESTWOOD RD--PRIMARY,New two-story SFR (3br/3.5ba) with attached garage covered patio screened porch and detached single-story accessory structure. Existing pool to remain.,2025-06-10,1,2,1307 CRESTWOOD RD,78722,9,NA,https://abc.austintexas.gov/web/permit/public-search-other?t_detail=1&t_selected_folderrsn=13528880,1307 CRESTWOOD ROAD,NA,Austin,Texas,United States,1
10108 CURB STRAP DR,"New Construction - 2 Story Single-Family Residence attached garaged covered porch and patio 5/2.5

Revision: Plan revision to change the house plan from an X40LM to a T40DM",2025-07-09,1,2,10108 CURB STRAP DR,78724,1,NA,https://abc.austintexas.gov/web/permit/public-search-other?t_detail=1&t_selected_folderrsn=13545343,10108 CURB STRAP DRIVE,NA,Austin,Texas,United States,1
2800 SALEK VW,New 3 Story SF detached condo with attached garage 3/3.5,2025-07-07,1,3,2800 SALEK VW,78741,3,NA,https://abc.austintexas.gov/web/permit/public-search-other?t_detail=1&t_selected_folderrsn=13331169,2800 SALEK VW,NA,Austin,Texas,United States,1
1002 W JOHANNA ST BLDG 3,ePlan: Residential Expedited Review - New construction of a 3-Story Single Family Res. [3bed 3.5bath] with attached Carport. Bldg 3,2025-07-01,1,3,1002 W JOHANNA ST BLDG 3,78704,3,NA,https://abc.austintexas.gov/web/permit/public-search-other?t_detail=1&t_selected_folderrsn=13540913,1002 WEST JOHANNA STREET BLDG 3,NA,Austin,Texas,United States,1
1916 S 3RD ST,1916 S 3RD ST (front unit): New construction of a 2-Story detached Res. [3bed 2.5bath] with attached carport.  Part of 3-unit use.,2025-06-09,1,2,1916 S 3RD ST,78704,3,NA,https://abc.austintexas.gov/web/permit/public-search-other?t_detail=1&t_selected_folderrsn=13509801,1916 SOUTH 3RD STREET,NA,Austin,Texas,United States,1
6840 LA CONCHA PASS BLDG 2,New construction of second residential unit. One bath one bedroom single story structure.,2025-06-04,1,1,6840 LA CONCHA PASS BLDG 2,78749,8,NA,https://abc.austintexas.gov/web/permit/public-search-other?t_detail=1&t_selected_folderrsn=13518865,6840 LA CONCHA PASS BLDG 2,NA,Austin,Texas,United States,1
10112 CURB STRAP DR,"*Green Building* New 1-story 4 bedroom 2 bathroom single family residence with attached garage covered front porch and rear covered patio.
Revision 1: Revise house plan from an X35FM to a T35DM. *Green Building* New 2-story 5 bedroom 3 bathroom single family residence with attached garage and covered front porch. 
Revision 2: Revise house plan back to a X35FM from a T35DM. *Green Building* New 1-story 4 bedroom 2 bathroom single family residence with attached garage covered front porch and rear covered patio.",2025-07-11,1,1,10112 CURB STRAP DR,78724,1,NA,https://abc.austintexas.gov/web/permit/public-search-other?t_detail=1&t_selected_folderrsn=13545855,10112 CURB STRAP DRIVE,NA,Austin,Texas,United States,1
10201 CURB STRAP DR,"New -1story SFR attached garage covered porch and patio 4/2

Revision: Plan revision to change the house plan from an X35KN to a T35BN

Revision 2: Plan revision to change the house plan from the T35DN to an X35HN.",2025-06-16,1,1,10201 CURB STRAP DR,78724,1,NA,https://abc.austintexas.gov/web/permit/public-search-other?t_detail=1&t_selected_folderrsn=13529389,10201 CURB STRAP DRIVE,NA,Austin,Texas,United States,1
4907 STELLA LINK PATH,New 3 story condo - 3 bedrooms 3.5 bathrooms 2 car garage and balcony,2025-07-07,1,3,4907 STELLA LINK PATH,78741,3,NA,https://abc.austintexas.gov/web/permit/public-search-other?t_detail=1&t_selected_folderrsn=13330555,4907 LINK PATH, STELLA,Austin,Texas,United States,1
10320 CURB STRAP DR,*Green Building* New 1-story 4 bedroom 2 bathroom single family residence with attached garage covered front porch and rear covered patio.,2025-07-10,1,1,10320 CURB STRAP DR,78724,1,NA,https://abc.austintexas.gov/web/permit/public-search-other?t_detail=1&t_selected_folderrsn=13546091,10320 CURB STRAP DRIVE,NA,Austin,Texas,United States,1
8810 MARMOSET WAY,New Construction - PUD New SFR 2- Story 3 bedroom 3 bath with attached 2-car garage covered front porch and covered rear patio,2025-06-12,1,2,8810 MARMOSET WAY,78744,2,NA,https://abc.austintexas.gov/web/permit/public-search-other?t_detail=1&t_selected_folderrsn=13531822,8810 MARMOSET WAY,NA,Austin,Texas,United States,1
10308 CURB STRAP DR,"*Green Building* New 1-story 3 bedroom 2 bathroom single family residence with attached garage covered front porch and rear covered patio.
Revision 1: Revise house plan from an X35CN to T35AN. *Green Building* New 1-story 3 bedroom 2 bathroom single family residence with attached garage and covered front porch.",2025-07-10,1,1,10308 CURB STRAP DR,78724,1,NA,https://abc.austintexas.gov/web/permit/public-search-other?t_detail=1&t_selected_folderrsn=13546123,10308 CURB STRAP DRIVE,NA,Austin,Texas,United States,1
1509 E 14TH ST,"ePlan: Residential Expedited Review - SMALL LOT SINGLE FAMILY
New 2-Story Single Family Res. [2bed 2bath]",2025-06-12,1,2,1509 E 14TH ST,78702,1,NA,https://abc.austintexas.gov/web/permit/public-search-other?t_detail=1&t_selected_folderrsn=13533120,1509 EAST 14TH STREET,NA,Austin,Texas,United States,1
1119 TILLERY ST,Bldg 3: New 3-Story [3 bed 3.5 bath] detached residence with attached Garage & carport. Part of 3-unit residential use.,2025-06-21,1,3,1119 TILLERY ST,78702,3,NA,https://abc.austintexas.gov/web/permit/public-search-other?t_detail=1&t_selected_folderrsn=13420134,1119 TILLERY STREET,NA,Austin,Texas,United States,1
5116 HEFLIN LN BLDG 3,Building 3 (rear):  New Two-Story detached Residence 4 bed 2.5 bath attached 1-car garage covered patio.,2025-06-13,1,2,5116 HEFLIN LN BLDG 3,78721,1,NA,https://abc.austintexas.gov/web/permit/public-search-other?t_detail=1&t_selected_folderrsn=13519778,5116 HEFLIN LANE BLDG 3,NA,Austin,Texas,United States,1
10216 CURB STRAP DR,"New construction of 2 story SFR with 4 beds 3 baths attached garage covered porch and patio

PUD

Revision: Plan revision to change the house plan from an X35MM to a T35DN

Revision 2: Plan revision to change the house plan back to an X35MM from the T35DN. X35MM Plans were originally approved on 06/03/2025",2025-06-16,1,2,10216 CURB STRAP DR,78724,1,NA,https://abc.austintexas.gov/web/permit/public-search-other?t_detail=1&t_selected_folderrsn=13527476,10216 CURB STRAP DRIVE,NA,Austin,Texas,United States,1
4916 MELLER GDNS,New 3 story SFR Condo with 3 beds 3.5 baths 2 car garage,2025-06-05,1,3,4916 MELLER GDNS,78741,3,NA,https://abc.austintexas.gov/web/permit/public-search-other?t_detail=1&t_selected_folderrsn=13527265,4916 MELLER GDNS,NA,Austin,Texas,United States,1
7524 SHERWOOD RD BLDG 1,ePlan: Residential Expedited Review - New construction of a TWO-UNIT RES. UNIT 1 1-Story [5bed 3.5bath] with attached Garage/Carport,2025-06-29,1,1,7524 SHERWOOD RD BLDG 1,78745,5,NA,https://abc.austintexas.gov/web/permit/public-search-other?t_detail=1&t_selected_folderrsn=13487187,7524 SHERWOOD ROAD BLDG 1,NA,Austin,Texas,United States,1
2818 E 22ND ST--BLDG 1,Bldg 1: 3-Unit use: New construction single family residential 3-story 3 bedroom 2.5 bath with attached 1-car carport uncovered wood deck and 3rd floor balcony.,2025-06-16,1,3,2818 E 22ND ST BLDG 1,78722,1,NA,https://abc.austintexas.gov/web/permit/public-search-other?t_detail=1&t_selected_folderrsn=13534148,2818 EAST 22ND STREET BLDG 1,NA,Austin,Texas,United States,1
4801 FAIRVIEW DR BLDG 1,New 2-story 4 bedroom 5 bathroom dwelling unit with covered front porch rear covered patio and covered breezeway providing connection to Building 2.,2025-06-11,1,2,4801 FAIRVIEW DR BLDG 1,78731,10,NA,https://abc.austintexas.gov/web/permit/public-search-other?t_detail=1&t_selected_folderrsn=13530188,4801 FAIRVIEW DRIVE BLDG 1,NA,Austin,Texas,United States,1
4918 MELLER GDNS,New construction of 3 story SFR Condo with 3 beds 3.5 baths 2 car garage,2025-07-02,1,3,4918 MELLER GDNS,78741,3,NA,https://abc.austintexas.gov/web/permit/public-search-other?t_detail=1&t_selected_folderrsn=13542251,4918 MELLER GDNS,NA,Austin,Texas,United States,1
2604 ST ANTHONY ST UNIT B,Unit 2 - New construction of a 2-Story Duplex Unit [1 bed 2 bath].  Secondary small residence in duplex use. Fire rated door was approved connecting both units.,2025-06-18,2,2,2604 ST ANTHONY ST UNIT B,78703,10,NA,https://abc.austintexas.gov/web/permit/public-search-other?t_detail=1&t_selected_folderrsn=13533961,2604 STREET ANTHONY ST UNIT B,NA,Austin,Texas,United States,1
9412 OXBOW STRAP DR,New two-story SFR (4br/3ba) with attached garage covered porch and covered patio *PRODUCTION BUILDER- GREEN BUILDING*,2025-06-16,1,2,9412 OXBOW STRAP DR,78724,1,NA,https://abc.austintexas.gov/web/permit/public-search-other?t_detail=1&t_selected_folderrsn=13533545,9412 OXBOW STRAP DRIVE,NA,Austin,Texas,United States,1
8107 LEROI DR,"*Green Building* New 2 Story Condominium Single Family Residence 2 Bdrm 2 Bath Porch w/ 2-Car Garage

PUD UNIT 258",2025-06-18,1,2,8107 LEROI DR,78744,2,NA,https://abc.austintexas.gov/web/permit/public-search-other?t_detail=1&t_selected_folderrsn=13534996,8107 LEROI DRIVE,NA,Austin,Texas,United States,1
6502 PORTER ST BLDG 4,6502 Porter St: Bldg 4 (middle unit accessed via 6502 Porter driveway):  New 3-story residence w/ 3 bedroom 3 bathroom. Carport. Part of 3-unit use.,2025-06-30,1,3,6502 PORTER ST BLDG 4,78741,3,NA,https://abc.austintexas.gov/web/permit/public-search-other?t_detail=1&t_selected_folderrsn=13541084,6502 PORTER STREET BLDG 4,NA,Austin,Texas,United States,1
13214 STABLER DR,Braford 3315 B Right New - 2 Story SFR CONDOMINUM w/ 3 bedrooms 2.5 bathrooms attached 2 car garage covered entry porch and patio FFE: 681.70 Site Plan: SP-2021-0328C Site Plan Exp.: 01/09/27 Max Bld height: 29 Actual Bld height: 28-3 required parking: 2.,2025-06-04,1,2,13214 STABLER DR,78652,5,NA,https://abc.austintexas.gov/web/permit/public-search-other?t_detail=1&t_selected_folderrsn=13527286,13214 STABLER DRIVE,NA,Austin,Texas,United States,1
17224 RADIANT DR,*SMART Housing* *Green Building* New 1-story 3 bedroom 2 bathroom single family residence with covered front porch and rear covered patio.,2025-06-30,1,1,17224 RADIANT DR,78653,1,NA,https://abc.austintexas.gov/web/permit/public-search-other?t_detail=1&t_selected_folderrsn=13540374,17224 RADIANT DRIVE,NA,Austin,Texas,United States,1
2102 PALO PINTO DR,"ePlan: Residential Expedited Review - New construction of a TWO UNIT RES.
Bldg 2 New construction of a 2-Story Single Family Res. [4bed 3.5bath] with attached Garage

Revision 10/7/2025- Revised first floor entry second floor layout to include additional bed/bath window changes front elevation changes",2025-06-12,1,2,2102 PALO PINTO DR,78723,1,NA,https://abc.austintexas.gov/web/permit/public-search-other?t_detail=1&t_selected_folderrsn=13470130,2102 PALO PINTO DRIVE,NA,Austin,Texas,United States,1
502 IRMA DR UNIT B,Two-unit use duplex; Unit B: New construction 3-story 4 bedroom 3.5 bath with attached 1-car garage covered porch and 2nd floor uncovered balcony.,2025-06-04,2,3,502 IRMA DR UNIT B,78752,4,NA,https://abc.austintexas.gov/web/permit/public-search-other?t_detail=1&t_selected_folderrsn=13474018,502 IRMA DRIVE UNIT B,NA,Austin,Texas,United States,1
1002 W JOHANNA ST BLDG 2,ePlan: Residential Expedited Review - New construction of a 3-Story Single Family Res. [3bed 3.5bath] with attached Carport. Bldg 2,2025-07-01,1,3,1002 W JOHANNA ST BLDG 2,78704,3,NA,https://abc.austintexas.gov/web/permit/public-search-other?t_detail=1&t_selected_folderrsn=13540912,1002 WEST JOHANNA STREET BLDG 2,NA,Austin,Texas,United States,1
8601 ARACARI CV,New single-story SFR (4br/2.5ba) with attached garage and covered porch/patio *PRODUCTION BUILDER- GREEN BUILDING*,2025-06-11,1,1,8601 ARACARI CV,78744,2,NA,https://abc.austintexas.gov/web/permit/public-search-other?t_detail=1&t_selected_folderrsn=13530585,8601 ARACARI CV,NA,Austin,Texas,United States,1
4920 MELLER GDNS,New 3 story SFR Condo with 3 beds 3.5 baths 2 car garage,2025-06-06,1,3,4920 MELLER GDNS,78741,3,NA,https://abc.austintexas.gov/web/permit/public-search-other?t_detail=1&t_selected_folderrsn=13526727,4920 MELLER GDNS,NA,Austin,Texas,United States,1
4100 WATERSEDGE DR,ePlan: Residential Expedited Review - New construction of a 2-Story Single Family Res. [5bed 7bath] Attached Garage,2025-06-09,1,2,4100 WATERSEDGE DR,78731,10,NA,https://abc.austintexas.gov/web/permit/public-search-other?t_detail=1&t_selected_folderrsn=13522510,4100 WATERSEDGE DRIVE,NA,Austin,Texas,United States,1
17236 RADIANT DR,*SMART Housing* *Green Building* New 1-story 3 bedroom 2 bathroom single family residence with covered front porch and rear covered patio.,2025-06-30,1,1,17236 RADIANT DR,78653,1,NA,https://abc.austintexas.gov/web/permit/public-search-other?t_detail=1&t_selected_folderrsn=13540679,17236 RADIANT DRIVE,NA,Austin,Texas,United States,1
8104 LEROI DR,"New 2 Story Condominium Single Family Residence 3 Bdrm 2.5 Bath Porch w/ 2-Car Garage

PUD UNIT 277",2025-06-12,1,2,8104 LEROI DR,78744,2,NA,https://abc.austintexas.gov/web/permit/public-search-other?t_detail=1&t_selected_folderrsn=13532563,8104 LEROI DRIVE,NA,Austin,Texas,United States,1
9204 THE RAVINE WAY,"New construction of 2 story SFR with 4 beds 2.5 baths attached 2 car garage covered entry porch and patio

PUD",2025-06-04,1,2,9204 THE RAVINE WAY,78744,2,NA,https://abc.austintexas.gov/web/permit/public-search-other?t_detail=1&t_selected_folderrsn=13525730,9204 THE RAVINE WAY,NA,Austin,Texas,United States,1
3419 NEAL ST UNIT 201,UNIT 102.  New 3-Story [3 bed 2.5 bath] home with balcony.  Part of 3-unit use.  Original property was subdivided front-to-back into 4 flag lots each with 2-3 units.,2025-06-18,1,2,3419 NEAL ST UNIT 201,78702,3,NA,https://abc.austintexas.gov/web/permit/public-search-other?t_detail=1&t_selected_folderrsn=13534772,3419 NEAL STREET UNIT 201,NA,Austin,Texas,United States,1
4012 WALNUT CLAY DR,ePlan: Residential Expedited Review - Addition and Remodel to Existing 3-Story Single Family Res. [3bed 3bath] Work to include: Third floor addition Interior remodel.,2025-07-11,1,2,4012 WALNUT CLAY DR,78731,10,NA,https://abc.austintexas.gov/web/permit/public-search-other?t_detail=1&t_selected_folderrsn=13544658,4012 WALNUT CLAY DRIVE,NA,Austin,Texas,United States,1
9310 OLD LAMPASAS TRL,New 2 Story SFR with attached garage and carport detached pool cabana detached 2 story garage/office,2025-07-10,1,2,9310 OLD LAMPASAS TRL,78750,6,NA,https://abc.austintexas.gov/web/permit/public-search-other?t_detail=1&t_selected_folderrsn=13496349,9310 OLD LAMPASAS TRAIL,NA,Austin,Texas,United States,1
1914 S 3RD ST,1914 S 3rd St (middle unit): New construction of a 2-Story detached Res. [3bed 2.5bath] with attached Carport. Part of 3-unit use.,2025-06-10,1,2,1914 S 3RD ST,78704,3,NA,https://abc.austintexas.gov/web/permit/public-search-other?t_detail=1&t_selected_folderrsn=13509802,1914 SOUTH 3RD STREET,NA,Austin,Texas,United States,1
4909 STELLA LINK PATH,New construction single family residential 3-story condo 3 bedroom 3.5 bath with attached 2-car garage covered front porch and covered 2nd-floor balcony.,2025-07-07,1,3,4909 STELLA LINK PATH,78741,3,NA,https://abc.austintexas.gov/web/permit/public-search-other?t_detail=1&t_selected_folderrsn=13331953,4909 LINK PATH, STELLA,Austin,Texas,United States,1
7701 MULLEN DR,New construction of 2 story SFR with 5 beds 4 baths with attached 2 car garage,2025-06-11,1,2,7701 MULLEN DR,78757,7,NA,https://abc.austintexas.gov/web/permit/public-search-other?t_detail=1&t_selected_folderrsn=13531145,7701 MULLEN DRIVE,NA,Austin,Texas,United States,1
3309 GOODWIN AVE--BLDG 2,Bldg 2: new two-story SFRs (3br/2.5ba) with attached garages and covered patios,2025-06-23,1,2,3309 GOODWIN AVE BLDG 2,78702,3,NA,https://abc.austintexas.gov/web/permit/public-search-other?t_detail=1&t_selected_folderrsn=13532073,3309 GOODWIN AVE BLDG 2,NA,Austin,Texas,United States,1
10113 CURB STRAP DR,"New Construction - 1 Story Single-Family Residence attached garage covered porch and patio 4/2

Revision:
Plan revision to change the house plan from an X35MN to a T35BM

Revision 2: Changed back to original X35MN",2025-06-18,1,1,10113 CURB STRAP DR,78724,1,NA,https://abc.austintexas.gov/web/permit/public-search-other?t_detail=1&t_selected_folderrsn=13534957,10113 CURB STRAP DRIVE,NA,Austin,Texas,United States,1
1205 FINCH NEST PL,*Smart Housing**Green Building*: New construction of 3 story duplex condo each with 2 beds 2.5 baths attached garage covered patio and balcony (Unit B),2025-06-12,2,3,1205 FINCH NEST PL,78721,1,NA,https://abc.austintexas.gov/web/permit/public-search-other?t_detail=1&t_selected_folderrsn=13532716,1205 FINCH NEST PLACE,NA,Austin,Texas,United States,1
9404 LILT DR BLDG 2,*Green Building* New 1-story 3 bedroom 2 bathroom single family residence with covered front porch and rear covered patio.,2025-07-02,1,1,9404 LILT DR BLDG 2,78653,1,NA,https://abc.austintexas.gov/web/permit/public-search-other?t_detail=1&t_selected_folderrsn=13542877,9404 LILT DRIVE BLDG 2,NA,Austin,Texas,United States,1
8112 LEROI DR,*Green Building* New 2-story 2 bedroom 2 bathroom single family condo residence with attached garage covered front porch and 2nd floor covered balcony.,2025-06-09,1,2,8112 LEROI DR,78744,2,NA,https://abc.austintexas.gov/web/permit/public-search-other?t_detail=1&t_selected_folderrsn=13528838,8112 LEROI DRIVE,NA,Austin,Texas,United States,1
1203 FINCH NEST PL,*Smart Housing*Green Building*: New construction of 3 story sfr condo 3 beds 3.5 bath attached garage covered patio w/ 2nd floor balcony,2025-06-12,1,3,1203 FINCH NEST PL,78721,1,NA,https://abc.austintexas.gov/web/permit/public-search-other?t_detail=1&t_selected_folderrsn=13532212,1203 FINCH NEST PLACE,NA,Austin,Texas,United States,1
1023 BRICKELL LOOP,New Construction single-family residential 2-story 3 bedroom 2.5 bath with attached 2-car garage covered front porch and covered rear patio.,2025-06-17,1,2,1023 BRICKELL LOOP,78744,2,NA,https://abc.austintexas.gov/web/permit/public-search-other?t_detail=1&t_selected_folderrsn=13534129,1023 BRICKELL LOOP,NA,Austin,Texas,United States,1
1204 MARCY ST BLDG 1A,ePlan: Residential Expedited Review - New construction of a 3-Story Duplex [3bed 3.5bath] with attached Carport. 1A,2025-06-23,2,3,1204 MARCY ST BLDG 1A,78745,5,NA,https://abc.austintexas.gov/web/permit/public-search-other?t_detail=1&t_selected_folderrsn=13532601,1204 MARCY STREET BLDG 1A,NA,Austin,Texas,United States,1
7508 MADONNA DR,"*Green Building* New 2 Story Condominium Single Family Residence 3 Bdrm 2.5 Bath Porch w/ 2-Car Garage

PUD",2025-06-24,1,2,7508 MADONNA DR,78744,2,NA,https://abc.austintexas.gov/web/permit/public-search-other?t_detail=1&t_selected_folderrsn=13536712,7508 MADONNA DRIVE,NA,Austin,Texas,United States,1
8103 PONCHO PASS,"ePlan: Residential Expedited Review - [SITE PLAN APPROVED: PHASE A - Greystar Plan C ] New Construction of a 8 Single Family Residences

 REV 1 TO WAIVE VISITABILITY - Rise 38.28  / Run  144  Slope: 27%",2025-06-24,1,2,8103 PONCHO PASS,78736,8,NA,https://abc.austintexas.gov/web/permit/public-search-other?t_detail=1&t_selected_folderrsn=13539310,8103 PONCHO PASS,NA,Austin,Texas,United States,1
9404 LILT DR BLDG 6,*SMART Housing* *Green Building* New 1-story 3 bedroom 2 bathroom single family residence with covered front porch and rear covered patio.,2025-07-09,1,1,9404 LILT DR BLDG 6,78653,1,NA,https://abc.austintexas.gov/web/permit/public-search-other?t_detail=1&t_selected_folderrsn=13545523,9404 LILT DRIVE BLDG 6,NA,Austin,Texas,United States,1
8113 LEROI DR,"*Green Building* New 2 Story Condominium Single Family Residence 3 Bdrm 2.5 Bath Porch w/ 2-Car Garage

PUD UNIT 261",2025-07-10,1,2,8113 LEROI DR,78744,2,NA,https://abc.austintexas.gov/web/permit/public-search-other?t_detail=1&t_selected_folderrsn=13545568,8113 LEROI DRIVE,NA,Austin,Texas,United States,1
1207 FINCH NEST PL,*Smart Housing**Green Building*: New construction of 3 story duplex condo each with 2 beds 2.5 baths attached garage covered patio and balcony (Unit B),2025-06-12,2,3,1207 FINCH NEST PL,78721,1,NA,https://abc.austintexas.gov/web/permit/public-search-other?t_detail=1&t_selected_folderrsn=13532717,1207 FINCH NEST PLACE,NA,Austin,Texas,United States,1
2703 WHITE HORSE TRL,ePlan: Residential Expedited Review - New TWO UNIT RES. Bldg 1 New construction of a 2-Story Single Family Res. [5bed 5.5bath] with Attached Garage,2025-06-18,1,2,2703 WHITE HORSE TRL,78757,7,NA,https://abc.austintexas.gov/web/permit/public-search-other?t_detail=1&t_selected_folderrsn=13535511,2703 WHITE HORSE TRAIL,NA,Austin,Texas,United States,1
1201 FINCH NEST PL,*SmartHousing**Green Building*: New construction of 2 story sfr condo - 2 bedrooms 2.5 baths attached garage w/ covered porch,2025-06-24,1,2,1201 FINCH NEST PL,78721,1,NA,https://abc.austintexas.gov/web/permit/public-search-other?t_detail=1&t_selected_folderrsn=13531729,1201 FINCH NEST PLACE,NA,Austin,Texas,United States,1
8103 LEROI DR,New construction single-family residential 2-story 2 bedroom 2.5 bath with attached 2-car garage and covered front porch.,2025-06-18,1,2,8103 LEROI DR,78744,2,NA,https://abc.austintexas.gov/web/permit/public-search-other?t_detail=1&t_selected_folderrsn=13534703,8103 LEROI DRIVE,NA,Austin,Texas,United States,1
1021 BRICKELL LOOP,*Green Building* New Construction - New Single-family residence with 3 bedrooms 2.5 bathrooms and an attached 2-car garage.,2025-06-18,1,2,1021 BRICKELL LOOP,78744,2,NA,https://abc.austintexas.gov/web/permit/public-search-other?t_detail=1&t_selected_folderrsn=13535848,1021 BRICKELL LOOP,NA,Austin,Texas,United States,1
2818 E 22ND ST--BLDG 2,Bldg 2: 3-Unit use: New construction single family residential 3-story 3 bedroom 2.5 bath with attached 1-car carport uncovered wood deck and 3rd floor balcony.,2025-06-16,1,3,2818 E 22ND ST BLDG 2,78722,1,NA,https://abc.austintexas.gov/web/permit/public-search-other?t_detail=1&t_selected_folderrsn=13534149,2818 EAST 22ND STREET BLDG 2,NA,Austin,Texas,United States,1
1119 TILLERY ST,Bldg 2: New 3-Story [3 bed 3.5 bath] detached residence with attached Garage & carport. Part of 3-unit residential use.,2025-06-21,1,3,1119 TILLERY ST,78702,3,NA,https://abc.austintexas.gov/web/permit/public-search-other?t_detail=1&t_selected_folderrsn=13420133,1119 TILLERY STREET,NA,Austin,Texas,United States,1
2101 PASADENA DR BLDG 2,New 1-story 1 bedroom 1 bathroom dwelling unit with covered porch.,2025-07-08,1,1,2101 PASADENA DR BLDG 2,78757,7,NA,https://abc.austintexas.gov/web/permit/public-search-other?t_detail=1&t_selected_folderrsn=13480014,2101 PASADENA DRIVE BLDG 2,NA,Austin,Texas,United States,1
1204 FINCH NEST PL,*Green Building/*Smart Housing* New construction of 3 story duplex condo - each with 3 beds 3.5 baths attached garage and balcony (Unit A),2025-06-05,2,3,1204 FINCH NEST PL,78721,1,NA,https://abc.austintexas.gov/web/permit/public-search-other?t_detail=1&t_selected_folderrsn=13527981,1204 FINCH NEST PLACE,NA,Austin,Texas,United States,1
9604 OXBOW STRAP DR,New 2-story single family residence 4 bed/3 bath attached garage covered porch and patio,2025-07-09,1,2,9604 OXBOW STRAP DR,78724,1,NA,https://abc.austintexas.gov/web/permit/public-search-other?t_detail=1&t_selected_folderrsn=13544779,9604 OXBOW STRAP DRIVE,NA,Austin,Texas,United States,1
303 Hackberry Ln,"303 Hackberry Ln. 
New construction single-family residential 2-story 3 bedroom 2.5 bath with attached 1-car garage covered front porch and covered rear patio.",2025-07-07,1,2,303 HACKBERRY LN,78753,4,NA,https://abc.austintexas.gov/web/permit/public-search-other?t_detail=1&t_selected_folderrsn=13525817,303 HACKBERRY LANE,NA,Austin,Texas,United States,1
4801 FAIRVIEW DR BLDG 2,New 2-story 1 bedroom 1 bathroom dwelling unit with attached garage.,2025-06-11,1,2,4801 FAIRVIEW DR BLDG 2,78731,10,NA,https://abc.austintexas.gov/web/permit/public-search-other?t_detail=1&t_selected_folderrsn=13530189,4801 FAIRVIEW DRIVE BLDG 2,NA,Austin,Texas,United States,1
412 W LIVE OAK ST BLDG 1,Bldg 1:  New construction of 3-story residence 3 bedroom 2.5 bath w/ balcony.  Part of 2-unit use.,2025-07-11,1,3,412 W LIVE OAK ST BLDG 1,78704,3,NA,https://abc.austintexas.gov/web/permit/public-search-other?t_detail=1&t_selected_folderrsn=13547718,412 WEST LIVE OAK STREET BLDG 1,NA,Austin,Texas,United States,1
305 Hackberry Ln,"305 Hackberry Ln
New construction single-family residential 2-story 3 bedroom 2.5 bath with attached 1-car garage covered front porch and covered rear patio.",2025-07-07,1,2,305 HACKBERRY LN,78753,4,NA,https://abc.austintexas.gov/web/permit/public-search-other?t_detail=1&t_selected_folderrsn=13525816,305 HACKBERRY LANE,NA,Austin,Texas,United States,1
7812 HARDY DR BLDG 2,"ePlan: Residential Expedited Review - New TWO/THREE UNIT RES.
BLDG 2 New construction of a 2-Story Single Family Res. [3bed 2.5bath]",2025-06-09,1,2,7812 HARDY DR BLDG 2,78757,7,NA,https://abc.austintexas.gov/web/permit/public-search-other?t_detail=1&t_selected_folderrsn=13529996,7812 HARDY DRIVE BLDG 2,NA,Austin,Texas,United States,1
1310 MASON AVE,New construction two-unit use duplex 3-story 2 bedroom 2.5 bath with attached 2-car carport 1st floor storage covered front porch covered rear patio and 2nd floor covered balcony.,2025-06-05,2,3,1310 MASON AVE,78721,1,NA,https://abc.austintexas.gov/web/permit/public-search-other?t_detail=1&t_selected_folderrsn=13527717,1310 MASON AVE,NA,Austin,Texas,United States,1
5116 HEFLIN LN BLDG 2,Building 2 (middle):  New Two-Story detached Residence 4 bed 2.5 bath attached 1-car garage covered patio.,2025-06-13,1,2,5116 HEFLIN LN BLDG 2,78721,1,NA,https://abc.austintexas.gov/web/permit/public-search-other?t_detail=1&t_selected_folderrsn=13519777,5116 HEFLIN LANE BLDG 2,NA,Austin,Texas,United States,1
6502 PORTER ST BLDG 5,6502 Porter St Bldg 5 (rear unit accessed via 6502 Porter driveway): New 2-story residence w/  2 bedroom 2.5 bathroom. Part of 3-unit use.,2025-06-30,1,2,6502 PORTER ST BLDG 5,78741,3,NA,https://abc.austintexas.gov/web/permit/public-search-other?t_detail=1&t_selected_folderrsn=13541085,6502 PORTER STREET BLDG 5,NA,Austin,Texas,United States,1
1002 W JOHANNA ST BLDG 1,ePlan: Residential Expedited Review - New construction of a 3-Story Single Family Res. [3bed 3.5bath] with attached Carport. Bldg 1,2025-07-01,1,3,1002 W JOHANNA ST BLDG 1,78704,3,NA,https://abc.austintexas.gov/web/permit/public-search-other?t_detail=1&t_selected_folderrsn=13540911,1002 WEST JOHANNA STREET BLDG 1,NA,Austin,Texas,United States,1
4206 BAMFORD DR,ePlan: Residential Expedited Review - New construction of a 2-Story Single Family Res. [4bed 4bath] Attached Garage.,2025-06-30,1,2,4206 BAMFORD DR,78731,10,NA,https://abc.austintexas.gov/web/permit/public-search-other?t_detail=1&t_selected_folderrsn=13540150,4206 BAMFORD DRIVE,NA,Austin,Texas,United States,1
502 IRMA DR UNIT A,Two-unit use duplex; Unit A: New construction 3-story 4 bedroom 3.5 bath with attached 1-car garage covered porch uncovered wood deck and 2nd floor uncovered balcony.,2025-06-04,2,3,502 IRMA DR UNIT A,78752,4,NA,https://abc.austintexas.gov/web/permit/public-search-other?t_detail=1&t_selected_folderrsn=13474017,502 IRMA DRIVE UNIT A,NA,Austin,Texas,United States,1
8509 DONGAN DR UNIT B,Duplex use:  New construction attached 2nd story above garage apartment 1 bedroom 1 bath.,2025-07-08,2,2,8509 DONGAN DR UNIT B,78744,2,NA,https://abc.austintexas.gov/web/permit/public-search-other?t_detail=1&t_selected_folderrsn=13529805,8509 DONGAN DRIVE UNIT B,NA,Austin,Texas,United States,1
1703 E 21ST ST,New 2-Story Duplex 4 Bed/5 Bath with attached porches,2025-06-27,2,2,1703 E 21ST ST,78722,1,NA,https://abc.austintexas.gov/web/permit/public-search-other?t_detail=1&t_selected_folderrsn=13265333,1703 EAST 21ST STREET,NA,Austin,Texas,United States,1
2108 E 9TH ST--BLDG 2--UNIT A (RIGHT),"ePlan: Residential Expedited Review - New THREE UNIT RES.
Bldg 2A New construction of a 3-Story Duplex [2bed 2.5bath] with attached Carport",2025-06-23,2,3,2108 E 9TH ST BLDG 2 UNIT A,78702,1,NA,https://abc.austintexas.gov/web/permit/public-search-other?t_detail=1&t_selected_folderrsn=13535795,2108 EAST 9TH STREET BLDG 2 UNIT A,NA,Austin,Texas,United States,1
3905 CONFERENCE CV,New single-family residence with attached garage,2025-07-10,1,2,3905 CONFERENCE CV,78730,10,NA,https://abc.austintexas.gov/web/permit/public-search-other?t_detail=1&t_selected_folderrsn=13536657,3905 CONFERENCE CV,NA,Austin,Texas,United States,1
8109 LEROI DR,"*Green Building* New 2 Story Condominium Single Family Residence 3 Bdrm 2.5 Bath Porch w/ 2-Car Garage

PUD UNIT 259",2025-06-18,1,2,8109 LEROI DR,78744,2,NA,https://abc.austintexas.gov/web/permit/public-search-other?t_detail=1&t_selected_folderrsn=13535106,8109 LEROI DRIVE,NA,Austin,Texas,United States,1
2108 E 9TH ST--BLDG 2--UNIT B (LEFT),"ePlan: Residential Expedited Review - New THREE UNIT RES.
Bldg 2B New construction of a 3-Story Duplex [2bed 2.5bath] with attached Carport",2025-06-23,2,3,2108 E 9TH ST BLDG 2 UNIT B,78702,1,NA,https://abc.austintexas.gov/web/permit/public-search-other?t_detail=1&t_selected_folderrsn=13535796,2108 EAST 9TH STREET BLDG 2 UNIT B,NA,Austin,Texas,United States,1
6210 CAMINO REAL UNIT B,"ePlan: Residential Expedited Review - New THREE UNIT RES.
Bldg 2 (6210 Camino B).  New construction of a 2-Story Duplex [3bed 4bath]",2025-06-06,2,2,6210 CAMINO REAL UNIT B,78757,7,NA,https://abc.austintexas.gov/web/permit/public-search-other?t_detail=1&t_selected_folderrsn=13520483,6210 CAMINO REAL UNIT B,NA,Austin,Texas,United States,1
2703 WHITE HORSE TRL BLDG 2,"ePlan: Residential Expedited Review - New TWO UNIT RES.
Bldg 2 New construction of a 2-Story Single Family Res. [1bed 1.5bath]",2025-06-18,1,2,2703 WHITE HORSE TRL BLDG 2,78757,7,NA,https://abc.austintexas.gov/web/permit/public-search-other?t_detail=1&t_selected_folderrsn=13535512,2703 WHITE HORSE TRAIL BLDG 2,NA,Austin,Texas,United States,1
2708 SALEK VW,new SF detached condo - 3 beds. 3.5 baths 2 car garage 2nd floor balcony,2025-06-09,1,1,2708 SALEK VW,78741,3,NA,https://abc.austintexas.gov/web/permit/public-search-other?t_detail=1&t_selected_folderrsn=13331256,2708 SALEK VW,NA,Austin,Texas,United States,1
1206 FINCH NEST PL,*Green Building/*Smart Housing* New construction of 3 story duplex condo - each with 3 beds 3.5 baths attached garage and balcony (Unit B),2025-06-05,2,2,1206 FINCH NEST PL,78721,1,NA,https://abc.austintexas.gov/web/permit/public-search-other?t_detail=1&t_selected_folderrsn=13527982,1206 FINCH NEST PLACE,NA,Austin,Texas,United States,1
412 W LIVE OAK ST BLDG 2,Bldg 2: New construction of 3-story residence 3 bedroom 2.5 bath w/ balcony.  Part of 2-unit use.,2025-07-11,1,3,412 W LIVE OAK ST BLDG 2,78704,3,NA,https://abc.austintexas.gov/web/permit/public-search-other?t_detail=1&t_selected_folderrsn=13547719,412 WEST LIVE OAK STREET BLDG 2,NA,Austin,Texas,United States,1
2818 E 22ND ST--BLDG 3,Bldg 3: 3-Unit use: New construction single family residential 3-story 3 bedroom 2.5 bath with attached 1-car carport uncovered wood deck and 3rd floor balcony.,2025-06-16,1,3,2818 E 22ND ST BLDG 3,78722,1,NA,https://abc.austintexas.gov/web/permit/public-search-other?t_detail=1&t_selected_folderrsn=13534150,2818 EAST 22ND STREET BLDG 3,NA,Austin,Texas,United States,1
6607 BREEZY PASS,New 2-story SFR w/ pool,2025-06-30,1,2,6607 BREEZY PASS,78749,8,NA,https://abc.austintexas.gov/web/permit/public-search-other?t_detail=1&t_selected_folderrsn=13449686,6607 BREEZY PASS,NA,Austin,Texas,United States,1
806 E 31ST ST BLDG 1,"ePlan: Residential Expedited Review : New three unit residential
Building 1: New construction of a 3-Story Single Family Res. [3bed 3.5bath] with Attached Garage

4/15 CM
Plan review (Elliot Bucknall)  has approved for bathroom on 3rd floor to be finished out. Plans only show it to be roughed in.",2025-07-10,1,3,806 E 31ST ST BLDG 1,78705,9,NA,https://abc.austintexas.gov/web/permit/public-search-other?t_detail=1&t_selected_folderrsn=13546134,806 EAST 31ST STREET BLDG 1,NA,Austin,Texas,United States,1
8005 WILDER RD,"ePlan: Residential Expedited Review - [SITE PLAN APPROVED: PHASE A - Greystar Plan C ] New Construction of a 8 Single Family Residences
 REV 1 TO WAIVE VISITABILITY - Rise 21  / Run  144  Slope: 15%",2025-06-24,1,2,8005 WILDER RD,78736,8,NA,https://abc.austintexas.gov/web/permit/public-search-other?t_detail=1&t_selected_folderrsn=13539305,8005 WILDER ROAD,NA,Austin,Texas,United States,1
1209 IGNACIO TREVINO ST,New 2-story detached singly family residence 4 bedrooms 2.5 baths front and rear covered porch  *CONDO / SMART HOUSING / GREEN BUILDING*,2025-06-24,1,1,1209 IGNACIO TREVINO ST,78702,3,NA,https://abc.austintexas.gov/web/permit/public-search-other?t_detail=1&t_selected_folderrsn=13399669,1209 IGNACIO TREVINO STREET,NA,Austin,Texas,United States,1
8108 LEROI DR,"New 2 Story Condominium Single Family Residence 2 Bdrm 2.5 Bath Porch w/ 2-Car Garage

PUD",2025-06-09,1,2,8108 LEROI DR,78744,2,NA,https://abc.austintexas.gov/web/permit/public-search-other?t_detail=1&t_selected_folderrsn=13529325,8108 LEROI DRIVE,NA,Austin,Texas,United States,1
5302 WOODROW AVE,New construction 3-unit use single-family residential 2-story 3 bedroom 2.5 bath with covered front porch.,2025-06-23,1,2,5302 WOODROW AVE,78756,7,NA,https://abc.austintexas.gov/web/permit/public-search-other?t_detail=1&t_selected_folderrsn=13535814,5302 WOODROW AVE,NA,Austin,Texas,United States,1
8014 WILDER RD,"ePlan: Residential Expedited Review - [SITE PLAN APPROVED: PHASE A - Greystar Plan C ] New Construction of a 8 Single Family Residences

 REV 1 TO WAIVE VISITABILITY - Rise 24.72  / Run  144  Slope: 17%",2025-06-24,1,2,8014 WILDER RD,78736,8,NA,https://abc.austintexas.gov/web/permit/public-search-other?t_detail=1&t_selected_folderrsn=13539309,8014 WILDER ROAD,NA,Austin,Texas,United States,1
2321 W 9TH ST BLDG 2,Two-unit use: New construction single-family residential 1-story 1 bedroom 1 bath with uncovered wood deck.,2025-06-26,1,1,2321 W 9TH ST BLDG 2,78703,10,NA,https://abc.austintexas.gov/web/permit/public-search-other?t_detail=1&t_selected_folderrsn=13466650,2321 WEST 9TH STREET BLDG 2,NA,Austin,Texas,United States,1
17232 RADIANT DR,*SMART Housing* *Green Building* New 1-story 3 bedroom 2 bathroom single family residence with covered front porch and rear covered patio.,2025-06-27,1,1,17232 RADIANT DR,78653,1,NA,https://abc.austintexas.gov/web/permit/public-search-other?t_detail=1&t_selected_folderrsn=13540402,17232 RADIANT DRIVE,NA,Austin,Texas,United States,1
5311 JOE SAYERS AVE BLDG 2,New construction 2-unit use single-family residential 3 bedroom 2.5 bath with covered front porch and 2nd story balcony.,2025-07-07,1,2,5311 JOE SAYERS AVE BLDG 2,78756,7,NA,https://abc.austintexas.gov/web/permit/public-search-other?t_detail=1&t_selected_folderrsn=13512973,5311 JOE SAYERS AVE BLDG 2,NA,Austin,Texas,United States,1
7812 HARDY DR BLDG 3,"ePlan: Residential Expedited Review - New TWO/THREE UNIT RES.
BLDG 3 New construction of a 2-Story Single Family Res. [4bed 3.5bath] with Attached Garage/Carport",2025-06-09,1,2,7812 HARDY DR BLDG 3,78757,7,NA,https://abc.austintexas.gov/web/permit/public-search-other?t_detail=1&t_selected_folderrsn=13529997,7812 HARDY DRIVE BLDG 3,NA,Austin,Texas,United States,1
1625 FOREST TRL,ePlan: Residential Expedited Review - New construction of a 2-Story Single Family Res. [4bed 4.5bath] with attached Garage,2025-06-09,1,2,1625 FOREST TRL,78703,10,NA,https://abc.austintexas.gov/web/permit/public-search-other?t_detail=1&t_selected_folderrsn=13507654,1625 FOREST TRAIL,NA,Austin,Texas,United States,1
4906 ENCHANTED LN,ePlan: Residential Expedited Review : Addition & remodel for single family residence.  Addition to include new mater bedroom suite and new bedroom new uncovered patio.  Remodel includes reconfiguration of entire floor plan including the kitchen/living area  conversion of porch to garage.  4 bed 3 bath.,2025-06-11,1,1,4906 ENCHANTED LN,78745,5,NA,https://abc.austintexas.gov/web/permit/public-search-other?t_detail=1&t_selected_folderrsn=13531983,4906 ENCHANTED LANE,NA,Austin,Texas,United States,1
8100 LEROI DR,"*Smart Housing**Green Building*: New 2 Story Condominium Single Family Residence 3 Bdrm 2.5 Bath Porch w/ 2-Car Garage

PUD UNIT 275",2025-06-12,1,2,8100 LEROI DR,78744,2,NA,https://abc.austintexas.gov/web/permit/public-search-other?t_detail=1&t_selected_folderrsn=13532462,8100 LEROI DRIVE,NA,Austin,Texas,United States,1
1807 W 30TH ST,1807 W 30th St New 2 Story SFR with Covered porch and patio,2025-06-27,1,2,1807 W 30TH ST,78703,10,NA,https://abc.austintexas.gov/web/permit/public-search-other?t_detail=1&t_selected_folderrsn=13538338,1807 WEST 30TH STREET,NA,Austin,Texas,United States,1
8814 MARMOSET WAY,New 2-story single family dwelling unit 3 bed/3 bath attached garage covered patio and porch,2025-06-11,1,1,8814 MARMOSET WAY,78744,2,NA,https://abc.austintexas.gov/web/permit/public-search-other?t_detail=1&t_selected_folderrsn=13529897,8814 MARMOSET WAY,NA,Austin,Texas,United States,1
6210 CAMINO REAL UNIT A,"ePlan: Residential Expedited Review - New THREE UNIT RES.
Bldg 3 (6210 Camino A).  New construction of a 2-Story Duplex [2bed 2bath] with attached Garage.",2025-06-11,2,2,6210 CAMINO REAL UNIT A,78757,7,NA,https://abc.austintexas.gov/web/permit/public-search-other?t_detail=1&t_selected_folderrsn=13520484,6210 CAMINO REAL UNIT A,NA,Austin,Texas,United States,1
8111 LEROI DR,"New 2 Story Condominium Single Family Residence 3 Bdrm 3 Bath Porch and 2nd floor balcony w/ 2-Car Garage
PUD UNIT 260",2025-06-12,1,2,8111 LEROI DR,78744,2,NA,https://abc.austintexas.gov/web/permit/public-search-other?t_detail=1&t_selected_folderrsn=13531661,8111 LEROI DRIVE,NA,Austin,Texas,United States,1
9104 THE RAVINE WAY,New Construction - 2 story single family residence w/ 4 bedrooms 4 1/2 bathrooms attached 3 car garage covered entry porch and patio,2025-06-05,1,2,9104 THE RAVINE WAY,78744,2,NA,https://abc.austintexas.gov/web/permit/public-search-other?t_detail=1&t_selected_folderrsn=13526082,9104 THE RAVINE WAY,NA,Austin,Texas,United States,1
2108 E 9TH ST--BLDG 1,"ePlan: Residential Expedited Review - New THREE UNIT RES.
Bldg 1 New construction of a 2-Story Single Family Res. [4bed 3bath] with Attached Carport",2025-06-23,1,3,2108 E 9TH ST BLDG 1,78702,1,NA,https://abc.austintexas.gov/web/permit/public-search-other?t_detail=1&t_selected_folderrsn=13535794,2108 EAST 9TH STREET BLDG 1,NA,Austin,Texas,United States,1
17228 RADIANT DR,*SMART Housing* *Green Building* New 1-story 3 bedroom 1.5 bathroom single family residence with covered front porch and rear covered patio.,2025-06-27,1,1,17228 RADIANT DR,78653,1,NA,https://abc.austintexas.gov/web/permit/public-search-other?t_detail=1&t_selected_folderrsn=13540384,17228 RADIANT DRIVE,NA,Austin,Texas,United States,1
3419 NEAL ST UNIT 101,UNIT 101.  New 2-Story [3 bed 2 bath] home with balcony.  Part of 3-unit use.  Original property was subdivided front-to-back into 4 flag lots each with 2-3 units.,2025-06-18,1,2,3419 NEAL ST UNIT 101,78702,3,NA,https://abc.austintexas.gov/web/permit/public-search-other?t_detail=1&t_selected_folderrsn=13534771,3419 NEAL STREET UNIT 101,NA,Austin,Texas,United States,1
8110 LEROI DR,"New 2 Story Condominium Single Family Residence 3 Bdrm 3 Bath Porch w/ 2-Car Garage

PUD",2025-06-09,1,2,8110 LEROI DR,78744,2,NA,https://abc.austintexas.gov/web/permit/public-search-other?t_detail=1&t_selected_folderrsn=13528847,8110 LEROI DRIVE,NA,Austin,Texas,United States,1
2802 SALEK VW,new SF detached condo 3 bed 3.5 bath with attached garage and covered patio,2025-07-07,1,3,2802 SALEK VW,78741,3,NA,https://abc.austintexas.gov/web/permit/public-search-other?t_detail=1&t_selected_folderrsn=13332560,2802 SALEK VW,NA,Austin,Texas,United States,1
3309 GOODWIN AVE--BLDG 1,Bldg 1: new two-story SFRs (3br/2.5ba) with attached garages and covered patios,2025-06-23,1,2,3309 GOODWIN AVE BLDG 1,78702,3,NA,https://abc.austintexas.gov/web/permit/public-search-other?t_detail=1&t_selected_folderrsn=13532072,3309 GOODWIN AVE BLDG 1,NA,Austin,Texas,United States,1
10316 CURB STRAP DR,*Green Building* New 2-story 4 bedroom 3 bathroom single family residence with attached garage covered front porch and rear covered patio.,2025-07-09,1,2,10316 CURB STRAP DR,78724,1,NA,https://abc.austintexas.gov/web/permit/public-search-other?t_detail=1&t_selected_folderrsn=13545552,10316 CURB STRAP DRIVE,NA,Austin,Texas,United States,1
1912 S 3RD ST,1912 S 3rd St (rear unit)- New construction of a 2-Story detached Res. [3bed 2.5bath]. Part of 3-unit use.,2025-06-09,1,2,1912 S 3RD ST,78704,3,NA,https://abc.austintexas.gov/web/permit/public-search-other?t_detail=1&t_selected_folderrsn=13509803,1912 SOUTH 3RD STREET,NA,Austin,Texas,United States,1
8504 ENDALE ARCH DR,New two-story SFR (4br/3ba) with attach garage and covered porch/patio *PRODUCTION BUILDER- GREEN BUILDING*,2025-07-02,1,2,8504 ENDALE ARCH DR,78744,2,NA,https://abc.austintexas.gov/web/permit/public-search-other?t_detail=1&t_selected_folderrsn=13539790,8504 ENDALE ARCH DRIVE,NA,Austin,Texas,United States,1
8114 LEROI DR,*Green Building* New 2-story 2 bedroom 2.5 bathroom single family condo residence with attached garage and covered front porch.,2025-06-09,1,2,8114 LEROI DR,78744,2,NA,https://abc.austintexas.gov/web/permit/public-search-other?t_detail=1&t_selected_folderrsn=13528808,8114 LEROI DRIVE,NA,Austin,Texas,United States,1
8105 LEROI DR,*Green Building* New 2 Story Condominium Single Family Residence 2 Bdrm 2.5 Bath Porch w/ 2-Car Garage,2025-06-18,1,2,8105 LEROI DR,78744,2,NA,https://abc.austintexas.gov/web/permit/public-search-other?t_detail=1&t_selected_folderrsn=13534400,8105 LEROI DRIVE,NA,Austin,Texas,United States,1
7312 WOODROW AVE,New 3 Story 2nd unit (main house under 1501 pasadena dr) with attached garage and covered front porch.,2025-06-27,1,3,7312 WOODROW AVE,78757,7,NA,https://abc.austintexas.gov/web/permit/public-search-other?t_detail=1&t_selected_folderrsn=13526113,7312 WOODROW AVE,NA,Austin,Texas,United States,1
1005 W JOHANNA ST,New 2 Story SFR with Attic :3 Bed 3.5 Bath SFR With Pool,2025-06-13,1,2,1005 W JOHANNA ST,78704,3,NA,https://abc.austintexas.gov/web/permit/public-search-other?t_detail=1&t_selected_folderrsn=13484293,1005 WEST JOHANNA STREET,NA,Austin,Texas,United States,1
17240 RADIANT DR,*SMART Housing* *Green Building* New 1-story 3 bedroom 1.5 bathroom single family residence with covered front porch and rear covered patio.,2025-07-09,1,1,17240 RADIANT DR,78653,1,NA,https://abc.austintexas.gov/web/permit/public-search-other?t_detail=1&t_selected_folderrsn=13542826,17240 RADIANT DRIVE,NA,Austin,Texas,United States,1
2604 ST ANTHONY ST UNIT A,Unit 1 - New construction of a 2-Story Duplex Unit [5 bed 4.5 bath] with attached Garage.  Primary larger residence in duplex use.  Fire rated door was approved connecting both units.,2025-06-18,2,2,2604 ST ANTHONY ST UNIT A,78703,10,NA,https://abc.austintexas.gov/web/permit/public-search-other?t_detail=1&t_selected_folderrsn=13533960,2604 STREET ANTHONY ST UNIT A,NA,Austin,Texas,United States,1
1202 FINCH NEST PL,Smart Housing/Green Building: New construction of 2 story duplex condo each with 3 beds 2.5 baths and covered patios/porches (Unit B),2025-06-24,2,2,1202 FINCH NEST PL,78721,1,NA,https://abc.austintexas.gov/web/permit/public-search-other?t_detail=1&t_selected_folderrsn=13526216,1202 FINCH NEST PLACE,NA,Austin,Texas,United States,1
8101 LEROI DR,New construction single-family residential 2-story 2 bedroom 2.5 bath with attached 2-car garage covered front porch and covered rear patio.,2025-06-18,1,2,8101 LEROI DR,78744,2,NA,https://abc.austintexas.gov/web/permit/public-search-other?t_detail=1&t_selected_folderrsn=13535437,8101 LEROI DRIVE,NA,Austin,Texas,United States,1
1202 MARCY ST BLDG 2,"ePlan: Residential Expedited Review - THREE UNIT RES.
Bldg 2 New construction of a 3-Story Single Family Res. [1bed 1.5bath] with Attached Garage",2025-06-23,1,3,1202 MARCY ST BLDG 2,78745,5,NA,https://abc.austintexas.gov/web/permit/public-search-other?t_detail=1&t_selected_folderrsn=13532493,1202 MARCY STREET BLDG 2,NA,Austin,Texas,United States,1
404 W 55TH HALF ST,New 2-story SFR 4 bedrooms 3.5 bath,2025-05-26,1,2,404 W 55TH HALF ST,78751,4,NA,https://abc.austintexas.gov/web/permit/public-search-other?t_detail=1&t_selected_folderrsn=13334107,404 WEST 55TH HALF STREET,NA,Austin,Texas,United States,1
1204 BIANCA BREEZE PL,New construction 2-unit use duplex: 1204 - New construction single-family residential 3-story 3 bedroom 3.5 bath with attached 2-car garage covered front porch covered rear patio and 2nd floor balcony.,2025-05-12,2,3,1204 BIANCA BREEZE PL,78721,1,NA,https://abc.austintexas.gov/web/permit/public-search-other?t_detail=1&t_selected_folderrsn=13514878,1204 BIANCA BREEZE PLACE,NA,Austin,Texas,United States,1
5600 FORKS RD,"New 2 story SFR Condo with 3 beds 2.5 baths attached 2 car garage

PUD",2025-05-28,1,2,5600 FORKS RD,78747,2,NA,https://abc.austintexas.gov/web/permit/public-search-other?t_detail=1&t_selected_folderrsn=13515590,5600 FORKS ROAD,NA,Austin,Texas,United States,1
10508 LARK CT BLDG 2,New Construction of a 2nd dwelling unit with 1 bedroom and 1 bathroom,2025-06-03,1,1,10508 LARK CT BLDG 2,78758,4,NA,https://abc.austintexas.gov/web/permit/public-search-other?t_detail=1&t_selected_folderrsn=13525786,10508 LARK CT BLDG 2,NA,Austin,Texas,United States,1
1404 MASON AVE,New construction of 2 story SFR Condo 3 beds 3.5 bathrooms attached garage covered patio,2025-05-09,1,2,1404 MASON AVE,78721,1,NA,https://abc.austintexas.gov/web/permit/public-search-other?t_detail=1&t_selected_folderrsn=13513038,1404 MASON AVE,NA,Austin,Texas,United States,1
2603 HILLVIEW RD,New 2-story single family home with basement 1st & 2nd floor  elevator 6 bathroom  4 bedroom wet bar 2-car carport covered patio.,2025-05-22,1,1,2603 HILLVIEW RD,78703,10,NA,https://abc.austintexas.gov/web/permit/public-search-other?t_detail=1&t_selected_folderrsn=13471209,2603 HILLVIEW ROAD,NA,Austin,Texas,United States,1
2842 MARY HELEN LOPEZ ST,New 2 story SFR Condo with 3 beds and 2.5 baths and front/rear covered porch,2025-05-06,1,2,2842 MARY HELEN LOPEZ ST,78702,3,NA,https://abc.austintexas.gov/web/permit/public-search-other?t_detail=1&t_selected_folderrsn=13370042,2842 MARY HELEN LOPEZ STREET,NA,Austin,Texas,United States,1
1904 HILL OAKS CT,New two-story SFR (5br/6.5ba) with attached garage and pool house,2025-05-15,1,2,1904 HILL OAKS CT,78703,10,NA,https://abc.austintexas.gov/web/permit/public-search-other?t_detail=1&t_selected_folderrsn=13463331,1904 HILL OAKS CT,NA,Austin,Texas,United States,1
1403 BARTON HILLS DR BLDG 3,ePlan: Residential Expedited Review - New construction of a 3-Story Single Family Res. [3bed 3.5bath] with attached Carport. Bldg 3,2025-06-02,1,3,1403 BARTON HILLS DR BLDG 3,78704,5,NA,https://abc.austintexas.gov/web/permit/public-search-other?t_detail=1&t_selected_folderrsn=13521342,1403 BARTON HILLS DRIVE BLDG 3,NA,Austin,Texas,United States,1
5313 AVENUE F BLDG 3,ePlan: Residential Expedited Review - New construction of a 3-Story Single Family Res. [3bed 3.5bath] with attached Carport Bldg 3,2025-05-15,1,3,5313 AVENUE F BLDG 3,78751,4,NA,https://abc.austintexas.gov/web/permit/public-search-other?t_detail=1&t_selected_folderrsn=13515149,5313 AVENUE F BLDG 3,NA,Austin,Texas,United States,1
1200 BIANCA BREEZE PL,*SMART Housing* *Green Building* New 2-story 2 bedroom 2.5 bathroom single family condo residence with attached garage covered front porch and rear covered patio.,2025-05-09,1,2,1200 BIANCA BREEZE PL,78721,1,NA,https://abc.austintexas.gov/web/permit/public-search-other?t_detail=1&t_selected_folderrsn=13511917,1200 BIANCA BREEZE PLACE,NA,Austin,Texas,United States,1
2510 GREAT OAKS PKWY,New 2-story 5 bedroom 4 bathroom single family residence with attached garage covered front porch and rear covered patio.,2025-06-02,1,2,2510 GREAT OAKS PKWY,78756,7,NA,https://abc.austintexas.gov/web/permit/public-search-other?t_detail=1&t_selected_folderrsn=13477969,2510 GREAT OAKS PKWY,NA,Austin,Texas,United States,1
5104 DUVAL ST BLDG 3,ePlan: Residential Expedited Review - New construction of a 3-Story Single Family Res. [3bed 3.5bath] with attached Carport. Bldg 3,2025-05-23,1,3,5104 DUVAL ST BLDG 3,78751,9,NA,https://abc.austintexas.gov/web/permit/public-search-other?t_detail=1&t_selected_folderrsn=13515108,5104 DUVAL STREET BLDG 3,NA,Austin,Texas,United States,1
3501 NEAL ST,3501 Neal St:  New 3-story residence with 3 bedroom 2.5 bathroom .  Part of 3 unit use.  (with driveway permit no sidewalk),2025-05-07,1,3,3501 NEAL ST,78702,3,NA,https://abc.austintexas.gov/web/permit/public-search-other?t_detail=1&t_selected_folderrsn=13510308,3501 NEAL STREET,NA,Austin,Texas,United States,1
2420 DREW LN BLDG 1,Bldg 1: New construction of a 2-story detached residence  with 2 bedroom 2.5 bathroom 1 car garage Part of 3 unit use.,2025-04-30,1,2,2420 DREW LN BLDG 1,78748,5,NA,https://abc.austintexas.gov/web/permit/public-search-other?t_detail=1&t_selected_folderrsn=13510401,2420 DREW LANE BLDG 1,NA,Austin,Texas,United States,1
1302 MORGAN LN BLDG 2,ePlan: Residential Expedited Review - New construction of a 2-Story Single Family Res. [2bed 2.5bath]. Bldg 2,2025-05-20,1,2,1302 MORGAN LN BLDG 2,78704,5,NA,https://abc.austintexas.gov/web/permit/public-search-other?t_detail=1&t_selected_folderrsn=13514428,1302 MORGAN LANE BLDG 2,NA,Austin,Texas,United States,1
2409 FOREST AVE BLDG 2,New 2-story 2 bedroom 2 bathroom secondary dwelling unit with attached carport covered porch and uncovered roof terrace.,2025-05-27,1,2,2409 FOREST AVE BLDG 2,78704,3,NA,https://abc.austintexas.gov/web/permit/public-search-other?t_detail=1&t_selected_folderrsn=13443662,2409 FOREST AVE BLDG 2,NA,Austin,Texas,United States,1
2506 E 2ND ST--BLDG 2,"ePlan: Residential Expedited Review - New construction of a TWO UNIT RES.
Bldg 2 New construction of a 2-Story SF Res [4bed 4.5bath] with attached Garage.",2025-05-15,1,2,2506 E 2ND ST BLDG 2,78702,3,NA,https://abc.austintexas.gov/web/permit/public-search-other?t_detail=1&t_selected_folderrsn=13510416,2506 EAST 2ND STREET BLDG 2,NA,Austin,Texas,United States,1
503 E ANNIE ST BLDG 2,Building 2 New two-story SFRs (2br/2.5ba) with  uncovered wood deck and pool *HOME AMENDMENT*,2025-05-19,1,2,503 E ANNIE ST BLDG 2,78704,9,NA,https://abc.austintexas.gov/web/permit/public-search-other?t_detail=1&t_selected_folderrsn=13515667,503 EAST ANNIE STREET BLDG 2,NA,Austin,Texas,United States,1
5619 REYNOLDS RD,ePlan: Residential Expedited Review - New construction of a 1-Story Single Family Res. [4bed 4.5bath] with Attached Garage.,2025-05-03,1,1,5619 REYNOLDS RD,78749,8,NA,https://abc.austintexas.gov/web/permit/public-search-other?t_detail=1&t_selected_folderrsn=13499885,5619 REYNOLDS ROAD,NA,Austin,Texas,United States,1
7506 EASTCREST DR,ADU separate 2-story bldg with interior stairs 850 sf cond. space 46 sf porch 2x6 framing conc slab fdn all electric 1st floor: open living/kitchen WH utility cl under stairs 2nd fl: hall bedroom closet bath washer/dryer cl,2025-05-29,1,2,7506 EASTCREST DR,78752,4,NA,https://abc.austintexas.gov/web/permit/public-search-other?t_detail=1&t_selected_folderrsn=13446595,7506 EASTCREST DRIVE,NA,Austin,Texas,United States,1
3204 GREENLEE DR,Expedited Review - New Construction of a 2-Story Single Family Res. [5bed 5.5bath] with attached Garage.,2025-05-29,1,2,3204 GREENLEE DR,78703,10,NA,https://abc.austintexas.gov/web/permit/public-search-other?t_detail=1&t_selected_folderrsn=13207483,3204 GREENLEE DRIVE,NA,Austin,Texas,United States,1
2409 FOREST AVE BLDG 1,New 2-story 4 bedroom 3.5 bathroom principal residence with attached garage covered porch uncovered roof terraces and habitable basement.,2025-05-27,1,3,2409 FOREST AVE BLDG 1,78704,3,NA,https://abc.austintexas.gov/web/permit/public-search-other?t_detail=1&t_selected_folderrsn=13443661,2409 FOREST AVE BLDG 1,NA,Austin,Texas,United States,1
1402 MASON AVE,*SMART Housing-Green Building* New construction of 3 story Duplex Condo - 3 beds 3.5 baths attached garage balcony covered patio (1402 Mason Ave - Unit B),2025-05-14,2,3,1402 MASON AVE,78721,1,NA,https://abc.austintexas.gov/web/permit/public-search-other?t_detail=1&t_selected_folderrsn=13515625,1402 MASON AVE,NA,Austin,Texas,United States,1
1809 ALEGRIA RD,"ePlan: Residential Expedited Review - New THREE UNIT RES.
Bldg 1 (1809 Alegria). New construction of a 2-Story Single Family Res. [5bed 5bath] with Attached Carport",2025-06-04,1,2,1809 ALEGRIA RD,78757,7,NA,https://abc.austintexas.gov/web/permit/public-search-other?t_detail=1&t_selected_folderrsn=13520482,1809 ALEGRIA ROAD,NA,Austin,Texas,United States,1
6411 BRADSHER DR BLDG 2,ePlan: Residential Expedited Review - New construction of a THREE-UNIT RES. UNIT 2 2-Story [3bed 2.5bath] with attached Garage.,2025-06-04,1,2,6411 BRADSHER DR BLDG 2,78745,2,NA,https://abc.austintexas.gov/web/permit/public-search-other?t_detail=1&t_selected_folderrsn=13527909,6411 BRADSHER DRIVE BLDG 2,NA,Austin,Texas,United States,1
2202 E 13TH ST--BLDG 1,ePlan: Residential Expedited Review -  New construction of a 2-Story Single Family Res. [3bed 2.5bath] with Attached Carport. Bldg 1,2025-05-16,1,2,2202 E 13TH ST BLDG 1,78702,1,NA,https://abc.austintexas.gov/web/permit/public-search-other?t_detail=1&t_selected_folderrsn=13519083,2202 EAST 13TH STREET BLDG 1,NA,Austin,Texas,United States,1
908 E 13TH ST--BLDG 3 (ALLEY),Relocate 900 sq. ft. 1-story 1 bedroom 1 bathroom dwelling from Uhland TX to 908 E 13th St Austin. Addition to side of structure for total of 2 bed 2 bath. Scope of work will result in a 3 unit use.,2025-05-05,1,1,908 E 13TH ST BLDG 3,78702,1,NA,https://abc.austintexas.gov/web/permit/public-search-other?t_detail=1&t_selected_folderrsn=13505426,908 EAST 13TH STREET BLDG 3,NA,Austin,Texas,United States,1
2803 PALOMINO TRL BLDG 2,*Home* New construction of manufactured home.,2025-05-20,1,1,2803 PALOMINO TRL BLDG 2,78744,2,NA,https://abc.austintexas.gov/web/permit/public-search-other?t_detail=1&t_selected_folderrsn=13431480,2803 PALOMINO TRAIL BLDG 2,NA,Austin,Texas,United States,1
2012 E M FRANKLIN AVE--BLDG 2,Construction of 2 story additional dwelling unit at the back of the primary home,2025-05-19,1,2,2012 E M FRANKLIN AVE BLDG 2,78723,1,NA,https://abc.austintexas.gov/web/permit/public-search-other?t_detail=1&t_selected_folderrsn=13517540,2012 EAST M FRANKLIN AVE BLDG 2,NA,Austin,Texas,United States,1
5305 RIDGE OAK DR,A new single family 4075 sq ft residence built on a steeply sloping site in the Highland Park neighborhood. The project will maintain much of the existing concrete foundation and retaining walls and demo wood framed walls and roof of existing home. New 2-story home is 4 bedroom / 4 bath with lower pool level.,2025-05-01,1,2,5305 RIDGE OAK DR,78731,10,NA,https://abc.austintexas.gov/web/permit/public-search-other?t_detail=1&t_selected_folderrsn=13487070,5305 RIDGE OAK DRIVE,NA,Austin,Texas,United States,1
10125 CURB STRAP DR,PB: New construction of 1 story SFR 3 bedroom and 2 bath with attached garage covere porch and patio,2025-05-15,1,1,10125 CURB STRAP DR,78724,1,NA,https://abc.austintexas.gov/web/permit/public-search-other?t_detail=1&t_selected_folderrsn=13517097,10125 CURB STRAP DRIVE,NA,Austin,Texas,United States,1
1403 BARTON HILLS DR BLDG 1,ePlan: Residential Expedited Review - New construction of a 3-Story Single Family Res. [5bed 4.5bath] with attached Carport. Bldg 1,2025-06-02,1,3,1403 BARTON HILLS DR BLDG 1,78704,5,NA,https://abc.austintexas.gov/web/permit/public-search-other?t_detail=1&t_selected_folderrsn=13521339,1403 BARTON HILLS DRIVE BLDG 1,NA,Austin,Texas,United States,1
3213 CHERRY LN UNIT B,ePlan: Residential Expedited Review - NEW DUPLEX USE - Unit 2 Includes new kitchen and bath AND include accessory Office bath and gym.,2025-05-13,2,1,3213 CHERRY LN UNIT B,78703,10,NA,https://abc.austintexas.gov/web/permit/public-search-other?t_detail=1&t_selected_folderrsn=13517179,3213 CHERRY LANE UNIT B,NA,Austin,Texas,United States,1
2103 DORIS DR,New 2-story 3 bedroom 2.5 bathroom dwelling unit with attached garage and covered porch.,2025-06-02,1,2,2103 DORIS DR,78757,4,NA,https://abc.austintexas.gov/web/permit/public-search-other?t_detail=1&t_selected_folderrsn=13518921,2103 DORIS DRIVE,NA,Austin,Texas,United States,1
11005 BELL FARM RD UNIT B,NEW CONDO REGIME - DUPLEX UNIT #B TYPE 4 (C1)  3 BED 2 BATH,2025-05-26,2,2,11005 BELL FARM RD UNIT B,78754,1,NA,https://abc.austintexas.gov/web/permit/public-search-other?t_detail=1&t_selected_folderrsn=13523500,11005 BELL FARM ROAD UNIT B,NA,Austin,Texas,United States,1
8500 ENDALE ARCH DR,New 2-story SFR 4 bedrooms 3 bath with attached 2 car garage covered front porch and covered rear patio,2025-05-27,1,2,8500 ENDALE ARCH DR,78744,2,NA,https://abc.austintexas.gov/web/permit/public-search-other?t_detail=1&t_selected_folderrsn=13521441,8500 ENDALE ARCH DRIVE,NA,Austin,Texas,United States,1
14116 FLAT TOP RANCH RD,ePlan: Residential Expedited Review - New construction of an 2-Story Single-Family Res. [5bed 4.5bath]  with attached Garage,2025-05-17,1,2,14116 FLAT TOP RANCH RD,78732,10,NA,https://abc.austintexas.gov/web/permit/public-search-other?t_detail=1&t_selected_folderrsn=13519293,14116 FLAT TOP RANCH ROAD,NA,Austin,Texas,United States,1
2409 LA CASA DR BLDG 3,BLDG 3: New 3 story SFR construction with 2 bedrooms 3.5 bath and attached carport.,2025-05-27,1,3,2409 LA CASA DR BLDG 3,78704,5,NA,https://abc.austintexas.gov/web/permit/public-search-other?t_detail=1&t_selected_folderrsn=13470997,2409 LA CASA DRIVE BLDG 3,NA,Austin,Texas,United States,1
5104 STONE GATE DR BLDG 3,ePlan: Residential Expedited Review - New construction of a THREE-UNIT RES. UNIT 3 3-Story [3bed 3.5bath] with attached Carport.,2025-05-23,1,3,5104 STONE GATE DR BLDG 3,78721,1,NA,https://abc.austintexas.gov/web/permit/public-search-other?t_detail=1&t_selected_folderrsn=13510354,5104 STONE GATE DRIVE BLDG 3,NA,Austin,Texas,United States,1
6806 ESTHER DR,New 2-story SFR with attached garage. 4 bedroom 4.5 bath w/ covered front porch rear patio.,2025-05-29,1,2,6806 ESTHER DR,78752,4,NA,https://abc.austintexas.gov/web/permit/public-search-other?t_detail=1&t_selected_folderrsn=13486753,6806 ESTHER DRIVE,NA,Austin,Texas,United States,1
5912 HAROLD CT Units 301-302,"Building 3 Units 301-302
See SP-2020-0109C for SP
New 3-story duplex condominium residential building with two units. Unit 301 with (3) bedrooms (3.5) bathrooms attached garage loft and covered patios. Unit 302 with (2) bedrooms (2.5) bathrooms attached garage and covered patios.",2025-05-14,2,3,5912 HAROLD CT BLDG 3,78721,1,NA,https://abc.austintexas.gov/web/permit/public-search-other?t_detail=1&t_selected_folderrsn=12620009,5912 HAROLD CT BLDG 3,NA,Austin,Texas,United States,1
13212 STABLER DR,Estonian 3316 B Right New - 2 Story SFR CONDOMINUM w/ 4 bedrooms 3 bathrooms attached 2 car garage covered entry porch and patio FFE: 681.93 Site Plan: SP-2021-0328C Site Plan Exp.: 01/09/27 Max Bld height: 31 Actual Bld height: 30-4 required parking: 2.,2025-05-20,1,2,13212 STABLER DR,78652,5,NA,https://abc.austintexas.gov/web/permit/public-search-other?t_detail=1&t_selected_folderrsn=13518561,13212 STABLER DRIVE,NA,Austin,Texas,United States,1
6411 BRADSHER DR BLDG 1,ePlan: Residential Expedited Review - New construction of a THREE-UNIT RES. UNIT 1 2-Story [3bed 2.5bath] with attached Garage.,2025-06-04,1,2,6411 BRADSHER DR BLDG 1,78745,2,NA,https://abc.austintexas.gov/web/permit/public-search-other?t_detail=1&t_selected_folderrsn=13527908,6411 BRADSHER DRIVE BLDG 1,NA,Austin,Texas,United States,1
9417 OXBOW STRAP DR,*Green Building* New 1-story 3 bedroom 2 bathroom single family residence with attached garage covered front porch and rear covered patio.,2025-05-27,1,1,9417 OXBOW STRAP DR,78724,1,NA,https://abc.austintexas.gov/web/permit/public-search-other?t_detail=1&t_selected_folderrsn=13521544,9417 OXBOW STRAP DRIVE,NA,Austin,Texas,United States,1
10117 CURB STRAP DR,PB: New construction of 1 story SFR,2025-05-16,1,1,10117 CURB STRAP DR,78724,1,NA,https://abc.austintexas.gov/web/permit/public-search-other?t_detail=1&t_selected_folderrsn=13517051,10117 CURB STRAP DRIVE,NA,Austin,Texas,United States,1
2409 LA CASA DR BLDG 2,BLDG 2: New 3 story SFR construction with 2 bedrooms 3.5 bath and attached carport.,2025-05-27,1,3,2409 LA CASA DR BLDG 2,78704,5,NA,https://abc.austintexas.gov/web/permit/public-search-other?t_detail=1&t_selected_folderrsn=13470996,2409 LA CASA DRIVE BLDG 2,NA,Austin,Texas,United States,1
1904 GREENWOOD AVE--BLDG 2,New 2-story dwelling unit 1 bed/1.5 bath with attached covered patio balcony wood deck,2025-06-04,1,2,1904 GREENWOOD AVE BLDG 2,78723,1,NA,https://abc.austintexas.gov/web/permit/public-search-other?t_detail=1&t_selected_folderrsn=13526763,1904 GREENWOOD AVE BLDG 2,NA,Austin,Texas,United States,1
2902 CHERRY LN,ePlan: Residential Expedited Review - New Construction of a 2-Story Single Family Res. with Habitable Attic [5bed 5.5baths] with attached garage. Work to include outdoor sauna and connecting patio.,2025-05-28,1,2,2902 CHERRY LN,78703,10,NA,https://abc.austintexas.gov/web/permit/public-search-other?t_detail=1&t_selected_folderrsn=13506747,2902 CHERRY LANE,NA,Austin,Texas,United States,1
9112 HAMADRYAS DR,New two-story SFR (4br/3ba) with attached garage and covered porch/patio *PRODUCTION BUILDER- GREEN BUILDING*,2025-05-22,1,2,9112 HAMADRYAS DR,78744,2,NA,https://abc.austintexas.gov/web/permit/public-search-other?t_detail=1&t_selected_folderrsn=13519978,9112 HAMADRYAS DRIVE,NA,Austin,Texas,United States,1
1306 MASON AVE,New construction single-family residential 2-story 2 bedroom 2.5 bath with attached 1-car garage covered front porch and covered rear patio.,2025-06-03,1,2,1306 MASON AVE,78721,1,NA,https://abc.austintexas.gov/web/permit/public-search-other?t_detail=1&t_selected_folderrsn=13525893,1306 MASON AVE,NA,Austin,Texas,United States,1
2710 THRESH RD UNIT 1B,NEW CONDO REGIME - BLDG #1 DUPLEX UNIT #1B TYPE 3 (B0.1) 2 BED 2 BATH,2025-05-20,2,1,2710 THRESH RD UNIT 1B,78754,1,NA,https://abc.austintexas.gov/web/permit/public-search-other?t_detail=1&t_selected_folderrsn=13520839,2710 THRESH ROAD UNIT 1B,NA,Austin,Texas,United States,1
2908 GLEN RAE ST--BLDG 1,"ePlan: Residential Expedited Review - New construction of a THREE UNIT RES.
Bldg 1 New construction of a 3-Story Single Family Res. [3bed 3.5bath] with attached Carport",2025-05-07,1,3,2908 GLEN RAE ST BLDG 1,78702,1,NA,https://abc.austintexas.gov/web/permit/public-search-other?t_detail=1&t_selected_folderrsn=13513901,2908 GLEN RAE STREET BLDG 1,NA,Austin,Texas,United States,1
1201 BIANCA BREEZE PL,*SMART Housing* *Green Building* New 2-story 2 bedroom 2.5 bathroom single family condo residence with attached garage covered front porch and rear covered patio.,2025-05-11,1,2,1201 BIANCA BREEZE PL,78721,1,NA,https://abc.austintexas.gov/web/permit/public-search-other?t_detail=1&t_selected_folderrsn=13513966,1201 BIANCA BREEZE PLACE,NA,Austin,Texas,United States,1
2409 LA CASA DR BLDG 1,BLDG 1: New 3 story SFR construction with 2 bedrooms 3.5 bath and attached carport.,2025-05-27,1,3,2409 LA CASA DR BLDG 1,78704,5,NA,https://abc.austintexas.gov/web/permit/public-search-other?t_detail=1&t_selected_folderrsn=13470995,2409 LA CASA DRIVE BLDG 1,NA,Austin,Texas,United States,1
4616 CRESTWAY DR BLDG 2,ePlan: Residential Expedited Review - New construction of a TWO-UNIT RES. UNIT 2 2-Story with basement [5bed 5.5bath] with attached Garage/Carport,2025-05-01,1,2,4616 CRESTWAY DR BLDG 2,78731,10,NA,https://abc.austintexas.gov/web/permit/public-search-other?t_detail=1&t_selected_folderrsn=13511241,4616 CRESTWAY DRIVE BLDG 2,NA,Austin,Texas,United States,1
2710 THRESH RD UNIT 1A,NEW CONDO REGIME - BLDG #1 DUPLEX UNIT #1A TYPE 3 (B0) 2 BED 2 BATH,2025-05-20,2,1,2710 THRESH RD UNIT 1A,78754,1,NA,https://abc.austintexas.gov/web/permit/public-search-other?t_detail=1&t_selected_folderrsn=13520838,2710 THRESH ROAD UNIT 1A,NA,Austin,Texas,United States,1
2202 E 13TH ST--BLDG 2,ePlan: Residential Expedited Review - New construction of a 3-Story Single Family Res. [3bed 3.5bath] with Attached Carport. Bldg 2,2025-05-16,1,3,2202 E 13TH ST BLDG 2,78702,1,NA,https://abc.austintexas.gov/web/permit/public-search-other?t_detail=1&t_selected_folderrsn=13519084,2202 EAST 13TH STREET BLDG 2,NA,Austin,Texas,United States,1
503 E ANNIE ST,New 2 Story SFR Main House,2025-05-19,1,2,503 E ANNIE ST,78704,9,NA,https://abc.austintexas.gov/web/permit/public-search-other?t_detail=1&t_selected_folderrsn=13515668,503 EAST ANNIE STREET,NA,Austin,Texas,United States,1
11005 BELL FARM RD UNIT A,NEW CONDO REGIME - DUPLEX UNIT #A TYPE 4 (C1.1)  3 BED 2 BATH ),2025-05-26,2,2,11005 BELL FARM RD UNIT A,78754,1,NA,https://abc.austintexas.gov/web/permit/public-search-other?t_detail=1&t_selected_folderrsn=13523499,11005 BELL FARM ROAD UNIT A,NA,Austin,Texas,United States,1
1208 BRENTWOOD ST BLDG 2,2-Story [4bed 4bath] with attached Garage and Autofill Pool.,2025-04-30,1,2,1208 BRENTWOOD ST BLDG 2,78757,7,NA,https://abc.austintexas.gov/web/permit/public-search-other?t_detail=1&t_selected_folderrsn=13354104,1208 BRENTWOOD STREET BLDG 2,NA,Austin,Texas,United States,1
1313 CASEY ST,Expedited Review - New construction of 2-story duplex [6bed 7bath] with habitable attic attached garage and carport.,2025-05-05,2,2,1313 CASEY ST,78745,5,NA,https://abc.austintexas.gov/web/permit/public-search-other?t_detail=1&t_selected_folderrsn=13155054,1313 CASEY STREET,NA,Austin,Texas,United States,1
4616 CRESTWAY DR BLDG 1,ePlan: Residential Expedited Review - New construction of a TWO-UNIT RES. UNIT 1 2-Story [5bed 4.5bath] with attached Garage,2025-05-01,1,2,4616 CRESTWAY DR BLDG 1,78731,10,NA,https://abc.austintexas.gov/web/permit/public-search-other?t_detail=1&t_selected_folderrsn=13511240,4616 CRESTWAY DRIVE BLDG 1,NA,Austin,Texas,United States,1
2808 THRESH RD UNIT 1B,NEW CONDO REGIME - BLDG #1 DUPLEX. UNIT #1A:TYPE 2 (A1) 1 BED 1 BATH. UNIT #1B: TYPE 2 (B0) 2 BED 2 BATH.,2025-05-01,2,1,2808 THRESH RD UNIT 1B,78754,1,NA,https://abc.austintexas.gov/web/permit/public-search-other?t_detail=1&t_selected_folderrsn=13499224,2808 THRESH ROAD UNIT 1B,NA,Austin,Texas,United States,1
5104 STONE GATE DR BLDG 2,ePlan: Residential Expedited Review - New construction of a THREE-UNIT RES. UNIT 2 3-Story [3bed 3.5bath] with attached Carport,2025-05-23,1,3,5104 STONE GATE DR BLDG 2,78721,1,NA,https://abc.austintexas.gov/web/permit/public-search-other?t_detail=1&t_selected_folderrsn=13510353,5104 STONE GATE DRIVE BLDG 2,NA,Austin,Texas,United States,1
1203 BIANCA BREEZE PL,New construction 2-unit use duplex: 1203 - New construction single-family residential 3-story 2 bedroom 2.5 bath with attached 2-car carport covered front porch covered rear patio and 2nd floor balcony.,2025-05-12,2,3,1203 BIANCA BREEZE PL,78721,1,NA,https://abc.austintexas.gov/web/permit/public-search-other?t_detail=1&t_selected_folderrsn=13514832,1203 BIANCA BREEZE PLACE,NA,Austin,Texas,United States,1
5313 AVENUE F BLDG 2,ePlan: Residential Expedited Review - New construction of a 3-Story Single Family Res. [3bed 3.5bath] with attached Carport Bldg 2,2025-05-15,1,3,5313 AVENUE F BLDG 2,78751,4,NA,https://abc.austintexas.gov/web/permit/public-search-other?t_detail=1&t_selected_folderrsn=13515148,5313 AVENUE F BLDG 2,NA,Austin,Texas,United States,1
2908 GLEN RAE ST--BLDG 2,"ePlan: Residential Expedited Review - New construction of a THREE UNIT RES.
Bldg 2 New construction of a 3-Story Single Family Res. [4bed 3.5bath] with attached Carport.",2025-05-07,1,3,2908 GLEN RAE ST BLDG 2,78702,1,NA,https://abc.austintexas.gov/web/permit/public-search-other?t_detail=1&t_selected_folderrsn=13513902,2908 GLEN RAE STREET BLDG 2,NA,Austin,Texas,United States,1
1202 BIANCA BREEZE PL,New construction 2-unit use duplex: 1202 - New construction single-family residential 3-story 3 bedroom 3.5 bath with attached 2-car garage covered front porch covered rear patio and 2nd floor balcony.,2025-05-12,2,3,1202 BIANCA BREEZE PL,78721,1,NA,https://abc.austintexas.gov/web/permit/public-search-other?t_detail=1&t_selected_folderrsn=13514877,1202 BIANCA BREEZE PLACE,NA,Austin,Texas,United States,1
13215 STABLER DR,Brahman 3318 C Left New - 2 Story SFR CONDOMINUM w/ 4 bedrooms 2.5 bathrooms attached 2 car garage covered entry porch and patio FFE: 682.00 Site Plan: SP-2021-0328C Site Plan Exp.: 01/09/27 Max Bld height: 29-10 Actual Bld height: 29-10 required parking: 2.,2025-06-04,1,1,13215 STABLER DR,78652,5,NA,https://abc.austintexas.gov/web/permit/public-search-other?t_detail=1&t_selected_folderrsn=13527296,13215 STABLER DRIVE,NA,Austin,Texas,United States,1
2710 THRESH RD UNIT 2A,NEW CONDO REGIME - BLDG#2  DUPLEX UNIT #2A TYPE 3 (B0.1) 2 BED 2 BATH UNIT #2B TYPE 3  (B0) 2 BED 2 BATH,2025-05-26,2,1,2710 THRESH RD UNIT 2A,78754,1,NA,https://abc.austintexas.gov/web/permit/public-search-other?t_detail=1&t_selected_folderrsn=13523497,2710 THRESH ROAD UNIT 2A,NA,Austin,Texas,United States,1
3421 NEAL ST UNIT 101,3421 Neal St Unit 101:  New 2-story detached residence with 3 bedroom 2 bathroom. Part of 3-unit use.,2025-05-07,1,2,3421 NEAL ST UNIT 101,78702,3,NA,https://abc.austintexas.gov/web/permit/public-search-other?t_detail=1&t_selected_folderrsn=13510309,3421 NEAL STREET UNIT 101,NA,Austin,Texas,United States,1
13217 STABLER DR,Estonian 3316 C Left New - 2 Story SFR CONDOMINUM w/ 4 bedrooms 3 bathrooms attached 2 car garage covered entry porch and patio FFE: 681.66 Site Plan: SP-2021-0328C Site Plan Exp.: 01/09/27 Max Bld height: 27 Actual Bld height: 26-11 required parking: 2.,2025-06-04,1,2,13217 STABLER DR,78652,5,NA,https://abc.austintexas.gov/web/permit/public-search-other?t_detail=1&t_selected_folderrsn=13527306,13217 STABLER DRIVE,NA,Austin,Texas,United States,1
2503 BRIDLE PATH,ePlan: Residential Expedited Review - New 2-Story Single Family Residences (5 Beds/5.5 Baths),2025-05-22,1,2,2503 BRIDLE PATH,78703,10,NA,https://abc.austintexas.gov/web/permit/public-search-other?t_detail=1&t_selected_folderrsn=13513967,2503 BRIDLE PATH,NA,Austin,Texas,United States,1
8710 OAKMOUNTAIN CIR,New 1-story 4 bedroom 3.5 bathroom single family residence with attached garage and covered porches/decks.,2025-05-13,1,1,8710 OAKMOUNTAIN CIR,78759,10,NA,https://abc.austintexas.gov/web/permit/public-search-other?t_detail=1&t_selected_folderrsn=13509158,8710 OAKMOUNTAIN CIR,NA,Austin,Texas,United States,1
2202 E 13TH ST--BLDG 3,ePlan: Residential Expedited Review - New construction of a 2-Story Single Family Res. [3bed 2.5bath] with Attached Carport. Bldg 3,2025-05-16,1,2,2202 E 13TH ST BLDG 3,78702,1,NA,https://abc.austintexas.gov/web/permit/public-search-other?t_detail=1&t_selected_folderrsn=13519085,2202 EAST 13TH STREET BLDG 3,NA,Austin,Texas,United States,1
5104 DUVAL ST BLDG 2,ePlan: Residential Expedited Review - New construction of a 3-Story Single Family Res. [3bed 3.5bath] with attached Garage. Bldg 2,2025-05-23,1,3,5104 DUVAL ST BLDG 2,78751,9,NA,https://abc.austintexas.gov/web/permit/public-search-other?t_detail=1&t_selected_folderrsn=13515107,5104 DUVAL STREET BLDG 2,NA,Austin,Texas,United States,1
511 SOUTH PARK DR BLDG 2,New two-story dwelling unit *HOME Amendment- PRESERVATION BONUS*,2025-05-15,1,3,511 SOUTH PARK DR BLDG 2,78704,3,NA,https://abc.austintexas.gov/web/permit/public-search-other?t_detail=1&t_selected_folderrsn=13517493,511 SOUTH PARK DRIVE BLDG 2,NA,Austin,Texas,United States,1
6411 BRADSHER DR BLDG 3,ePlan: Residential Expedited Review - New construction of a THREE-UNIT RES. UNIT 3 2-Story [4bed 3bath] with attached Garage.,2025-06-04,1,2,6411 BRADSHER DR BLDG 3,78745,2,NA,https://abc.austintexas.gov/web/permit/public-search-other?t_detail=1&t_selected_folderrsn=13527910,6411 BRADSHER DRIVE BLDG 3,NA,Austin,Texas,United States,1
1403 BARTON HILLS DR BLDG 2,ePlan: Residential Expedited Review - New construction of a 3-Story Single Family Res. [3bed 3bath]  with attached Carport. Bldg 2,2025-06-02,1,3,1403 BARTON HILLS DR BLDG 2,78704,5,NA,https://abc.austintexas.gov/web/permit/public-search-other?t_detail=1&t_selected_folderrsn=13521340,1403 BARTON HILLS DRIVE BLDG 2,NA,Austin,Texas,United States,1
2832 MARY HELEN LOPEZ ST,new detached 2-story condo,2025-05-06,1,2,2832 MARY HELEN LOPEZ ST,78702,3,NA,https://abc.austintexas.gov/web/permit/public-search-other?t_detail=1&t_selected_folderrsn=13361056,2832 MARY HELEN LOPEZ STREET,NA,Austin,Texas,United States,1
1213 IGNACIO TREVINO ST,Construction of a detached single family residence of approx. 1593 s.f. two-story with 3 bedrooms and 2.5 bathrooms.,2025-05-07,1,2,1213 IGNACIO TREVINO ST,78702,3,NA,https://abc.austintexas.gov/web/permit/public-search-other?t_detail=1&t_selected_folderrsn=13401111,1213 IGNACIO TREVINO STREET,NA,Austin,Texas,United States,1
3421 NEAL ST UNIT 201,3421 Neal St Unit 201: New 2-story detached residence with 3 bedroom 2 bathroom 1-car garage. Part of 3-unit use.,2025-05-07,1,2,3421 NEAL ST UNIT 201,78702,3,NA,https://abc.austintexas.gov/web/permit/public-search-other?t_detail=1&t_selected_folderrsn=13510310,3421 NEAL STREET UNIT 201,NA,Austin,Texas,United States,1
2908 GLEN RAE ST--BLDG 3,"ePlan: Residential Expedited Review - New construction of a THREE UNIT RES.
Bldg 3 New construction of a 3-Story Single Family Res. [4bed 3.5bath] with attached Carport",2025-05-07,1,3,2908 GLEN RAE ST BLDG 3,78702,1,NA,https://abc.austintexas.gov/web/permit/public-search-other?t_detail=1&t_selected_folderrsn=13513903,2908 GLEN RAE STREET BLDG 3,NA,Austin,Texas,United States,1
1008 SPENCE ST BLDG 2,BLDG #2 New 2-Story dwelling unit 2 Bed/2 Bath with attached carports covered patio and balcony new alley driveway (Two Unit Use),2025-05-22,1,2,1008 SPENCE ST BLDG 2,78702,3,NA,https://abc.austintexas.gov/web/permit/public-search-other?t_detail=1&t_selected_folderrsn=13411434,1008 SPENCE STREET BLDG 2,NA,Austin,Texas,United States,1
1200 FINCH NEST PL,Smart Housing/Green Building: New construction of 2 story duplex condo each with 3 beds 2.5 baths and covered patios/porches (Unit A),2025-06-04,2,2,1200 FINCH NEST PL,78721,1,NA,https://abc.austintexas.gov/web/permit/public-search-other?t_detail=1&t_selected_folderrsn=13526215,1200 FINCH NEST PLACE,NA,Austin,Texas,United States,1
2710 THRESH RD UNIT 2B,NEW CONDO REGIME - BLDG#2  DUPLEX UNIT #2A TYPE 3 (B0.1) 2 BED 2 BATH UNIT #2B TYPE 3  (B0) 2 BED 2 BATH,2025-05-26,2,1,2710 THRESH RD UNIT 2B,78754,1,NA,https://abc.austintexas.gov/web/permit/public-search-other?t_detail=1&t_selected_folderrsn=13523498,2710 THRESH ROAD UNIT 2B,NA,Austin,Texas,United States,1
3104 PLEASANT RUN PL,ePlan: Residential Expedited Review - Addition and Remodel to Existing 2-Story Single Family Res. [4 bed 5.5 bath].  Remodel includes new windows cabnetry fire place and conversion of closet to full bathroom.  Addition includes 3 new dormers in attic level.,2025-05-12,1,2,3104 PLEASANT RUN PL,78703,10,NA,https://abc.austintexas.gov/web/permit/public-search-other?t_detail=1&t_selected_folderrsn=13515002,3104 PLEASANT RUN PLACE,NA,Austin,Texas,United States,1
3308 STONERIDGE ROAD Bldg 1,New two-story SFR (4br/4.5ba) with attached garage pool and covered patio; and new two-story accessory structure (.5ba),2025-05-20,1,1,3308 STONERIDGE RD BLDG 1,78746,8,NA,https://abc.austintexas.gov/web/permit/public-search-other?t_detail=1&t_selected_folderrsn=13507189,3308 STONERIDGE ROAD BLDG 1,NA,Austin,Texas,United States,1
511 SOUTH PARK DR BLDG 3,new three-story dwelling unit *HOME Amendment- PRESERVATION BONUS*,2025-05-15,1,3,511 SOUTH PARK DR BLDG 3,78704,3,NA,https://abc.austintexas.gov/web/permit/public-search-other?t_detail=1&t_selected_folderrsn=13517494,511 SOUTH PARK DRIVE BLDG 3,NA,Austin,Texas,United States,1
1400 MASON AVE,*SMART Housing-Green Building* New construction of 3 story Duplex Condo - 3 beds 3.5 baths attached garage balcony covered patio (1400 Mason Ave - Unit A),2025-05-14,2,3,1400 MASON AVE,78721,1,NA,https://abc.austintexas.gov/web/permit/public-search-other?t_detail=1&t_selected_folderrsn=13515623,1400 MASON AVE,NA,Austin,Texas,United States,1
1302 MORGAN LN BLDG 3,ePlan: Residential Expedited Review - New construction of a 2-Story Single Family Res. [3bed 3bath] with attached Garage/Carport. Bldg 3,2025-05-20,1,2,1302 MORGAN LN BLDG 3,78704,5,NA,https://abc.austintexas.gov/web/permit/public-search-other?t_detail=1&t_selected_folderrsn=13514429,1302 MORGAN LANE BLDG 3,NA,Austin,Texas,United States,1
9803 RIBELIN RANCH CT BLDG 21,New construction of single building based on Volume Builder Approved (2024-067871 VB) Plan 8-CA-R. This is a 2 Story building with height of 31-7 and 3138 square feet.,2025-05-15,1,2,9803 RIBELIN RANCH CT BLDG 21,78750,10,NA,https://abc.austintexas.gov/web/permit/public-search-other?t_detail=1&t_selected_folderrsn=13483907,9803 RIBELIN RANCH CT BLDG 21,NA,Austin,Texas,United States,1
1205 BIANCA BREEZE PL,New construction 2-unit use duplex: 1205 - New construction single-family residential 3-story 2 bedroom 2.5 bath with attached 2-car carport covered front porch covered rear patio and 2nd floor balcony.,2025-05-12,2,3,1205 BIANCA BREEZE PL,78721,1,NA,https://abc.austintexas.gov/web/permit/public-search-other?t_detail=1&t_selected_folderrsn=13514833,1205 BIANCA BREEZE PLACE,NA,Austin,Texas,United States,1
5104 STONE GATE DR BLDG 1,ePlan: Residential Expedited Review - New construction of a THREE-UNIT RES. UNIT 1 3-Story [5bed 4bath] with attached Carport,2025-05-23,1,3,5104 STONE GATE DR BLDG 1,78721,1,NA,https://abc.austintexas.gov/web/permit/public-search-other?t_detail=1&t_selected_folderrsn=13510352,5104 STONE GATE DRIVE BLDG 1,NA,Austin,Texas,United States,1
5912 HAROLD CT Units 201-202,"Building 2 Units 201-202
See SP-2020-0109C for SP
New 3-story duplex condominium residential building with two units. Unit 201 with (3) bedrooms (3.5) bathrooms attached garage loft and covered patios. Unit 202 with (3) bedrooms (3.5) bathrooms attached garage loft and covered patios.

Approved revision 1 to change fire separation.",2025-05-14,2,3,5912 HAROLD CT,78721,1,NA,https://abc.austintexas.gov/web/permit/public-search-other?t_detail=1&t_selected_folderrsn=12623379,5912 HAROLD CT,NA,Austin,Texas,United States,1
2804 THRESH RD UNIT A,NEW CONDO REGIME -  DUPLEX. UNIT #A :TYPE 2 (B0) 2 BED 2 BATH,2025-04-07,1,1,2804 THRESH RD UNIT A,78754,1,NA,https://abc.austintexas.gov/web/permit/public-search-other?t_detail=1&t_selected_folderrsn=13493717,2804 THRESH ROAD UNIT A,NA,Austin,Texas,United States,1
2807 THRESH RD UNIT B,NEW CONDO REGIME  DUPLEX. UNIT #B: TYPE 2 (A1) 1 BED 1 BATH.,2025-03-31,1,1,2807 THRESH RD UNIT B,78754,1,NA,https://abc.austintexas.gov/web/permit/public-search-other?t_detail=1&t_selected_folderrsn=13491743,2807 THRESH ROAD UNIT B,NA,Austin,Texas,United States,1
11102 CROSSBEAM DR UNIT 1B,NEW CONDO REGIME - BLDG #1 DUPLEX. UNIT #1A: TYPE 2 (A1) 1 BED 1 BATH. UNIT #1B: TYPE 2 (B0) 2 BED 2 BATH,2025-04-11,2,1,11102 CROSSBEAM DR UNIT 1B,78754,1,NA,https://abc.austintexas.gov/web/permit/public-search-other?t_detail=1&t_selected_folderrsn=13499533,11102 CROSSBEAM DRIVE UNIT 1B,NA,Austin,Texas,United States,1
9608 OXBOW STRAP DR,New single-story SFR (3br/2ba) with attached garage and covered porch/patio *PRODUCTION BUILDER- GREEN BUILDING*,2025-04-15,1,1,9608 OXBOW STRAP DR,78724,1,NA,https://abc.austintexas.gov/web/permit/public-search-other?t_detail=1&t_selected_folderrsn=13499149,9608 OXBOW STRAP DRIVE,NA,Austin,Texas,United States,1
4808 RICHMOND AVE BLDG 1,ePlan: Residential Expedited Review - Expedited Review: New construction of a 2-Story [4bed 3.5bath] with attached Garage. Bldg 1,2025-04-09,1,2,4808 RICHMOND AVE BLDG 1,78745,5,NA,https://abc.austintexas.gov/web/permit/public-search-other?t_detail=1&t_selected_folderrsn=13419488,4808 RICHMOND AVE BLDG 1,NA,Austin,Texas,United States,1
11102 BELL FARM RD UNIT B,NEW CONDO REGIME -DUPLEX. UNIT #B: TYPE 2 (A1) 1 BED 1 BATH,2025-03-31,1,1,11102 BELL FARM RD UNIT B,78754,1,NA,https://abc.austintexas.gov/web/permit/public-search-other?t_detail=1&t_selected_folderrsn=13491765,11102 BELL FARM ROAD UNIT B,NA,Austin,Texas,United States,1
2513 E 10TH ST,2513 E 10th St : New 2 story residence with covered porch 1 car garage 3 bedroom 2.5 bath.  Part of 3 unit use.,2025-04-01,1,2,2513 E 10TH ST,78702,1,NA,https://abc.austintexas.gov/web/permit/public-search-other?t_detail=1&t_selected_folderrsn=13486951,2513 EAST 10TH STREET,NA,Austin,Texas,United States,1
4706 CLARKSON AVE UNIT A,ePlan: Residential Expedited Review - New construction of a 3-Story Single Family Res. [3bed 2.5bath] with Attached Carport. 4706 Clarkson Ave Unit A,2025-04-09,1,3,4706 CLARKSON AVE UNIT A,78751,9,NA,https://abc.austintexas.gov/web/permit/public-search-other?t_detail=1&t_selected_folderrsn=13498007,4706 CLARKSON AVE UNIT A,NA,Austin,Texas,United States,1
2806 THRESH RD UNIT B,NEW CONDO REGIME -  DUPLEX. UNIT #B: TYPE 2 (B0) 2 BED 2 BATH.,2025-04-07,1,1,2806 THRESH RD UNIT B,78754,1,NA,https://abc.austintexas.gov/web/permit/public-search-other?t_detail=1&t_selected_folderrsn=13493747,2806 THRESH ROAD UNIT B,NA,Austin,Texas,United States,1
2808 THRESH RD Unit 2A *VOLUME BUILDER- CONDO DUPLEX*,NEW CONDO REGIME - BLDG #2 DUPLEX. UNIT #2A: TYPE 2 (B0) HAS 2 BED 2 BATH. UNIT#B: TYPE 2 (A1) 1 BED 1 BATH.,2025-04-09,2,1,2808 THRESH RD UNIT 2A,78754,1,NA,https://abc.austintexas.gov/web/permit/public-search-other?t_detail=1&t_selected_folderrsn=13497931,2808 THRESH ROAD UNIT 2A,NA,Austin,Texas,United States,1
1301 SNOWY FOX CT,Building 1301 Snowy Fox Ct New 2 unit 3 story  2/2.5,2025-03-31,2,3,1301 SNOWY FOX CT,78721,1,NA,https://abc.austintexas.gov/web/permit/public-search-other?t_detail=1&t_selected_folderrsn=13489717,1301 SNOWY FOX CT,NA,Austin,Texas,United States,1
2414 DREW LN BLDG 6,Building 6   New construction of 2 story residence with  3 bedroom 2.5 bath 1-car garage.  Part of 3 unit use.  Four properties sharing a driveway each w/ three units.,2025-04-09,1,2,2414 DREW LN BLDG 6,78748,5,NA,https://abc.austintexas.gov/web/permit/public-search-other?t_detail=1&t_selected_folderrsn=13498427,2414 DREW LANE BLDG 6,NA,Austin,Texas,United States,1
3201 MAYWOOD AVE,ePlan: Residential Expedited Review - New construction of a 2-Story Single Family Res. [2bed 2.5bath]  Attached Garage.,2025-04-11,1,2,3201 MAYWOOD AVE,78703,10,NA,https://abc.austintexas.gov/web/permit/public-search-other?t_detail=1&t_selected_folderrsn=13498874,3201 MAYWOOD AVE,NA,Austin,Texas,United States,1
2014 KIT CIR,2385 (Silverton) I - Right - 4 Bedrooms 3.5 Bathrooms Opt Study Cov Patio Cov Upper Patio & Entry with a 2 Car attached Garage.,2025-04-07,1,2,2014 KIT CIR,78758,7,NA,https://abc.austintexas.gov/web/permit/public-search-other?t_detail=1&t_selected_folderrsn=13496363,2014 KIT CIR,NA,Austin,Texas,United States,1
1310 HASKELL ST,"ePlan: Residential Expedited Review - New construction of a THREE UNIT RES.
New construction of a 3-Story Single Family Res. [3bed 2.5bath] with attached Carport. 1310 Haskell St",2025-04-23,1,3,1310 HASKELL ST,78702,3,NA,https://abc.austintexas.gov/web/permit/public-search-other?t_detail=1&t_selected_folderrsn=13494555,1310 HASKELL STREET,NA,Austin,Texas,United States,1
2420 DREW LN BLDG 2,Bldg 2: New construction of a 2-story detached residence  with 2 bedroom 2.5 bathroom. Part of 3 unit use.,2025-04-30,1,2,2420 DREW LN BLDG 2,78748,5,NA,https://abc.austintexas.gov/web/permit/public-search-other?t_detail=1&t_selected_folderrsn=13510402,2420 DREW LANE BLDG 2,NA,Austin,Texas,United States,1
2805 RANCHERO RD UNIT 1B,NEW CONDO REGIME - BLDG#1 DUPLEX. UNIT #1B: TYPE 2 (A1) 1 BED 1 BATH,2025-03-31,1,1,2805 RANCHERO RD UNIT 1B,78754,1,NA,https://abc.austintexas.gov/web/permit/public-search-other?t_detail=1&t_selected_folderrsn=13492657,2805 RANCHERO ROAD UNIT 1B,NA,Austin,Texas,United States,1
4308 HANK AVE BLDG 1,"Plan: Residential Expedited Review - New construction of a 3-Story Single Family Res. [3bed 3.5bath] with attached 
Carport. Bldg 1",2025-04-14,1,3,4308 HANK AVE BLDG 1,78745,5,NA,https://abc.austintexas.gov/web/permit/public-search-other?t_detail=1&t_selected_folderrsn=13479672,4308 HANK AVE BLDG 1,NA,Austin,Texas,United States,1
10906 BELL FARM RD UNIT A,NEW CONDO REGIME - DUPLEX UNIT #A TYPE 3 (B0) 2 BED 2 BATH,2025-03-31,1,1,10906 BELL FARM RD UNIT A,78754,1,NA,https://abc.austintexas.gov/web/permit/public-search-other?t_detail=1&t_selected_folderrsn=13492685,10906 BELL FARM ROAD UNIT A,NA,Austin,Texas,United States,1
2808 THRESH RD UNIT 2B,NEW CONDO REGIME - BLDG #2 DUPLEX. UNIT #2A: TYPE 2 (B0) HAS 2 BED 2 BATH. UNIT#B: TYPE 2 (A1) 1 BED 1 BATH.,2025-04-11,2,1,2808 THRESH RD UNIT 2B,78754,1,NA,https://abc.austintexas.gov/web/permit/public-search-other?t_detail=1&t_selected_folderrsn=13499088,2808 THRESH ROAD UNIT 2B,NA,Austin,Texas,United States,1
13202 STABLER DR,Dexter 3317 C left New - 2 Story SFR CONDOMINUM w/ 4 bedrooms 3 bathrooms attached 2 car garage covered entry porch and patio FFE: 683.84 Site Plan: SP-2021-0328C Site Plan Exp.: 01/09/27 Max Bld height: 30 Actual Bld height: 30-0 required parking: 2.,2025-04-21,1,2,13202 STABLER DR,78652,5,NA,https://abc.austintexas.gov/web/permit/public-search-other?t_detail=1&t_selected_folderrsn=13502655,13202 STABLER DRIVE,NA,Austin,Texas,United States,1
2802 RANCHERO RD UNIT A,NEW CONDO REGIME - DUPLEX UNIT #A TYPE 4 (C1) 3 BED 2 BATH,2025-03-31,1,2,2802 RANCHERO RD UNIT A,78754,1,NA,https://abc.austintexas.gov/web/permit/public-search-other?t_detail=1&t_selected_folderrsn=13491908,2802 RANCHERO ROAD UNIT A,NA,Austin,Texas,United States,1
5109 BROOKDALE LN,New single-story SFR (4br/2.5ba) with attached garage covered patio and screened porch,2025-04-07,1,1,5109 BROOKDALE LN,78723,4,NA,https://abc.austintexas.gov/web/permit/public-search-other?t_detail=1&t_selected_folderrsn=13493931,5109 BROOKDALE LANE,NA,Austin,Texas,United States,1
2703 THRESH RD UNIT A,NEW CONDO REGIME - DUPLEX UNIT #A  TYPE 3 (B0.1)  2 BED 2 BATH,2025-03-31,1,1,2703 THRESH RD UNIT A,78754,1,NA,https://abc.austintexas.gov/web/permit/public-search-other?t_detail=1&t_selected_folderrsn=13491964,2703 THRESH ROAD UNIT A,NA,Austin,Texas,United States,1
3310 BOWMAN AVE,ePlan: Residential Expedited Review - New construction of a 2-StorySingle Family Res. [5bed 5.5bath] with attached Garage and Carport.,2025-04-21,1,2,3310 BOWMAN AVE,78703,10,NA,https://abc.austintexas.gov/web/permit/public-search-other?t_detail=1&t_selected_folderrsn=13504429,3310 BOWMAN AVE,NA,Austin,Texas,United States,1
2708 RANCHERO RD UNIT 3A,NEW CONDO REGIME - BLDG #3 DUPLEX UNIT #3A TYPE 2 (A1) 1 BED 1 BATH.,2025-04-11,2,1,2708 RANCHERO RD UNIT 3A,78754,1,NA,https://abc.austintexas.gov/web/permit/public-search-other?t_detail=1&t_selected_folderrsn=13499545,2708 RANCHERO ROAD UNIT 3A,NA,Austin,Texas,United States,1
1804 WEBBERVILLE RD UNIT B,ePlan: Residential Expedited Review - New construction of a THREE-UNIT RES. UNIT B 1-Story [3bed 3bath],2025-04-16,1,1,1804 WEBBERVILLE RD UNIT B,78721,1,NA,https://abc.austintexas.gov/web/permit/public-search-other?t_detail=1&t_selected_folderrsn=13468836,1804 WEBBERVILLE ROAD UNIT B,NA,Austin,Texas,United States,1
1103 KINNEY AVE,New 2-story 1 bedroom 1 bathroom dwelling unit w/ attached accessory structure.,2025-04-03,1,2,1103 KINNEY AVE,78704,9,NA,https://abc.austintexas.gov/web/permit/public-search-other?t_detail=1&t_selected_folderrsn=13494675,1103 KINNEY AVE,NA,Austin,Texas,United States,1
11104 CROSSBEAM DR UNIT 2B,NEW CONDO REGIME - BLDG #2  DUPLEX UNIT #2B TYPE 4 (C1) 3 BED 2 BATH,2025-03-31,1,2,11104 CROSSBEAM DR UNIT 2B,78754,1,NA,https://abc.austintexas.gov/web/permit/public-search-other?t_detail=1&t_selected_folderrsn=13492149,11104 CROSSBEAM DRIVE UNIT 2B,NA,Austin,Texas,United States,1
3701 STEVENSON AVE Unit A,"ePlan: Residential Expedited Review - New construction of a Duplex. 
New construction of a 2-Story Duplex [3bed 3bath] and Autofill Pool w/SPA. Unit A 
New construction of a 2-Story Duplex [1bed 2bath] with attached Garage. Unit B)",2025-04-08,2,2,3701 STEVENSON AVE,78703,10,NA,https://abc.austintexas.gov/web/permit/public-search-other?t_detail=1&t_selected_folderrsn=13497700,3701 AVE, STEVENSON,Austin,Texas,United States,1
2704 RANCHERO RD UNIT 2A,NEW CONDO REGIME - BLDG #2 DUPLEX UNIT #2ATYPE 2 (A1)1 BED 1 BATH,2025-04-11,1,1,2704 RANCHERO RD UNIT 2A,78754,1,NA,https://abc.austintexas.gov/web/permit/public-search-other?t_detail=1&t_selected_folderrsn=13499487,2704 RANCHERO ROAD UNIT 2A,NA,Austin,Texas,United States,1
11104 CROSSBEAM DR UNIT 2A,NEW CONDO REGIME - BLDG #2  DUPLEX UNIT #2A  TYPE 4 (C1.1) 3 ED 2 BATH,2025-03-31,1,2,11104 CROSSBEAM DR UNIT 2A,78754,1,NA,https://abc.austintexas.gov/web/permit/public-search-other?t_detail=1&t_selected_folderrsn=13492148,11104 CROSSBEAM DRIVE UNIT 2A,NA,Austin,Texas,United States,1
10101 MILKY WAY DR,New two-story SFR (5br/6ba) with attached garage covered patio and covered deck *PRODUCTION BUILDER- CONDO*,2025-04-08,1,2,10101 MILKY WAY DR,78730,10,NA,https://abc.austintexas.gov/web/permit/public-search-other?t_detail=1&t_selected_folderrsn=13496365,10101 MILKY WAY DRIVE,NA,Austin,Texas,United States,1
3102 FONTANA DR BLDG 2,Build 2 New 3 Story Dwelling with covered porch 3/3.5,2025-04-10,1,3,3102 FONTANA DR BLDG 2,78704,3,NA,https://abc.austintexas.gov/web/permit/public-search-other?t_detail=1&t_selected_folderrsn=13483443,3102 FONTANA DRIVE BLDG 2,NA,Austin,Texas,United States,1
1205 IGNACIO TREVINO ST,new detached 2-story condo,2025-04-28,1,2,1205 IGNACIO TREVINO ST,78702,3,NA,https://abc.austintexas.gov/web/permit/public-search-other?t_detail=1&t_selected_folderrsn=13405946,1205 IGNACIO TREVINO STREET,NA,Austin,Texas,United States,1
2708 THRESH ROAD Unit A *VOLUME BUILDER- CONDO DUPLEX*,NEW CONDO REGIME - DUPLEX UNIT #A TYPE 4 (C1)3 BED 3 BATH  UNIT #B TYPE 4 (C1.1) 3 BED 2 BATH,2025-04-09,2,2,2708 THRESH RD UNIT A,78754,1,NA,https://abc.austintexas.gov/web/permit/public-search-other?t_detail=1&t_selected_folderrsn=13497892,2708 THRESH ROAD UNIT A,NA,Austin,Texas,United States,1
2707 THRESH RD UNIT A,NEW CONDO REGIME -  DUPLEX UNIT #A TYPE 4 (C1.1)3 BED 2 BATH,2025-03-31,1,2,2707 THRESH RD UNIT A,78754,1,NA,https://abc.austintexas.gov/web/permit/public-search-other?t_detail=1&t_selected_folderrsn=13491981,2707 THRESH ROAD UNIT A,NA,Austin,Texas,United States,1
11102 BELL FARM RD UNIT A,NEW CONDO REGIME -DUPLEX. UNIT #A: TYPE 2 (B0) 2 BED 2 BATH.,2025-03-31,1,1,11102 BELL FARM RD UNIT A,78754,1,NA,https://abc.austintexas.gov/web/permit/public-search-other?t_detail=1&t_selected_folderrsn=13491764,11102 BELL FARM ROAD UNIT A,NA,Austin,Texas,United States,1
1704 E 18TH ST,New 1-story 1 bedroom 1 bathroom secondary dwelling unit with covered front porch screened porch and storage loft.,2025-04-16,1,2,1704 E 18TH ST,78702,1,NA,https://abc.austintexas.gov/web/permit/public-search-other?t_detail=1&t_selected_folderrsn=13360481,1704 EAST 18TH STREET,NA,Austin,Texas,United States,1
11102 CROSSBEAM DR UNIT 2B,NEW CONDO REGIME - BLDG #2 DUPLEX. UNIT #2A: TYPE 2 (B0) 2 BED 2 BATH. UNIT #2B: TYPE 2 (A1) 1 BED 1 BATH,2025-04-17,2,1,11102 CROSSBEAM DR UNIT 2B,78754,1,NA,https://abc.austintexas.gov/web/permit/public-search-other?t_detail=1&t_selected_folderrsn=13501563,11102 CROSSBEAM DRIVE UNIT 2B,NA,Austin,Texas,United States,1
11101 BARNWOOD RD Unit A *VOLUME BUILDER- CONDO DUPLEX*,NEW CONDO REGIME - DUPLEX UNIT #A TYPE 1 (A1.1) 1 BED 1 BATH  UNIT #B TYPE 2 (A1)  1 BED 1 BATH,2025-04-09,2,1,11101 BARNWOOD RD UNIT A,78754,1,NA,https://abc.austintexas.gov/web/permit/public-search-other?t_detail=1&t_selected_folderrsn=13497958,11101 BARNWOOD ROAD UNIT A,NA,Austin,Texas,United States,1
11002 BELL FARM RD UNIT B,NEW CONDO REGIME -  DUPLEX UNIT #B TYPE 1 (A1) 1 BED 1 BATH,2025-03-31,1,1,11002 BELL FARM RD UNIT B,78754,1,NA,https://abc.austintexas.gov/web/permit/public-search-other?t_detail=1&t_selected_folderrsn=13492700,11002 BELL FARM ROAD UNIT B,NA,Austin,Texas,United States,1
2709 THRESH RD UNIT A,NEW CONDO REGIME - DUPLEX. UNIT #A :TYPE 2 (B0) 2 BED 2 BATH,2025-03-31,1,1,2709 THRESH RD UNIT A,78754,1,NA,https://abc.austintexas.gov/web/permit/public-search-other?t_detail=1&t_selected_folderrsn=13492164,2709 THRESH ROAD UNIT A,NA,Austin,Texas,United States,1
13209 STABLER DR,Galloway 3312 B Left New - 2 Story SFR CONDOMINUM w/ 3 bedrooms 2 bathrooms attached 2 car garage covered entry porch and patio FFE: 682.56 Site Plan: SP-2021-0328C Site Plan Exp.: 01/09/27 Max Bld height: 21-10 Actual Bld height: 21-10 required parking: 2.,2025-04-28,1,2,13209 STABLER DR,78652,5,NA,https://abc.austintexas.gov/web/permit/public-search-other?t_detail=1&t_selected_folderrsn=13504353,13209 STABLER DRIVE,NA,Austin,Texas,United States,1
2702 THRESH RD Unit A *VOLUME BUILDER- CONDO DUPLEX*,NEW CONDO REGIME - DUPLEX UNIT #A TYPE 1 (A1.1) 1 BED 1 BATH  UNIT #B TYPE 1 (A1) 1 BED 1 BATH,2025-04-09,2,1,2702 THRESH RD UNIT A,78754,1,NA,https://abc.austintexas.gov/web/permit/public-search-other?t_detail=1&t_selected_folderrsn=13497819,2702 THRESH ROAD UNIT A,NA,Austin,Texas,United States,1
2803 THRESH RD UNIT B,NEW CONDO REGIME - DUPLEX UNIT #B TYPE 3 (B0.1) 2 BED 2 BATH,2025-03-28,1,1,2803 THRESH RD UNIT B,78754,1,NA,https://abc.austintexas.gov/web/permit/public-search-other?t_detail=1&t_selected_folderrsn=13491697,2803 THRESH ROAD UNIT B,NA,Austin,Texas,United States,1
2803 THRESH RD UNIT A,NEW CONDO REGIME - DUPLEX UNIT #A TYPE 3 (B0) 2 BED 2 BATH,2025-03-28,1,1,2803 THRESH RD UNIT A,78754,1,NA,https://abc.austintexas.gov/web/permit/public-search-other?t_detail=1&t_selected_folderrsn=13491696,2803 THRESH ROAD UNIT A,NA,Austin,Texas,United States,1
11103 CROSSBEAM DR UNIT B,NEW CONDO REGIME -DUPLEX UNIT #B TYPE 4 (C1) 3 BED 2 BATH,2025-03-31,1,2,11103 CROSSBEAM DR UNIT B,78754,1,NA,https://abc.austintexas.gov/web/permit/public-search-other?t_detail=1&t_selected_folderrsn=13491938,11103 CROSSBEAM DRIVE UNIT B,NA,Austin,Texas,United States,1
11101 BELL FARM RD UNIT A,NEW CONDO REGIME - DUPLEX UNIT #A TYPE 3 (B0.1) 2 BED 2 BATH,2025-04-07,1,1,11101 BELL FARM RD UNIT A,78754,1,NA,https://abc.austintexas.gov/web/permit/public-search-other?t_detail=1&t_selected_folderrsn=13493800,11101 BELL FARM ROAD UNIT A,NA,Austin,Texas,United States,1
2804 THRESH RD UNIT B,NEW CONDO REGIME -  DUPLEX. UNIT #B: TYPE 2 (A1) 1 BED 1 BATH.,2025-04-07,1,1,2804 THRESH RD UNIT B,78754,1,NA,https://abc.austintexas.gov/web/permit/public-search-other?t_detail=1&t_selected_folderrsn=13493718,2804 THRESH ROAD UNIT B,NA,Austin,Texas,United States,1
2804 RANCHERO RD UNIT A,NEW CONDO REGIME - DUPLEX UNIT #A TYPE 3 (B0) 2 BED 2 BATH,2025-03-31,1,1,2804 RANCHERO RD UNIT A,78754,1,NA,https://abc.austintexas.gov/web/permit/public-search-other?t_detail=1&t_selected_folderrsn=13491849,2804 RANCHERO ROAD UNIT A,NA,Austin,Texas,United States,1
2804 RANCHERO RD UNIT B,NEW CONDO REGIME - DUPLEX UNIT #B TYPE 3 (B0.1) 2 BED 2 BATH,2025-03-31,1,1,2804 RANCHERO RD UNIT B,78754,1,NA,https://abc.austintexas.gov/web/permit/public-search-other?t_detail=1&t_selected_folderrsn=13491850,2804 RANCHERO ROAD UNIT B,NA,Austin,Texas,United States,1
4406 EILERS AVE,New 2-story 4 bedroom 3.5 bathroom single family residence with covered front porch and trelliss.,2025-04-08,1,2,4406 EILERS AVE,78751,9,NA,https://abc.austintexas.gov/web/permit/public-search-other?t_detail=1&t_selected_folderrsn=13487978,4406 EILERS AVE,NA,Austin,Texas,United States,1
2704 THRESH RD UNIT B,NEW CONDO REGIME - DUPLEX UNIT #A TYPE 1 (A1) 1 BED 1 BATH  UNIT #B TYPE 1 (A1.1) 1 BED 1 BATH,2025-04-11,2,1,2704 THRESH RD UNIT B,78754,1,NA,https://abc.austintexas.gov/web/permit/public-search-other?t_detail=1&t_selected_folderrsn=13499684,2704 THRESH ROAD UNIT B,NA,Austin,Texas,United States,1
2706 RANCHERO RD UNIT 1B,NEW CONDO REGIME - BLDG #1 DUPLEX UNIT # 1B TYPE 3 (B0.1) 2 BED 2 BATH,2025-03-31,1,1,2706 RANCHERO RD UNIT 1B,78754,1,NA,https://abc.austintexas.gov/web/permit/public-search-other?t_detail=1&t_selected_folderrsn=13492260,2706 RANCHERO ROAD UNIT 1B,NA,Austin,Texas,United States,1
2800 THRESH RD UNIT A,NEW CONDO REGIME - DUPLEX UNIT #A TYPE 4 (C1.1)3 BED 2 BATH,2025-04-07,1,2,2800 THRESH RD UNIT A,78754,1,NA,https://abc.austintexas.gov/web/permit/public-search-other?t_detail=1&t_selected_folderrsn=13493681,2800 THRESH ROAD UNIT A,NA,Austin,Texas,United States,1
11105 BELL FARM RD Unit A *VOLUME BUILDER- CONDO DUPLEX*,NEW CONDO REGIME - DUPLEX. UNIT #A: TYPE 3 (B0.1) 2 BED 2 BATH. UNIT #B: TYPE 3 (B0) 2 BED 2 BATH.,2025-04-09,2,1,11105 BELL FARM RD UNIT A,78754,1,NA,https://abc.austintexas.gov/web/permit/public-search-other?t_detail=1&t_selected_folderrsn=13498694,11105 BELL FARM ROAD UNIT A,NA,Austin,Texas,United States,1
1804 WEBBERVILLE RD UNIT C,ePlan: Residential Expedited Review - New construction of a THREE-UNIT RES. UNIT C 1-Story [4bed 3bath],2025-04-16,1,1,1804 WEBBERVILLE RD UNIT C,78721,1,NA,https://abc.austintexas.gov/web/permit/public-search-other?t_detail=1&t_selected_folderrsn=13468837,1804 WEBBERVILLE ROAD UNIT C,NA,Austin,Texas,United States,1
4705 DEPEW AVE,ePlan: Residential Expedited Review - New construction of a 3-Story Single Family Res. [3bed 2.5bath] with Attached Carport. 4705 Depew Ave,2025-04-09,1,3,4705 DEPEW AVE,78751,9,NA,https://abc.austintexas.gov/web/permit/public-search-other?t_detail=1&t_selected_folderrsn=13498006,4705 DEPEW AVE,NA,Austin,Texas,United States,1
4422 HANK AVE,BLDG 1: Front residence New 2 story detached residence with 3 bedroom 2.5 bathroom 1-car garage covered porch. Part of 3-unit use,2025-04-18,1,2,4422 HANK AVE,78745,5,NA,https://abc.austintexas.gov/web/permit/public-search-other?t_detail=1&t_selected_folderrsn=13503003,4422 HANK AVE,NA,Austin,Texas,United States,1
3701 STEVENSON AVE UNIT B,"ePlan: Residential Expedited Review - New construction of a Duplex. 
New construction of a 2-Story Duplex [3bed 3bath] and Autofill Pool w/SPA. Unit A 
New construction of a 2-Story Duplex [1bed 2bath] with attached Garage. Unit B)",2025-04-08,2,2,3701 STEVENSON AVE UNIT B,78703,10,NA,https://abc.austintexas.gov/web/permit/public-search-other?t_detail=1&t_selected_folderrsn=13497701,3701 AVE UNIT B, STEVENSON,Austin,Texas,United States,1
202 W 55TH ST,New construction of detached 2-story accessory structure 1.5 bath,2025-04-17,1,2,202 W 55TH ST,78751,4,NA,https://abc.austintexas.gov/web/permit/public-search-other?t_detail=1&t_selected_folderrsn=13501689,202 WEST 55TH STREET,NA,Austin,Texas,United States,1
2709 THRESH RD UNIT B,NEW CONDO REGIME - DUPLEX. UNIT#B:  TYPE 2 (A1) 1 BED 1 BATH.,2025-03-31,1,1,2709 THRESH RD UNIT B,78754,1,NA,https://abc.austintexas.gov/web/permit/public-search-other?t_detail=1&t_selected_folderrsn=13492165,2709 THRESH ROAD UNIT B,NA,Austin,Texas,United States,1
4412 S 1ST ST BLDG 3,Building 3:  New Construction of detached 2-story residence 3 bedroom 3.5 bath 1-car carport. Part of 3-unit use.,2025-04-15,1,2,4412 S 1ST ST BLDG 3,78745,3,NA,https://abc.austintexas.gov/web/permit/public-search-other?t_detail=1&t_selected_folderrsn=13498471,4412 SOUTH 1ST STREET BLDG 3,NA,Austin,Texas,United States,1
52 NAVASOTA ST--BLDG 1,ePlan: Residential Expedited Review - New construction of a 3-Story Single Family Res. [3bed 2.5bath] with attached Carport. 52 Navasota Bldg 1,2025-04-23,1,3,52 NAVASOTA ST BLDG 1,78702,3,NA,https://abc.austintexas.gov/web/permit/public-search-other?t_detail=1&t_selected_folderrsn=13494557,52 NAVASOTA STREET BLDG 1,NA,Austin,Texas,United States,1
10905 BELL FARM RD UNIT B,NEW CONDO REGIME - DUPLEX UNIT #B TYPE 3 (B0) 2 BED 2 BATH,2025-04-29,2,1,10905 BELL FARM RD UNIT B,78754,1,NA,https://abc.austintexas.gov/web/permit/public-search-other?t_detail=1&t_selected_folderrsn=13509674,10905 BELL FARM ROAD UNIT B,NA,Austin,Texas,United States,1
2609 CARNARVON LN UNIT A,ePlan: Residential Expedited Review - New Two Story Duplex Unit A 2-story [4bed 2.5bath],2025-04-17,1,2,2609 CARNARVON LN UNIT A,78704,3,NA,https://abc.austintexas.gov/web/permit/public-search-other?t_detail=1&t_selected_folderrsn=13501991,2609 CARNARVON LANE UNIT A,NA,Austin,Texas,United States,1
5519 JACKIE ROBINSON ST BLDG 2,Unit 02 - New three-story detached single family residence. (3) bedroom (2.5) bathrooms attached 1 car garage. Floor plan type: The Roosevelt D-L-Elevation Option 2. Building Height 32ft-9 3/4in. Maximum Height 40ft. Site Plan #: SP-2020-0393CSH. Expiration Date: 04-13-2025,2025-04-02,1,3,5519 JACKIE ROBINSON ST BLDG 2,78721,1,NA,https://abc.austintexas.gov/web/permit/public-search-other?t_detail=1&t_selected_folderrsn=13383698,5519 JACKIE ROBINSON STREET BLDG 2,NA,Austin,Texas,United States,1
4706 CLARKSON AVE UNIT B,ePlan: Residential Expedited Review - New construction of a 2-Story Single Family Res. [3bed 2bath] with Attached Carport. 4706 Clarkson Unit B,2025-04-09,1,2,4706 CLARKSON AVE UNIT B,78751,9,NA,https://abc.austintexas.gov/web/permit/public-search-other?t_detail=1&t_selected_folderrsn=13498008,4706 CLARKSON AVE UNIT B,NA,Austin,Texas,United States,1
11104 CROSSBEAM DR Unit 1A *VOLUME BUILDER- CONDO DUPLEX*,NEW CONDO REGIME - BLDG #1 DUPLEX. UNIT #1A: TYPE 2 (B0) 2 BED 2 BATH. UNIT #1B: TYPE 2 (A1) 1 BED 1 BATH.,2025-04-09,2,1,11104 CROSSBEAM DR UNIT 1A,78754,1,NA,https://abc.austintexas.gov/web/permit/public-search-other?t_detail=1&t_selected_folderrsn=13498676,11104 CROSSBEAM DRIVE UNIT 1A,NA,Austin,Texas,United States,1
2808 THRESH RD Unit 1A *VOLUME BUILDER- CONDO DUPLEX*,NEW CONDO REGIME - BLDG #1 DUPLEX. UNIT #1A:TYPE 2 (A1) 1 BED 1 BATH. UNIT #1B: TYPE 2 (B0) 2 BED 2 BATH.,2025-04-09,2,1,2808 THRESH RD UNIT 1A,78754,1,NA,https://abc.austintexas.gov/web/permit/public-search-other?t_detail=1&t_selected_folderrsn=13497916,2808 THRESH ROAD UNIT 1A,NA,Austin,Texas,United States,1
6008 ADHARA PASS,New Condo - with 5 bedrooms 6 bathrooms covered patio on 1st and 2nd floor covered porch with 3 car garage. Building height 24 1-1/8. Maximum height 30. Required FFE: 1073.15-above MSL. Site Plan# SP-202-167086 Site Plan# SP-2020-0388C. Expiration Date: N/A,2025-04-22,1,2,6008 ADHARA PASS,78730,10,NA,https://abc.austintexas.gov/web/permit/public-search-other?t_detail=1&t_selected_folderrsn=13502449,6008 ADHARA PASS,NA,Austin,Texas,United States,1
4412 S 1ST ST BLDG 2,Building 2:  New Construction of detached 2-story residence 3 bedroom 3.5 bath 1-car carport. Part of 3-unit use.,2025-04-15,1,2,4412 S 1ST ST BLDG 2,78745,3,NA,https://abc.austintexas.gov/web/permit/public-search-other?t_detail=1&t_selected_folderrsn=13498470,4412 SOUTH 1ST STREET BLDG 2,NA,Austin,Texas,United States,1
2802 THRESH RD UNIT A,NEW CONDO REGIME - DUPLEX UNIT #A TYPE 4 (C1) 3 BED 2 BATH,2025-04-07,1,2,2802 THRESH RD UNIT A,78754,1,NA,https://abc.austintexas.gov/web/permit/public-search-other?t_detail=1&t_selected_folderrsn=13493699,2802 THRESH ROAD UNIT A,NA,Austin,Texas,United States,1
2802 THRESH RD UNIT B,NEW CONDO REGIME - DUPLEX UNIT #B TYPE 4 (C1.1) 3 BED 2 BATH,2025-04-07,1,2,2802 THRESH RD UNIT B,78754,1,NA,https://abc.austintexas.gov/web/permit/public-search-other?t_detail=1&t_selected_folderrsn=13493700,2802 THRESH ROAD UNIT B,NA,Austin,Texas,United States,1
2705 STRATFORD DR,New construction of an 2-story single family residence with 4 bedroom  3.5 bathroom   wetbar screened porch. 3-car garage is attached via covered outdoor stairwell & breezway.,2025-04-04,1,2,2705 STRATFORD DR,78746,8,NA,https://abc.austintexas.gov/web/permit/public-search-other?t_detail=1&t_selected_folderrsn=13495874,2705 STRATFORD DRIVE,NA,Austin,Texas,United States,1
3102 FONTANA DR BLDG 1 UNIT 1B,Duplex Unit B Two Story Dwelling with carport,2025-04-10,2,2,3102 FONTANA DR BLDG 1 UNIT 1B,78704,3,NA,https://abc.austintexas.gov/web/permit/public-search-other?t_detail=1&t_selected_folderrsn=13483442,3102 FONTANA DRIVE BLDG 1 UNIT 1B,NA,Austin,Texas,United States,1
7813 TEXAS PLUME RD,New construction of 2 story SFR,2025-04-15,1,2,7813 TEXAS PLUME RD,78759,10,NA,https://abc.austintexas.gov/web/permit/public-search-other?t_detail=1&t_selected_folderrsn=13497333,7813 TEXAS PLUME ROAD,NA,Austin,Texas,United States,1
2806 RANCHERO RD UNIT B,NEW CONDO REGIME - DUPLEX UNIT #B TYPE 3 (B0.1) 2 BED 2 BATH,2025-03-31,1,1,2806 RANCHERO RD UNIT B,78754,1,NA,https://abc.austintexas.gov/web/permit/public-search-other?t_detail=1&t_selected_folderrsn=13491820,2806 RANCHERO ROAD UNIT B,NA,Austin,Texas,United States,1
6006 MOONDUST LN,New SFR condo w/ 5 bedrooms 5.5 bathrooms covered patio and attached garage.,2025-04-14,1,2,6006 MOONDUST LN,78730,10,NA,https://abc.austintexas.gov/web/permit/public-search-other?t_detail=1&t_selected_folderrsn=13500004,6006 MOONDUST LANE,NA,Austin,Texas,United States,1
2801 THRESH RD UNIT B,NEW CONDO REGIME - DUPLEX  UNIT #B TYPE 1 (A1) 1 BED 1 BATH,2025-03-28,1,1,2801 THRESH RD UNIT B,78754,1,NA,https://abc.austintexas.gov/web/permit/public-search-other?t_detail=1&t_selected_folderrsn=13491651,2801 THRESH ROAD UNIT B,NA,Austin,Texas,United States,1
10906 BELL FARM RD UNIT B,NEW CONDO REGIME - DUPLEX UNIT #B TYPE 3 (B0.1) 2 BED 2 BATH,2025-03-31,1,1,10906 BELL FARM RD UNIT B,78754,1,NA,https://abc.austintexas.gov/web/permit/public-search-other?t_detail=1&t_selected_folderrsn=13492686,10906 BELL FARM ROAD UNIT B,NA,Austin,Texas,United States,1
1176 OAK GROVE AVE,Expedited Review - New Construction of a 2-Story Single Family Res. [3bed 2.5bath] with attached 1-car Garage,2025-04-03,1,2,1176 OAK GROVE AVE,78702,1,NA,https://abc.austintexas.gov/web/permit/public-search-other?t_detail=1&t_selected_folderrsn=12949827,1176 OAK GROVE AVE,NA,Austin,Texas,United States,1
52 NAVASOTA ST--BLDG 2,ePlan: Residential Expedited Review - New construction of a 3-Story Single Family Res. [3bed 2.5bath] with attached Carport. 52 Navasota Bldg 2,2025-04-23,1,3,52 NAVASOTA ST BLDG 2,78702,3,NA,https://abc.austintexas.gov/web/permit/public-search-other?t_detail=1&t_selected_folderrsn=13494556,52 NAVASOTA STREET BLDG 2,NA,Austin,Texas,United States,1
2801 THRESH RD UNIT A,NEW CONDO REGIME - DUPLEX UNIT #A  TYPE 1 (A1.1) 1 BED 1 BATH,2025-03-28,1,1,2801 THRESH RD UNIT A,78754,1,NA,https://abc.austintexas.gov/web/permit/public-search-other?t_detail=1&t_selected_folderrsn=13491650,2801 THRESH ROAD UNIT A,NA,Austin,Texas,United States,1
11002 BELL FARM RD UNIT A,NEW CONDO REGIME -  DUPLEX UNIT #A  TYPE 1 (A1.1) 1 BED 1 BATH,2025-03-31,1,1,11002 BELL FARM RD UNIT A,78754,1,NA,https://abc.austintexas.gov/web/permit/public-search-other?t_detail=1&t_selected_folderrsn=13492699,11002 BELL FARM ROAD UNIT A,NA,Austin,Texas,United States,1
1303 SNOWY FOX CT,Building 1303 Snowy Fox Ct New 2 unit 3 story  2/2.5,2025-04-18,2,3,1303 SNOWY FOX CT,78721,1,NA,https://abc.austintexas.gov/web/permit/public-search-other?t_detail=1&t_selected_folderrsn=13489718,1303 SNOWY FOX CT,NA,Austin,Texas,United States,1
10905 BELL FARM RD UNIT A,NEW CONDO REGIME - DUPLEX UNIT #A TYPE 3 (B0.1) 2 BED 2 BATH,2025-04-29,2,1,10905 BELL FARM RD UNIT A,78754,1,NA,https://abc.austintexas.gov/web/permit/public-search-other?t_detail=1&t_selected_folderrsn=13509673,10905 BELL FARM ROAD UNIT A,NA,Austin,Texas,United States,1
3102 FONTANA DR BLDG 1 UNIT 1A,Unit A1 New two-story duplex and new three-story SFR with covered parking/patios *HOME AMENDMENT* 3/2.5 Carport,2025-04-10,2,2,3102 FONTANA DR BLDG 1 UNIT 1A,78704,3,NA,https://abc.austintexas.gov/web/permit/public-search-other?t_detail=1&t_selected_folderrsn=13483441,3102 FONTANA DRIVE BLDG 1 UNIT 1A,NA,Austin,Texas,United States,1
3309 LARRY LN BLDG 1,New 2-story 3 bedroom 2.5 bathroom dwelling unit with attached carport covered front porch and rear covered patio.,2025-04-18,1,2,3309 LARRY LN BLDG 1,78722,9,NA,https://abc.austintexas.gov/web/permit/public-search-other?t_detail=1&t_selected_folderrsn=13501883,3309 LARRY LANE BLDG 1,NA,Austin,Texas,United States,1
1102 CHARLOTTE ST,"Expedited Review: New Construction of a 2-Story Single Family Res [4bed 4bath] with attached 1-Car Garage and habitable basement

EDIT LS 11/7/25 HABITABLE ATTIC NO BASEMENT",2025-04-25,1,2,1102 CHARLOTTE ST,78703,9,NA,https://abc.austintexas.gov/web/permit/public-search-other?t_detail=1&t_selected_folderrsn=13180641,1102 CHARLOTTE STREET,NA,Austin,Texas,United States,1
1802 RALEIGH AVE,New construction of a 3-Story Single Family Res. [5bed 5.5bath] with Habitable Attic attached Garage/Carport.,2025-03-26,1,3,1802 RALEIGH AVE,78703,10,NA,https://abc.austintexas.gov/web/permit/public-search-other?t_detail=1&t_selected_folderrsn=13490233,1802 RALEIGH AVE,NA,Austin,Texas,United States,1
2807 RANCHERO RD UNIT B,NEW CONDO REGIME -  DUPLEX UNIT #B TYPE 1 (A1) 1 BED 1 BATH,2025-04-29,2,1,2807 RANCHERO RD UNIT B,78754,1,NA,https://abc.austintexas.gov/web/permit/public-search-other?t_detail=1&t_selected_folderrsn=13509648,2807 RANCHERO ROAD UNIT B,NA,Austin,Texas,United States,1
2706 RANCHERO RD UNIT 3A,NEW CONDO REGIME - BLDG #3  DUPLEX UNIT #3A : TYPE 2 (BO) 2 BED 2 BATH,2025-04-11,2,1,2706 RANCHERO RD UNIT 3A,78754,1,NA,https://abc.austintexas.gov/web/permit/public-search-other?t_detail=1&t_selected_folderrsn=13499513,2706 RANCHERO ROAD UNIT 3A,NA,Austin,Texas,United States,1
11103 CROSSBEAM DR UNIT A,NEW CONDO REGIME -DUPLEX UNIT #A TYPE 4 (C1.1) 3 BED 2 BATH,2025-03-31,1,2,11103 CROSSBEAM DR UNIT A,78754,1,NA,https://abc.austintexas.gov/web/permit/public-search-other?t_detail=1&t_selected_folderrsn=13491937,11103 CROSSBEAM DRIVE UNIT A,NA,Austin,Texas,United States,1
3309 LARRY LN BLDG 2,New 2-story 3 bedroom 2.5 bathroom dwelling unit with covered porches.,2025-04-18,1,2,3309 LARRY LN BLDG 2,78722,9,NA,https://abc.austintexas.gov/web/permit/public-search-other?t_detail=1&t_selected_folderrsn=13501884,3309 LARRY LANE BLDG 2,NA,Austin,Texas,United States,1
11107 BELL FARM RD Unit A *VOLUME BUILDER- CONDO DUPLEX*,NEW CONDO REGIME -  DUPLEX UNIT #A TYPE 1 (A1.1) 1 BED 1 BATH UNIT#B TYPE 2 (A1) 1 BED 1 BATH,2025-04-09,2,1,11107 BELL FARM RD UNIT A,78754,1,NA,https://abc.austintexas.gov/web/permit/public-search-other?t_detail=1&t_selected_folderrsn=13498718,11107 BELL FARM ROAD UNIT A,NA,Austin,Texas,United States,1
2708 RANCHERO RD UNIT 3B,NEW CONDO REGIME -BLDG #3 DUPLEX UNIT #3B TYPE 2 (B0) 2 BED 2 BATH.,2025-04-11,2,1,2708 RANCHERO RD UNIT 3B,78754,1,NA,https://abc.austintexas.gov/web/permit/public-search-other?t_detail=1&t_selected_folderrsn=13499546,2708 RANCHERO ROAD UNIT 3B,NA,Austin,Texas,United States,1
11104 CROSSBEAM DRIVE Unit 3B,NEW CONDO REGIME - BLDG #3  DUPLEX UNIT #3A  TYPE 3 (B0.1) 2 BED 2 BATH UNIT #3B TYPE 3 (B0) 2 BED 2 BATH,2025-04-17,2,1,11104 CROSSBEAM DR UNIT 3B,78754,1,NA,https://abc.austintexas.gov/web/permit/public-search-other?t_detail=1&t_selected_folderrsn=13501598,11104 CROSSBEAM DRIVE UNIT 3B,NA,Austin,Texas,United States,1
2708 THRESH RD UNIT B,NEW CONDO REGIME - DUPLEX UNIT #A TYPE 4 (C1)3 BED 3 BATH  UNIT #B TYPE 4 (C1.1) 3 BED 2 BATH,2025-04-11,2,2,2708 THRESH RD UNIT B,78754,1,NA,https://abc.austintexas.gov/web/permit/public-search-other?t_detail=1&t_selected_folderrsn=13499068,2708 THRESH ROAD UNIT B,NA,Austin,Texas,United States,1
6002 SILENT NOVA VW,New construction of SFR Condo with 5 beds 6ths covered rear porch patio and deck 3 car garage,2025-04-22,1,2,6002 SILENT NOVA VW,78730,10,NA,https://abc.austintexas.gov/web/permit/public-search-other?t_detail=1&t_selected_folderrsn=13503119,6002 SILENT NOVA VW,NA,Austin,Texas,United States,1
4308 HANK AVE BLDG 2,"ePlan: Residential Expedited Review - New construction of a 2-Story Single Family Res. [2bed 2.5bath] with attached 
Carport. Bldg 2",2025-04-14,1,3,4308 HANK AVE BLDG 2,78745,5,NA,https://abc.austintexas.gov/web/permit/public-search-other?t_detail=1&t_selected_folderrsn=13479674,4308 HANK AVE BLDG 2,NA,Austin,Texas,United States,1
11104 CROSSBEAM DR UNIT 3A,NEW CONDO REGIME - BLDG #3  DUPLEX UNIT #3A  TYPE 3 (B0.1) 2 BED 2 BATH UNIT #3B TYPE 3 (B0) 2 BED 2 BATH,2025-04-17,2,1,11104 CROSSBEAM DR UNIT 3A,78754,1,NA,https://abc.austintexas.gov/web/permit/public-search-other?t_detail=1&t_selected_folderrsn=13501597,11104 CROSSBEAM DRIVE UNIT 3A,NA,Austin,Texas,United States,1
2706 THRESH RD Unit A *VOLUME BUILDER- CONDO DUPLEX*,NEW CONDO REGIME -  DUPLEX UNIT #A TYPE 4 (C1.1) 2 BED 2 BATH  UNIT #B TYPE 4 (C1) 3 BED 2 BATH,2025-04-09,2,2,2706 THRESH RD UNIT A,78754,1,NA,https://abc.austintexas.gov/web/permit/public-search-other?t_detail=1&t_selected_folderrsn=13497877,2706 THRESH ROAD UNIT A,NA,Austin,Texas,United States,1
2807 THRESH RD UNIT A,NEW CONDO REGIME  DUPLEX. UNIT #A: TYPE 2 (B0) 2 BED 2 BATH.,2025-03-31,1,1,2807 THRESH RD UNIT A,78754,1,NA,https://abc.austintexas.gov/web/permit/public-search-other?t_detail=1&t_selected_folderrsn=13491742,2807 THRESH ROAD UNIT A,NA,Austin,Texas,United States,1
2420 DREW LN BLDG 3,Bldg 3: New construction of a 2-story detached residence  with 2 bedroom 2.5 bathroom 1 car garage Part of 3 unit use.,2025-04-30,1,2,2420 DREW LN BLDG 3,78748,5,NA,https://abc.austintexas.gov/web/permit/public-search-other?t_detail=1&t_selected_folderrsn=13510403,2420 DREW LANE BLDG 3,NA,Austin,Texas,United States,1
1609 CANTERBURY ST--UNIT 2B,ePlan: Residential Expedited Review - New construction of a 3-Story Duplex [2bed 2.5bath] with attached Carport. Unit 2B,2025-04-02,1,3,1609 CANTERBURY ST UNIT 2B,78702,3,NA,https://abc.austintexas.gov/web/permit/public-search-other?t_detail=1&t_selected_folderrsn=13479391,1609 CANTERBURY STREET UNIT 2B,NA,Austin,Texas,United States,1
4308 HANK AVE BLDG 3,"ePlan: Residential Expedited Review - New construction of a 2-Story Single Family Res. [2bed 2.5bath] with attached 
Carport. Bldg 3",2025-04-14,1,3,4308 HANK AVE BLDG 3,78745,5,NA,https://abc.austintexas.gov/web/permit/public-search-other?t_detail=1&t_selected_folderrsn=13479676,4308 HANK AVE BLDG 3,NA,Austin,Texas,United States,1
1104 FIESTA ST--BLDG 1,Bldg #1 New 2-Story dwelling unit 4 Bed/3 Bath attached garage covered porch (Two-Unit property use),2025-04-16,1,2,1104 FIESTA ST BLDG 1,78702,3,NA,https://abc.austintexas.gov/web/permit/public-search-other?t_detail=1&t_selected_folderrsn=13388074,1104 FIESTA STREET BLDG 1,NA,Austin,Texas,United States,1
2703 THRESH RD UNIT B,NEW CONDO REGIME - DUPLEX Unit #B TYPE 3 (B0) 2 BED 2 BATH,2025-03-31,1,1,2703 THRESH RD UNIT B,78754,1,NA,https://abc.austintexas.gov/web/permit/public-search-other?t_detail=1&t_selected_folderrsn=13491965,2703 THRESH ROAD UNIT B,NA,Austin,Texas,United States,1
79 ST STEPHENS SCHOOL RD,ePlan: Residential Expedited Review - New 2-story Single Family Residential [4bed 6bath] with attached garage and basement.,2025-04-23,1,2,79 ST STEPHENS SCHOOL RD,78746,10,NA,https://abc.austintexas.gov/web/permit/public-search-other?t_detail=1&t_selected_folderrsn=13505009,79 STREET SCHOOL ROAD, STEPHENS,Austin,Texas,United States,1
11105 BELL FARM RD UNIT B,NEW CONDO REGIME - DUPLEX. UNIT #A: TYPE 3 (B0.1) 2 BED 2 BATH. UNIT #B: TYPE 3 (B0) 2 BED 2 BATH.,2025-04-11,2,1,11105 BELL FARM RD UNIT B,78754,1,NA,https://abc.austintexas.gov/web/permit/public-search-other?t_detail=1&t_selected_folderrsn=13499160,11105 BELL FARM ROAD UNIT B,NA,Austin,Texas,United States,1
2409 E 11TH ST--BLDG 1,ePlan: Residential Expedited Review - New construction of a TWO-UNIT RES. UNIT 1 2-Story [3bed 2.5bath] with attached Garage,2025-04-21,1,2,2409 E 11TH ST BLDG 1,78702,1,NA,https://abc.austintexas.gov/web/permit/public-search-other?t_detail=1&t_selected_folderrsn=13500010,2409 EAST 11TH STREET BLDG 1,NA,Austin,Texas,United States,1
11107 BELL FARM RD UNIT B,NEW CONDO REGIME -  DUPLEX UNIT #A TYPE 1 (A1.1) 1 BED 1 BATH UNIT#B TYPE 2 (A1) 1 BED 1 BATH,2025-04-11,2,1,11107 BELL FARM RD UNIT B,78754,1,NA,https://abc.austintexas.gov/web/permit/public-search-other?t_detail=1&t_selected_folderrsn=13498865,11107 BELL FARM ROAD UNIT B,NA,Austin,Texas,United States,1
2414 DREW LN BLDG 4,Building 4   New construction of 2 story residence with  3 bedroom 2.5 bath.  Part of 3 unit use.  Four properties sharing a driveway each w/ three units.,2025-04-09,1,2,2414 DREW LN BLDG 4,78748,5,NA,https://abc.austintexas.gov/web/permit/public-search-other?t_detail=1&t_selected_folderrsn=13498426,2414 DREW LANE BLDG 4,NA,Austin,Texas,United States,1
4422 HANK AVE,BLDG 2: middle residence New 2 story detached residence with 2 bedroom 2.5 bathroom. Part of 3-unit use.,2025-04-18,1,2,4422 HANK AVE,78745,5,NA,https://abc.austintexas.gov/web/permit/public-search-other?t_detail=1&t_selected_folderrsn=13503004,4422 HANK AVE,NA,Austin,Texas,United States,1
13204 STABLER DR,Randall. 3314 C Right New - SFR CONDOMINIUM w/ 3 bedrooms 2.5 bathrooms attached 2 car garage covered entry porch and patio FFE: 683.84 Site Plan: SP-2021-0328C Site Plan EXP.: 01/09/27 Max Bld height: 30 -9 Actual Bld height: 30-9 required parking: 2.,2025-04-21,1,2,13204 STABLER DR,78652,5,NA,https://abc.austintexas.gov/web/permit/public-search-other?t_detail=1&t_selected_folderrsn=13502661,13204 STABLER DRIVE,NA,Austin,Texas,United States,1
4903 HILLDALE DR,New construction of 1 story SFR,2025-04-07,1,1,4903 HILLDALE DR,78723,1,NA,https://abc.austintexas.gov/web/permit/public-search-other?t_detail=1&t_selected_folderrsn=13491145,4903 HILLDALE DRIVE,NA,Austin,Texas,United States,1
1208 BRENTWOOD ST BLDG 1,Bldg 1 (west building) : New 2-Story [4 bed 4 bath] detached residence with attached 1-car Garage.  Part of two-unit use. driveway & sidewalk permit included,2025-04-30,1,2,1208 BRENTWOOD ST BLDG 1,78757,7,NA,https://abc.austintexas.gov/web/permit/public-search-other?t_detail=1&t_selected_folderrsn=13354103,1208 BRENTWOOD STREET BLDG 1,NA,Austin,Texas,United States,1
13208 STABLER DR,Dexter 3317 B Right New - 2 Story SFR CONDOMINUM w/ 4 bedrooms 3 bathrooms attached 2 car garage covered entry porch and patio FFE: 682.38 Site Plan: SP-2021-0328C Site Plan Exp.: 01/09/27 Max Bld height: 28 Actual Bld height: 27-6 required parking: 2.,2025-04-28,1,2,13208 STABLER DR,78652,5,NA,https://abc.austintexas.gov/web/permit/public-search-other?t_detail=1&t_selected_folderrsn=13504310,13208 STABLER DRIVE,NA,Austin,Texas,United States,1
11102 CROSSBEAM DR UNIT 2A,NEW CONDO REGIME - BLDG #2 DUPLEX. UNIT #2A: TYPE 2 (B0) 2 BED 2 BATH. UNIT #2B: TYPE 2 (A1) 1 BED 1 BATH,2025-04-17,2,1,11102 CROSSBEAM DR UNIT 2A,78754,1,NA,https://abc.austintexas.gov/web/permit/public-search-other?t_detail=1&t_selected_folderrsn=13501562,11102 CROSSBEAM DRIVE UNIT 2A,NA,Austin,Texas,United States,1
2706 THRESH RD UNIT B,NEW CONDO REGIME -  DUPLEX UNIT #A TYPE 4 (C1.1) 2 BED 2 BATH  UNIT #B TYPE 4 (C1) 3 BED 2 BATH,2025-04-11,2,2,2706 THRESH RD UNIT B,78754,1,NA,https://abc.austintexas.gov/web/permit/public-search-other?t_detail=1&t_selected_folderrsn=13498929,2706 THRESH ROAD UNIT B,NA,Austin,Texas,United States,1
1804 WEBBERVILLE RD UNIT A,ePlan: Residential Expedited Review - New construction of a THREE-UNIT RES. UNIT A 2-Story [3bed 1.5bath],2025-04-16,1,2,1804 WEBBERVILLE RD UNIT A,78721,1,NA,https://abc.austintexas.gov/web/permit/public-search-other?t_detail=1&t_selected_folderrsn=13468835,1804 WEBBERVILLE ROAD UNIT A,NA,Austin,Texas,United States,1
2805 THRESH RD UNIT A,NEW CONDO REGIME - DUPLEX UNIT #A TYPE 3 (B0.1) 2 BED 2 BATH,2025-03-31,1,1,2805 THRESH RD UNIT A,78754,1,NA,https://abc.austintexas.gov/web/permit/public-search-other?t_detail=1&t_selected_folderrsn=13491714,2805 THRESH ROAD UNIT A,NA,Austin,Texas,United States,1
11103 BELL FARM RD Unit A *VOLUME BUILDER- CONDO DUPLEX*,NEW CONDO REGIME -  UNIT #702 DUPLEX UNIT #A TYPE 1 (A1.1) 1 BED 1 BATH UNIT #B TYPE 1 (A1) 1 BED 1 BATH,2025-04-09,2,1,11103 BELL FARM RD UNIT A,78754,1,NA,https://abc.austintexas.gov/web/permit/public-search-other?t_detail=1&t_selected_folderrsn=13498646,11103 BELL FARM ROAD UNIT A,NA,Austin,Texas,United States,1
2707 THRESH RD UNIT B,NEW CONDO REGIME -  DUPLEX  UNIT #B TYPE 4 (C1)  3 BED 2 BATH,2025-03-31,1,2,2707 THRESH RD UNIT B,78754,1,NA,https://abc.austintexas.gov/web/permit/public-search-other?t_detail=1&t_selected_folderrsn=13491982,2707 THRESH ROAD UNIT B,NA,Austin,Texas,United States,1
11103 BELL FARM RD UNIT B,NEW CONDO REGIME -  UNIT #702 DUPLEX UNIT #A TYPE 1 (A1.1) 1 BED 1 BATH UNIT #B TYPE 1 (A1) 1 BED 1 BATH,2025-04-11,2,1,11103 BELL FARM RD UNIT B,78754,1,NA,https://abc.austintexas.gov/web/permit/public-search-other?t_detail=1&t_selected_folderrsn=13499706,11103 BELL FARM ROAD UNIT B,NA,Austin,Texas,United States,1
2700 THRESH RD Unit A *VOLUME BUILDER- CONDO DUPLEX*,NEW CONDO REGIME - DUPLEX UNIT #A  TYPE 1 (A1) 1 BED 1 BATH  UNIT #B TYPE 1 9 (A1.1)1 BED 1 BATH,2025-04-09,2,1,2700 THRESH RD UNIT A,78754,1,NA,https://abc.austintexas.gov/web/permit/public-search-other?t_detail=1&t_selected_folderrsn=13497713,2700 THRESH ROAD UNIT A,NA,Austin,Texas,United States,1
11105 CROSSBEAM DR UNIT A,NEW CONDO REGIME -DUPLEX UNIT #A TYPE 1 (A1) 1 BED 1 BATH,2025-03-28,1,1,11105 CROSSBEAM DR UNIT A,78754,1,NA,https://abc.austintexas.gov/web/permit/public-search-other?t_detail=1&t_selected_folderrsn=13491674,11105 CROSSBEAM DRIVE UNIT A,NA,Austin,Texas,United States,1
1609 CANTERBURY ST--BLDG 1,ePlan: Residential Expedited Review - New construction of a 3-Story Single Family Res. [3bed 5.5bath] with attached Carport. Bldg 1,2025-04-02,1,3,1609 CANTERBURY ST BLDG 1,78702,3,NA,https://abc.austintexas.gov/web/permit/public-search-other?t_detail=1&t_selected_folderrsn=13479389,1609 CANTERBURY STREET BLDG 1,NA,Austin,Texas,United States,1
2103 S L DAVIS AVE--UNIT 2A (LEFT),ePlan: Residential Expedited Review - New construction of a 3-Story Duplex [3bed 3bath] with attached Carport. Unit 2A,2025-04-03,1,3,2103 S L DAVIS AVE UNIT 2A,78702,1,NA,https://abc.austintexas.gov/web/permit/public-search-other?t_detail=1&t_selected_folderrsn=13490049,2103 SOUTH L DAVIS AVE UNIT 2A,NA,Austin,Texas,United States,1
2704 THRESH RD Unit A *VOLUME BUILDER- CONDO DUPLEX*,NEW CONDO REGIME - DUPLEX UNIT #A TYPE 1 (A1) 1 BED 1 BATH  UNIT #B TYPE 1 (A1.1) 1 BED 1 BATH,2025-04-09,2,1,2704 THRESH RD UNIT A,78754,1,NA,https://abc.austintexas.gov/web/permit/public-search-other?t_detail=1&t_selected_folderrsn=13497839,2704 THRESH ROAD UNIT A,NA,Austin,Texas,United States,1
13211 STABLER DR,Brahman 3318 A Left New - 2 Story SFR CONDOMINUM w/ 4 bedrooms 2.5 bathrooms attached 2 car garage covered entry porch and patio FFE: 682.34 Site Plan: SP-2021-0328C Site Plan Exp.: 01/09/27 Max Bld height: 28-10 Actual Bld height: 28-10 required parking: 2.,2025-04-28,1,2,13211 STABLER DR,78652,5,NA,https://abc.austintexas.gov/web/permit/public-search-other?t_detail=1&t_selected_folderrsn=13507136,13211 STABLER DRIVE,NA,Austin,Texas,United States,1
2409 E 11TH ST--BLDG 2,ePlan: Residential Expedited Review - New construction of a TWO-UNIT RES. UNIT 2 2-Story [2bed 2.5bath] with attached Carport,2025-04-21,1,2,2409 E 11TH ST BLDG 2,78702,1,NA,https://abc.austintexas.gov/web/permit/public-search-other?t_detail=1&t_selected_folderrsn=13500011,2409 EAST 11TH STREET BLDG 2,NA,Austin,Texas,United States,1
13206 STABLER DR,Highland 3313 C Right New - 1 Story SFR CONDOMINUM w/ 4 bedrooms 2 bathrooms attached 2 car garage covered entry porch and patio FFE: 682.61 Site Plan: SP-2021-0328C Site Plan Exp.: 01/09/27 Max Bld height: 26 Actual Bld height: 25-5 required parking: 2.,2025-04-28,1,1,13206 STABLER DR,78652,5,NA,https://abc.austintexas.gov/web/permit/public-search-other?t_detail=1&t_selected_folderrsn=13504278,13206 STABLER DRIVE,NA,Austin,Texas,United States,1
2414 DREW LN BLDG 2,Building 2  frontmost west building New construction of 2 story residence with 1-car garage 3 bedroom 2.5 bath.  Part of 3 unit use.  Four properties each w/ three units sharing a driveway.,2025-04-09,1,2,2414 DREW LN BLDG 2,78748,5,NA,https://abc.austintexas.gov/web/permit/public-search-other?t_detail=1&t_selected_folderrsn=13498425,2414 DREW LANE BLDG 2,NA,Austin,Texas,United States,1
2805 THRESH RD UNIT B,NEW CONDO REGIME - DUPLEX UNIT #B TYPE 3 (B0) 2 BED 2 BATH,2025-03-31,1,1,2805 THRESH RD UNIT B,78754,1,NA,https://abc.austintexas.gov/web/permit/public-search-other?t_detail=1&t_selected_folderrsn=13491715,2805 THRESH ROAD UNIT B,NA,Austin,Texas,United States,1
2800 THRESH RD UNIT B,NEW CONDO REGIME - DUPLEX UNIT #B TYPE 4 (C1) 3 BED 2 BATH,2025-04-07,1,2,2800 THRESH RD UNIT B,78754,1,NA,https://abc.austintexas.gov/web/permit/public-search-other?t_detail=1&t_selected_folderrsn=13493682,2800 THRESH ROAD UNIT B,NA,Austin,Texas,United States,1
1109 VARGAS RD,New 2-story 2 bedroom two bathroom dwelling unit with covered porch.,2025-04-08,1,2,1109 VARGAS RD,78741,3,NA,https://abc.austintexas.gov/web/permit/public-search-other?t_detail=1&t_selected_folderrsn=13486783,1109 VARGAS ROAD,NA,Austin,Texas,United States,1
13210 STABLER DR,Highland 3313 A Right New - 1 Story CONDOMINIUM w/ 3 bedrooms 2 bathrooms attached 2 car garage covered entry porch and patio FFE: 682.06 Site Plan: SP-2021-0328C Site Plan Exp.: 01/09/27 Max Bldg height: 21 - 10 required parking: 2.,2025-04-28,1,2,13210 STABLER DR,78652,5,NA,https://abc.austintexas.gov/web/permit/public-search-other?t_detail=1&t_selected_folderrsn=13508048,13210 STABLER DRIVE,NA,Austin,Texas,United States,1
2806 RANCHERO RD UNIT A,NEW CONDO REGIME - DUPLEX UNIT #A TYPE 3 (B0) 2 BED 2 BATH,2025-03-31,1,1,2806 RANCHERO RD UNIT A,78754,1,NA,https://abc.austintexas.gov/web/permit/public-search-other?t_detail=1&t_selected_folderrsn=13491819,2806 RANCHERO ROAD UNIT A,NA,Austin,Texas,United States,1
2802 RANCHERO RD UNIT B,NEW CONDO REGIME - DUPLEX  UNIT #B TYPE 4  (C1.1) 3 BED 2 BATH,2025-03-31,1,2,2802 RANCHERO RD UNIT B,78754,1,NA,https://abc.austintexas.gov/web/permit/public-search-other?t_detail=1&t_selected_folderrsn=13491909,2802 RANCHERO ROAD UNIT B,NA,Austin,Texas,United States,1
11101 BARNWOOD RD UNIT B,NEW CONDO REGIME - DUPLEX UNIT #A TYPE 1 (A1.1) 1 BED 1 BATH  UNIT #B TYPE 2 (A1)  1 BED 1 BATH,2025-04-11,2,1,11101 BARNWOOD RD UNIT B,78754,1,NA,https://abc.austintexas.gov/web/permit/public-search-other?t_detail=1&t_selected_folderrsn=13499311,11101 BARNWOOD ROAD UNIT B,NA,Austin,Texas,United States,1
11105 CROSSBEAM DR UNIT B,NEW CONDO REGIME -DUPLEX UNIT #B TYPE (A1.1) 1 BED 1 BATH,2025-03-28,1,1,11105 CROSSBEAM DR UNIT B,78754,1,NA,https://abc.austintexas.gov/web/permit/public-search-other?t_detail=1&t_selected_folderrsn=13491675,11105 CROSSBEAM DRIVE UNIT B,NA,Austin,Texas,United States,1
10907 BELL FARM RD UNIT A,NEW CONDO REGIME - DUPLEX UNIT #A TYPE 4 (C1.1) 3 BED 2 BATH,2025-04-07,1,2,10907 BELL FARM RD UNIT A,78754,1,NA,https://abc.austintexas.gov/web/permit/public-search-other?t_detail=1&t_selected_folderrsn=13493770,10907 BELL FARM ROAD UNIT A,NA,Austin,Texas,United States,1
2706 RANCHERO RD UNIT 3B,NEW CONDO REGIME - BLDG #3  DUPLEX UNIT #3B TYPE 2 (A1) 1 BED 1 BATH,2025-04-11,2,1,2706 RANCHERO RD UNIT 3B,78754,1,NA,https://abc.austintexas.gov/web/permit/public-search-other?t_detail=1&t_selected_folderrsn=13499514,2706 RANCHERO ROAD UNIT 3B,NA,Austin,Texas,United States,1
11101 BELL FARM RD UNIT B,NEW CONDO REGIME - DUPLEX UNIT #B TYPE 3 (B0) 2 BED 2 BATH,2025-04-07,1,1,11101 BELL FARM RD UNIT B,78754,1,NA,https://abc.austintexas.gov/web/permit/public-search-other?t_detail=1&t_selected_folderrsn=13493801,11101 BELL FARM ROAD UNIT B,NA,Austin,Texas,United States,1
2805 RANCHERO RD UNIT 2A,NEW CONDO REGIME - BLDG #2 DUPLEX. UNIT #2A: TYPE 2 (A1) 1 BED 1 BATH,2025-03-31,1,1,2805 RANCHERO RD UNIT 2A,78754,1,NA,https://abc.austintexas.gov/web/permit/public-search-other?t_detail=1&t_selected_folderrsn=13492668,2805 RANCHERO ROAD UNIT 2A,NA,Austin,Texas,United States,1
13205 STABLER DR,Estonian 3316 C Left New - 2 Story SFR CONDOMINUM w/ 4 bedrooms 3 bathrooms attached 2 car garage covered entry porch and patio FFE: 683.02 Site Plan: SP-2021-0328C Site Plan Exp.: 01/09/27 Max Bld height: 27 Actual Bld height: 26-11 required parking: 2.,2025-04-28,1,2,13205 STABLER DR,78652,5,NA,https://abc.austintexas.gov/web/permit/public-search-other?t_detail=1&t_selected_folderrsn=13504266,13205 STABLER DRIVE,NA,Austin,Texas,United States,1
11104 CROSSBEAM DR UNIT 1B,NEW CONDO REGIME - BLDG #1 DUPLEX. UNIT #1A: TYPE 2 (B0) 2 BED 2 BATH. UNIT #1B: TYPE 2 (A1) 1 BED 1 BATH.,2025-04-11,2,1,11104 CROSSBEAM DR UNIT 1B,78754,1,NA,https://abc.austintexas.gov/web/permit/public-search-other?t_detail=1&t_selected_folderrsn=13499278,11104 CROSSBEAM DRIVE UNIT 1B,NA,Austin,Texas,United States,1
10907 BELL FARM RD UNIT B,NEW CONDO REGIME - DUPLEX UNIT #B TYPE 4 (C1) 3 BED 2 BATH,2025-04-07,1,2,10907 BELL FARM RD UNIT B,78754,1,NA,https://abc.austintexas.gov/web/permit/public-search-other?t_detail=1&t_selected_folderrsn=13493771,10907 BELL FARM ROAD UNIT B,NA,Austin,Texas,United States,1
2806 THRESH RD UNIT A,NEW CONDO REGIME -  DUPLEX. UNIT #A: TYPE 2 (A1) 1 BED 1 BATH,2025-04-07,1,1,2806 THRESH RD UNIT A,78754,1,NA,https://abc.austintexas.gov/web/permit/public-search-other?t_detail=1&t_selected_folderrsn=13493746,2806 THRESH ROAD UNIT A,NA,Austin,Texas,United States,1
2807 RANCHERO RD UNIT A,NEW CONDO REGIME -  DUPLEX UNIT #A TYPE 1 (A1.1) 1 BED 1 BATH,2025-04-29,2,1,2807 RANCHERO RD UNIT A,78754,1,NA,https://abc.austintexas.gov/web/permit/public-search-other?t_detail=1&t_selected_folderrsn=13509647,2807 RANCHERO ROAD UNIT A,NA,Austin,Texas,United States,1
2702 THRESH RD UNIT B,NEW CONDO REGIME - DUPLEX UNIT #A TYPE 1 (A1.1) 1 BED 1 BATH  UNIT #B TYPE 1 (A1) 1 BED 1 BATH,2025-04-11,2,1,2702 THRESH RD UNIT B,78754,1,NA,https://abc.austintexas.gov/web/permit/public-search-other?t_detail=1&t_selected_folderrsn=13499347,2702 THRESH ROAD UNIT B,NA,Austin,Texas,United States,1
4412 S 1ST ST BLDG 1,Building 1:  New Construction of detached 2-story residence 3 bedroom 3.5 bath covered porch. Part of 3-unit use.,2025-04-15,1,2,4412 S 1ST ST BLDG 1,78745,3,NA,https://abc.austintexas.gov/web/permit/public-search-other?t_detail=1&t_selected_folderrsn=13498469,4412 SOUTH 1ST STREET BLDG 1,NA,Austin,Texas,United States,1
914 NORTHWESTERN AVE,914 Northwester Ave : New 2 story residence with covered porch 1 car garage 3 bedroom 2.5 bath.  Part of 3 unit use.,2025-04-24,1,2,914 NORTHWESTERN AVE,78702,1,NA,https://abc.austintexas.gov/web/permit/public-search-other?t_detail=1&t_selected_folderrsn=13486952,914 NORTHWESTERN AVE,NA,Austin,Texas,United States,1
2704 RANCHERO RD UNIT 2B,NEW CONDO REGIME - BLDG #2 DUPLEX UNIT #2B: TYPE 2 (B0) 2 BED 2 BATH,2025-04-11,1,1,2704 RANCHERO RD UNIT 2B,78754,1,NA,https://abc.austintexas.gov/web/permit/public-search-other?t_detail=1&t_selected_folderrsn=13499488,2704 RANCHERO ROAD UNIT 2B,NA,Austin,Texas,United States,1
2805 RANCHERO RD UNIT 1A,NEW CONDO REGIME - BLDG#1 DUPLEX. UNIT #1A: TYPE 2 (B0) 2 BED 2 BATH,2025-03-31,1,1,2805 RANCHERO RD UNIT 1A,78754,1,NA,https://abc.austintexas.gov/web/permit/public-search-other?t_detail=1&t_selected_folderrsn=13492656,2805 RANCHERO ROAD UNIT 1A,NA,Austin,Texas,United States,1
1609 CANTERBURY ST--UNIT 2A,ePlan: Residential Expedited Review - New construction of a 3-Story Duplex [1bed 2.5bath] with attached Carport. Unit 2A,2025-04-02,1,3,1609 CANTERBURY ST UNIT 2A,78702,3,NA,https://abc.austintexas.gov/web/permit/public-search-other?t_detail=1&t_selected_folderrsn=13479390,1609 CANTERBURY STREET UNIT 2A,NA,Austin,Texas,United States,1
2805 RANCHERO RD UNIT 2B,NEW CONDO REGIME - BLDG #2 DUPLEX. UNIT #2B: TYPE 2 (B0) 2 BED 2 BATH.,2025-04-18,1,1,2805 RANCHERO RD UNIT 2B,78754,1,NA,https://abc.austintexas.gov/web/permit/public-search-other?t_detail=1&t_selected_folderrsn=13492669,2805 RANCHERO ROAD UNIT 2B,NA,Austin,Texas,United States,1
2103 S L DAVIS AVE--UNIT 2B (RIGHT),ePlan: Residential Expedited Review - New construction of a 3-Story Duplex [3bed 3bath] with attached Carport. Unit 2B,2025-04-03,1,3,2103 S L DAVIS AVE UNIT 2B,78702,1,NA,https://abc.austintexas.gov/web/permit/public-search-other?t_detail=1&t_selected_folderrsn=13490050,2103 SOUTH L DAVIS AVE UNIT 2B,NA,Austin,Texas,United States,1
2700 THRESH RD UNIT B,NEW CONDO REGIME - DUPLEX UNIT #A  TYPE 1 (A1) 1 BED 1 BATH  UNIT #B TYPE 1 9 (A1.1)1 BED 1 BATH,2025-04-11,2,1,2700 THRESH RD UNIT B,78754,1,NA,https://abc.austintexas.gov/web/permit/public-search-other?t_detail=1&t_selected_folderrsn=13499675,2700 THRESH ROAD UNIT B,NA,Austin,Texas,United States,1
11102 CROSSBEAM DR Unit 1A *VOLUME BUILDER- CONDO DUPLEX*,NEW CONDO REGIME - BLDG #1 DUPLEX. UNIT #1A: TYPE 2 (A1) 1 BED 1 BATH. UNIT #1B: TYPE 2 (B0) 2 BED 2 BATH,2025-04-09,2,1,11102 CROSSBEAM DR UNIT 1A,78754,1,NA,https://abc.austintexas.gov/web/permit/public-search-other?t_detail=1&t_selected_folderrsn=13497999,11102 CROSSBEAM DRIVE UNIT 1A,NA,Austin,Texas,United States,1
1707 DARTMOUTH AVE BLDG 2,New 1-story 1 bedroom 1 bathroom secondary dwelling unit with covered front porch and attached storage room.,2025-03-18,1,1,1707 DARTMOUTH AVE BLDG 2,78757,7,NA,https://abc.austintexas.gov/web/permit/public-search-other?t_detail=1&t_selected_folderrsn=13482099,1707 DARTMOUTH AVE BLDG 2,NA,Austin,Texas,United States,1
4803 SANTA ANNA ST BLDG 3,ePlan: Residential Expedited Review - New construction of a THREE-UNIT RES. UNIT 3 2-Story [4bed 4bath] with attached Carport,2025-03-05,1,2,4803 SANTA ANNA ST BLDG 3,78721,1,NA,https://abc.austintexas.gov/web/permit/public-search-other?t_detail=1&t_selected_folderrsn=13478772,4803 SANTA ANNA STREET BLDG 3,NA,Austin,Texas,United States,1
307 W ELIZABETH ST BLDG 3,"ePlan: Residential Expedited Review - New construction MODULAR THREE UNIT RES.
BLDG 3 New construction of a 3-Story Single Family Res. [3bed 2.5bath] with attached Garage.",2025-03-13,1,3,307 W ELIZABETH ST BLDG 3,78704,9,NA,https://abc.austintexas.gov/web/permit/public-search-other?t_detail=1&t_selected_folderrsn=13482267,307 WEST ELIZABETH STREET BLDG 3,NA,Austin,Texas,United States,1
3308 ROSEFINCH TRL,ePlan: Residential Expedited Review - New construction of a 2-Story Single-Family Res. [6bed 7.5bath] with attached Garage.,2025-03-13,1,2,3308 ROSEFINCH TRL,78746,8,NA,https://abc.austintexas.gov/web/permit/public-search-other?t_detail=1&t_selected_folderrsn=13370686,3308 ROSEFINCH TRAIL,NA,Austin,Texas,United States,1
5811 S 1ST ST UNIT B,3 story Townhouse 2 bed 2.5 bath with attached garage and balcony,2025-03-04,1,3,5811 S 1ST ST UNIT B,78745,2,NA,https://abc.austintexas.gov/web/permit/public-search-other?t_detail=1&t_selected_folderrsn=13415541,5811 SOUTH 1ST STREET UNIT B,NA,Austin,Texas,United States,1
2203 OHLEN RD UNIT B,ePlan: Residential Expedited Review - New construction of a THREE-UNIT RES. UNIT B 3-Story [3bed 3.5bath] with attached Garage,2025-03-04,1,3,2203 OHLEN RD UNIT B,78757,4,NA,https://abc.austintexas.gov/web/permit/public-search-other?t_detail=1&t_selected_folderrsn=13465592,2203 OHLEN ROAD UNIT B,NA,Austin,Texas,United States,1
2414 DREW LN BLDG 10,"ePlan: Residential Expedited Review - New construction of a THREE-UNIT RES. BLDG 10 2-Story [1bed 1.5bath] 
Revision 1: Relocate and reorientate residences and revise floor plans. Building 10 will consist of a 3-story 2 bedroom 2.5 bathroom dwelling unit with covered front porch and rear covered patio.",2025-02-27,1,3,2414 DREW LN BLDG 10,78748,5,NA,https://abc.austintexas.gov/web/permit/public-search-other?t_detail=1&t_selected_folderrsn=13475680,2414 DREW LANE BLDG 10,NA,Austin,Texas,United States,1
2420 DREW LN BLDG 7,ePlan: Residential Expedited Review - New construction of a THREE-UNIT RES. UNIT 2 2-Story [2bed 2.5bath],2025-03-05,1,2,2420 DREW LN BLDG 7,78748,5,NA,https://abc.austintexas.gov/web/permit/public-search-other?t_detail=1&t_selected_folderrsn=13455821,2420 DREW LANE BLDG 7,NA,Austin,Texas,United States,1
4807 SINCLAIR AVE UNIT A,"UNIT A:  New 2-story duplex unit taking up the majority of structure  includes 3.5 bathroom 3 bedroom outdoor patio w/ fireplace & grill.  Part of duplex use.

Revision #1 -  Changed garage and apartment dimensions.  Rear edge of house moved forward.",2025-03-12,2,2,4807 SINCLAIR AVE UNIT A,78756,7,NA,https://abc.austintexas.gov/web/permit/public-search-other?t_detail=1&t_selected_folderrsn=13475173,4807 SINCLAIR AVE UNIT A,NA,Austin,Texas,United States,1
2414 DREW LN BLDG 8,ePlan: Residential Expedited Review - New construction of a TWO-UNIT RES. BLDG 8 2-Story [2bed 2.5bath],2025-02-27,1,2,2414 DREW LN BLDG 8,78748,5,NA,https://abc.austintexas.gov/web/permit/public-search-other?t_detail=1&t_selected_folderrsn=13476006,2414 DREW LANE BLDG 8,NA,Austin,Texas,United States,1
2414 DREW LN BLDG 11,"ePlan: Residential Expedited Review - New construction of a THREE-UNIT RES. BLDG 11 2-Story [2bed 2.5bath]
Revision 1: Relocate and reorientate residences and revise floor plans. Building 11 will consist of a 3-story 2 bedroom 2.5 bathroom dwelling unit with covered front porch and rear covered patio.",2025-02-27,1,3,2414 DREW LN BLDG 11,78748,5,NA,https://abc.austintexas.gov/web/permit/public-search-other?t_detail=1&t_selected_folderrsn=13475681,2414 DREW LANE BLDG 11,NA,Austin,Texas,United States,1
1004 MORROW ST BLDG 3,New 3-story 3 bedroom 3.5 bathroom single family residence with attached garage and covered porch. With Sprinkler System,2025-02-19,1,3,1004 MORROW ST BLDG 3,78757,7,NA,https://abc.austintexas.gov/web/permit/public-search-other?t_detail=1&t_selected_folderrsn=13452068,1004 MORROW STREET BLDG 3,NA,Austin,Texas,United States,1
13800 IDA RIDGE DR UNIT 302,Duplex Unit 302 3-Story condo with view area 2 Bed/3.5 Bath attached garage covered porch and balconies,2025-03-10,2,3,13800 IDA RIDGE DR UNIT 302,78727,7,NA,https://abc.austintexas.gov/web/permit/public-search-other?t_detail=1&t_selected_folderrsn=13481369,13800 IDA RIDGE DRIVE UNIT 302,NA,Austin,Texas,United States,1
2204 IVA LN BLDG 2,New 2-story 2 bedroom 1 bathroom dwelling unit with attached garage and exterior uncovered wood stairwell with balcony.,2025-02-20,1,2,2204 IVA LN BLDG 2,78704,5,NA,https://abc.austintexas.gov/web/permit/public-search-other?t_detail=1&t_selected_folderrsn=13468648,2204 IVA LANE BLDG 2,NA,Austin,Texas,United States,1
4803 SANTA ANNA ST BLDG 1,ePlan: Residential Expedited Review - New construction of a THREE-UNIT RES. UNIT 1 2-Story [5bed 4.5 bath] with attached Carport,2025-03-05,1,2,4803 SANTA ANNA ST BLDG 1,78721,1,NA,https://abc.austintexas.gov/web/permit/public-search-other?t_detail=1&t_selected_folderrsn=13478770,4803 SANTA ANNA STREET BLDG 1,NA,Austin,Texas,United States,1
1417 PRESTON AVE,"Building 1 New two story SFR and semi-attached garage with residential unit on second story with pool *HOME Amendment* 4/3.5

12/17/25 SM - REVISED: The garage will be a shared accessory space for Unit A and Unit B.",2025-02-25,1,2,1417 PRESTON AVE,78703,10,NA,https://abc.austintexas.gov/web/permit/public-search-other?t_detail=1&t_selected_folderrsn=13462882,1417 PRESTON AVE,NA,Austin,Texas,United States,1
2502 PARK VIEW DR,New 2-story 4 bedroom 4.5 bathroom single family residence with attached garage covered front porch rear covered patio and 2nd floor covered balcony.,2025-03-10,1,2,2502 PARK VIEW DR,78757,7,NA,https://abc.austintexas.gov/web/permit/public-search-other?t_detail=1&t_selected_folderrsn=13478001,2502 PARK VIEW DRIVE,NA,Austin,Texas,United States,1
1709 MAPLE AVE BLDG 2 UNIT B,ePlan: Residential Expedited Review - New construction of a THREE-UNIT RES. New construction of a 2-Story Duplex Bldg 2 Unit B [bed 3bath],2025-02-28,2,2,1709 MAPLE AVE BLDG 2 UNIT B,78702,1,NA,https://abc.austintexas.gov/web/permit/public-search-other?t_detail=1&t_selected_folderrsn=13465245,1709 MAPLE AVE BLDG 2 UNIT B,NA,Austin,Texas,United States,1
5811 S 1ST ST UNIT C,3 story Townhouse 2 bed 2.5 bath with attached garage and balcony,2025-03-04,1,3,5811 S 1ST ST UNIT C,78745,2,NA,https://abc.austintexas.gov/web/permit/public-search-other?t_detail=1&t_selected_folderrsn=13415542,5811 SOUTH 1ST STREET UNIT C,NA,Austin,Texas,United States,1
9803 RIBELIN RANCH CT BLDG 12,New construction of single building based on Volume Builder Approved (2024-067871 VB) Plan 9-CB-L. This is a 2 Story building with height of 31-7 and 2377 square feet.,2025-03-07,1,2,9803 RIBELIN RANCH CT BLDG 12,78750,10,NA,https://abc.austintexas.gov/web/permit/public-search-other?t_detail=1&t_selected_folderrsn=13469513,9803 RIBELIN RANCH CT BLDG 12,NA,Austin,Texas,United States,1
2404 BIG HORN DR,Expedited Review - New Construction of a 2-Story Single Family Res. [4bed 3.5bath] with Habitable Basement and attached 2-car Garage.,2025-03-04,1,2,2404 BIG HORN DR,78734,10,NA,https://abc.austintexas.gov/web/permit/public-search-other?t_detail=1&t_selected_folderrsn=13050154,2404 BIG HORN DRIVE,NA,Austin,Texas,United States,1
1712 S 5TH ST BLDG 2,Bldg 2:  New two story residence with 2-car carport living space is above carport 1.5 bath 1 bedroom. Part of 2-unit use.,2025-03-06,1,2,1712 S 5TH ST BLDG 2,78704,9,NA,https://abc.austintexas.gov/web/permit/public-search-other?t_detail=1&t_selected_folderrsn=13439900,1712 SOUTH 5TH STREET BLDG 2,NA,Austin,Texas,United States,1
3002 LOVELAND CV BLDG 2,"ePlan: Residential Expedited Review - New Second Unit to existing SF Res:  New Construction of 1-Story SF Res w/ covd porch and uncovd deck 
Existing 2-Story Single Family Res to Remain as is.",2025-03-12,1,1,3002 LOVELAND CV BLDG 2,78746,8,NA,https://abc.austintexas.gov/web/permit/public-search-other?t_detail=1&t_selected_folderrsn=13477538,3002 LOVELAND CV BLDG 2,NA,Austin,Texas,United States,1
2414 DREW LN BLDG 7,ePlan: Residential Expedited Review - New construction of a TWO-UNIT RES. BLDG 7 2-Story [2bed 2.5bath] with attached Garage,2025-02-27,1,2,2414 DREW LN BLDG 7,78748,5,NA,https://abc.austintexas.gov/web/permit/public-search-other?t_detail=1&t_selected_folderrsn=13476005,2414 DREW LANE BLDG 7,NA,Austin,Texas,United States,1
1709 MAPLE AVE BLDG 2 UNIT A,ePlan: Residential Expedited Review - New construction of a THREE-UNIT RES. New construction of a 2-Story Duplex Bldg 2 Unit A [bed 3bath],2025-02-28,2,2,1709 MAPLE AVE BLDG 2 UNIT A,78702,1,NA,https://abc.austintexas.gov/web/permit/public-search-other?t_detail=1&t_selected_folderrsn=13465244,1709 MAPLE AVE BLDG 2 UNIT A,NA,Austin,Texas,United States,1
1407 DELONEY ST--PRIMARY,ePlan: Residential Expedited Review - New construction of a 2-Story Single Family Res. [3bed 2.5bath] with Habitable Attic Attached Garage.,2025-03-06,1,2,1407 DELONEY ST,78721,1,NA,https://abc.austintexas.gov/web/permit/public-search-other?t_detail=1&t_selected_folderrsn=13478644,1407 DELONEY STREET,NA,Austin,Texas,United States,1
5811 S 1ST ST UNIT A,3 story Townhouse 2 bed 2.5 bath with attached garage and balcony,2025-03-04,1,3,5811 S 1ST ST UNIT A,78745,2,NA,https://abc.austintexas.gov/web/permit/public-search-other?t_detail=1&t_selected_folderrsn=13415540,5811 SOUTH 1ST STREET UNIT A,NA,Austin,Texas,United States,1
900 S 2ND ST BLDG 1,New 2 story Condominium Residence with attached garage.,2025-02-25,1,2,900 S 2ND ST BLDG 1,78704,9,NA,https://abc.austintexas.gov/web/permit/public-search-other?t_detail=1&t_selected_folderrsn=12870336,900 SOUTH 2ND STREET BLDG 1,NA,Austin,Texas,United States,1
13800 IDA RIDGE DR UNIT 301,Duplex Unit 301 3-Story condo with view area 2 Bed/3.5 Bath attached garage covered porch and balconies,2025-03-10,2,3,13800 IDA RIDGE DR UNIT 301,78727,7,NA,https://abc.austintexas.gov/web/permit/public-search-other?t_detail=1&t_selected_folderrsn=13481368,13800 IDA RIDGE DRIVE UNIT 301,NA,Austin,Texas,United States,1
900 S 2ND ST BLDG 4,SUBCHPTR F 3 story SFR detached Condo 3/3.5,2025-02-25,1,3,900 S 2ND ST BLDG 4,78704,9,NA,https://abc.austintexas.gov/web/permit/public-search-other?t_detail=1&t_selected_folderrsn=12870749,900 SOUTH 2ND STREET BLDG 4,NA,Austin,Texas,United States,1
2315 TOWNES LN UNIT B,Building 2 Dwelling over detached garage,2025-03-09,1,2,2315 TOWNES LN UNIT B,78703,10,NA,https://abc.austintexas.gov/web/permit/public-search-other?t_detail=1&t_selected_folderrsn=13478040,2315 TOWNES LANE UNIT B,NA,Austin,Texas,United States,1
3809 DUVAL ST,New 2-story 3 bedroom 3.5 bathroom dwelling unit with covered porch.,2025-03-07,1,2,3809 DUVAL ST,78751,9,NA,https://abc.austintexas.gov/web/permit/public-search-other?t_detail=1&t_selected_folderrsn=13464158,3809 DUVAL STREET,NA,Austin,Texas,United States,1
5609 BULL CREEK RD,ePlan: Residential Expedited Review - New construction of a 2-Story Single-Family Res. [4bed 4.5bath] with attached Garage.,2025-02-24,1,2,5609 BULL CREEK RD,78756,7,NA,https://abc.austintexas.gov/web/permit/public-search-other?t_detail=1&t_selected_folderrsn=13408713,5609 BULL CREEK ROAD,NA,Austin,Texas,United States,1
906 LUND ST,"JP-10/09/2025- Inspections will be done in phases. it is the responsibility of the GCPCMC.EC to request a phased inspection.
New two-story SFR (1br/2ba) with pool and spa

Revision:
Lund St Conversion of area approved as crawl space to walk out roofed mechanical area detailed on A203. Removal of driveway apron detailed on sheet A202. Remove driveway inspection requirement attached to this PR. The former driveway area will remain as paved patio area. Please find the updated application and Calculation Aid included with this update.",2025-03-10,1,2,906 LUND ST,78704,5,NA,https://abc.austintexas.gov/web/permit/public-search-other?t_detail=1&t_selected_folderrsn=13434837,906 LUND STREET,NA,Austin,Texas,United States,1
809 W MARY ST BLDG 2,Retroactively permitting detached 2nd unit: 1-story 1 bedroom 1 bath with attached storage.,2025-02-26,1,1,809 W MARY ST BLDG 2,78704,3,NA,https://abc.austintexas.gov/web/permit/public-search-other?t_detail=1&t_selected_folderrsn=13397669,809 WEST MARY STREET BLDG 2,NA,Austin,Texas,United States,1
826 MORROW ST BLDG 3,NEW TWO STORY SF CONDO - 3 bedroom 2.5 baths covered porch and attached 1-car garage,2025-03-03,1,2,826 MORROW ST BLDG 3,78757,7,NA,https://abc.austintexas.gov/web/permit/public-search-other?t_detail=1&t_selected_folderrsn=13403464,826 MORROW STREET BLDG 3,NA,Austin,Texas,United States,1
1000 LUND ST,New two-story SFR (4br/4.5ba) with basement and attached covered parking,2025-03-10,1,2,1000 LUND ST,78704,5,NA,https://abc.austintexas.gov/web/permit/public-search-other?t_detail=1&t_selected_folderrsn=13435452,1000 LUND STREET,NA,Austin,Texas,United States,1
3401 LARRY LN UNIT A,New 3-story duplex; Unit A: 3-story 3 bedroom 4 bath with attached 1-car carport covered front porch and uncovered rear wood deck.,2025-03-24,2,3,3401 LARRY LN UNIT A,78722,9,NA,https://abc.austintexas.gov/web/permit/public-search-other?t_detail=1&t_selected_folderrsn=13377338,3401 LARRY LANE UNIT A,NA,Austin,Texas,United States,1
1105 RUTH AVE BLDG 1,"New 2-story 4 bedroom 3.5 bathroom single family residence w/ attached garage covered front porch rear covered patio and 2nd floor uncovered roof deck. 
Revision 1: Opt into HOME. Revise scope of work to create Three-Unit Residential Use. Revise FFEs. New 2-story 4 bedroom 3 bathroom dwelling unit with attached garage covered front porch rear covered patio and 2nd floor covered terrace.",2025-02-24,1,2,1105 RUTH AVE BLDG 1,78757,7,NA,https://abc.austintexas.gov/web/permit/public-search-other?t_detail=1&t_selected_folderrsn=12981429,1105 RUTH AVE BLDG 1,NA,Austin,Texas,United States,1
2420 DREW LN BLDG 6,ePlan: Residential Expedited Review - New construction of a THREE-UNIT RES. UNIT 3 2-Story [2bed 2.5bath],2025-03-05,1,2,2420 DREW LN BLDG 6,78748,5,NA,https://abc.austintexas.gov/web/permit/public-search-other?t_detail=1&t_selected_folderrsn=13455822,2420 DREW LANE BLDG 6,NA,Austin,Texas,United States,1
2414 DREW LN BLDG 1,ePlan: Residential Expedited Review - New construction of a 2-Story Single Family Res. [2bed 2.5bath] attached Garage/Carport. Bldg 1,2025-02-25,1,2,2414 DREW LN BLDG 1,78748,5,NA,https://abc.austintexas.gov/web/permit/public-search-other?t_detail=1&t_selected_folderrsn=13474443,2414 DREW LANE BLDG 1,NA,Austin,Texas,United States,1
4803 SANTA ANNA ST BLDG 2,ePlan: Residential Expedited Review - New construction of a THREE-UNIT RES. UNIT 2 2-Story [4bed 4bath] with attached Carport,2025-03-05,1,2,4803 SANTA ANNA ST BLDG 2,78721,1,NA,https://abc.austintexas.gov/web/permit/public-search-other?t_detail=1&t_selected_folderrsn=13478771,4803 SANTA ANNA STREET BLDG 2,NA,Austin,Texas,United States,1
2420 DREW LN BLDG 5,Building 5 -  New two story detached dwelling  with 2 bedroom 2.5 bathroom.  Rear building on property fifth building along driveway for 2420 Drew Ln (three properties under one address number with 8 building numbers).,2025-03-11,1,1,2420 DREW LN BLDG 5,78748,5,NA,https://abc.austintexas.gov/web/permit/public-search-other?t_detail=1&t_selected_folderrsn=13482358,2420 DREW LANE BLDG 5,NA,Austin,Texas,United States,1
513 W O DELL ST UNIT 2,Residential Expedited Review: New construction UNIT 2 2-Story [3bed 2.5bath] with Garage.,2025-03-20,1,2,513 W O DELL ST UNIT 2,78752,4,NA,https://abc.austintexas.gov/web/permit/public-search-other?t_detail=1&t_selected_folderrsn=13350837,513 WEST O DELL STREET UNIT 2,NA,Austin,Texas,United States,1
307 W ELIZABETH ST BLDG 2,"ePlan: Residential Expedited Review - New construction MODULAR THREE UNIT RES.
BLDG 2 New construction of a 3-Story Single Family Res. [3bed 2.5bath] with attached Garage.",2025-03-11,1,3,307 W ELIZABETH ST BLDG 2,78704,9,NA,https://abc.austintexas.gov/web/permit/public-search-other?t_detail=1&t_selected_folderrsn=13482266,307 WEST ELIZABETH STREET BLDG 2,NA,Austin,Texas,United States,1
2710 SALEK VW,New 3-story single family dwelling (condo) 3 bed/3.5 bath attached garage covered patio and balcony,2025-03-19,1,3,2710 SALEK VW,78741,3,NA,https://abc.austintexas.gov/web/permit/public-search-other?t_detail=1&t_selected_folderrsn=13485768,2710 SALEK VW,NA,Austin,Texas,United States,1
307 W ELIZABETH ST BLDG 1,"ePlan: Residential Expedited Review - New construction MODULAR THREE UNIT RES.
BLDG 1 New construction of a 3-Story Single Family Res. [3bed 2.5bath] with attached Garage.",2025-03-11,1,3,307 W ELIZABETH ST BLDG 1,78704,9,NA,https://abc.austintexas.gov/web/permit/public-search-other?t_detail=1&t_selected_folderrsn=13482265,307 WEST ELIZABETH STREET BLDG 1,NA,Austin,Texas,United States,1
711 W MONROE ST,Residential Expedited Review - New construction of a 2-Story Single-Family Res. [3bed 3.5bath] with attached/detached Garage/Carport and (Autofill/Heated) Pool.,2025-03-26,1,2,711 W MONROE ST,78704,9,NA,https://abc.austintexas.gov/web/permit/public-search-other?t_detail=1&t_selected_folderrsn=13351726,711 WEST MONROE STREET,NA,Austin,Texas,United States,1
105 ELKHART ST BLDG 2,Bldg #2 New three story dwelling unit 3 bed/3.5 bath with attached covered carport (three unit use),2025-03-21,1,2,105 ELKHART ST BLDG 2,78702,3,NA,https://abc.austintexas.gov/web/permit/public-search-other?t_detail=1&t_selected_folderrsn=13476409,105 ELKHART STREET BLDG 2,NA,Austin,Texas,United States,1
14016 SKYLINE DR,New 2-story 5 bedroom 4.5 bathroom single family residence with attached garages attached carport covered wood deck and uncovered terraces.,2025-03-07,1,2,14016 SKYLINE DR,78732,10,NA,https://abc.austintexas.gov/web/permit/public-search-other?t_detail=1&t_selected_folderrsn=13477879,14016 SKYLINE DRIVE,NA,Austin,Texas,United States,1
513 W O DELL ST UNIT 1,ePlan: Residential Expedited Review: New construction UNIT 1 2-Story [3bed 3bath] with attached Garage.,2025-03-20,1,2,513 W O DELL ST UNIT 1,78752,4,NA,https://abc.austintexas.gov/web/permit/public-search-other?t_detail=1&t_selected_folderrsn=13350836,513 WEST O DELL STREET UNIT 1,NA,Austin,Texas,United States,1
1417 PRESTON AVE UNIT B,"Building 2 New 2 Story SFR with attached garage.

REVISION: Revised site plan with clarification of the exact location of pool as requested by Austin Energy.

12/17/25 SM - REVISED: The garage will be a shared accessory space for Unit A and Unit B.",2025-02-25,1,2,1417 PRESTON AVE UNIT B,78703,10,NA,https://abc.austintexas.gov/web/permit/public-search-other?t_detail=1&t_selected_folderrsn=13462883,1417 PRESTON AVE UNIT B,NA,Austin,Texas,United States,1
1508 DARTMOUTH AVE,ePlan: Residential Expedited Review - New construction of a Secondary Single-Family Res. [1bed 1bath],2025-03-17,1,1,1508 DARTMOUTH AVE,78757,7,NA,https://abc.austintexas.gov/web/permit/public-search-other?t_detail=1&t_selected_folderrsn=13475105,1508 DARTMOUTH AVE,NA,Austin,Texas,United States,1
1712 S 5TH ST BLDG 1,New TWO-UNIT RES: BLDG1: 2-Story [4bed 3bath] with attached Basement-Carport  BLDG1: 2-Story [1bed 1.5bath].  Autofill/Heated) Pool.,2025-03-06,1,2,1712 S 5TH ST BLDG 1,78704,9,NA,https://abc.austintexas.gov/web/permit/public-search-other?t_detail=1&t_selected_folderrsn=13439898,1712 SOUTH 5TH STREET BLDG 1,NA,Austin,Texas,United States,1
3207 OVERCUP OAK DR Bldg. 2,New 1-story 1 bedroom 1 bathroom dwelling unit with covered landing.,2025-03-10,1,1,3207 OVERCUP OAK DR BLDG 2,78704,5,NA,https://abc.austintexas.gov/web/permit/public-search-other?t_detail=1&t_selected_folderrsn=13472409,3207 OVERCUP OAK DRIVE BLDG 2,NA,Austin,Texas,United States,1
9220 SIMMONS RD,New 3-story single family home 6 bed/7.5 bath with basement attached garage covered balconies covered porch and outdoor kitchen,2025-03-19,1,3,9220 SIMMONS RD,78759,10,NA,https://abc.austintexas.gov/web/permit/public-search-other?t_detail=1&t_selected_folderrsn=13485572,9220 SIMMONS ROAD,NA,Austin,Texas,United States,1
3207 DANCY ST--BLDG 2,New 2-story 1 bedroom 1.5 bathroom dwelling unit with covered porch.,2025-03-03,1,2,3207 DANCY ST BLDG 2,78722,9,NA,https://abc.austintexas.gov/web/permit/public-search-other?t_detail=1&t_selected_folderrsn=13436404,3207 DANCY STREET BLDG 2,NA,Austin,Texas,United States,1
1302 SNOWY FOX CT,"New 3-story SFR
Smart Housing",2025-02-19,1,3,1302 SNOWY FOX CT,78721,1,NA,https://abc.austintexas.gov/web/permit/public-search-other?t_detail=1&t_selected_folderrsn=13468822,1302 SNOWY FOX CT,NA,Austin,Texas,United States,1
826 MORROW ST BLDG 2,NEW TWO STORY SF CONDO RESIDENCE - 3 bedrooms 2.5 baths covered porch and attached 1 car garage,2025-03-03,1,2,826 MORROW ST BLDG 2,78757,7,NA,https://abc.austintexas.gov/web/permit/public-search-other?t_detail=1&t_selected_folderrsn=13404287,826 MORROW STREET BLDG 2,NA,Austin,Texas,United States,1
4807 SINCLAIR AVE UNIT B,"UNIT B:  New 2-story duplex unit includes garage & small studio garage apartment w/ 1 bathroom.

Revision #1 -  Changed garage and apartment dimensions.  Rear edge of house moved forward.",2025-03-12,2,2,4807 SINCLAIR AVE UNIT B,78756,7,NA,https://abc.austintexas.gov/web/permit/public-search-other?t_detail=1&t_selected_folderrsn=13475174,4807 SINCLAIR AVE UNIT B,NA,Austin,Texas,United States,1
10202 EPSILON WAY,4642  (Berkley) G - Right - New Condo - With 5 or 6 bedroom option 5.5 bathrooms Covered Patio and Covered Porch with a 3rd car attached Garage. Building Height: 27 - 8 29/128. Maximum Height: 30. Required FFE: 1052.09 - above MSL. Site Plan#: SP-2020-167086 Site Plan# Pending: SP-2020-0388C. Expiration Date: N/A,2025-02-21,1,2,10202 EPSILON WAY,78730,10,NA,https://abc.austintexas.gov/web/permit/public-search-other?t_detail=1&t_selected_folderrsn=13472386,10202 EPSILON WAY,NA,Austin,Texas,United States,1
826 MORROW ST BLDG 4,NEW TWO STORY SF CONDO RESIDENCE - 3 bedrooms 2.5 baths covered porch and attached 1 car garage,2025-03-03,1,2,826 MORROW ST BLDG 4,78757,7,NA,https://abc.austintexas.gov/web/permit/public-search-other?t_detail=1&t_selected_folderrsn=13402668,826 MORROW STREET BLDG 4,NA,Austin,Texas,United States,1
9803 RIBELIN RANCH CT BLDG 19,New construction of single building based on Volume Builder Approved (2024-067871 VB) Plan 6-BA-R. This is a 2 Story building with height of 33-4 and 3144 square feet.,2025-03-07,1,2,9803 RIBELIN RANCH CT BLDG 19,78750,10,NA,https://abc.austintexas.gov/web/permit/public-search-other?t_detail=1&t_selected_folderrsn=13469527,9803 RIBELIN RANCH CT BLDG 19,NA,Austin,Texas,United States,1
2315 TOWNES LN Unit A,New construction of 2 story house with attached garage with secondary dwelling above garage backyard has poos house and pool,2025-03-09,1,2,2315 TOWNES LN,78703,10,NA,https://abc.austintexas.gov/web/permit/public-search-other?t_detail=1&t_selected_folderrsn=13478039,2315 TOWNES LANE,NA,Austin,Texas,United States,1
11100 FM 2244 RD BLDG 4,New construction single-family residential 2-story 3 bedroom 3 bath.,2025-03-24,1,2,11100 FM 2244 RD BLDG 4,78733,10,NA,https://abc.austintexas.gov/web/permit/public-search-other?t_detail=1&t_selected_folderrsn=13487339,11100 FM 2244 ROAD BLDG 4,NA,Austin,Texas,United States,1
13800 IDA RIDGE DR BLDG 2 UNIT 202,"New construction of 3 story duplex condo
Unit 201 : 2 bedroom 2.5 bathroom with an attached garage.
Unit 202:2 bedroom 2.5 bathroom with an attached garage.",2025-03-10,2,3,13800 IDA RIDGE DR UNIT 202,78727,7,NA,https://abc.austintexas.gov/web/permit/public-search-other?t_detail=1&t_selected_folderrsn=13481174,13800 IDA RIDGE DRIVE UNIT 202,NA,Austin,Texas,United States,1
2203 OHLEN RD UNIT C,ePlan: Residential Expedited Review - New construction of a THREE-UNIT RES. UNIT C 3-Story [3bed 3.5bath] with attached Garage,2025-03-04,1,3,2203 OHLEN RD UNIT C,78757,4,NA,https://abc.austintexas.gov/web/permit/public-search-other?t_detail=1&t_selected_folderrsn=13465593,2203 OHLEN ROAD UNIT C,NA,Austin,Texas,United States,1
2414 DREW LN BLDG 9,"ePlan: Residential Expedited Review - New construction of a THREE-UNIT RES. BLDG 9 2-Story [1bed 1.5bath] 
Revision 1: Relocate and reorientate residences and revise floor plans. Building 9 will consist of a 2-story 2 bedroom 2.5 bathroom dwelling unit with attached garage covered front porch and rear covered patio.",2025-02-27,1,2,2414 DREW LN BLDG 9,78748,5,NA,https://abc.austintexas.gov/web/permit/public-search-other?t_detail=1&t_selected_folderrsn=13475679,2414 DREW LANE BLDG 9,NA,Austin,Texas,United States,1
13800 IDA RIDGE DR BLDG 1 UNIT 101,New construction of 3 story duplex condo,2025-03-10,2,3,13800 IDA RIDGE DR UNIT 101,78727,7,NA,https://abc.austintexas.gov/web/permit/public-search-other?t_detail=1&t_selected_folderrsn=13479531,13800 IDA RIDGE DRIVE UNIT 101,NA,Austin,Texas,United States,1
3708 LIBERTY ST,New 2.5 Story 4 Bed 3.5 Bath SFR with attached single car garage,2025-03-03,1,3,3708 LIBERTY ST,78705,9,NA,https://abc.austintexas.gov/web/permit/public-search-other?t_detail=1&t_selected_folderrsn=13446860,3708 LIBERTY STREET,NA,Austin,Texas,United States,1
13800 IDA RIDGE DR BLDG 1 UNIT 102,New construction of 3 story duplex condo,2025-03-10,2,3,13800 IDA RIDGE DR UNIT 102,78727,7,NA,https://abc.austintexas.gov/web/permit/public-search-other?t_detail=1&t_selected_folderrsn=13479532,13800 IDA RIDGE DRIVE UNIT 102,NA,Austin,Texas,United States,1
1105 RUTH AVE BLDG 2,"New 2-story 2 bedroom 2.5 bathroom secondary dwelling unit w/ attached garage screened porch rear uncovered wood deck and uncovered 2nd floor balcony. 
Revision 1: Opt into HOME. Revise scope of work to create Three-Unit Residential Use. Revise FFEs. New 2-story 3 bedroom 3.5 bathroom dwelling unit with attached garage covered front porch rear covered patio and 2nd floor covered terrace.",2025-02-24,1,2,1105 RUTH AVE BLDG 2,78757,7,NA,https://abc.austintexas.gov/web/permit/public-search-other?t_detail=1&t_selected_folderrsn=12981430,1105 RUTH AVE BLDG 2,NA,Austin,Texas,United States,1
900 S 2ND ST BLDG 3,SUBCHPTR F 3 story SFR detached Condo 3/3.5,2025-02-25,1,3,900 S 2ND ST BLDG 3,78704,9,NA,https://abc.austintexas.gov/web/permit/public-search-other?t_detail=1&t_selected_folderrsn=12870698,900 SOUTH 2ND STREET BLDG 3,NA,Austin,Texas,United States,1
13800 IDA RIDGE DR BLDG 2 UNIT 201,"New construction of 3 story duplex condo
Unit 201 : 2 bedroom 2.5 bathroom with an attached garage.
Unit 202:2 bedroom 2.5 bathroom with an attached garage.",2025-03-10,2,3,13800 IDA RIDGE DR UNIT 201,78727,7,NA,https://abc.austintexas.gov/web/permit/public-search-other?t_detail=1&t_selected_folderrsn=13481173,13800 IDA RIDGE DRIVE UNIT 201,NA,Austin,Texas,United States,1
1105 RUTH AVE BLDG 3,"New 1-story accessory structure consisting of a studio with full bathroom.
Revision 1: Opt into HOME. Revise scope of work to create Three-Unit Residential Use. Revise FFEs. New 2-story 1 bedroom 1.5 bathroom dwelling unit with covered porch.",2025-02-24,1,2,1105 RUTH AVE BLDG 3,78757,7,NA,https://abc.austintexas.gov/web/permit/public-search-other?t_detail=1&t_selected_folderrsn=12981431,1105 RUTH AVE BLDG 3,NA,Austin,Texas,United States,1
2203 OHLEN RD UNIT A,ePlan: Residential Expedited Review - New construction of a THREE-UNIT RES. UNIT A 3-Story [3bed 3.5bath] with attached Garage,2025-03-04,1,3,2203 OHLEN RD UNIT A,78757,4,NA,https://abc.austintexas.gov/web/permit/public-search-other?t_detail=1&t_selected_folderrsn=13465591,2203 OHLEN ROAD UNIT A,NA,Austin,Texas,United States,1
1209 AZIE MORTON RD BLDG 2,ePlan: Residential Expedited Review - New construction of a 3-Story Single-Family Res. [4bed 4.5bath] with attached Garage. Bldg 2,2025-01-06,1,3,1209 AZIE MORTON RD BLDG 2,78704,5,NA,https://abc.austintexas.gov/web/permit/public-search-other?t_detail=1&t_selected_folderrsn=13450122,1209 AZIE MORTON ROAD BLDG 2,NA,Austin,Texas,United States,1
302 BROADWAY---UNIT C,New Triplex 3 bed 2.5 bath,2025-01-23,1,3,302 BROADWAY UNIT C,78702,3,NA,https://abc.austintexas.gov/web/permit/public-search-other?t_detail=1&t_selected_folderrsn=13414440,302 BROADWAY UNIT C,NA,Austin,Texas,United States,1
1001 MANSELL AVE--BLDG 2,"New 1-story 1 bedroom 1 bathroom secondary dwelling unit with attached workshop. 

***APPROVED FOR TCO 11/21/2025***SLC 512-552-8540",2025-01-08,1,1,1001 MANSELL AVE BLDG 2,78702,3,NA,https://abc.austintexas.gov/web/permit/public-search-other?t_detail=1&t_selected_folderrsn=13180929,1001 MANSELL AVE BLDG 2,NA,Austin,Texas,United States,1
6000 MOONDUST LN,4323 - (Antonio) G Right - 6 or 7 Beds 6.5 Baths Rear Cov Porch Ext Cov Patio Opt Cov Upper Deck 3 Car Att Gar - Building Height: 24-1 1/8. Maximum Height: 30. Required FFE: 1067.60 - above MSL. Site Plan#: SP-202-167086 Site Plan# Pending: SP-2020-0388C. Expiration Date: N/A.,2025-01-23,1,2,6000 MOONDUST LN,78730,10,NA,https://abc.austintexas.gov/web/permit/public-search-other?t_detail=1&t_selected_folderrsn=13458427,6000 MOONDUST LANE,NA,Austin,Texas,United States,1
3703 LAWTON AVE BLDG 2,2 Story 2 Bath 1 Bed with Kitchen Garage Conversion to ADU.,2025-01-22,1,2,3703 LAWTON AVE BLDG 2,78731,10,NA,https://abc.austintexas.gov/web/permit/public-search-other?t_detail=1&t_selected_folderrsn=13450230,3703 LAWTON AVE BLDG 2,NA,Austin,Texas,United States,1
9803 RIBELIN RANCH CT BLDG 10,New construction of single building Plan 5-BA-L. This is a 2 Story building with height of 33-4 and 3144 square feet. It has 3 bedroom 3.5 bathrooms a garage covered area.,2025-01-16,1,2,9803 RIBELIN RANCH CT BLDG 10,78750,10,NA,https://abc.austintexas.gov/web/permit/public-search-other?t_detail=1&t_selected_folderrsn=13453969,9803 RIBELIN RANCH CT BLDG 10,NA,Austin,Texas,United States,1
1004 ROMERIA DR,Bldg 3:  New 3-story residence attached garage covered porches 3 bedroom 2.5 bath. Part of 3 unit use.,2025-01-24,1,3,1004 ROMERIA DR,78757,7,NA,https://abc.austintexas.gov/web/permit/public-search-other?t_detail=1&t_selected_folderrsn=13459421,1004 ROMERIA DRIVE,NA,Austin,Texas,United States,1
9608 MIRTHFUL LN,Antone 1519-A-R New 2-story single-family residence with (3) bedrooms (2.5) bathrooms detached carport covered entry porch.,2025-02-10,1,2,9608 MIRTHFUL LN,78653,1,NA,https://abc.austintexas.gov/web/permit/public-search-other?t_detail=1&t_selected_folderrsn=13464698,9608 MIRTHFUL LANE,NA,Austin,Texas,United States,1
1004 ROMERIA DR BLDG 1,Bldg 1:  New 3-story residence attached garage covered porches 3 bedroom 2.5 bath. Part of 3 unit use.,2025-01-24,1,3,1004 ROMERIA DR BLDG 1,78757,7,NA,https://abc.austintexas.gov/web/permit/public-search-other?t_detail=1&t_selected_folderrsn=13459419,1004 ROMERIA DRIVE BLDG 1,NA,Austin,Texas,United States,1
1406 MASON AVE,"New 3-story SFR
Smart Housing",2025-02-10,1,3,1406 MASON AVE,78721,1,NA,https://abc.austintexas.gov/web/permit/public-search-other?t_detail=1&t_selected_folderrsn=13463305,1406 MASON AVE,NA,Austin,Texas,United States,1
2141 BARTON HILLS DR,New Construction of a 2-Story Single Family Res. with Basement [4bed 4.5bath] with attached 2-car Garage.,2025-01-28,1,2,2141 BARTON HILLS DR,78704,5,NA,https://abc.austintexas.gov/web/permit/public-search-other?t_detail=1&t_selected_folderrsn=13062688,2141 BARTON HILLS DRIVE,NA,Austin,Texas,United States,1
302 BROADWAY---UNIT B,New Triplex 3 bed 2.5 bath,2025-01-23,1,3,302 BROADWAY UNIT B,78702,3,NA,https://abc.austintexas.gov/web/permit/public-search-other?t_detail=1&t_selected_folderrsn=13414439,302 BROADWAY UNIT B,NA,Austin,Texas,United States,1
1408 MASON AVE,"New 2-story SFR
SMART HOUSING",2025-02-10,1,2,1408 MASON AVE,78721,1,NA,https://abc.austintexas.gov/web/permit/public-search-other?t_detail=1&t_selected_folderrsn=13463318,1408 MASON AVE,NA,Austin,Texas,United States,1
9803 RIBELIN RANCH CT BLDG 11,New construction of single building based on Volume Builder Approved (2024-067871 VB) Plan 11-DB-L. This is a 3 Story building with height of 38-6 and 2720 square feet.,2025-01-03,1,3,9803 RIBELIN RANCH CT BLDG 11,78750,10,NA,https://abc.austintexas.gov/web/permit/public-search-other?t_detail=1&t_selected_folderrsn=13448714,9803 RIBELIN RANCH CT BLDG 11,NA,Austin,Texas,United States,1
5111 MAUFRAIS LN BLDG 1,Expedited Review - New Construction of a 2-Story Single Family Res. [4bed 3.5bath],2025-02-07,1,2,5111 MAUFRAIS LN BLDG 1,78744,2,NA,https://abc.austintexas.gov/web/permit/public-search-other?t_detail=1&t_selected_folderrsn=13333131,5111 MAUFRAIS LANE BLDG 1,NA,Austin,Texas,United States,1
1180 LOTT AVE,New construction single-family residential condo 2-story 2 bedroom 2.5 bath with covered front porch covered rear patio and exterior storage.,2025-02-10,1,2,1180 LOTT AVE,78721,1,NA,https://abc.austintexas.gov/web/permit/public-search-other?t_detail=1&t_selected_folderrsn=13462218,1180 LOTT AVE,NA,Austin,Texas,United States,1
9803 RIBELIN RANCH CT BLDG 14,New construction of single building based on Volume Builder Approved (2024-067871 VB) Plan 3-AB-L. This is a 2 Story building with height of 30-9 and 2924 square feet.,2025-01-03,1,2,9803 RIBELIN RANCH CT BLDG 14,78750,10,NA,https://abc.austintexas.gov/web/permit/public-search-other?t_detail=1&t_selected_folderrsn=13448721,9803 RIBELIN RANCH CT BLDG 14,NA,Austin,Texas,United States,1
1900 BISSEL LN Bldg 2,New 1 story 1 bedroom 1 bathroom tiny home with covered porch.,2025-01-10,1,1,1900 BISSEL LN,78745,5,NA,https://abc.austintexas.gov/web/permit/public-search-other?t_detail=1&t_selected_folderrsn=13364897,1900 BISSEL LANE,NA,Austin,Texas,United States,1
9803 RIBELIN RANCH CT BLDG 15,New construction of single building based on Volume Builder Approved (2024-067871 VB) Plan 1-AA-L. This is a 2 Story building with height of 30-9 and 2924 square feet.,2025-01-03,1,2,9803 RIBELIN RANCH CT BLDG 15,78750,10,NA,https://abc.austintexas.gov/web/permit/public-search-other?t_detail=1&t_selected_folderrsn=13448726,9803 RIBELIN RANCH CT BLDG 15,NA,Austin,Texas,United States,1
3900 PEBBLE PATH,ePlan: Residential Expedited Review - New construction of a 2-Story Single-Family Res. [4bed 5bath] with attached Garage.,2025-02-03,1,2,3900 PEBBLE PATH,78731,10,NA,https://abc.austintexas.gov/web/permit/public-search-other?t_detail=1&t_selected_folderrsn=13447217,3900 PEBBLE PATH,NA,Austin,Texas,United States,1
5111 MAUFRAIS LN BLDG 3,Expedited Review - New Construction of a 2-Story Third Apartment [4bed 3.5bath].,2025-02-07,1,2,5111 MAUFRAIS LN BLDG 3,78744,2,NA,https://abc.austintexas.gov/web/permit/public-search-other?t_detail=1&t_selected_folderrsn=13333134,5111 MAUFRAIS LANE BLDG 3,NA,Austin,Texas,United States,1
9912 PETRICHOR BLVD,PB: New construction of 1 story SFR,2025-02-14,1,1,9912 PETRICHOR BLVD,78653,1,NA,https://abc.austintexas.gov/web/permit/public-search-other?t_detail=1&t_selected_folderrsn=13467181,9912 PETRICHOR BOULEVARD,NA,Austin,Texas,United States,1
12009 FENNEC WAY,2116 (Lincoln) - N Right - 3/4 Beds 2.5/3.5 Baths Game Rm Opt Ext Cov Patio & Balcony 2/3 Car Att Garage & Opt Storage,2025-02-06,1,2,12009 FENNEC WAY,78758,7,NA,https://abc.austintexas.gov/web/permit/public-search-other?t_detail=1&t_selected_folderrsn=13465401,12009 FENNEC WAY,NA,Austin,Texas,United States,1
7300 DANWOOD DR,New detached 1 story dwelling unit 1 bed 1 bath with to rear of existing SFR,2025-01-27,1,1,7300 DANWOOD DR,78759,10,NA,https://abc.austintexas.gov/web/permit/public-search-other?t_detail=1&t_selected_folderrsn=13454998,7300 DANWOOD DRIVE,NA,Austin,Texas,United States,1
10105 MILKY WAY DR,3827 (Asheville) A Right - 5 Beds 5.5 Baths Cov Porch 1st & 2nd Fl Cov Patio &  Opt Elevator 3 Car Att Garage. - Building Height: 26`4-3/4. Maximum Height: 30. Required FFE: 1069.85 - above MSL. Site Plan#: SP-202-167086 Site Plan# Pending: SP-2020-0388C. Expiration Date: N/A.,2025-01-03,1,2,10105 MILKY WAY DR,78730,10,NA,https://abc.austintexas.gov/web/permit/public-search-other?t_detail=1&t_selected_folderrsn=13449656,10105 MILKY WAY DRIVE,NA,Austin,Texas,United States,1
1907 ARTHUR LN,ePlan: Residential Expedited Review - New construction of an 2-Story Single-Family Res. [4bed 4.5bath] with attached Garage and Carport,2025-01-21,1,2,1907 ARTHUR LN,78704,5,NA,https://abc.austintexas.gov/web/permit/public-search-other?t_detail=1&t_selected_folderrsn=13450029,1907 ARTHUR LANE,NA,Austin,Texas,United States,1
4912 LAKEVIEW DR,Expedited Review: New Construction of 3-Story Single Family Res [1bed 1.5bath] with attached 2-Car Garage below grade. REVISION 1: Changed exterior building materials for WUI compliance.,2025-01-21,1,3,4912 LAKEVIEW DR,78732,10,NA,https://abc.austintexas.gov/web/permit/public-search-other?t_detail=1&t_selected_folderrsn=13448604,4912 LAKEVIEW DRIVE,NA,Austin,Texas,United States,1
803 BOULDIN AVE,Expedited Review: New Construction of a 2-Story Single Family Res [5bed 5.5bath] with attached 2-Car Garage and Work shop.,2025-02-18,1,2,803 BOULDIN AVE,78704,9,NA,https://abc.austintexas.gov/web/permit/public-search-other?t_detail=1&t_selected_folderrsn=13470814,803 BOULDIN AVE,NA,Austin,Texas,United States,1
1032 SPRINGDALE RD UNIT 105,"New construction of a two-story townhouse with attached garage and balcony.
Note: expiration date extended to Dec. 31 2021 in compliance with mayors COVID-19 orders.",2025-02-07,1,2,1032 SPRINGDALE RD UNIT 105,78721,1,NA,https://abc.austintexas.gov/web/permit/public-search-other?t_detail=1&t_selected_folderrsn=12379680,1032 SPRINGDALE ROAD UNIT 105,NA,Austin,Texas,United States,1
9612 MIRTHFUL LN,Arc 1148-A-L New 1-story single-family residence with (2) bedrooms (2) bathrooms covered entry porch.,2025-02-10,1,1,9612 MIRTHFUL LN,78653,1,NA,https://abc.austintexas.gov/web/permit/public-search-other?t_detail=1&t_selected_folderrsn=13464717,9612 MIRTHFUL LANE,NA,Austin,Texas,United States,1
3000 BRYKER DR,New two-story SFR (4br/3.5ba) with attached covered porch,2025-01-07,1,2,3000 BRYKER DR,78703,10,NA,https://abc.austintexas.gov/web/permit/public-search-other?t_detail=1&t_selected_folderrsn=13438645,3000 BRYKER DRIVE,NA,Austin,Texas,United States,1
302 BROADWAY---UNIT A,New Triplex,2025-01-23,1,3,302 BROADWAY,78702,3,NA,https://abc.austintexas.gov/web/permit/public-search-other?t_detail=1&t_selected_folderrsn=13414438,302 BROADWAY,NA,Austin,Texas,United States,1
6715 JESTER BLVD,New 2 story single family residence with 4 bedrooms 4 bathrooms covered patios and attached garage.,2025-01-31,1,2,6715 JESTER BLVD,78750,10,NA,https://abc.austintexas.gov/web/permit/public-search-other?t_detail=1&t_selected_folderrsn=12019778,6715 JESTER BOULEVARD,NA,Austin,Texas,United States,1
12892 PARK DR,Expedited Review - New Construction of a 2-Story Single Family Res. [5bed 7bath] with Habitable Basement and attached 1-car Garage and attached 2-car Garage.,2025-02-10,1,2,12892 PARK DR,78732,10,NA,https://abc.austintexas.gov/web/permit/public-search-other?t_detail=1&t_selected_folderrsn=13106140,12892 PARK DRIVE,NA,Austin,Texas,United States,1
6203 LANDSCAPE DR,New single-story manufactured home. 2 bedroom and 2 bathrooms,2025-02-07,1,1,6203 LANDSCAPE DR,78735,8,NA,https://abc.austintexas.gov/web/permit/public-search-other?t_detail=1&t_selected_folderrsn=13454230,6203 LANDSCAPE DRIVE,NA,Austin,Texas,United States,1
3601 CHALKSTONE CV,New construction of single family home with 6 beds 6.5 baths attached two car garage and additional detached garage. Area labeled mini master cannot add any other fixtures like a cooktop or dishwasher without a new permit submittal. B.O. approved the 2nd sink in this area and it is NOT considered a separate dwelling unit as proposed currently.,2025-01-24,1,2,3601 CHALKSTONE CV,78730,10,NA,https://abc.austintexas.gov/web/permit/public-search-other?t_detail=1&t_selected_folderrsn=13452806,3601 CHALKSTONE CV,NA,Austin,Texas,United States,1
1209 AZIE MORTON RD BLDG 3,ePlan: Residential Expedited Review - New construction of a 3-Story Single-Family Res. [4bed 4.5bath] with attached Garage. Bldg 3,2025-01-06,1,3,1209 AZIE MORTON RD BLDG 3,78704,5,NA,https://abc.austintexas.gov/web/permit/public-search-other?t_detail=1&t_selected_folderrsn=13450123,1209 AZIE MORTON ROAD BLDG 3,NA,Austin,Texas,United States,1
3401 LARRY LN UNIT B,New 3-story duplex; Unit B: 3-story 3 bedroom 4 bath with attached 1-car garage covered front porch and uncovered rear wood deck.,2025-01-16,2,3,3401 LARRY LN UNIT B,78722,9,NA,https://abc.austintexas.gov/web/permit/public-search-other?t_detail=1&t_selected_folderrsn=13379977,3401 LARRY LANE UNIT B,NA,Austin,Texas,United States,1
4301 BELLVUE AVE BLDG 2,New construction of 2-story secondary unit with 2 new driveways.,2025-01-30,1,2,4301 BELLVUE AVE BLDG 2,78756,10,NA,https://abc.austintexas.gov/web/permit/public-search-other?t_detail=1&t_selected_folderrsn=13454892,4301 BELLVUE AVE BLDG 2,NA,Austin,Texas,United States,1
1178 LOTT AVE,New construction single-family residential 2-story condo 3 bedroom 2.5 bath with covered front porch covered rear patio and exterior storage.,2025-02-10,1,2,1178 LOTT AVE,78721,1,NA,https://abc.austintexas.gov/web/permit/public-search-other?t_detail=1&t_selected_folderrsn=13462374,1178 LOTT AVE,NA,Austin,Texas,United States,1
1402 CORSAC WAY,1910 (Lamplight) - H Right - 3 Bedroom 2.5 Bath Cov Patio & Entry - 2 or 3 Car Att Garage and Storage opt.,2025-02-09,1,2,1402 CORSAC WAY,78758,7,NA,https://abc.austintexas.gov/web/permit/public-search-other?t_detail=1&t_selected_folderrsn=13466757,1402 CORSAC WAY,NA,Austin,Texas,United States,1
5633 TOSCANA AVE,New 2-Story SFR with 3 bedrooms and 2.5 baths study 2 car garage 90 sf uncovered patio,2025-02-17,1,2,5633 TOSCANA AVE,78724,1,NA,https://abc.austintexas.gov/web/permit/public-search-other?t_detail=1&t_selected_folderrsn=12996734,5633 TOSCANA AVE,NA,Austin,Texas,United States,1
5111 MAUFRAIS LN BLDG 2,Expedited Review - New Construction of a 2-Story Secondary Apartment [4bed 3.5bath],2025-02-07,1,2,5111 MAUFRAIS LN BLDG 2,78744,2,NA,https://abc.austintexas.gov/web/permit/public-search-other?t_detail=1&t_selected_folderrsn=13333132,5111 MAUFRAIS LANE BLDG 2,NA,Austin,Texas,United States,1
9604 MIRTHFUL LN,Burnett 1864-A-L New 2-story single-family residence with (3) bedrooms (2.5) bathrooms detached 2 car carport covered entry porch.,2025-02-10,1,2,9604 MIRTHFUL LN,78653,1,NA,https://abc.austintexas.gov/web/permit/public-search-other?t_detail=1&t_selected_folderrsn=13464692,9604 MIRTHFUL LANE,NA,Austin,Texas,United States,1
1004 ROMERIA DR BLDG 2,Bldg 2:  New 3-story residence attached garage covered porches 3 bedroom 2.5 bath. Part of 3 unit use.,2025-01-24,1,3,1004 ROMERIA DR BLDG 2,78757,7,NA,https://abc.austintexas.gov/web/permit/public-search-other?t_detail=1&t_selected_folderrsn=13459420,1004 ROMERIA DRIVE BLDG 2,NA,Austin,Texas,United States,1
3306 LARRY LN UNIT A,Expedited Review - New Construction of a 2-Story Single Family Res. [4bed 4bath] with attached Garage,2024-11-18,1,2,3306 LARRY LN UNIT A,78722,9,NA,https://abc.austintexas.gov/web/permit/public-search-other?t_detail=1&t_selected_folderrsn=13148843,3306 LARRY LANE UNIT A,NA,Austin,Texas,United States,1
4709 DEPEW AVE BLDG 2,"ePlan: Residential Expedited Review - New construction of a 2-Story Single Family Res. [3bed 2bath] Bldg 2
MODULAR CONSTRUCTION",2024-11-22,1,2,4709 DEPEW AVE BLDG 2,78751,9,NA,https://abc.austintexas.gov/web/permit/public-search-other?t_detail=1&t_selected_folderrsn=13434594,4709 DEPEW AVE BLDG 2,NA,Austin,Texas,United States,1
5711 CARRY BACK LN,New Construction of a single-family residence. w 4 bedroom and 4 bathrooms. covered porch and attached garage,2024-11-14,1,2,5711 CARRY BACK LN,78746,8,NA,https://abc.austintexas.gov/web/permit/public-search-other?t_detail=1&t_selected_folderrsn=13426878,5711 CARRY BACK LANE,NA,Austin,Texas,United States,1
2607 STRATFORD DR,Expedited Review:  New 2-Story single family residence [5bed 5.5bath] with attached Garage .,2024-12-30,1,2,2607 STRATFORD DR,78746,8,NA,https://abc.austintexas.gov/web/permit/public-search-other?t_detail=1&t_selected_folderrsn=13345242,2607 STRATFORD DRIVE,NA,Austin,Texas,United States,1
4324 AIRPORT BLVD UNIT B,ePlan: Residential Expedited Review - New construction of an 2-Story Duplex [3bed 2.5bath] with attached Garage,2024-12-16,2,2,4324 AIRPORT BLVD UNIT B,78722,9,NA,https://abc.austintexas.gov/web/permit/public-search-other?t_detail=1&t_selected_folderrsn=13443962,4324 AIRPORT BOULEVARD UNIT B,NA,Austin,Texas,United States,1
3400 RANDOLPH RD--GARAGE/ADU,New construction 2-unit residential 2-story studio space w/ storage full bath covered balcony and covered front deck above 1-car garage and storage area; exterior spiral staircase.,2024-11-20,1,2,3400 RANDOLPH RD,78722,9,NA,https://abc.austintexas.gov/web/permit/public-search-other?t_detail=1&t_selected_folderrsn=13370482,3400 RANDOLPH ROAD,NA,Austin,Texas,United States,1
1107 W RUNDBERG LN BLDG 1,New construction 2-unit use single family residential 2-story 4 bedroom 4 bath.,2024-12-14,1,2,1107 W RUNDBERG LN BLDG 1,78758,4,NA,https://abc.austintexas.gov/web/permit/public-search-other?t_detail=1&t_selected_folderrsn=13427682,1107 WEST RUNDBERG LANE BLDG 1,NA,Austin,Texas,United States,1
3504 PICKLE DR UNIT B,Bldg 2 includes: 2-story SFR  [1bed 1bath] on top of (2-car) Carport.,2024-12-18,1,2,3504 PICKLE DR UNIT B,78702,3,NA,https://abc.austintexas.gov/web/permit/public-search-other?t_detail=1&t_selected_folderrsn=13436535,3504 PICKLE DRIVE UNIT B,NA,Austin,Texas,United States,1
2502 E 9TH ST--BLDG 2,"New 3-story 4 bedroom 3 bathroom dwelling unit with screened porch covered landing and 2nd floor covered balcony. 
Revision 1: Revise scope of work for new dwelling unit to consist of a 3-story 3 bedroom 3 bathroom dwelling unit with screened porch and 2nd floor covered balcony. 
Revision 2: Revise layout of kitchen for new dwelling unit including relocating the refrigerator range microwave and minor cabinet adjustments. Swap two windows (third floor stair landing window with living room window) and remove one window above master bedroom. Convert tub to a shower in master bedroom. Remove closet walls/doors at master bathroom.",2024-12-02,1,3,2502 E 9TH ST BLDG 2,78702,1,NA,https://abc.austintexas.gov/web/permit/public-search-other?t_detail=1&t_selected_folderrsn=13435326,2502 EAST 9TH STREET BLDG 2,NA,Austin,Texas,United States,1
1107 W RUNDBERG LN BLDG 2,New construction 2-unit use single family residential 2-story 4 bedroom 4 bath.,2024-12-14,1,2,1107 W RUNDBERG LN BLDG 2,78758,4,NA,https://abc.austintexas.gov/web/permit/public-search-other?t_detail=1&t_selected_folderrsn=13427683,1107 WEST RUNDBERG LANE BLDG 2,NA,Austin,Texas,United States,1
1501 ASTOR PL,New 1 Story Secondary Dwelling with covered porch 2/2,2024-12-05,1,1,1501 ASTOR PL,78721,1,NA,https://abc.austintexas.gov/web/permit/public-search-other?t_detail=1&t_selected_folderrsn=13130154,1501 ASTOR PLACE,NA,Austin,Texas,United States,1
4015 CLAWSON RD,Expedited Review - New Construction of a 2-Story Single Family Res. [3bed 3.5bath] with Habitable Attic and attached 1-car Garage,2024-11-27,1,2,4015 CLAWSON RD,78704,5,NA,https://abc.austintexas.gov/web/permit/public-search-other?t_detail=1&t_selected_folderrsn=13228762,4015 CLAWSON ROAD,NA,Austin,Texas,United States,1
8608 GUADALUPE ST BLDG 2,new 2 story dwelling 3 bedroom 2.5 bathroom with new driveway.,2024-12-18,1,2,8608 GUADALUPE ST BLDG 2,78753,4,NA,https://abc.austintexas.gov/web/permit/public-search-other?t_detail=1&t_selected_folderrsn=13445463,8608 GUADALUPE STREET BLDG 2,NA,Austin,Texas,United States,1
4601 SARA DR BLDG 2,New construction of a 2-story ADU with 1 bed 1 bath and porch.,2024-11-15,1,2,4601 SARA DR BLDG 2,78721,3,NA,https://abc.austintexas.gov/web/permit/public-search-other?t_detail=1&t_selected_folderrsn=13402427,4601 SARA DRIVE BLDG 2,NA,Austin,Texas,United States,1
4710 CLARKSON AVE,ePlan: Residential Expedited Review - New construction of a 3-Story Single Family Res. [3bed 2.5bath] 4710 Clarkson Ave,2024-11-22,1,2,4710 CLARKSON AVE,78751,9,NA,https://abc.austintexas.gov/web/permit/public-search-other?t_detail=1&t_selected_folderrsn=13434706,4710 CLARKSON AVE,NA,Austin,Texas,United States,1
1101 CLERMONT AVE,ePlan: Residential Expedited Review - New construction of a 3-Story Single-Family Res. [3bed 2.5bath],2024-12-03,1,3,1101 CLERMONT AVE,78702,3,NA,https://abc.austintexas.gov/web/permit/public-search-other?t_detail=1&t_selected_folderrsn=13436288,1101 CLERMONT AVE,NA,Austin,Texas,United States,1
4709 DEPEW AVE UNIT A,"ePlan: Residential Expedited Review - New construction of a 3-Story Duplex [3bed 2.5bath] Unit A
MODULAR CONSTRUCTION",2024-11-22,1,3,4709 DEPEW AVE UNIT A,78751,9,NA,https://abc.austintexas.gov/web/permit/public-search-other?t_detail=1&t_selected_folderrsn=13434592,4709 DEPEW AVE UNIT A,NA,Austin,Texas,United States,1
801 WINFLO DR,Expedited Review: New construction of a 2-Story Single Family Res [6bed 6.5bath] with attached 2-Car Garage,2024-11-19,1,2,801 WINFLO DR,78703,9,NA,https://abc.austintexas.gov/web/permit/public-search-other?t_detail=1&t_selected_folderrsn=13260707,801 WINFLO DRIVE,NA,Austin,Texas,United States,1
2806 PECOS ST UNIT B,Two-Unit use: New construction studio space with attached 3-car garage and full bath.,2024-12-14,1,1,2806 PECOS ST UNIT B,78703,10,NA,https://abc.austintexas.gov/web/permit/public-search-other?t_detail=1&t_selected_folderrsn=13439876,2806 PECOS STREET UNIT B,NA,Austin,Texas,United States,1
4506 FINLEY DR,New construction single family residential 2-story 4 bedroom 3 bath with habitable attic attached 1-car carport attached 1-car garage covered front wood deck/ porch and covered rear patio.,2024-11-19,1,2,4506 FINLEY DR,78731,7,NA,https://abc.austintexas.gov/web/permit/public-search-other?t_detail=1&t_selected_folderrsn=13307626,4506 FINLEY DRIVE,NA,Austin,Texas,United States,1
6004 SILENT NOVA VW,New Condo - with 6 or 7 bedrooms and 3.5 bathrooms covered patio/porch with 2 car or 3 car garage opt attached. 3515 (Lantana) G Left.,2024-12-05,1,2,6004 SILENT NOVA VW,78730,10,NA,https://abc.austintexas.gov/web/permit/public-search-other?t_detail=1&t_selected_folderrsn=13437687,6004 SILENT NOVA VW,NA,Austin,Texas,United States,1
2602 LITTLE JOHN LN BLDG 3,ePlan: Residential Expedited Review - New MODULAR three-unit Res. UNIT 3 2-Story [3bed 2.5bath],2024-12-18,1,2,2602 LITTLE JOHN LN BLDG 3,78704,3,NA,https://abc.austintexas.gov/web/permit/public-search-other?t_detail=1&t_selected_folderrsn=13445069,2602 LITTLE JOHN LANE BLDG 3,NA,Austin,Texas,United States,1
1811 PARKER LN,New construction single family residential 2-story 3-bedroom 2.5 bath with attached 2-car garage covered front porch and habitable attic with balcony.,2024-11-26,1,2,1811 PARKER LN,78741,3,NA,https://abc.austintexas.gov/web/permit/public-search-other?t_detail=1&t_selected_folderrsn=12935744,1811 PARKER LANE,NA,Austin,Texas,United States,1
2908 TARRY TRL,New 2-story SFR 3 bedrooms 4.5 bathrooms attached garage covered porch and patio,2024-12-22,1,2,2908 TARRY TRL,78703,10,NA,https://abc.austintexas.gov/web/permit/public-search-other?t_detail=1&t_selected_folderrsn=13312572,2908 TARRY TRAIL,NA,Austin,Texas,United States,1
3415 WINDSOR RD UNIT B,ePlan: Residential Expedited Review - New construction of a 2-Story Duplex [1bed 1bath] Unit B,2024-12-13,1,1,3415 WINDSOR RD UNIT B,78703,10,NA,https://abc.austintexas.gov/web/permit/public-search-other?t_detail=1&t_selected_folderrsn=13439803,3415 WINDSOR ROAD UNIT B,NA,Austin,Texas,United States,1
10702 SPICEWOOD PKWY - BLDG 2,Addition to single-family structure.,2024-12-05,1,1,10702 SPICEWOOD PKWY BLDG 2,78750,6,NA,https://abc.austintexas.gov/web/permit/public-search-other?t_detail=1&t_selected_folderrsn=13437161,10702 SPICEWOOD PKWY BLDG 2,NA,Austin,Texas,United States,1
3506 BONNIE RD,New construction single-family residential 1-story 3 bedroom 2.5 bath with attached 2-car carport covered front porch covered rear patio and uncovered wood deck.,2024-11-22,1,1,3506 BONNIE RD,78703,10,NA,https://abc.austintexas.gov/web/permit/public-search-other?t_detail=1&t_selected_folderrsn=13400748,3506 BONNIE ROAD,NA,Austin,Texas,United States,1
3605 STONERIDGE RD,"New Construction of a 2-Story Single Family Res [5bed 6.5bath] with attached 4-Car Garage w/ pool house attached via 2nd story walkway to roof deck of primary.

REVISION Includes: REMOVE ROOFTOP DECK ON PATIO AND REMOVE ITS POWDER BATH. 
SHRINK SIZE OF MAIN BUILDING.",2024-12-16,1,2,3605 STONERIDGE RD,78746,8,NA,https://abc.austintexas.gov/web/permit/public-search-other?t_detail=1&t_selected_folderrsn=13281656,3605 STONERIDGE ROAD,NA,Austin,Texas,United States,1
4707 DEPEW AVE UNIT B,"ePlan: Residential Expedited Review - New construction of a 3-Story Duplex [3bed 2bath] Unit B
MODULAR CONSTRUCTION",2024-11-22,1,3,4707 DEPEW AVE UNIT B,78751,9,NA,https://abc.austintexas.gov/web/permit/public-search-other?t_detail=1&t_selected_folderrsn=13434708,4707 DEPEW AVE UNIT B,NA,Austin,Texas,United States,1
2602 LITTLE JOHN LN BLDG 1,ePlan: Residential Expedited Review - New MODULAR three-unit Res. UNIT 1 3-Story [3bed 2.5bath],2024-12-18,1,3,2602 LITTLE JOHN LN BLDG 1,78704,3,NA,https://abc.austintexas.gov/web/permit/public-search-other?t_detail=1&t_selected_folderrsn=13445066,2602 LITTLE JOHN LANE BLDG 1,NA,Austin,Texas,United States,1
4705 SARA DR,duplex,2024-11-25,2,2,4705 SARA DR,78721,3,NA,https://abc.austintexas.gov/web/permit/public-search-other?t_detail=1&t_selected_folderrsn=13274998,4705 SARA DRIVE,NA,Austin,Texas,United States,1
1411 RABB RD,New two-story SFR (3br/3.5ba) with attached covered parking covered porch roof deck,2024-12-27,1,2,1411 RABB RD,78704,5,NA,https://abc.austintexas.gov/web/permit/public-search-other?t_detail=1&t_selected_folderrsn=13445514,1411 RABB ROAD,NA,Austin,Texas,United States,1
101 LAGO VERDE DR,New construction single family residential 2-story 3 bedroom 3 bath with attached 2-car garage covered front porch 2nd story covered balcony and uncovered deck.,2024-12-06,1,2,101 LAGO VERDE DR,78734,NA,NA,https://abc.austintexas.gov/web/permit/public-search-other?t_detail=1&t_selected_folderrsn=13420323,101 LAGO VERDE DRIVE,NA,Austin,Texas,United States,1
3415 WINDSOR RD UNIT A,ePlan: Residential Expedited Review - New construction of a 2-Story Duplex [4bed 4.5bath] with attached Garage Unit A,2024-12-13,1,2,3415 WINDSOR RD UNIT A,78703,10,NA,https://abc.austintexas.gov/web/permit/public-search-other?t_detail=1&t_selected_folderrsn=13439802,3415 WINDSOR ROAD UNIT A,NA,Austin,Texas,United States,1
2805 MOUNTAIN LAUREL DR,new single-story home w/ walkout basement new pool,2024-11-25,1,1,2805 MOUNTAIN LAUREL DR,78703,10,NA,https://abc.austintexas.gov/web/permit/public-search-other?t_detail=1&t_selected_folderrsn=13400294,2805 MOUNTAIN LAUREL DRIVE,NA,Austin,Texas,United States,1
4324 AIRPORT BLVD UNIT A,ePlan: Residential Expedited Review - New construction of an 2-Story Duplex [3 bed 2.5bath] with attached Garage,2024-12-16,2,2,4324 AIRPORT BLVD UNIT A,78722,9,NA,https://abc.austintexas.gov/web/permit/public-search-other?t_detail=1&t_selected_folderrsn=13443961,4324 AIRPORT BOULEVARD UNIT A,NA,Austin,Texas,United States,1
2602 LITTLE JOHN LN BLDG 2,ePlan: Residential Expedited Review - New MODULAR three-unit Res. UNIT 2 3-Story [3bed 2.5bath],2024-12-18,1,3,2602 LITTLE JOHN LN BLDG 2,78704,3,NA,https://abc.austintexas.gov/web/permit/public-search-other?t_detail=1&t_selected_folderrsn=13445068,2602 LITTLE JOHN LANE BLDG 2,NA,Austin,Texas,United States,1
611 BRENTWOOD ST BLDG 2,New construction of a 3-Story Single-Family Res.  Part of 2 unit use [6bed 7bath].,2024-11-15,1,2,611 BRENTWOOD ST BLDG 2,78752,4,NA,https://abc.austintexas.gov/web/permit/public-search-other?t_detail=1&t_selected_folderrsn=13403716,611 BRENTWOOD STREET BLDG 2,NA,Austin,Texas,United States,1
4015 CLAWSON RD,Expedited Review - New Construction of a 2-Story Secondary Apartment [2bed 2bath],2024-11-27,1,2,4015 CLAWSON RD,78704,5,NA,https://abc.austintexas.gov/web/permit/public-search-other?t_detail=1&t_selected_folderrsn=13228763,4015 CLAWSON ROAD,NA,Austin,Texas,United States,1
3504 PICKLE DR,New 2-UNIT RES. Bldg 1 includes: 2-story SFR [3bed 4bath] with attached 2-car Garage and Pool. Bldg 2 includes: SFR  [1bed 1bath]on top of detached Carport.,2024-12-18,1,2,3504 PICKLE DR,78702,3,NA,https://abc.austintexas.gov/web/permit/public-search-other?t_detail=1&t_selected_folderrsn=13436534,3504 PICKLE DRIVE,NA,Austin,Texas,United States,1
7901 PERSIMMON TRL,New 2-Story SFR 2 Bed/2 Bath with covered porch/balcony,2024-11-18,1,1,7901 PERSIMMON TRL,78745,5,NA,https://abc.austintexas.gov/web/permit/public-search-other?t_detail=1&t_selected_folderrsn=13425037,7901 PERSIMMON TRAIL,NA,Austin,Texas,United States,1
1504 PALO DURO RD BLDG 2,New construction single-family residential two-unit use 1-story 2 bedroom 2 bath.,2024-12-27,1,1,1504 PALO DURO RD BLDG 2,78757,7,NA,https://abc.austintexas.gov/web/permit/public-search-other?t_detail=1&t_selected_folderrsn=13437591,1504 PALO DURO ROAD BLDG 2,NA,Austin,Texas,United States,1
1602 WEBBERVILLE RD,New 2-story Duplex with covered porches 8/8,2024-10-28,2,2,1602 WEBBERVILLE RD,78721,1,NA,https://abc.austintexas.gov/web/permit/public-search-other?t_detail=1&t_selected_folderrsn=13387885,1602 WEBBERVILLE ROAD,NA,Austin,Texas,United States,1
10816 HERMOSILLO DR,BLDG 14 - UNIT C (UNIT 1011 - 1021 1047 - 1052) WILL HAVE A 2 CAR GARAGE 3 BEDROOMS 3 FULL BATHROOMS 1 HALF BATH AND A BALCONY.,2024-10-30,1,3,10816 HERMOSILLO DR,78758,4,NA,https://abc.austintexas.gov/web/permit/public-search-other?t_detail=1&t_selected_folderrsn=13417912,10816 HERMOSILLO DRIVE,NA,Austin,Texas,United States,1
10804 HERMOSILLO DR,BLDG 11 - UNIT C (UNIT 1011 - 1021 1047 - 1052) WILL HAVE A 2 CAR GARAGE 3 BEDROOMS 3 FULL BATHROOMS 1 HALF BATH AND A BALCONY.,2024-10-31,1,3,10804 HERMOSILLO DR,78758,4,NA,https://abc.austintexas.gov/web/permit/public-search-other?t_detail=1&t_selected_folderrsn=13417841,10804 HERMOSILLO DRIVE,NA,Austin,Texas,United States,1
10717 DESERT TRL,BLDG 31 - UNIT B (UNIT 1043) WILL HAVE A 1 CAR GARAGE 1 CARPORT 3 BEDROOMS 2 FULL BATHROOMS AND A HALF BATH.,2024-10-21,1,2,10717 DESERT TRL,78758,4,NA,https://abc.austintexas.gov/web/permit/public-search-other?t_detail=1&t_selected_folderrsn=13414210,10717 DESERT TRAIL,NA,Austin,Texas,United States,1
10814 HERMOSILLO DR,BLDG 13 - UNIT C (UNIT 1011 - 1021 1047 - 1052) WILL HAVE A 2 CAR GARAGE 3 BEDROOMS 3 FULL BATHROOMS 1 HALF BATH AND A BALCONY.,2024-10-30,1,3,10814 HERMOSILLO DR,78758,4,NA,https://abc.austintexas.gov/web/permit/public-search-other?t_detail=1&t_selected_folderrsn=13417885,10814 HERMOSILLO DRIVE,NA,Austin,Texas,United States,1
906 CHRISTOPHER ST,"*Greater than 50% demo* Addition/remodel. Demolish existing exterior walls of 1-story single family residence and preserve existing slab. Comprehensive remodel and addition resulting in a 2-story 3 bedroom 2.5 bathroom single  family residence with attached carport covered front porch and uncovered 2nd floor balcony. 
Revision 1: Revise scope of work to demolish existing foundation. New 2-story 3 bedroom 2.5 bathroom single family residence with attached carport covered front porch and uncovered 2nd floor balcony. Separate total demolition permit approved.",2024-11-05,1,2,906 CHRISTOPHER ST,78704,9,NA,https://abc.austintexas.gov/web/permit/public-search-other?t_detail=1&t_selected_folderrsn=13421056,906 CHRISTOPHER STREET,NA,Austin,Texas,United States,1
10810 DESERT TRL,BLDG 24 - Sonora UNIT D (UNIT 1031) WILL HAVE A 2 CAR GARAGE 3 BEDROOMS 3.5BATHROOMS AND A BALCONY.,2024-10-21,1,3,10810 DESERT TRL,78758,4,NA,https://abc.austintexas.gov/web/permit/public-search-other?t_detail=1&t_selected_folderrsn=13417927,10810 DESERT TRAIL,NA,Austin,Texas,United States,1
10804 DESERT TRL,BLDG 23 - Sonora UNIT D (UNIT 1028) WILL HAVE A 2 CAR GARAGE 3 BEDROOMS 3.5BATHROOMS AND A BALCONY.,2024-10-21,1,3,10804 DESERT TRL,78758,4,NA,https://abc.austintexas.gov/web/permit/public-search-other?t_detail=1&t_selected_folderrsn=13417881,10804 DESERT TRAIL,NA,Austin,Texas,United States,1
10802 HERMOSILLO DR,BLDG 10 - UNIT C (UNIT 1011 - 1021 1047 - 1052) WILL HAVE A 2 CAR GARAGE 3 BEDROOMS 3 FULL BATHROOMS 1 HALF BATH AND A BALCONY.,2024-10-31,1,3,10802 HERMOSILLO DR,78758,4,NA,https://abc.austintexas.gov/web/permit/public-search-other?t_detail=1&t_selected_folderrsn=13417823,10802 HERMOSILLO DRIVE,NA,Austin,Texas,United States,1
2816 SAN PEDRO ST,ePlan: Commercial Expedited Review - New Construction 4 Plex. (4 units - 9807 sf.).,2024-10-19,4,4,2816 SAN PEDRO ST,78705,9,NA,https://abc.austintexas.gov/web/permit/public-search-other?t_detail=1&t_selected_folderrsn=13417488,2816 SAN PEDRO STREET,NA,Austin,Texas,United States,1
10812 DESERT TRL,BLDG 25 - Sonora UNIT D (UNIT 1032) WILL HAVE A 2 CAR GARAGE 3 BEDROOMS 3.5BATHROOMS AND A BALCONY.,2024-10-21,1,3,10812 DESERT TRL,78758,4,NA,https://abc.austintexas.gov/web/permit/public-search-other?t_detail=1&t_selected_folderrsn=13417954,10812 DESERT TRAIL,NA,Austin,Texas,United States,1
10721 DESERT TRL,BLDG 30 - UNIT B (UNIT 1042) WILL HAVE A 1 CAR GARAGE 1 CARPORT 3 BEDROOMS 2 FULL BATHROOMS AND A HALF BATH.,2024-10-16,1,2,10721 DESERT TRL,78758,4,NA,https://abc.austintexas.gov/web/permit/public-search-other?t_detail=1&t_selected_folderrsn=13414197,10721 DESERT TRAIL,NA,Austin,Texas,United States,1
1504 ARID WAY,BLDG 18 - UNIT C (UNIT 1011 - 1021 1047 - 1052) WILL HAVE A 2-CAR GARAGE 3 BEDROOMS 3 FULL BATHROOMS 1 HALF BATH AND A BALCONY.,2024-10-30,1,3,1504 ARID WAY,78758,4,NA,https://abc.austintexas.gov/web/permit/public-search-other?t_detail=1&t_selected_folderrsn=13418766,1504 ARID WAY,NA,Austin,Texas,United States,1
10809 HERMOSILLO DR,BLDG 7 - UNIT A (UNIT 1001 - 1007) WILL HAVE A 2 CAR GARAGE 3 BEDROOMS 3 FULL BATHROOMS AND A ROOF TOP PATIO.,2024-10-31,1,3,10809 HERMOSILLO DR,78758,4,NA,https://abc.austintexas.gov/web/permit/public-search-other?t_detail=1&t_selected_folderrsn=13413504,10809 HERMOSILLO DRIVE,NA,Austin,Texas,United States,1
10807 DESERT TRL,UNIT C DUPLEX - UNIT 1023 - EACH UNIT WILL HAVE A 2 CAR GARAGE 3 BEDROOMS 3 FULL BATHROOMS 1 HALF BATH AND A BALCONY.,2024-10-21,1,3,10807 DESERT TRL,78758,4,NA,https://abc.austintexas.gov/web/permit/public-search-other?t_detail=1&t_selected_folderrsn=13417875,10807 DESERT TRAIL,NA,Austin,Texas,United States,1
10816 DESERT TRL,BLDG 26 - Sonora UNIT D (UNIT 1034) WILL HAVE A 2 CAR GARAGE 3 BEDROOMS 3.5BATHROOMS AND A BALCONY.,2024-10-21,1,3,10816 DESERT TRL,78758,4,NA,https://abc.austintexas.gov/web/permit/public-search-other?t_detail=1&t_selected_folderrsn=13418659,10816 DESERT TRAIL,NA,Austin,Texas,United States,1
10822 DESERT TRL,BLDG 27 - Sonora UNIT D (UNIT 1036) WILL HAVE A 2 CAR GARAGE 3 BEDROOMS 3.5BATHROOMS AND A BALCONY,2024-10-21,1,3,10822 DESERT TRL,78758,4,NA,https://abc.austintexas.gov/web/permit/public-search-other?t_detail=1&t_selected_folderrsn=13418674,10822 DESERT TRAIL,NA,Austin,Texas,United States,1
1500 OBREGON ST,BLDG 33 - UNIT C (UNIT 1011 - 1021 1047 - 1052) WILL HAVE A 2 CAR GARAGE 3 BEDROOMS 3 FULL BATHROOMS 1 HALF BATH AND A BALCONY.,2024-10-30,1,3,1500 OBREGON ST,78758,4,NA,https://abc.austintexas.gov/web/permit/public-search-other?t_detail=1&t_selected_folderrsn=13418013,1500 OBREGON STREET,NA,Austin,Texas,United States,1
1819 TILLERY ST,ePlan: Residential Expedited Review - New construction of a 3-Story Single Family Res. [3bed 3.5bath] with attached garage. 1819 Tillery St.,2024-10-08,1,3,1819 TILLERY ST,78721,1,NA,https://abc.austintexas.gov/web/permit/public-search-other?t_detail=1&t_selected_folderrsn=13374205,1819 TILLERY STREET,NA,Austin,Texas,United States,1
10805 HERMOSILLO DR,BLDG 8 - UNIT A TRIPLEX (UNIT 1008-10101044-1046) EACH UNIT WILL HAVE A 2 CAR GARAGE 3 BEDROOMS 3 FULL BATHROOMS AND A ROOF TOP PATIO.,2024-10-31,1,3,10805 HERMOSILLO DR,78758,4,NA,https://abc.austintexas.gov/web/permit/public-search-other?t_detail=1&t_selected_folderrsn=13417854,10805 HERMOSILLO DRIVE,NA,Austin,Texas,United States,1
10814 DESERT TRL,BLDG 25 - Sonora UNIT D (UNIT 1033) WILL HAVE A 2 CAR GARAGE 3 BEDROOMS 3.5BATHROOMS AND A BALCONY.,2024-10-21,1,3,10814 DESERT TRL,78758,4,NA,https://abc.austintexas.gov/web/permit/public-search-other?t_detail=1&t_selected_folderrsn=13417955,10814 DESERT TRAIL,NA,Austin,Texas,United States,1
10808 DESERT TRL,BLDG 24 - Sonora UNIT D (UNIT 1030) WILL HAVE A 2 CAR GARAGE 3 BEDROOMS 3.5BATHROOMS AND A BALCONY.,2024-10-21,1,3,10808 DESERT TRL,78758,4,NA,https://abc.austintexas.gov/web/permit/public-search-other?t_detail=1&t_selected_folderrsn=13417926,10808 DESERT TRAIL,NA,Austin,Texas,United States,1
10803 HERMOSILLO DR,BLDG 8 - UNIT A TRIPLEX (UNIT 1008-10101044-1046) EACH UNIT WILL HAVE A 2 CAR GARAGE 3 BEDROOMS 3 FULL BATHROOMS AND A ROOF TOP PATIO.,2024-10-30,1,3,10803 HERMOSILLO DR,78758,4,NA,https://abc.austintexas.gov/web/permit/public-search-other?t_detail=1&t_selected_folderrsn=13417855,10803 HERMOSILLO DRIVE,NA,Austin,Texas,United States,1
10713 DESERT TRL,BLDG 32 - UNIT A TRIPLEX (UNIT 1008-10101044-1046) EACH UNIT WILL HAVE A 2 CAR GARAGE 3 BEDROOMS 3 FULL BATHROOMS AND A ROOF TOP PATIO.,2024-10-31,1,3,10713 DESERT TRL,78758,4,NA,https://abc.austintexas.gov/web/permit/public-search-other?t_detail=1&t_selected_folderrsn=13417785,10713 DESERT TRAIL,NA,Austin,Texas,United States,1
1501 OBREGON ST,BLDG 35 - UNIT C (UNIT 1049) WILL HAVE A 2 CAR GARAGE 3 BEDROOMS 3 FULL BATHROOMS 1 HALF BATH AND A BALCONY.,2024-10-21,1,3,1501 OBREGON ST,78758,4,NA,https://abc.austintexas.gov/web/permit/public-search-other?t_detail=1&t_selected_folderrsn=13418207,1501 OBREGON STREET,NA,Austin,Texas,United States,1
2704 ESTONIA PATH,New 3-story condo SFR (4br/4.5ba) with attached garage,2024-10-14,1,3,2704 ESTONIA PATH,78741,3,NA,https://abc.austintexas.gov/web/permit/public-search-other?t_detail=1&t_selected_folderrsn=13412323,2704 ESTONIA PATH,NA,Austin,Texas,United States,1
200 W 56TH ST UNIT 8104,Bldg #8 Unit 8104 2-Story townhome 3 bed/3 bath with attached garage,2024-10-28,1,2,200 W 56TH ST UNIT 8104,78751,4,NA,https://abc.austintexas.gov/web/permit/public-search-other?t_detail=1&t_selected_folderrsn=13418408,200 WEST 56TH STREET UNIT 8104,NA,Austin,Texas,United States,1
2800 PEARL STREET,ePlan: Commercial Expedited Review - New Construction 4 plex (4 units - 2071.4).,2024-10-19,4,3,2800 PEARL ST,78705,9,NA,https://abc.austintexas.gov/web/permit/public-search-other?t_detail=1&t_selected_folderrsn=13417489,2800 PEARL STREET,NA,Austin,Texas,United States,1
10800 HERMOSILLO DR,BLDG 9 - UNIT C (UNIT 1011 - 1021 1047 - 1052) WILL HAVE A 2 CAR GARAGE 3 BEDROOMS 3 FULL BATHROOMS 1 HALF BATH AND A BALCONY.,2024-10-31,1,3,10800 HERMOSILLO DR,78758,4,NA,https://abc.austintexas.gov/web/permit/public-search-other?t_detail=1&t_selected_folderrsn=13417810,10800 HERMOSILLO DRIVE,NA,Austin,Texas,United States,1
10807 HERMOSILLO DR,BLDG 8 - UNIT A TRIPLEX (UNIT 1008-10101044-1046) EACH UNIT WILL HAVE A 2 CAR GARAGE 3 BEDROOMS 3 FULL BATHROOMS AND A ROOF TOP PATIO.,2024-10-31,1,3,10807 HERMOSILLO DR,78758,4,NA,https://abc.austintexas.gov/web/permit/public-search-other?t_detail=1&t_selected_folderrsn=13417853,10807 HERMOSILLO DRIVE,NA,Austin,Texas,United States,1
10824 DESERT TRL,BLDG 28 - UNIT D (UNIT 1038) WILL HAVE A 2 CAR GARAGE 3 BEDROOMS 3.5BATHROOMS AND A BALCONY.,2024-10-21,1,3,10824 DESERT TRL,78758,4,NA,https://abc.austintexas.gov/web/permit/public-search-other?t_detail=1&t_selected_folderrsn=13418736,10824 DESERT TRAIL,NA,Austin,Texas,United States,1
1505 SANTAL PASS,UNIT C TRIPLEX - UNITS 1055 - EACH UNIT WILL HAVE A 2 CAR GARAGE 3 BEDROOMS 3 FULL BATHROOMS 1 HALF BATH AND A BALCONY.,2024-11-07,1,3,1505 SANTAL PASS,78758,4,NA,https://abc.austintexas.gov/web/permit/public-search-other?t_detail=1&t_selected_folderrsn=13417305,1505 SANTAL PASS,NA,Austin,Texas,United States,1
10809 DESERT TRL,BLDG 20 - UNIT C DUPLEX (UNIT 1022) WILL HAVE A 2 CAR GARAGE 3 BEDROOMS 3 FULL BATHROOMS 1 HALF BATH AND A BALCONY.,2024-10-21,1,3,10809 DESERT TRL,78758,4,NA,https://abc.austintexas.gov/web/permit/public-search-other?t_detail=1&t_selected_folderrsn=13417874,10809 DESERT TRAIL,NA,Austin,Texas,United States,1
10818 DESERT TRL,BLDG 26 - Sonora UNIT D (UNIT 1035) WILL HAVE A 2 CAR GARAGE 3 BEDROOMS 3.5BATHROOMS AND A BALCONY.,2024-10-21,1,3,10818 DESERT TRL,78758,4,NA,https://abc.austintexas.gov/web/permit/public-search-other?t_detail=1&t_selected_folderrsn=13418660,10818 DESERT TRAIL,NA,Austin,Texas,United States,1
10821 DESERT TRL,BLDG 16 - UNIT C (UNIT 1011 - 1021 1047 - 1052) WILL HAVE A 2 CAR GARAGE 3 BEDROOMS 3 FULL BATHROOMS 1 HALF BATH AND A BALCONY.,2024-10-30,1,3,10821 DESERT TRL,78758,4,NA,https://abc.austintexas.gov/web/permit/public-search-other?t_detail=1&t_selected_folderrsn=13417929,10821 DESERT TRAIL,NA,Austin,Texas,United States,1
10830 DESERT TRL,UNIT D - 1041 - WILL HAVE A 2 CAR GARAGE 3 BEDROOMS 3.5BATHROOMS AND A BALCONY.,2024-10-21,1,3,10830 DESERT TRL,78758,4,NA,https://abc.austintexas.gov/web/permit/public-search-other?t_detail=1&t_selected_folderrsn=13418273,10830 DESERT TRAIL,NA,Austin,Texas,United States,1
1503 OBREGON ST,BLDG 36 - UNIT C (UNIT 1050) WILL HAVE A 2 CAR GARAGE 3 BEDROOMS 3 FULL BATHROOMS 1 HALF BATH AND A BALCONY.,2024-10-21,1,3,1503 OBREGON ST,78758,4,NA,https://abc.austintexas.gov/web/permit/public-search-other?t_detail=1&t_selected_folderrsn=13418059,1503 OBREGON STREET,NA,Austin,Texas,United States,1
3004 MORELOS CV,Mobile home on individual lot 2 bedrooms1 bathroom,2024-11-04,1,1,3004 MORELOS CV,78617,2,NA,https://abc.austintexas.gov/web/permit/public-search-other?t_detail=1&t_selected_folderrsn=13425257,3004 MORELOS CV,NA,Austin,Texas,United States,1
1503 SANTAL PASS,UNIT C TRIPLEX - UNITS 1054 - EACH UNIT WILL HAVE A 2 CAR GARAGE 3 BEDROOMS 3 FULL BATHROOMS 1 HALF BATH AND A BALCONY.,2024-11-07,1,3,1503 SANTAL PASS,78758,4,NA,https://abc.austintexas.gov/web/permit/public-search-other?t_detail=1&t_selected_folderrsn=13417304,1503 SANTAL PASS,NA,Austin,Texas,United States,1
4209 PREVAIL LN,New Construction of Multi Family 2 units with Attached Garage,2024-10-28,2,4,4209 PREVAIL LN,78731,10,NA,https://abc.austintexas.gov/web/permit/public-search-other?t_detail=1&t_selected_folderrsn=12089042,4209 PREVAIL LANE,NA,Austin,Texas,United States,1
10803 DESERT TRL,UNIT C DUPLEX - UNITS 1025 - WILL HAVE A 2 CAR GARAGE 3 BEDROOMS 3 FULL BATHROOMS 1 HALF BATH AND A BALCONY.,2024-10-21,1,3,10803 DESERT TRL,78758,4,NA,https://abc.austintexas.gov/web/permit/public-search-other?t_detail=1&t_selected_folderrsn=13417980,10803 DESERT TRAIL,NA,Austin,Texas,United States,1
1501 SANTAL PASS,BLDG 39 - UNIT C TRIPLEX (UNIT 1053) EACH UNIT WILL HAVE A 2 CAR GARAGE 3 BEDROOMS 3 FULL BATHROOMS 1 HALF BATH AND A BALCONY.,2024-11-07,1,3,1501 SANTAL PASS,78758,4,NA,https://abc.austintexas.gov/web/permit/public-search-other?t_detail=1&t_selected_folderrsn=13417303,1501 SANTAL PASS,NA,Austin,Texas,United States,1
4901 MELLER GDNS,New 3-story condo SFR (3br/3.5ba) with attached garage,2024-10-10,1,3,4901 MELLER GDNS,78741,3,NA,https://abc.austintexas.gov/web/permit/public-search-other?t_detail=1&t_selected_folderrsn=13410720,4901 MELLER GDNS,NA,Austin,Texas,United States,1
1502 OBREGON ST,BLDG 34 - UNIT C (UNIT 1011 - 1021 1047 - 1052) WILL HAVE A 2 CAR GARAGE 3 BEDROOMS 3 FULL BATHROOMS 1 HALF BATH AND A BALCONY.,2024-10-30,1,3,1502 OBREGON ST,78758,4,NA,https://abc.austintexas.gov/web/permit/public-search-other?t_detail=1&t_selected_folderrsn=13418033,1502 OBREGON STREET,NA,Austin,Texas,United States,1
200 W 56TH ST UNIT 8101,Bldg #8 Unit 8101 2-Story townhome 3 bed/3 bath with attached garage,2024-10-28,1,2,200 W 56TH ST UNIT 8101,78751,4,NA,https://abc.austintexas.gov/web/permit/public-search-other?t_detail=1&t_selected_folderrsn=13418404,200 WEST 56TH STREET UNIT 8101,NA,Austin,Texas,United States,1
1502 ARID WAY,BLDG 19 - UNIT C (UNIT 1011 - 1021 1047 - 1052) WILL HAVE A 2 CAR GARAGE 3 BEDROOMS 3 FULL BATHROOMS 1 HALF BATH AND A BALCONY.,2024-10-30,1,3,1502 ARID WAY,78758,4,NA,https://abc.austintexas.gov/web/permit/public-search-other?t_detail=1&t_selected_folderrsn=13418020,1502 ARID WAY,NA,Austin,Texas,United States,1
9717 PETRICHOR BLVD,"GREEN BUILDING new 2-story SFR 3 bedroom 2.5 bathrooms attached garage and covered patio
ROW is Travis County permitted",2024-11-04,1,1,9717 PETRICHOR BLVD,78653,1,NA,https://abc.austintexas.gov/web/permit/public-search-other?t_detail=1&t_selected_folderrsn=13163187,9717 PETRICHOR BOULEVARD,NA,Austin,Texas,United States,1
4903 MELLER GDNS,New 3-story condo SFR (3br/3.5ba) with attached garage *PRODUCTION BUILDER- CONDO*,2024-10-10,1,3,4903 MELLER GDNS,78741,3,NA,https://abc.austintexas.gov/web/permit/public-search-other?t_detail=1&t_selected_folderrsn=13412196,4903 MELLER GDNS,NA,Austin,Texas,United States,1
1308 E M FRANKLIN AVE,"New 1 Story Manufactured home with 2/2

REVISION Applicant has opted to place a Manufactured Home on the lot as opposed to construction the 2-story home.",2024-10-16,1,1,1308 E M FRANKLIN AVE,78721,1,NA,https://abc.austintexas.gov/web/permit/public-search-other?t_detail=1&t_selected_folderrsn=12859382,1308 EAST M FRANKLIN AVE,NA,Austin,Texas,United States,1
4700 BANISTER LN,ePlan: Residential Expedited Review - New construction of a 2-Story Single-Family Res. [4bed 4.5bath] with attached/detached Garage/Carport and (Autofill) Pool.,2024-11-07,1,2,4700 BANISTER LN,78745,5,NA,https://abc.austintexas.gov/web/permit/public-search-other?t_detail=1&t_selected_folderrsn=13402880,4700 BANISTER LANE,NA,Austin,Texas,United States,1
1817 TILLERY ST,"ePlan: Residential Expedited Review - New construction of a 3-Story Single Family Res. [3bed 3.5bath] with attached garage.
1817 Tillery St.",2024-10-08,1,3,1817 TILLERY ST,78721,1,NA,https://abc.austintexas.gov/web/permit/public-search-other?t_detail=1&t_selected_folderrsn=13374206,1817 TILLERY STREET,NA,Austin,Texas,United States,1
10805 DESERT TRL,BLDG 21 - UNIT C DUPLEX (UNIT 1024) WILL HAVE A 2 CAR GARAGE 3 BEDROOMS 3 FULL BATHROOMS 1 HALF BATH AND A BALCONY.,2024-10-21,1,3,10805 DESERT TRL,78758,4,NA,https://abc.austintexas.gov/web/permit/public-search-other?t_detail=1&t_selected_folderrsn=13417979,10805 DESERT TRAIL,NA,Austin,Texas,United States,1
10828 DESERT TRL,BLDG 29 - UNIT D 1040 WILL HAVE A 2 CAR GARAGE 3 BEDROOMS 3.5BATHROOMS AND A BALCONY.,2024-10-21,1,3,10828 DESERT TRL,78758,4,NA,https://abc.austintexas.gov/web/permit/public-search-other?t_detail=1&t_selected_folderrsn=13418272,10828 DESERT TRAIL,NA,Austin,Texas,United States,1
1500 ARID WAY,BLDG 12 - UNIT C (UNIT 1011 - 1021 1047 - 1052) WILL HAVE A 2 CAR GARAGE 3 BEDROOMS 3 FULL BATHROOMS 1 HALF BATH AND A BALCONY.,2024-10-30,1,3,1500 ARID WAY,78758,4,NA,https://abc.austintexas.gov/web/permit/public-search-other?t_detail=1&t_selected_folderrsn=13417999,1500 ARID WAY,NA,Austin,Texas,United States,1
10800 DESERT TRL,BLDG 22 - UNIT D (UNIT 1026) WILL HAVE A 2 CAR GARAGE 3 BEDROOMS 3.5BATHROOMS AND A BALCONY.,2024-10-21,1,3,10800 DESERT TRL,78758,4,NA,https://abc.austintexas.gov/web/permit/public-search-other?t_detail=1&t_selected_folderrsn=13417849,10800 DESERT TRAIL,NA,Austin,Texas,United States,1
10826 DESERT TRL,UNIT D - 1039 - WILL HAVE A 2 CAR GARAGE 3 BEDROOMS 3.5BATHROOMS AND A BALCONY.,2024-10-21,1,3,10826 DESERT TRL,78758,4,NA,https://abc.austintexas.gov/web/permit/public-search-other?t_detail=1&t_selected_folderrsn=13418737,10826 DESERT TRAIL,NA,Austin,Texas,United States,1
10715 DESERT TRL,BLDG 32 - UNIT A TRIPLEX (UNIT 1008-10101044-1046) EACH UNIT WILL HAVE A 2 CAR GARAGE 3 BEDROOMS 3 FULL BATHROOMS AND A ROOF TOP PATIO.,2024-10-31,1,3,10715 DESERT TRL,78758,4,NA,https://abc.austintexas.gov/web/permit/public-search-other?t_detail=1&t_selected_folderrsn=13417784,10715 DESERT TRAIL,NA,Austin,Texas,United States,1
4620 CRESTWAY DR,"New 1-story 4 bedroom 5 bathroom single family residence with attached garage and covered porches. 

10-14-25 JM - Sprinkler was added to structure. AFD inspections required.",2024-11-04,1,1,4620 CRESTWAY DR,78731,10,NA,https://abc.austintexas.gov/web/permit/public-search-other?t_detail=1&t_selected_folderrsn=13423640,4620 CRESTWAY DRIVE,NA,Austin,Texas,United States,1
200 W 56TH ST UNIT 8103,Bldg #8 Unit 8103 2-Story townhome 3 bed/3 bath with attached garage,2024-10-28,1,2,200 W 56TH ST UNIT 8103,78751,4,NA,https://abc.austintexas.gov/web/permit/public-search-other?t_detail=1&t_selected_folderrsn=13418406,200 WEST 56TH STREET UNIT 8103,NA,Austin,Texas,United States,1
5033 E MARTIN LUTHER KING JR BLVD,New construction single-family residential 2-story 2 bedroom 2.5 bath with attached 1-car carport covered front porch and uncovered 2nd-floor roof deck.,2024-10-31,1,2,5033 E MARTIN LUTHER KING JR BLVD,78721,1,NA,https://abc.austintexas.gov/web/permit/public-search-other?t_detail=1&t_selected_folderrsn=13405273,5033 EAST MARTIN LUTHER KING JR BOULEVARD,NA,Austin,Texas,United States,1
200 W 56TH ST UNIT 8102,Bldg #8 Unit 8102 2-Story townhome 3 bed/3 bath with attached garage,2024-10-28,1,2,200 W 56TH ST UNIT 8102,78751,4,NA,https://abc.austintexas.gov/web/permit/public-search-other?t_detail=1&t_selected_folderrsn=13418405,200 WEST 56TH STREET UNIT 8102,NA,Austin,Texas,United States,1
1500 SANTAL PASS,BLDG 38 - UNIT C (UNIT 1011 - 1021 1047 - 1052) WILL HAVE A 2 CAR GARAGE 3 BEDROOMS 3 FULL BATHROOMS 1 HALF BATH AND A BALCONY.,2024-10-21,1,3,1500 SANTAL PASS,78758,4,NA,https://abc.austintexas.gov/web/permit/public-search-other?t_detail=1&t_selected_folderrsn=13418019,1500 SANTAL PASS,NA,Austin,Texas,United States,1
10820 DESERT TRL,BLDG 27 - Sonora UNIT D (UNIT 1036) WILL HAVE A 2 CAR GARAGE 3 BEDROOMS 3.5BATHROOMS AND A BALCONY.,2024-10-21,1,3,10820 DESERT TRL,78758,4,NA,https://abc.austintexas.gov/web/permit/public-search-other?t_detail=1&t_selected_folderrsn=13418673,10820 DESERT TRAIL,NA,Austin,Texas,United States,1
10802 DESERT TRL,BLDG 22 - UNIT D (UNIT 1027) WILL HAVE A 2 CAR GARAGE 3 BEDROOMS 3.5BATHROOMS AND A BALCONY.,2024-10-21,1,3,10802 DESERT TRL,78758,4,NA,https://abc.austintexas.gov/web/permit/public-search-other?t_detail=1&t_selected_folderrsn=13417850,10802 DESERT TRAIL,NA,Austin,Texas,United States,1
1504 SANTAL PASS,BLDG 37 - UNIT C (UNIT 1011 - 1021 1047 - 1052) WILL HAVE A 2 CAR GARAGE 3 BEDROOMS 3 FULL BATHROOMS 1 HALF BATH AND A BALCONY.,2024-10-21,1,3,1504 SANTAL PASS,78758,4,NA,https://abc.austintexas.gov/web/permit/public-search-other?t_detail=1&t_selected_folderrsn=13418030,1504 SANTAL PASS,NA,Austin,Texas,United States,1
10811 HERMOSILLO DR,BLDG 6 - UNIT A (UNIT 1001 - 1007) WILL HAVE A 2 CAR GARAGE 3 BEDROOMS 3 FULL BATHROOMS AND A ROOF TOP PATIO.,2024-10-31,1,3,10811 HERMOSILLO DR,78758,4,NA,https://abc.austintexas.gov/web/permit/public-search-other?t_detail=1&t_selected_folderrsn=13413522,10811 HERMOSILLO DRIVE,NA,Austin,Texas,United States,1
10711 DESERT TRL,BLDG 32 - UNIT A TRIPLEX (UNIT 1008-10101044-1046) EACH UNIT WILL HAVE A 2 CAR GARAGE 3 BEDROOMS 3 FULL BATHROOMS AND A ROOF TOP PATIO.,2024-10-31,1,3,10711 DESERT TRL,78758,4,NA,https://abc.austintexas.gov/web/permit/public-search-other?t_detail=1&t_selected_folderrsn=13417786,10711 DESERT TRAIL,NA,Austin,Texas,United States,1
1706 REDD ST,ePlan: Residential Expedited Review - New construction of a Secondary 2-Story Single-Family Res. [3bed 2bath],2024-10-16,1,2,1706 REDD ST,78745,5,NA,https://abc.austintexas.gov/web/permit/public-search-other?t_detail=1&t_selected_folderrsn=13416850,1706 REDD STREET,NA,Austin,Texas,United States,1
10806 DESERT TRL,BLDG 23 - Sonora UNIT D (UNIT 1029) WILL HAVE A 2 CAR GARAGE 3 BEDROOMS 3.5BATHROOMS AND A BALCONY.,2024-10-21,1,3,10806 DESERT TRL,78758,4,NA,https://abc.austintexas.gov/web/permit/public-search-other?t_detail=1&t_selected_folderrsn=13417882,10806 DESERT TRAIL,NA,Austin,Texas,United States,1
5717 LOST HORIZON DR BLDG 7,New condo 3 bed 2.5 bath with attached garage,2024-08-28,1,2,5717 LOST HORIZON DR BLDG 7,78759,10,NA,https://abc.austintexas.gov/web/permit/public-search-other?t_detail=1&t_selected_folderrsn=13092299,5717 LOST HORIZON DRIVE BLDG 7,NA,Austin,Texas,United States,1
1009 KAREN AVE,New 2-Story SFR 4 Bed/3.5 Bath attached garage covered porches and deck,2024-09-05,1,2,1009 KAREN AVE,78757,7,NA,https://abc.austintexas.gov/web/permit/public-search-other?t_detail=1&t_selected_folderrsn=13387272,1009 KAREN AVE,NA,Austin,Texas,United States,1
1201 AZIE MORTON RD BLDG 3,ePlan: Residential Expedited Review - New construction of a 3-Story Single Family Res. [4bed 3.5bath] with attached Garage. Bldg 3.,2024-09-05,1,3,1201 AZIE MORTON RD BLDG 3,78704,5,NA,https://abc.austintexas.gov/web/permit/public-search-other?t_detail=1&t_selected_folderrsn=13386632,1201 AZIE MORTON ROAD BLDG 3,NA,Austin,Texas,United States,1
2319 CYPRESS POINT EAST,Expedited Review - New Construction of a 2-Story Single Family Res. [5bed 7bath] with basement and attached Garage.-Permit voided as a result of disannexation effective September 9 2024. See Ordinance No. 20240829-163.,2024-08-30,1,2,2319 CYPRESS POINT EAST,78746,NA,NA,https://abc.austintexas.gov/web/permit/public-search-other?t_detail=1&t_selected_folderrsn=13198028,2319 CYPRESS POINT EAST,NA,Austin,Texas,United States,1
1502 HILLMONT ST UNIT B,New construction attached 2-unit use single family residential 2-Story garage apartment to include: 1 bedroom 1 bath with covered front porch and stairs (1st floor) and balcony.,2024-08-27,2,2,1502 HILLMONT ST UNIT B,78704,9,NA,https://abc.austintexas.gov/web/permit/public-search-other?t_detail=1&t_selected_folderrsn=13373961,1502 HILLMONT STREET UNIT B,NA,Austin,Texas,United States,1
1136 POQUITO ST--UNIT B,New construction of two family building duplex - Unit B,2024-09-03,2,2,1136 POQUITO ST UNIT B,78702,1,NA,https://abc.austintexas.gov/web/permit/public-search-other?t_detail=1&t_selected_folderrsn=13373701,1136 POQUITO STREET UNIT B,NA,Austin,Texas,United States,1
1138 POQUITO ST--UNIT B,*SMART Housing* *Green Building* New 2-story 6 bedroom 4 bathroom duplex condo residence with covered porches. Unit B of duplex will consist of 3 bedrooms and 2 bathrooms.,2024-09-03,2,2,1138 POQUITO ST UNIT B,78702,1,NA,https://abc.austintexas.gov/web/permit/public-search-other?t_detail=1&t_selected_folderrsn=13364006,1138 POQUITO STREET UNIT B,NA,Austin,Texas,United States,1
81 WALLER ST,New construction single family residential 1-story 2 bedroom 2 bath with covered front porch.,2024-08-27,1,1,81 WALLER ST,78702,3,NA,https://abc.austintexas.gov/web/permit/public-search-other?t_detail=1&t_selected_folderrsn=13384128,81 WALLER STREET,NA,Austin,Texas,United States,1
1138 POQUITO ST--UNIT A,*SMART Housing* *Green Building* New 2-story 6 bedroom 4 bathroom duplex condo residence with covered porches. Unit A of duplex will consist of 3 bedrooms and 2 bathrooms.,2024-09-03,2,2,1138 POQUITO ST UNIT A,78702,1,NA,https://abc.austintexas.gov/web/permit/public-search-other?t_detail=1&t_selected_folderrsn=13364005,1138 POQUITO STREET UNIT A,NA,Austin,Texas,United States,1
1144 POQUITO ST UNIT B,Smart Housing Duplex Unit B New 2-Story 3 Bed/2 Bath with covered porch,2024-09-03,2,2,1144 POQUITO ST UNIT B,78702,1,NA,https://abc.austintexas.gov/web/permit/public-search-other?t_detail=1&t_selected_folderrsn=13366019,1144 POQUITO STREET UNIT B,NA,Austin,Texas,United States,1
6311 WALNUT HILLS DR BLDG 1,Res. Expedited Review: New construction of UNIT 1 as MODULAR 3-Story [3bed 2.5bath] on a THREE-UNIT RES. LOT.,2024-09-05,1,3,6311 WALNUT HILLS DR BLDG 1,78723,4,NA,https://abc.austintexas.gov/web/permit/public-search-other?t_detail=1&t_selected_folderrsn=13388604,6311 WALNUT HILLS DRIVE BLDG 1,NA,Austin,Texas,United States,1
1146 POQUITO ST--UNIT A,*SMART Housing* *Green Building* New 2-story 6 bedroom 4 bathroom duplex condo residence with covered porches. Unit A of duplex will consist of 3 bedrooms and 2 bathrooms.,2024-09-03,2,2,1146 POQUITO ST UNIT A,78702,1,NA,https://abc.austintexas.gov/web/permit/public-search-other?t_detail=1&t_selected_folderrsn=13364680,1146 POQUITO STREET UNIT A,NA,Austin,Texas,United States,1
1201 AZIE MORTON RD BLDG 1,"ePlan: Residential Expedited Review - New construction of a 3-Story Single Family Res. [4bed 3.5bath] with attached Garage. Bldg 1.

New 85sqft Pool 1. Bldg 1. (Unit A)
New 54sqft Pool 2. Bldg 2. (Unit B)
New 131sqft Pool 3. Bldg 3. (Unit C)",2024-09-05,1,3,1201 AZIE MORTON RD BLDG 1,78704,5,NA,https://abc.austintexas.gov/web/permit/public-search-other?t_detail=1&t_selected_folderrsn=13386630,1201 AZIE MORTON ROAD BLDG 1,NA,Austin,Texas,United States,1
6300 MOUNTAIN PARK CV BLDG 2,New dwelling with deck,2024-08-29,1,2,6300 MOUNTAIN PARK CV BLDG 2,78731,10,NA,https://abc.austintexas.gov/web/permit/public-search-other?t_detail=1&t_selected_folderrsn=13376948,6300 MOUNTAIN PARK CV BLDG 2,NA,Austin,Texas,United States,1
2601 LANSBURY DR BLDG 2,New 1-story dwelling unit 1 bed/1 bath craft room and screened in porch,2024-09-11,1,1,2601 LANSBURY DR BLDG 2,78723,4,NA,https://abc.austintexas.gov/web/permit/public-search-other?t_detail=1&t_selected_folderrsn=13386463,2601 LANSBURY DRIVE BLDG 2,NA,Austin,Texas,United States,1
1136 POQUITO ST--UNIT A,New construction of two family building duplex. Unit A,2024-09-03,2,2,1136 POQUITO ST UNIT A,78702,1,NA,https://abc.austintexas.gov/web/permit/public-search-other?t_detail=1&t_selected_folderrsn=13363477,1136 POQUITO STREET UNIT A,NA,Austin,Texas,United States,1
1170 1/2 SAN BERNARD ST--UNIT 1B,ePlan: Residential Expedited Review - New construction of a 2-Story Duplex [3bed 2.5bath] with attached Carport Bldg 1 Unit 1B,2024-09-17,1,2,1170 1/2 SAN BERNARD ST UNIT 1B,78702,1,NA,https://abc.austintexas.gov/web/permit/public-search-other?t_detail=1&t_selected_folderrsn=13381984,1170 1/2 SAN BERNARD STREET UNIT 1B,NA,Austin,Texas,United States,1
200 W 56TH ST BLDG 5 UNIT 5104,Unit 5104. New 2-story 3 bedroom 3 bathroom townhome residence w/ attached garage.,2024-09-19,1,2,200 W 56TH ST UNIT 5104,78751,4,NA,https://abc.austintexas.gov/web/permit/public-search-other?t_detail=1&t_selected_folderrsn=13401527,200 WEST 56TH STREET UNIT 5104,NA,Austin,Texas,United States,1
409 KREBS LN,Expedited Review: New Construction of a 2-Story Single Family Res [4bed 3.5bath] with attached Garage.,2024-09-24,1,2,409 KREBS LN,78704,3,NA,https://abc.austintexas.gov/web/permit/public-search-other?t_detail=1&t_selected_folderrsn=13325630,409 KREBS LANE,NA,Austin,Texas,United States,1
6311 WALNUT HILLS DR BLDG 2,Res. Expedited Review: New construction of UNIT 2 as MODULAR 3-Story [3bed 2.5bath] on a THREE-UNIT RES. LOT.,2024-09-06,1,3,6311 WALNUT HILLS DR BLDG 2,78723,4,NA,https://abc.austintexas.gov/web/permit/public-search-other?t_detail=1&t_selected_folderrsn=13388605,6311 WALNUT HILLS DRIVE BLDG 2,NA,Austin,Texas,United States,1
3607 ROBBINS RD,ePlan: Residential Expedited Review - New construction of an 2-Story Single-Family Res. [5bed 5.5bath]  with attached/detached Garage/Carport.,2024-09-12,1,3,3607 ROBBINS RD,78730,10,NA,https://abc.austintexas.gov/web/permit/public-search-other?t_detail=1&t_selected_folderrsn=13399599,3607 ROBBINS ROAD,NA,Austin,Texas,United States,1
8507 WALHILL CV,Expedited Review - New construction of an 2-Story Single-Family Res. [5bed 4bath] with attached Garage.,2024-09-03,1,2,8507 WALHILL CV,78759,10,NA,https://abc.austintexas.gov/web/permit/public-search-other?t_detail=1&t_selected_folderrsn=13380413,8507 WALHILL CV,NA,Austin,Texas,United States,1
6311 WALNUT HILLS DR BLDG 3,Res. Expedited Review: New construction of UNIT 3 as MODULAR 3-Story [3bed 2.5bath] on a THREE-UNIT RES. LOT.,2024-09-05,1,3,6311 WALNUT HILLS DR BLDG 3,78723,4,NA,https://abc.austintexas.gov/web/permit/public-search-other?t_detail=1&t_selected_folderrsn=13388606,6311 WALNUT HILLS DRIVE BLDG 3,NA,Austin,Texas,United States,1
1144 POQUITO ST--UNIT A,Smart Housing Duplex Unit A New 2-Story 3 Bed/2 Bath with covered porch,2024-09-03,2,2,1144 POQUITO ST UNIT A,78702,1,NA,https://abc.austintexas.gov/web/permit/public-search-other?t_detail=1&t_selected_folderrsn=13366018,1144 POQUITO STREET UNIT A,NA,Austin,Texas,United States,1
6309 WALNUT HILLS DR BLDG 2,UNIT 2 3-Story [3bed 2.5bath],2024-09-04,1,3,6309 WALNUT HILLS DR BLDG 2,78723,4,NA,https://abc.austintexas.gov/web/permit/public-search-other?t_detail=1&t_selected_folderrsn=13386526,6309 WALNUT HILLS DRIVE BLDG 2,NA,Austin,Texas,United States,1
5306 GROVER AVE,New construction of 2 story SFR 4 bed 3 bath with attached carport and garage rear covered patio and rear covered wood deck,2024-09-24,1,2,5306 GROVER AVE,78756,7,NA,https://abc.austintexas.gov/web/permit/public-search-other?t_detail=1&t_selected_folderrsn=13397816,5306 GROVER AVE,NA,Austin,Texas,United States,1
8111 BRETTONWOODS LN UNIT B,*Change of Use* Attaching existing detached structure to rear/side of existing 2-story single family residence to create a duplex. New attached duplex unit will contain a family room kitchen bedroom bathroom and loft.,2024-08-28,2,2,8111 BRETTONWOODS LN UNIT B,78753,4,NA,https://abc.austintexas.gov/web/permit/public-search-other?t_detail=1&t_selected_folderrsn=13372699,8111 BRETTONWOODS LANE UNIT B,NA,Austin,Texas,United States,1
1170 1/2 SAN BERNARD ST--BLDG 2,ePlan: Residential Expedited Review - New construction of a 2-Story Single Family Res. [3bed 2.5bath] with attached Carport Bldg 2,2024-09-17,1,2,1170 1/2 SAN BERNARD ST BLDG 2,78702,1,NA,https://abc.austintexas.gov/web/permit/public-search-other?t_detail=1&t_selected_folderrsn=13381985,1170 1/2 SAN BERNARD STREET BLDG 2,NA,Austin,Texas,United States,1
3604 TOM MILLER ST,2-Unit use: New construction single-family residential 2-story 4 bedroom 3.5 bath with attached 2-car garage covered front porch covered rear patio and 2nd story balcony.,2024-09-10,1,2,3604 TOM MILLER ST,78723,9,NA,https://abc.austintexas.gov/web/permit/public-search-other?t_detail=1&t_selected_folderrsn=13374031,3604 TOM MILLER STREET,NA,Austin,Texas,United States,1
1304 DUSKY THRUSH TRL,New 2 Story SFR 5 bed 4 bath with attached garage front covered porch and rear covered patio. Existing driveway to remain,2024-09-27,1,2,1304 DUSKY THRUSH TRL,78746,8,NA,https://abc.austintexas.gov/web/permit/public-search-other?t_detail=1&t_selected_folderrsn=13406552,1304 DUSKY THRUSH TRAIL,NA,Austin,Texas,United States,1
200 W 56TH ST BLDG 5 UNIT 5103,Unit 5103. New 2-story 3 bedroom 3 bathroom townhome residence w/ attached garage.,2024-09-19,1,2,200 W 56TH ST UNIT 5103,78751,4,NA,https://abc.austintexas.gov/web/permit/public-search-other?t_detail=1&t_selected_folderrsn=13401526,200 WEST 56TH STREET UNIT 5103,NA,Austin,Texas,United States,1
1170 1/2 SAN BERNARD ST--UNIT 1A,ePlan: Residential Expedited Review - New construction of a 3-Story Duplex [3bed 3bath] with attached Carport Bldg 1 Unit 1A,2024-09-17,1,3,1170 1/2 SAN BERNARD ST UNIT 1A,78702,1,NA,https://abc.austintexas.gov/web/permit/public-search-other?t_detail=1&t_selected_folderrsn=13381983,1170 1/2 SAN BERNARD STREET UNIT 1A,NA,Austin,Texas,United States,1
2300 ENFIELD RD UNIT 306,Unit #306 New 3-story Condominium Residence with attached garage covered porch and patio.  *CONDOMINIUM RESIDENCE,2024-09-27,2,3,2300 ENFIELD RD UNIT 306,78703,10,NA,https://abc.austintexas.gov/web/permit/public-search-other?t_detail=1&t_selected_folderrsn=11852918,2300 ENFIELD ROAD UNIT 306,NA,Austin,Texas,United States,1
16612 WIND CHIME DR,16612 Wind Chime Drive - Crockett 1489-S-L New 1-story single-family residence with (3) bedrooms (2) bathrooms attached 2 car garage covered entry porch and patio,2024-09-25,1,1,16612 WIND CHIME DR,78653,1,NA,https://abc.austintexas.gov/web/permit/public-search-other?t_detail=1&t_selected_folderrsn=13192693,16612 WIND CHIME DRIVE,NA,Austin,Texas,United States,1
1142 POQUITO ST--UNIT A,*SMART Housing* *Green Building* New 2-story 6 bedroom 4 bathroom duplex condo residence with covered porches. Unit A of duplex will consist of 3 bedrooms and 2 bathrooms.,2024-09-03,2,2,1142 POQUITO ST UNIT A,78702,1,NA,https://abc.austintexas.gov/web/permit/public-search-other?t_detail=1&t_selected_folderrsn=13364029,1142 POQUITO STREET UNIT A,NA,Austin,Texas,United States,1
1201 AZIE MORTON RD BLDG 2,ePlan: Residential Expedited Review - New construction of a 3-Story Single Family Res. [4bed 3.5bath] with attached Garage. Bldg 2.,2024-09-05,1,3,1201 AZIE MORTON RD BLDG 2,78704,5,NA,https://abc.austintexas.gov/web/permit/public-search-other?t_detail=1&t_selected_folderrsn=13386631,1201 AZIE MORTON ROAD BLDG 2,NA,Austin,Texas,United States,1
200 W 56TH ST BLDG 5 UNIT 5102,Unit 5102. New 2-story 3 bedroom 3 bathroom townhome residence w/ attached garage.,2024-09-19,1,2,200 W 56TH ST UNIT 5102,78751,4,NA,https://abc.austintexas.gov/web/permit/public-search-other?t_detail=1&t_selected_folderrsn=13401525,200 WEST 56TH STREET UNIT 5102,NA,Austin,Texas,United States,1
17000 WIND CHIME DR,17000 Wind Chime Drive - Kendall 1841-S-L New 1-story single-family residence with (4) bedrooms (2) bathrooms attached 2 car garage covered entry porch and patio,2024-09-25,1,1,17000 WIND CHIME DR,78653,1,NA,https://abc.austintexas.gov/web/permit/public-search-other?t_detail=1&t_selected_folderrsn=13193545,17000 WIND CHIME DRIVE,NA,Austin,Texas,United States,1
3604 TOM MILLER ST UNIT B,2 Unit use: New construction single family residential 2-story 1 bedroom 1 bath with attached 1-car carport and covered patio.,2024-09-10,1,2,3604 TOM MILLER ST UNIT B,78723,9,NA,https://abc.austintexas.gov/web/permit/public-search-other?t_detail=1&t_selected_folderrsn=13374032,3604 TOM MILLER STREET UNIT B,NA,Austin,Texas,United States,1
3900 BONNELL DR,ePlan: Residential Expedited Review - New construction of a 3-Story Single-Family Res. [6bed 6bath] with attached Garage.,2024-09-12,1,3,3900 BONNELL DR,78731,10,NA,https://abc.austintexas.gov/web/permit/public-search-other?t_detail=1&t_selected_folderrsn=13398799,3900 BONNELL DRIVE,NA,Austin,Texas,United States,1
16916 WIND CHIME DR,16916 Wind Chime Drive - Bowie 1403-S-R New 1-story single-family residence with (3) bedrooms (2) bathrooms attached 2 car garage covered entry porch and patio,2024-09-25,1,1,16916 WIND CHIME DR,78653,1,NA,https://abc.austintexas.gov/web/permit/public-search-other?t_detail=1&t_selected_folderrsn=13193565,16916 WIND CHIME DRIVE,NA,Austin,Texas,United States,1
6309 WALNUT HILLS DR BLDG 3,UNIT 3 3-Story [3bed 2.5bath],2024-09-04,1,3,6309 WALNUT HILLS DR BLDG 3,78723,4,NA,https://abc.austintexas.gov/web/permit/public-search-other?t_detail=1&t_selected_folderrsn=13386527,6309 WALNUT HILLS DRIVE BLDG 3,NA,Austin,Texas,United States,1
10910 HILLSIDE OAK LN BLDG 2,Retroactively permit 1-story 1 bedroom 1 bathroom dwelling unit.,2024-09-11,1,1,10910 HILLSIDE OAK LN BLDG 2,78750,6,NA,https://abc.austintexas.gov/web/permit/public-search-other?t_detail=1&t_selected_folderrsn=13387299,10910 HILLSIDE OAK LANE BLDG 2,NA,Austin,Texas,United States,1
200 W 56TH ST BLDG 5 UNIT 5101,Unit 5101. New 2-story 3 bedroom 3 bathroom townhome residence w/ attached garage.,2024-09-19,1,2,200 W 56TH ST UNIT 5101,78751,4,NA,https://abc.austintexas.gov/web/permit/public-search-other?t_detail=1&t_selected_folderrsn=13401524,200 WEST 56TH STREET UNIT 5101,NA,Austin,Texas,United States,1
1140 POQUITO ST--UNIT A,*SMART Housing* *Green Building* New 2-story 6 bedroom 4 bathroom duplex condo residence with covered porches. Unit A of duplex will consist of 3 bedrooms and 2 bathrooms.,2024-09-03,2,2,1140 POQUITO ST UNIT A,78702,1,NA,https://abc.austintexas.gov/web/permit/public-search-other?t_detail=1&t_selected_folderrsn=13299558,1140 POQUITO STREET UNIT A,NA,Austin,Texas,United States,1
2904 OAK PARK DR,Expedited Review - New Construction of a 2-Story Single Family Res. [4bed 3bath] with attached 2-car Garage.,2024-09-04,1,2,2904 OAK PARK DR,78704,5,NA,https://abc.austintexas.gov/web/permit/public-search-other?t_detail=1&t_selected_folderrsn=13326211,2904 OAK PARK DRIVE,NA,Austin,Texas,United States,1
1140 POQUITO ST--UNIT B,*SMART Housing* *Green Building* New 2-story 6 bedroom 4 bathroom duplex condo residence with covered porches. Unit B of duplex will consist of 3 bedrooms and 2 bathrooms.,2024-09-03,2,2,1140 POQUITO ST UNIT B,78702,1,NA,https://abc.austintexas.gov/web/permit/public-search-other?t_detail=1&t_selected_folderrsn=13373894,1140 POQUITO STREET UNIT B,NA,Austin,Texas,United States,1
1142 POQUITO ST--UNIT B,*SMART Housing* *Green Building* New 2-story 6 bedroom 4 bathroom duplex condo residence with covered porches. Unit B of duplex will consist of 3 bedrooms and 2 bathrooms.,2024-09-03,2,2,1142 POQUITO ST UNIT B,78702,1,NA,https://abc.austintexas.gov/web/permit/public-search-other?t_detail=1&t_selected_folderrsn=13364030,1142 POQUITO STREET UNIT B,NA,Austin,Texas,United States,1
7516 NORTHCREST BLVD BLDG 2,Expedited Review - New Construction of a 2-Story Secondary Apartment [2bed 2bath],2024-09-13,1,2,7516 NORTHCREST BLVD BLDG 2,78752,4,NA,https://abc.austintexas.gov/web/permit/public-search-other?t_detail=1&t_selected_folderrsn=12887292,7516 NORTHCREST BOULEVARD BLDG 2,NA,Austin,Texas,United States,1
1311 CASEY ST,Expedited Review - New construction of a 2-story duplex [6bed 7bath] with habitable attic 1-car attached garage and 1-car carport.,2024-09-06,2,3,1311 CASEY ST,78745,5,NA,https://abc.austintexas.gov/web/permit/public-search-other?t_detail=1&t_selected_folderrsn=12944017,1311 CASEY STREET,NA,Austin,Texas,United States,1
85 LLANO ST,New 2 story Residence with attached carport. 3/2.5,2024-09-26,1,2,85 LLANO ST,78702,3,NA,https://abc.austintexas.gov/web/permit/public-search-other?t_detail=1&t_selected_folderrsn=13294854,85 LLANO STREET,NA,Austin,Texas,United States,1
6309 WALNUT HILLS DR BLDG 1,ePlan: Residential Expedited Review - New construction of a UNIT 1 3-Story [3bed 2.5bath],2024-09-04,1,3,6309 WALNUT HILLS DR BLDG 1,78723,4,NA,https://abc.austintexas.gov/web/permit/public-search-other?t_detail=1&t_selected_folderrsn=13386525,6309 WALNUT HILLS DRIVE BLDG 1,NA,Austin,Texas,United States,1
1146 POQUITO ST--UNIT B,*SMART Housing* *Green Building* New 2-story 6 bedroom 4 bathroom duplex condo residence with covered porches. Unit B of duplex will consist of 3 bedrooms and 2 bathrooms.,2024-09-03,2,2,1146 POQUITO ST UNIT B,78702,1,NA,https://abc.austintexas.gov/web/permit/public-search-other?t_detail=1&t_selected_folderrsn=13364681,1146 POQUITO STREET UNIT B,NA,Austin,Texas,United States,1
1502 HILLMONT ST UNIT A,New construction two-unit residential 3-story 3 bedroom w/ office 2.5 bath with attached 2-car garage rear covered patio uncovered wood deck 2nd floor covered deck and 3rd floor uncovered deck;,2024-08-27,2,3,1502 HILLMONT ST UNIT A,78704,9,NA,https://abc.austintexas.gov/web/permit/public-search-other?t_detail=1&t_selected_folderrsn=13373960,1502 HILLMONT STREET UNIT A,NA,Austin,Texas,United States,1
3401 BURLESON RD BLDG 2,New 1-story 3 bedroom 2 bathroom manufactured home.,2024-08-05,1,1,3401 BURLESON RD BLDG 2,78741,3,NA,https://abc.austintexas.gov/web/permit/public-search-other?t_detail=1&t_selected_folderrsn=13370370,3401 BURLESON ROAD BLDG 2,NA,Austin,Texas,United States,1
12615 LYNDON DR,ePlan: Residential Expedited Review - New construction of a 3-Story Single-Family Res. [7bed 7.5bath] with attached Garage.,2024-08-12,1,3,12615 LYNDON DR,78732,10,NA,https://abc.austintexas.gov/web/permit/public-search-other?t_detail=1&t_selected_folderrsn=13373563,12615 LYNDON DRIVE,NA,Austin,Texas,United States,1
200 W 56TH ST UNIT 2104,Unit 2104: New construction single family residential 2-story 3 bedroom 3 bath with attached 2-car garage.,2024-08-22,1,2,200 W 56TH ST UNIT 2104,78751,4,NA,https://abc.austintexas.gov/web/permit/public-search-other?t_detail=1&t_selected_folderrsn=13380020,200 WEST 56TH STREET UNIT 2104,NA,Austin,Texas,United States,1
200 W 56TH ST UNIT 1104,Unit 1104: New construction single family residential 2-story 3 bedroom 3 bath with attached 2-car garage.,2024-08-20,1,2,200 W 56TH ST UNIT 1104,78751,4,NA,https://abc.austintexas.gov/web/permit/public-search-other?t_detail=1&t_selected_folderrsn=13378391,200 WEST 56TH STREET UNIT 1104,NA,Austin,Texas,United States,1
613 E 50TH ST BLDG 1,Permitting of addition to main house,2024-07-30,1,1,613 E 50TH ST BLDG 1,78751,9,NA,https://abc.austintexas.gov/web/permit/public-search-other?t_detail=1&t_selected_folderrsn=13359707,613 EAST 50TH STREET BLDG 1,NA,Austin,Texas,United States,1
200 W 56TH ST UNIT 1103,Unit 1103: New construction single family residential 2-story 3 bedroom 3 bath with attached 2-car garage.,2024-08-20,1,2,200 W 56TH ST UNIT 1103,78751,4,NA,https://abc.austintexas.gov/web/permit/public-search-other?t_detail=1&t_selected_folderrsn=13378390,200 WEST 56TH STREET UNIT 1103,NA,Austin,Texas,United States,1
1708 CORONA DR,new 1-story single-family res with 2 bedroom 3 bathrooms attached garage covered patio,2024-07-30,1,1,1708 CORONA DR,78723,4,NA,https://abc.austintexas.gov/web/permit/public-search-other?t_detail=1&t_selected_folderrsn=13326427,1708 CORONA DRIVE,NA,Austin,Texas,United States,1
200 W 56TH ST UNIT 1102,Unit 1102: New construction single family residential 2-story 3 bedroom 3 bath with attached 2-car garage.,2024-08-20,1,2,200 W 56TH ST UNIT 1102,78751,4,NA,https://abc.austintexas.gov/web/permit/public-search-other?t_detail=1&t_selected_folderrsn=13378389,200 WEST 56TH STREET UNIT 1102,NA,Austin,Texas,United States,1
200 W 56TH ST UNIT 2102,Unit 2102: New construction single family residential 2-story 3 bedroom 3 bath with attached 2-car garage.,2024-08-22,1,2,200 W 56TH ST UNIT 2102,78751,4,NA,https://abc.austintexas.gov/web/permit/public-search-other?t_detail=1&t_selected_folderrsn=13380017,200 WEST 56TH STREET UNIT 2102,NA,Austin,Texas,United States,1
107 LITTLE WALNUT DR UNIT B,107 Little Walnut Dr Unit B (east unit). New 3-story modular duplex unit  2.5 bathroom  covered porch attached 1-car garage.  Part of 3-unit residential use.,2024-08-01,1,2,107 LITTLE WALNUT DR UNIT B,78753,4,NA,https://abc.austintexas.gov/web/permit/public-search-other?t_detail=1&t_selected_folderrsn=13369634,107 LITTLE WALNUT DRIVE UNIT B,NA,Austin,Texas,United States,1
4806 CARSONHILL DR BLDG 2,New 1-story 1 bedroom 2 bathroom dwelling unit.,2024-08-12,1,1,4806 CARSONHILL DR BLDG 2,78723,1,NA,https://abc.austintexas.gov/web/permit/public-search-other?t_detail=1&t_selected_folderrsn=13373248,4806 CARSONHILL DRIVE BLDG 2,NA,Austin,Texas,United States,1
3805 ROCKLEDGE DR BLDG 2,ePlan: Residential Expedited Review - New construction of a TWO RES. UNIT 2  2-Story [5bed 4.5bath] with attached Garage,2024-07-31,1,2,3805 ROCKLEDGE DR BLDG 2,78731,10,NA,https://abc.austintexas.gov/web/permit/public-search-other?t_detail=1&t_selected_folderrsn=13369321,3805 ROCKLEDGE DRIVE BLDG 2,NA,Austin,Texas,United States,1
204 PECAN DR BLDG 1,Bldg 1(front building): New 2-Story [3bed 2.5bath] with attached Garage. Part of 3-unit use.,2024-08-16,1,2,204 PECAN DR BLDG 1,78753,4,NA,https://abc.austintexas.gov/web/permit/public-search-other?t_detail=1&t_selected_folderrsn=13378207,204 PECAN DRIVE BLDG 1,NA,Austin,Texas,United States,1
200 W 56TH ST UNIT 2103,Unit 2103: New construction single family residential 2-story 3 bedroom 3 bath with attached 2-car garage.,2024-08-22,1,2,200 W 56TH ST UNIT 2103,78751,4,NA,https://abc.austintexas.gov/web/permit/public-search-other?t_detail=1&t_selected_folderrsn=13380018,200 WEST 56TH STREET UNIT 2103,NA,Austin,Texas,United States,1
107 LITTLE WALNUT DR UNIT A,107 Little Walnut Dr Unit A (west unit) new 3-story modular duplex unit .  Part of 3-unit residential use.,2024-08-01,1,2,107 LITTLE WALNUT DR UNIT A,78753,4,NA,https://abc.austintexas.gov/web/permit/public-search-other?t_detail=1&t_selected_folderrsn=13369633,107 LITTLE WALNUT DRIVE UNIT A,NA,Austin,Texas,United States,1
5519 JACKIE ROBINSON ST,Unit 01 - New two-story detached single family residence. (2) bedroom (2.5) bathrooms attached 1 car garage. Floor plan type: The Roosevelt A-L-Elevation Option 1. Building Height 25ft-1/4in. Maximum Height 30ft. Required Parking: 2.,2024-08-20,1,2,5519 JACKIE ROBINSON ST,78721,1,NA,https://abc.austintexas.gov/web/permit/public-search-other?t_detail=1&t_selected_folderrsn=13369701,5519 JACKIE ROBINSON STREET,NA,Austin,Texas,United States,1
613 E 50TH ST BLDG 2,Building 2 New Two Story Single Family House to the rear of Main house,2024-07-30,1,1,613 E 50TH ST BLDG 2,78751,9,NA,https://abc.austintexas.gov/web/permit/public-search-other?t_detail=1&t_selected_folderrsn=13359708,613 EAST 50TH STREET BLDG 2,NA,Austin,Texas,United States,1
3606 FALL TRL BLDG 2,New semi-attached garage & garage apartment (1 bedroom balcony 1 bath & sink outside bathroom),2024-07-19,1,2,3606 FALL TRL BLDG 2,78731,10,NA,https://abc.austintexas.gov/web/permit/public-search-other?t_detail=1&t_selected_folderrsn=13362260,3606 FALL TRAIL BLDG 2,NA,Austin,Texas,United States,1
200 PECAN DR,200 Pecan Dr  New 2 story detached modular residence 4 bedroom 3 bathroom attached garage.  Part of 3- unit use.,2024-08-01,1,2,200 PECAN DR,78753,4,NA,https://abc.austintexas.gov/web/permit/public-search-other?t_detail=1&t_selected_folderrsn=13369631,200 PECAN DRIVE,NA,Austin,Texas,United States,1
400 BRADY LN,ePlan: Residential Expedited Review - New construction of an 2-Story Single-Family Res. [4bed 5.5bath]  with attached Garage and Pool.,2024-07-22,1,2,400 BRADY LN,78746,8,NA,https://abc.austintexas.gov/web/permit/public-search-other?t_detail=1&t_selected_folderrsn=13337646,400 BRADY LANE,NA,Austin,Texas,United States,1
200 W 56TH ST UNIT 1101,Unit 1101: New construction single family residential 2-story 3 bedroom 3 bath with attached 2-car garage.,2024-08-20,1,2,200 W 56TH ST UNIT 1101,78751,4,NA,https://abc.austintexas.gov/web/permit/public-search-other?t_detail=1&t_selected_folderrsn=13378388,200 WEST 56TH STREET UNIT 1101,NA,Austin,Texas,United States,1
200 W 56TH ST UNIT 2101,Unit 2101: New construction single family residential 2-story 3 bedroom 3 bath with attached 2-car garage.,2024-08-22,1,2,200 W 56TH ST UNIT 2101,78751,4,NA,https://abc.austintexas.gov/web/permit/public-search-other?t_detail=1&t_selected_folderrsn=13380016,200 WEST 56TH STREET UNIT 2101,NA,Austin,Texas,United States,1
3805 ROCKLEDGE DR BLDG 1,ePlan: Residential Expedited Review - New construction of a TWO RES. UNIT 1 2-Story [5bed 4.5bath] with attached Garage,2024-07-31,1,2,3805 ROCKLEDGE DR BLDG 1,78731,10,NA,https://abc.austintexas.gov/web/permit/public-search-other?t_detail=1&t_selected_folderrsn=13369320,3805 ROCKLEDGE DRIVE BLDG 1,NA,Austin,Texas,United States,1
3606 FALL TRL,ePlan: Residential Expedited Review - New construction of an 2-Story Single-Family Res. [bed bath] with Accessary Structure above detached Garage and (Autofill/Heated) Pool.,2024-07-19,1,3,3606 FALL TRL,78731,10,NA,https://abc.austintexas.gov/web/permit/public-search-other?t_detail=1&t_selected_folderrsn=13362259,3606 FALL TRAIL,NA,Austin,Texas,United States,1
1315 W ST JOHNS AVE,Expedited Review - New Construction of a 2-Story Single Family Res. [3bed 4.5bath],2024-07-30,1,2,1315 W ST JOHNS AVE,78757,7,NA,https://abc.austintexas.gov/web/permit/public-search-other?t_detail=1&t_selected_folderrsn=13153563,1315 WEST STREET JOHNS AVE,NA,Austin,Texas,United States,1
1719 CHANNEL RD,New 2-Story SFR with attached garage and covered porch 5/8,2024-06-06,1,2,1719 CHANNEL RD,78746,8,NA,https://abc.austintexas.gov/web/permit/public-search-other?t_detail=1&t_selected_folderrsn=13339880,1719 CHANNEL ROAD,NA,Austin,Texas,United States,1
1001 JEWELL ST,"New 2 story unit with 4 bedrooms 3.5 bathrooms. 


REVISION: Remove the basement from the application and update the calculation aids along with the final Building/ Impervious coverage precents.",2024-06-27,1,2,1001 JEWELL ST,78704,9,NA,https://abc.austintexas.gov/web/permit/public-search-other?t_detail=1&t_selected_folderrsn=13343702,1001 JEWELL STREET,NA,Austin,Texas,United States,1
803 RIVER RD,New 2-story SFR w/crawspace with attached garage and covered porch 5/5.5,2024-06-25,1,2,803 RIVER RD,78734,10,NA,https://abc.austintexas.gov/web/permit/public-search-other?t_detail=1&t_selected_folderrsn=13350202,803 RIVER ROAD,NA,Austin,Texas,United States,1
5401 MC CANDLESS ST,New garage with apartment and a pre-manufactured pool inside the building,2024-06-12,1,2,5401 MC CANDLESS ST,78756,7,NA,https://abc.austintexas.gov/web/permit/public-search-other?t_detail=1&t_selected_folderrsn=11823058,5401 MC CANDLESS STREET,NA,Austin,Texas,United States,1
2611 OAK CREST AVE,*HOME* New construction two-unit residential 2-story duplex 3 bedroom (both units) 2.5 bath (both units) with attached 1-car garage (both units) covered front porch (both units) and uncovered rear wood deck (both units).,2024-07-02,2,2,2611 OAK CREST AVE,78704,3,NA,https://abc.austintexas.gov/web/permit/public-search-other?t_detail=1&t_selected_folderrsn=13323830,2611 OAK CREST AVE,NA,Austin,Texas,United States,1
1007 E 15TH ST BLDG 3,Expedited Review :  Bldg 3 ; southeast building.  New construction of 3-Story [3bed 4bath] with attached Carport.   Property to become 3-unit residential per 2024 phase 1 Home ordinance.,2024-06-08,1,3,1007 E 15TH ST BLDG 3,78702,1,NA,https://abc.austintexas.gov/web/permit/public-search-other?t_detail=1&t_selected_folderrsn=13337662,1007 EAST 15TH STREET BLDG 3,NA,Austin,Texas,United States,1
3705 LAGOOD DR,New 2-story SFR 4 bed 4.5 bath with attached garage with rear covered patio and rear balcony,2024-06-18,1,2,3705 LAGOOD DR,78730,10,NA,https://abc.austintexas.gov/web/permit/public-search-other?t_detail=1&t_selected_folderrsn=13330349,3705 LAGOOD DRIVE,NA,Austin,Texas,United States,1
2001 S 1ST ST,ePlan: Expedited Review -  New Construction Single (1) Apartment in Garage (Below podium) 853 sf. Contians Maintenance and Bike Storage.,2024-06-18,1,1,2001 S 1ST ST,78704,3,NA,https://abc.austintexas.gov/web/permit/public-search-other?t_detail=1&t_selected_folderrsn=12787284,2001 SOUTH 1ST STREET,NA,Austin,Texas,United States,1
4311 SHADOW OAK LN,Expedited Review: Existing Guest Res to remain; no work to be done. New construction of a 2-Story Res [3bed 5.5bath] with attached 3-Car Garage.,2024-06-17,1,3,4311 SHADOW OAK LN,78746,8,NA,https://abc.austintexas.gov/web/permit/public-search-other?t_detail=1&t_selected_folderrsn=13340418,4311 SHADOW OAK LANE,NA,Austin,Texas,United States,1
13911 LAKE VIEW DR,New Construction 2 story residential with 3 bedrooms and 3.5 bathrooms.,2024-05-23,1,2,13911 LAKE VIEW DR,78732,10,NA,https://abc.austintexas.gov/web/permit/public-search-other?t_detail=1&t_selected_folderrsn=13282920,13911 LAKE VIEW DRIVE,NA,Austin,Texas,United States,1
4811 PARK LN,New single-story SFR w/ attached garage. 4 bedrooms 3 bathrooms. covered patio,2024-05-17,1,1,4811 PARK LN,78732,10,NA,https://abc.austintexas.gov/web/permit/public-search-other?t_detail=1&t_selected_folderrsn=13328927,4811 PARK LANE,NA,Austin,Texas,United States,1
3718 MENCHACA RD,UNIT 203 -  New 3 story with attached garage office and roof top. 2/2.5,2024-05-07,1,3,3718 MENCHACA RD,78704,5,NA,https://abc.austintexas.gov/web/permit/public-search-other?t_detail=1&t_selected_folderrsn=12925689,3718 MENCHACA ROAD,NA,Austin,Texas,United States,1
2000 RIVERSIDE FARMS RD,Building 22 Unit 22101  Unit 22102  2 story duplex   4/5,2024-06-05,2,2,2000 RIVERSIDE FARMS RD,78741,3,NA,https://abc.austintexas.gov/web/permit/public-search-other?t_detail=1&t_selected_folderrsn=12980922,2000 RIVERSIDE FARMS ROAD,NA,Austin,Texas,United States,1
9300 BLUEGRASS DR BLDG 2,new 2-story guest house w/ 2 car garage and 2 story deck at rear of home,2024-06-04,1,2,9300 BLUEGRASS DR BLDG 2,78759,10,NA,https://abc.austintexas.gov/web/permit/public-search-other?t_detail=1&t_selected_folderrsn=13337032,9300 BLUEGRASS DRIVE BLDG 2,NA,Austin,Texas,United States,1
2004 MEADOWBROOK DR,New 2-story 2 bedroom 3 bathroom single family residence with attached carport. front uncovered wood deck and rear covered porch.,2024-05-13,1,2,2004 MEADOWBROOK DR,78703,10,NA,https://abc.austintexas.gov/web/permit/public-search-other?t_detail=1&t_selected_folderrsn=13326921,2004 MEADOWBROOK DRIVE,NA,Austin,Texas,United States,1
919 E 37TH ST BLDG 1,BLDG #1 New 2-Story SFR 4 Bed/5 Bath with habitable attic covered porch covered patio rooftop deck attached 2-Story Garage/Studio,2024-05-21,1,2,919 E 37TH ST BLDG 1,78705,9,NA,https://abc.austintexas.gov/web/permit/public-search-other?t_detail=1&t_selected_folderrsn=13216453,919 EAST 37TH STREET BLDG 1,NA,Austin,Texas,United States,1
1120 WALTON LN BLDG 1,New 2-story 3 bedroom 3 bathroom dwelling unit with covered porches and uncovered wood deck.,2024-05-22,1,2,1120 WALTON LN BLDG 1,78721,3,NA,https://abc.austintexas.gov/web/permit/public-search-other?t_detail=1&t_selected_folderrsn=13320979,1120 WALTON LANE BLDG 1,NA,Austin,Texas,United States,1
2300 BLUEBONNET LN,Expedited Review: New Construction of a 2-Story Single Family Res [3bed 4.5bath] with attached 1-Car Garage,2024-05-13,1,2,2300 BLUEBONNET LN,78704,5,NA,https://abc.austintexas.gov/web/permit/public-search-other?t_detail=1&t_selected_folderrsn=13326501,2300 BLUEBONNET LANE,NA,Austin,Texas,United States,1
3817 WESTLAKE DR,"Expedited Review: New Construction of a 2-Story Single Family Res [5bed/9bath] with attached 3-Car Garage.  (No D/S Permit)

REVISION 1 Includes: Change of architect to Cornerstone Architects: Change of construction type from steel/metal  framing to traditional wood construction with steel components.",2024-05-13,1,2,3817 WESTLAKE DR,78746,8,NA,https://abc.austintexas.gov/web/permit/public-search-other?t_detail=1&t_selected_folderrsn=13174986,3817 WESTLAKE DRIVE,NA,Austin,Texas,United States,1
2000 RIVERSIDE FARMS RD BLDG 18,Bldg 18: Unit 18101 & 12102; New construction two family residential duplex 2-story 2 bedroom (both units) 2.5 bath (both units) with attached 1-car garage (both units) and 2nd story balcony (both units).,2024-06-05,2,2,2000 RIVERSIDE FARMS RD BLDG 18,78741,3,NA,https://abc.austintexas.gov/web/permit/public-search-other?t_detail=1&t_selected_folderrsn=12981367,2000 RIVERSIDE FARMS ROAD BLDG 18,NA,Austin,Texas,United States,1
3718 MENCHACA RD,UNIT 201 -  New 3 story with attached garage office and roof top. 2/2.5,2024-05-07,1,3,3718 MENCHACA RD,78704,5,NA,https://abc.austintexas.gov/web/permit/public-search-other?t_detail=1&t_selected_folderrsn=12925687,3718 MENCHACA ROAD,NA,Austin,Texas,United States,1
919 E 37TH ST BLDG 2,BLDG #2 New 2-Story ADU 2 Bed/2.5 Bath with attached garage covered porch balcony and roof deck,2024-05-21,1,2,919 E 37TH ST BLDG 2,78705,9,NA,https://abc.austintexas.gov/web/permit/public-search-other?t_detail=1&t_selected_folderrsn=13216454,919 EAST 37TH STREET BLDG 2,NA,Austin,Texas,United States,1
1505 GARNER AVE,Expedited Review - New construction of 2-story single family home w/ breezeway attached  2-car carport,2024-05-16,1,2,1505 GARNER AVE,78704,5,NA,https://abc.austintexas.gov/web/permit/public-search-other?t_detail=1&t_selected_folderrsn=12914134,1505 GARNER AVE,NA,Austin,Texas,United States,1
1120 WALTON LN BLDG 2,New 1-story 2 bedroom 2 bathroom dwelling unit with covered porch and uncovered wood deck.,2024-05-22,1,1,1120 WALTON LN BLDG 2,78721,3,NA,https://abc.austintexas.gov/web/permit/public-search-other?t_detail=1&t_selected_folderrsn=13320980,1120 WALTON LANE BLDG 2,NA,Austin,Texas,United States,1
3718 MENCHACA RD,UNIT 202 -  New 3 story with attached garage office and roof top. 2/2.5,2024-05-07,1,3,3718 MENCHACA RD,78704,5,NA,https://abc.austintexas.gov/web/permit/public-search-other?t_detail=1&t_selected_folderrsn=12925688,3718 MENCHACA ROAD,NA,Austin,Texas,United States,1
5304 PALO BLANCO LN,New 1-story 3 bedroom 2 bathroom secondary dwelling unit.,2024-06-05,1,1,5304 PALO BLANCO LN,78744,2,NA,https://abc.austintexas.gov/web/permit/public-search-other?t_detail=1&t_selected_folderrsn=13113359,5304 PALO BLANCO LANE,NA,Austin,Texas,United States,1
1514 NEWTON ST,Expedited Review: New Construction of a 2-Story Single Family Res [4bed 3.5bath],2024-04-02,1,2,1514 NEWTON ST,78704,9,NA,https://abc.austintexas.gov/web/permit/public-search-other?t_detail=1&t_selected_folderrsn=13307128,1514 NEWTON STREET,NA,Austin,Texas,United States,1
1506 KIT CIR,2699 AL (The Walnut) - New 2-story SF Home with 4 Bedrooms 3 .5 Bathrooms Game Room Study Cov Patio & Cov Porch with a 2-car attached Garage.,2024-04-01,1,2,1506 KIT CIR,78758,7,NA,https://abc.austintexas.gov/web/permit/public-search-other?t_detail=1&t_selected_folderrsn=13305459,1506 KIT CIR,NA,Austin,Texas,United States,1
17001 WIND CHIME DR,Antone 1519-A-L New 2-story single-family residence with (3) bedrooms (2.5) bathrooms  covered entry porch.,2024-03-29,1,2,17001 WIND CHIME DR,78653,1,NA,https://abc.austintexas.gov/web/permit/public-search-other?t_detail=1&t_selected_folderrsn=13303870,17001 WIND CHIME DRIVE,NA,Austin,Texas,United States,1
8800 FELIX SPARKE DR,"New 2-story 5-unit Townhouse building - Lantana 5 Plexb â Elevation C â Prairie.
 8800 Felix spare drive. Units 1-4 will have 3 bedrooms and 2.5 baths unit 5 will have 4 bedrooms and 2.5 baths.",2024-04-18,1,2,8800 FELIX SPARKE DR,78744,2,NA,https://abc.austintexas.gov/web/permit/public-search-other?t_detail=1&t_selected_folderrsn=13306724,8800 FELIX SPARKE DRIVE,NA,Austin,Texas,United States,1
704 E 49TH ST UNIT 2,Expedited Review - New Construction of a 2-Story Secondary Apartment [2bed 2.5bath] with attached 1-car Garage,2024-04-24,1,2,704 E 49TH ST UNIT 2,78751,9,NA,https://abc.austintexas.gov/web/permit/public-search-other?t_detail=1&t_selected_folderrsn=12835059,704 EAST 49TH STREET UNIT 2,NA,Austin,Texas,United States,1
17005 WIND CHIME DR,Arc 1148-A-R New 1-story single-family residence with (2) bedrooms (2) bathrooms covered entry porch.,2024-03-29,1,1,17005 WIND CHIME DR,78653,1,NA,https://abc.austintexas.gov/web/permit/public-search-other?t_detail=1&t_selected_folderrsn=13303855,17005 WIND CHIME DRIVE,NA,Austin,Texas,United States,1
5509 WILLIAM HOLLAND AVE,"New 2 Story Duplex
Unit A: 5 bedrooms 4.5 bathrooms attached garage covered porch and patio
Unit B: 1 bedrooms 1 bathrooms above attached garage",2024-04-02,2,2,5509 WILLIAM HOLLAND AVE,78756,7,NA,https://abc.austintexas.gov/web/permit/public-search-other?t_detail=1&t_selected_folderrsn=13262975,5509 WILLIAM HOLLAND AVE,NA,Austin,Texas,United States,1
3100 GARWOOD ST,Expedited Review - New Construction of a 2-Story Single Family Res. [3bed 3.5bath] with attached 1-car Garage,2024-04-12,1,2,3100 GARWOOD ST,78702,3,NA,https://abc.austintexas.gov/web/permit/public-search-other?t_detail=1&t_selected_folderrsn=13302666,3100 GARWOOD STREET,NA,Austin,Texas,United States,1
1301 MINNIE DR,Expedited Review: New Construction of a 2-Story Single Family Res [3bed 3bath] with attached Garage.,2024-04-02,1,2,1301 MINNIE DR,78732,10,NA,https://abc.austintexas.gov/web/permit/public-search-other?t_detail=1&t_selected_folderrsn=13303715,1301 MINNIE DRIVE,NA,Austin,Texas,United States,1
5800 CARY DR,"Expedited Review - New Construction of a 2-Story Single Family Res. [5bed 4bath] with attached Garage.

General contractor is responsible to verify the scope of work on 2023 122794  TP completes the proper mitigation to clear out the 2022 102244 ECV Enterprise Violation. See conditions.",2024-03-28,1,2,5800 CARY DR,78757,7,NA,https://abc.austintexas.gov/web/permit/public-search-other?t_detail=1&t_selected_folderrsn=13139049,5800 CARY DRIVE,NA,Austin,Texas,United States,1
9608 DEMURE DR,Burnet 1864-A-R New 2-story single-family residence with (3) bedrooms (2.5) bathrooms covered entry porch.,2024-03-29,1,2,9608 DEMURE DR,78653,1,NA,https://abc.austintexas.gov/web/permit/public-search-other?t_detail=1&t_selected_folderrsn=13303838,9608 DEMURE DRIVE,NA,Austin,Texas,United States,1
2309 MONTOPOLIS DR BLDG 1,Unit # 1- New 3-story single family residence to have (4) bedrooms (3.5) bathrooms attached garage and carport.,2024-02-23,1,3,2309 MONTOPOLIS DR BLDG 1,78741,3,NA,https://abc.austintexas.gov/web/permit/public-search-other?t_detail=1&t_selected_folderrsn=12450907,2309 MONTOPOLIS DRIVE BLDG 1,NA,Austin,Texas,United States,1
4000 CLAWSON RD BLDG 2,New Townhomes Building 2 Unit C,2024-03-18,1,3,4000 CLAWSON RD BLDG 2,78704,5,NA,https://abc.austintexas.gov/web/permit/public-search-other?t_detail=1&t_selected_folderrsn=13297067,4000 CLAWSON ROAD BLDG 2,NA,Austin,Texas,United States,1
4000 CLAWSON RD BLDG 1,New 3-Story Townhome 3 Bed/3 bath attached garage covered patio and uncovered wood deck BLDG #1 Unit C,2024-03-14,1,3,4000 CLAWSON RD BLDG 1,78704,5,NA,https://abc.austintexas.gov/web/permit/public-search-other?t_detail=1&t_selected_folderrsn=13296056,4000 CLAWSON ROAD BLDG 1,NA,Austin,Texas,United States,1
4401 GILLIS ST,2-Story Secondary Apartment [2bed 2.5bath] with attached 1-car Garage.,2024-03-06,1,2,4401 GILLIS ST,78745,5,NA,https://abc.austintexas.gov/web/permit/public-search-other?t_detail=1&t_selected_folderrsn=12972571,4401 GILLIS STREET,NA,Austin,Texas,United States,1
2000 RIVERSIDE FARMS RD,Building 6 Unit 6101 & Unit 6102. New 2-story 4 bedroom 5 bathroom condo duplex. Each unit contains 2 bedrooms 2.5 bathrooms with an attached garage and 2nd story covered balcony.,2024-03-05,2,2,2000 RIVERSIDE FARMS RD,78741,3,NA,https://abc.austintexas.gov/web/permit/public-search-other?t_detail=1&t_selected_folderrsn=12957249,2000 RIVERSIDE FARMS ROAD,NA,Austin,Texas,United States,1
2000 RIVERSIDE FARMS RD BLDG 16,Bldg 16: Unit 16101 & 16102; New construction two family residential duplex 2-story 2 bedroom (both units) 2.5 bath (both units) with attached 1-car garage (both units) and 2nd story balcony (both units).,2024-03-05,2,2,2000 RIVERSIDE FARMS RD BLDG 16,78741,3,NA,https://abc.austintexas.gov/web/permit/public-search-other?t_detail=1&t_selected_folderrsn=12953999,2000 RIVERSIDE FARMS ROAD BLDG 16,NA,Austin,Texas,United States,1
4409 BANISTER LN BLDG 2,Expedited Review - New Construction of a 2-Story Secondary Apartment [2bed 2bath] with attached 1-car Garage.,2024-03-21,1,2,4409 BANISTER LN BLDG 2,78745,5,NA,https://abc.austintexas.gov/web/permit/public-search-other?t_detail=1&t_selected_folderrsn=13290629,4409 BANISTER LANE BLDG 2,NA,Austin,Texas,United States,1
6010 BLUEBELL CIR,Expedited Review: New Construction of a 2-Story Single Family Res 3bed 3bath] with attached garage,2024-02-22,1,2,6010 BLUEBELL CIR,78741,3,NA,https://abc.austintexas.gov/web/permit/public-search-other?t_detail=1&t_selected_folderrsn=13220864,6010 BLUEBELL CIR,NA,Austin,Texas,United States,1
2309 MONTOPOLIS DR BLDG 3,Unit #3- New 3-story single family residence to have (4) bedrooms (3.5) bathrooms attached garage and carport.,2024-02-23,1,3,2309 MONTOPOLIS DR BLDG 3,78741,3,NA,https://abc.austintexas.gov/web/permit/public-search-other?t_detail=1&t_selected_folderrsn=12449885,2309 MONTOPOLIS DRIVE BLDG 3,NA,Austin,Texas,United States,1
5905 ROTUNDA VW,New Residential - Plan 1680 Elev A and Plan 1696 Elev C Detached Garage 6 beds 5 bath 5903 and 5905,2024-02-27,1,2,5905 ROTUNDA VW,78747,2,NA,https://abc.austintexas.gov/web/permit/public-search-other?t_detail=1&t_selected_folderrsn=13286870,5905 ROTUNDA VW,NA,Austin,Texas,United States,1
4000 CLAWSON RD BLDG 1,New 3-Story Townhome 3 Bed/3 bath attached garage covered patio and uncovered wood deck BLDG #1 Unit A,2024-03-14,1,3,4000 CLAWSON RD BLDG 1,78704,5,NA,https://abc.austintexas.gov/web/permit/public-search-other?t_detail=1&t_selected_folderrsn=13296053,4000 CLAWSON ROAD BLDG 1,NA,Austin,Texas,United States,1
4101 MENCHACA RD UNIT 205,ePlan: Expedited Review - New Construction of 3-Story Condominiums with attached Garages/Carports (2295 SF),2024-02-29,1,3,4101 MENCHACA RD UNIT 205,78704,5,NA,https://abc.austintexas.gov/web/permit/public-search-other?t_detail=1&t_selected_folderrsn=13226936,4101 MENCHACA ROAD UNIT 205,NA,Austin,Texas,United States,1
4000 CLAWSON RD,New Townhomes Building 3 Unit A-D,2024-03-18,1,3,4000 CLAWSON RD,78704,5,NA,https://abc.austintexas.gov/web/permit/public-search-other?t_detail=1&t_selected_folderrsn=13297808,4000 CLAWSON ROAD,NA,Austin,Texas,United States,1
4000 CLAWSON RD,New Townhomes Building 3 Unit A-D,2024-03-18,1,3,4000 CLAWSON RD,78704,5,NA,https://abc.austintexas.gov/web/permit/public-search-other?t_detail=1&t_selected_folderrsn=13297809,4000 CLAWSON ROAD,NA,Austin,Texas,United States,1
4000 CLAWSON RD BLDG 4,Unit 4A: New construction single family 3-story 3 bedroom 3 bath with attached 2-car garage covered front porch and uncovered wood deck/stairs.,2024-03-18,1,3,4000 CLAWSON RD BLDG 4,78704,5,NA,https://abc.austintexas.gov/web/permit/public-search-other?t_detail=1&t_selected_folderrsn=13298262,4000 CLAWSON ROAD BLDG 4,NA,Austin,Texas,United States,1
2309 MONTOPOLIS DR,Building 6.  New 3 story single family condominium residence 1 car garage & 1 car carport 3 bedroom 3.5 bath.,2024-02-23,1,3,2309 MONTOPOLIS DR,78741,3,NA,https://abc.austintexas.gov/web/permit/public-search-other?t_detail=1&t_selected_folderrsn=12451348,2309 MONTOPOLIS DRIVE,NA,Austin,Texas,United States,1
2300 ENFIELD RD UNIT 104,New 3-story Condominium Residence with attached garage covered entry porch.  *CONDOMINIUM RESIDENCE*,2024-03-20,1,3,2300 ENFIELD RD UNIT 104,78703,10,NA,https://abc.austintexas.gov/web/permit/public-search-other?t_detail=1&t_selected_folderrsn=11852548,2300 ENFIELD ROAD UNIT 104,NA,Austin,Texas,United States,1
2000 RIVERSIDE FARMS RD,Building 9 Unit 9101 & Unit 9102. New 2-story duplex w/ attached garage and covered balcony. 2/2.5 each,2024-03-05,2,2,2000 RIVERSIDE FARMS RD,78741,3,NA,https://abc.austintexas.gov/web/permit/public-search-other?t_detail=1&t_selected_folderrsn=12951792,2000 RIVERSIDE FARMS ROAD,NA,Austin,Texas,United States,1
4000 CLAWSON RD BLDG 4,Unit 4F: New construction single family 3-story 3 bedroom 3 bath with attached 2-car garage covered front porch and uncovered wood deck/stairs.,2024-03-18,1,3,4000 CLAWSON RD BLDG 4,78704,5,NA,https://abc.austintexas.gov/web/permit/public-search-other?t_detail=1&t_selected_folderrsn=13298268,4000 CLAWSON ROAD BLDG 4,NA,Austin,Texas,United States,1
2211 WESTLAKE PASS BLDG 6,New 2-story SFR with attached garage w/studio  5/5.5,2024-03-14,1,2,2211 WESTLAKE PASS BLDG 6,78746,NA,NA,https://abc.austintexas.gov/web/permit/public-search-other?t_detail=1&t_selected_folderrsn=13201080,2211 WESTLAKE PASS BLDG 6,NA,Austin,Texas,United States,1
4000 CLAWSON RD,New Townhomes Building 3 Unit A-D,2024-03-18,1,3,4000 CLAWSON RD,78704,5,NA,https://abc.austintexas.gov/web/permit/public-search-other?t_detail=1&t_selected_folderrsn=13297807,4000 CLAWSON ROAD,NA,Austin,Texas,United States,1
2000 RIVERSIDE FARMS RD,Building 2 Unit 2101 & Unit 2102. New 3-story 6 bedroom 6 bathroom condo duplex. Each unit contains 3 bedrooms 3 bathrooms with an attached garage and 3rd story covered balcony.,2024-03-05,2,3,2000 RIVERSIDE FARMS RD,78741,3,NA,https://abc.austintexas.gov/web/permit/public-search-other?t_detail=1&t_selected_folderrsn=12984571,2000 RIVERSIDE FARMS ROAD,NA,Austin,Texas,United States,1
4409 BANISTER LN BLDG 1,Expedited Review - New Construction of a 2-Story Single Family Res. [3bed 3.5bath],2024-03-21,1,2,4409 BANISTER LN BLDG 1,78745,5,NA,https://abc.austintexas.gov/web/permit/public-search-other?t_detail=1&t_selected_folderrsn=13290628,4409 BANISTER LANE BLDG 1,NA,Austin,Texas,United States,1
12111 FENNEC WAY,2991 BL - (The Palmer) - 3-story SF Home with 5 Bedroom 4 Bath Recreation Rm Cov Patio 1st & 2nd Floor & Cov Entry  and Balcony with a 2-Car attached Garage,2024-03-20,1,3,12111 FENNEC WAY,78758,7,NA,https://abc.austintexas.gov/web/permit/public-search-other?t_detail=1&t_selected_folderrsn=13298985,12111 FENNEC WAY,NA,Austin,Texas,United States,1
2007 KIT CIR,2678 BR (The Verde) - 2-story SF Home with 3 or 4 Bedrooms ilo Flex room 3.5 Bathrooms Cov Patio & Cov Entry wiht 2-car attached Garage,2024-03-20,1,1,2007 KIT CIR,78758,7,NA,https://abc.austintexas.gov/web/permit/public-search-other?t_detail=1&t_selected_folderrsn=13298965,2007 KIT CIR,NA,Austin,Texas,United States,1
4101 MENCHACA RD UNIT 105,ePlan: Expedited Review - New Construction of 3-Story Condominiums with attached Garages/Carports (2166 SF),2024-02-29,1,3,4101 MENCHACA RD UNIT 105,78704,5,NA,https://abc.austintexas.gov/web/permit/public-search-other?t_detail=1&t_selected_folderrsn=13226931,4101 MENCHACA ROAD UNIT 105,NA,Austin,Texas,United States,1
5908 BULL CREEK RD,New 2-story 5 bedroom 5 bathroom single family residence with attached garage covered front porch and rear covered patio.,2024-03-04,1,2,5908 BULL CREEK RD,78757,7,NA,https://abc.austintexas.gov/web/permit/public-search-other?t_detail=1&t_selected_folderrsn=13229259,5908 BULL CREEK ROAD,NA,Austin,Texas,United States,1
4000 CLAWSON RD BLDG 1,New 3-Story Townhome 3 Bed/3 bath attached garage covered patio and uncovered wood deck BLDG #1 Unit B,2024-03-14,1,3,4000 CLAWSON RD BLDG 1,78704,5,NA,https://abc.austintexas.gov/web/permit/public-search-other?t_detail=1&t_selected_folderrsn=13296055,4000 CLAWSON ROAD BLDG 1,NA,Austin,Texas,United States,1
2000 RIVERSIDE FARMS RD,Building 1 Unit 1101 & Unit 1102. New 3-story 6 bedroom 6 bathroom condo duplex. Each unit contains 3 bedrooms 3 bathrooms with an attached garage and 3rd story covered balcony.,2024-03-05,2,3,2000 RIVERSIDE FARMS RD,78741,3,NA,https://abc.austintexas.gov/web/permit/public-search-other?t_detail=1&t_selected_folderrsn=12984579,2000 RIVERSIDE FARMS ROAD,NA,Austin,Texas,United States,1
4000 CLAWSON RD BLDG 2,New Townhomes Building 2 Unit A,2024-03-18,1,3,4000 CLAWSON RD BLDG 2,78704,5,NA,https://abc.austintexas.gov/web/permit/public-search-other?t_detail=1&t_selected_folderrsn=13297065,4000 CLAWSON ROAD BLDG 2,NA,Austin,Texas,United States,1
9509 EPHEMERAL DR,Arc 1148-A-L New 1-story single-family residence with (2) bedrooms (2) bathrooms covered entry porch.,2024-03-11,1,1,9509 EPHEMERAL DR,78653,1,NA,https://abc.austintexas.gov/web/permit/public-search-other?t_detail=1&t_selected_folderrsn=13294407,9509 EPHEMERAL DRIVE,NA,Austin,Texas,United States,1
4000 CLAWSON RD BLDG 1,New 3-Story Townhome 3 Bed/3 bath attached garage covered patio and uncovered wood deck BLDG #1 Unit D,2024-03-14,1,3,4000 CLAWSON RD BLDG 1,78704,5,NA,https://abc.austintexas.gov/web/permit/public-search-other?t_detail=1&t_selected_folderrsn=13296057,4000 CLAWSON ROAD BLDG 1,NA,Austin,Texas,United States,1
1800 KENWOOD AVE,Expedited Review - New Construction of a 2-Story Single Family Res. [4bed 3bath] with detached Carport.,2024-03-21,1,2,1800 KENWOOD AVE,78704,9,NA,https://abc.austintexas.gov/web/permit/public-search-other?t_detail=1&t_selected_folderrsn=13295597,1800 KENWOOD AVE,NA,Austin,Texas,United States,1
2206 TOWER DR,New construction of 2 story SFR 5 bed 6 bath with attached garage front covered porch rear covered patio,2024-03-21,1,2,2206 TOWER DR,78703,10,NA,https://abc.austintexas.gov/web/permit/public-search-other?t_detail=1&t_selected_folderrsn=13274482,2206 TOWER DRIVE,NA,Austin,Texas,United States,1
4000 CLAWSON RD BLDG 2,New Townhomes Building 2 Unit B,2024-03-18,1,3,4000 CLAWSON RD BLDG 2,78704,5,NA,https://abc.austintexas.gov/web/permit/public-search-other?t_detail=1&t_selected_folderrsn=13297066,4000 CLAWSON ROAD BLDG 2,NA,Austin,Texas,United States,1
12203 CULPEO TRCE,New 2-story SFR - Condominium,2024-02-22,1,1,12203 CULPEO TRCE,78758,7,NA,https://abc.austintexas.gov/web/permit/public-search-other?t_detail=1&t_selected_folderrsn=13285264,12203 CULPEO TRCE,NA,Austin,Texas,United States,1
2309 MONTOPOLIS DR BLDG 2,Unit #2- New 3-story single family residence to have (4) bedrooms (3.5) bathrooms attached garage and carport.,2024-02-23,1,3,2309 MONTOPOLIS DR BLDG 2,78741,3,NA,https://abc.austintexas.gov/web/permit/public-search-other?t_detail=1&t_selected_folderrsn=12450943,2309 MONTOPOLIS DRIVE BLDG 2,NA,Austin,Texas,United States,1
5903 ROTUNDA VW,New Residential - Plan 1680 Elev A and Plan 1696 Elev C Detached Garage 6 beds 5 bath 5903 and 5905,2024-02-27,1,2,5903 ROTUNDA VW,78747,2,NA,https://abc.austintexas.gov/web/permit/public-search-other?t_detail=1&t_selected_folderrsn=13286869,5903 ROTUNDA VW,NA,Austin,Texas,United States,1
9517 EPHEMERAL DR,"Rainey 2198-A-L New 2-story single-family residence with (4) bedrooms (2.5) bathrooms detatched 2 car
carport covered entry porch and uncovered patio",2024-03-11,1,2,9517 EPHEMERAL DR,78653,1,NA,https://abc.austintexas.gov/web/permit/public-search-other?t_detail=1&t_selected_folderrsn=13292615,9517 EPHEMERAL DRIVE,NA,Austin,Texas,United States,1
1906 KIT CIR,2512 IR - (Conchos)  - New 2-story SF Home with 3 or 4 Bedrooms 2 Bathrooms Game Rm Media Rm Cov Patio Cov Entry and a 2 Car Attached Garage.,2024-03-04,1,2,1906 KIT CIR,78758,7,NA,https://abc.austintexas.gov/web/permit/public-search-other?t_detail=1&t_selected_folderrsn=13290551,1906 KIT CIR,NA,Austin,Texas,United States,1
6002 SHOALWOOD AVE,New 2-story SFR 5 bedrooms 4 bathrooms attached garage covered porch and patio,2024-03-23,1,2,6002 SHOALWOOD AVE,78757,7,NA,https://abc.austintexas.gov/web/permit/public-search-other?t_detail=1&t_selected_folderrsn=13206442,6002 SHOALWOOD AVE,NA,Austin,Texas,United States,1
811 W LIVE OAK ST BLDG F,"Relocation of 1-story house w/ interior remodel demo shed addition

8/26/24 SM - Full gut interior remodel and new siding.  Main Panel to remain locked out tagged out until Electrical Final inspection is performed.",2024-03-20,1,1,811 W LIVE OAK ST BLDG F,78704,3,NA,https://abc.austintexas.gov/web/permit/public-search-other?t_detail=1&t_selected_folderrsn=13070124,811 WEST LIVE OAK STREET BLDG F,NA,Austin,Texas,United States,1
6010 BLUEBELL CIR BLDG 2,Expedited Review: New Construction of a 2-Story Secondary Apartment [2bed 2.5 bath] with attached carport,2024-02-22,1,2,6010 BLUEBELL CIR BLDG 2,78741,3,NA,https://abc.austintexas.gov/web/permit/public-search-other?t_detail=1&t_selected_folderrsn=13220865,6010 BLUEBELL CIR BLDG 2,NA,Austin,Texas,United States,1
3311 ROSEFINCH TRL,"Expedited Review - New Construction of a 2-Story SFR [6bed 5.5bath]

demo permit 2022-019072 BP must be closed before final",2024-02-23,1,2,3311 ROSEFINCH TRL,78746,8,NA,https://abc.austintexas.gov/web/permit/public-search-other?t_detail=1&t_selected_folderrsn=12947293,3311 ROSEFINCH TRAIL,NA,Austin,Texas,United States,1
3400 RIVER RD,New construction of 2 story SFR with attached garage attic and covered porch. 4/5,2024-03-12,1,2,3400 RIVER RD,78703,10,NA,https://abc.austintexas.gov/web/permit/public-search-other?t_detail=1&t_selected_folderrsn=13292527,3400 RIVER ROAD,NA,Austin,Texas,United States,1
2000 RIVERSIDE FARMS RD BLDG 14,Bldg 14; Unit 14101 & 14102: New construction two family residential duplex 2-story 2 bedroom (both units) 2.5 bath (both units) with attached 1-car garage (both units) covered front porch (both units) and 2nd floor balcony (both units).,2024-03-05,2,2,2000 RIVERSIDE FARMS RD BLDG 14,78741,3,NA,https://abc.austintexas.gov/web/permit/public-search-other?t_detail=1&t_selected_folderrsn=12953958,2000 RIVERSIDE FARMS ROAD BLDG 14,NA,Austin,Texas,United States,1
2000 RIVERSIDE FARMS RD,Building 4 Unit 4101 & Unit 4102. New 2-story 4 bedroom 5 bathroom condo duplex. Each unit contains 2 bedrooms 2.5 bathrooms with an attached garage and 2nd story covered balcony.,2024-03-05,2,2,2000 RIVERSIDE FARMS RD,78741,3,NA,https://abc.austintexas.gov/web/permit/public-search-other?t_detail=1&t_selected_folderrsn=12957240,2000 RIVERSIDE FARMS ROAD,NA,Austin,Texas,United States,1
4000 CLAWSON RD BLDG 4,Unit 4C: New construction single family 3-story 3 bedroom 2.5 bath with attached 2-car garage covered front porch and uncovered wood deck/stairs.,2024-03-18,1,3,4000 CLAWSON RD BLDG 4,78704,5,NA,https://abc.austintexas.gov/web/permit/public-search-other?t_detail=1&t_selected_folderrsn=13298265,4000 CLAWSON ROAD BLDG 4,NA,Austin,Texas,United States,1
9513 EPHEMERAL DR,"Burnett 1864-A-R New 2-story single-family residence with (3) bedrooms (2.5) bathrooms detached 2 car carport
covered entry porch.",2024-03-11,1,2,9513 EPHEMERAL DR,78653,1,NA,https://abc.austintexas.gov/web/permit/public-search-other?t_detail=1&t_selected_folderrsn=13293210,9513 EPHEMERAL DRIVE,NA,Austin,Texas,United States,1
2303 TRAILSIDE DR,New construction single family residential 2-story w/ habitable attic 4 bedroom 5 bath with attached 2-car carport covered front porch covered rear patio and 2nd & 3rd story balconies.,2024-03-08,1,3,2303 TRAILSIDE DR,78704,5,NA,https://abc.austintexas.gov/web/permit/public-search-other?t_detail=1&t_selected_folderrsn=13269331,2303 TRAILSIDE DRIVE,NA,Austin,Texas,United States,1
2308 LA CASA DR,Expedited Review: New Construction of a 2-Story single Family Res [4bed 5bath] with attached 2-Car Garage and Habitable Attic.,2024-03-27,1,2,2308 LA CASA DR,78704,5,NA,https://abc.austintexas.gov/web/permit/public-search-other?t_detail=1&t_selected_folderrsn=13240553,2308 LA CASA DRIVE,NA,Austin,Texas,United States,1
4000 CLAWSON RD BLDG 4,Unit 4E: New construction single family 3-story 3 bedroom 2.5 bath with attached 2-car garage covered front porch and uncovered wood deck/stairs.,2024-03-18,1,3,4000 CLAWSON RD BLDG 4,78704,5,NA,https://abc.austintexas.gov/web/permit/public-search-other?t_detail=1&t_selected_folderrsn=13298267,4000 CLAWSON ROAD BLDG 4,NA,Austin,Texas,United States,1
2309 MONTOPOLIS DR BLDG 4,Building 4 New 2-story condo. New 3 story single family condominium residence 1 car garage & 1 car carport 3 bedroom 3.5 bath uncovered roof deck cantilevered roof deck.,2024-02-23,1,3,2309 MONTOPOLIS DR BLDG 4,78741,3,NA,https://abc.austintexas.gov/web/permit/public-search-other?t_detail=1&t_selected_folderrsn=12451546,2309 MONTOPOLIS DRIVE BLDG 4,NA,Austin,Texas,United States,1
2000 RIVERSIDE FARMS RD,Building 8 New 2 Story Two Story Two Family Dwelling Unit 8101  Unit 8102      4/4,2024-03-05,2,2,2000 RIVERSIDE FARMS RD,78741,3,NA,https://abc.austintexas.gov/web/permit/public-search-other?t_detail=1&t_selected_folderrsn=12953211,2000 RIVERSIDE FARMS ROAD,NA,Austin,Texas,United States,1
4101 MENCHACA RD UNIT 201,ePlan: Expedited Review - New Construction of 3-Story Condominiums with attached Garages/Carports (2295 SF),2024-02-29,1,3,4101 MENCHACA RD UNIT 201,78704,5,NA,https://abc.austintexas.gov/web/permit/public-search-other?t_detail=1&t_selected_folderrsn=13226932,4101 MENCHACA ROAD UNIT 201,NA,Austin,Texas,United States,1
4000 CLAWSON RD BLDG 1,New 3-Story Townhome 3 Bed/3 bath attached garage covered patio and uncovered wood deck BLDG #1 Unit E,2024-03-14,1,3,4000 CLAWSON RD BLDG 1,78704,5,NA,https://abc.austintexas.gov/web/permit/public-search-other?t_detail=1&t_selected_folderrsn=13296059,4000 CLAWSON ROAD BLDG 1,NA,Austin,Texas,United States,1
4000 CLAWSON RD BLDG 4,Unit 4B: New construction single family 3-story 3 bedroom 2.5 bath with attached 2-car garage covered front porch and uncovered wood deck/stairs.,2024-03-18,1,3,4000 CLAWSON RD BLDG 4,78704,5,NA,https://abc.austintexas.gov/web/permit/public-search-other?t_detail=1&t_selected_folderrsn=13298263,4000 CLAWSON ROAD BLDG 4,NA,Austin,Texas,United States,1
4000 CLAWSON RD BLDG 1,New 3-Story Townhome 3 Bed/3 bath attached garage covered patio and uncovered wood deck BLDG #1 Unit F,2024-03-14,1,3,4000 CLAWSON RD BLDG 1,78704,5,NA,https://abc.austintexas.gov/web/permit/public-search-other?t_detail=1&t_selected_folderrsn=13296054,4000 CLAWSON ROAD BLDG 1,NA,Austin,Texas,United States,1
2309 MONTOPOLIS DR BLDG 5,Building 5. New 3 story single family condominium residence 1 car garage & 1 car carport 3 bedroom 3.5 bath uncovered roof deck cantilevered roof deck.,2024-02-23,1,3,2309 MONTOPOLIS DR BLDG 5,78741,3,NA,https://abc.austintexas.gov/web/permit/public-search-other?t_detail=1&t_selected_folderrsn=12451333,2309 MONTOPOLIS DRIVE BLDG 5,NA,Austin,Texas,United States,1
2309 MONTOPOLIS DR BLDG 7,Unit 7. New 3 story single family condominium residence 1 car garage & 1 car carport 3 bedroom 3.5 bath uncovered roof deck cantilevered roof deck.,2024-02-23,1,3,2309 MONTOPOLIS DR BLDG 7,78741,3,NA,https://abc.austintexas.gov/web/permit/public-search-other?t_detail=1&t_selected_folderrsn=12451564,2309 MONTOPOLIS DRIVE BLDG 7,NA,Austin,Texas,United States,1
9513 EPHEMERAL DR,Detached garage,2024-03-11,1,1,9513 EPHEMERAL DR,78653,1,NA,https://abc.austintexas.gov/web/permit/public-search-other?t_detail=1&t_selected_folderrsn=13293211,9513 EPHEMERAL DRIVE,NA,Austin,Texas,United States,1
5201 E MARTIN LUTHER KING JR BLVD UNIT 7101,New 3-story Townhome Unit 7101. (4) units (3) bedrooms (2.5) bathrooms attached 2 car garage/carport entry. (4) units floor plan type G-C-A Revision 04-21-2023. Building Height 29ft-11in. Maximum Height 40 ft. Required Parking: 2. Site Plan#: SP-2021-0149C. Expiration Date: 09-26-2025.,2024-02-06,1,3,5201 E MARTIN LUTHER KING JR BLVD UNIT 7101,78721,1,NA,https://abc.austintexas.gov/web/permit/public-search-other?t_detail=1&t_selected_folderrsn=13229811,5201 EAST MARTIN LUTHER KING JR BOULEVARD UNIT 7101,NA,Austin,Texas,United States,1
5201 E MARTIN LUTHER KING JR BLVD UNIT 2102,Unit 2102- Townhome building 2 of 7 on common lot. (4) Floor Plan Type G-C units 3 story 3 bed 2.5 bath.,2024-02-06,1,3,5201 E MARTIN LUTHER KING JR BLVD UNIT 2102,78721,1,NA,https://abc.austintexas.gov/web/permit/public-search-other?t_detail=1&t_selected_folderrsn=13230128,5201 EAST MARTIN LUTHER KING JR BOULEVARD UNIT 2102,NA,Austin,Texas,United States,1
5201 E MARTIN LUTHER KING JR BLVD UNIT 7103,new 3-story Townhome Unit 7103. (4) units (3) bedrooms (2.5) bathrooms attached 2 car garage/carport entry. (4) units floor plan type G-C-A Revision 04-21-2023. Building Height 29ft-11in. Maximum Height 40 ft. Required Parking: 2. Site Plan#: SP-2021-0149C. Expiration Date: 09-26-2025.,2024-02-06,1,3,5201 E MARTIN LUTHER KING JR BLVD UNIT 7103,78721,1,NA,https://abc.austintexas.gov/web/permit/public-search-other?t_detail=1&t_selected_folderrsn=13229813,5201 EAST MARTIN LUTHER KING JR BOULEVARD UNIT 7103,NA,Austin,Texas,United States,1
1707 KAREN AVE,Expedited Review: New Construction of a 2-Story Single Family Res [4bed 3.5bath] with attached 2-Car Garage and Detached Garage with accessory structure above [1bed 1bath] and Pool.,2024-01-31,1,2,1707 KAREN AVE,78757,7,NA,https://abc.austintexas.gov/web/permit/public-search-other?t_detail=1&t_selected_folderrsn=13273920,1707 KAREN AVE,NA,Austin,Texas,United States,1
5201 E MARTIN LUTHER KING JR BLVD UNIT 1103,Unit 1103-Townhome Building 1 of 7 on Common Lot  (3) Floor Plan Type B-R units 2 story 3 bed 2.5 bath.,2024-02-06,1,2,5201 E MARTIN LUTHER KING JR BLVD UNIT 1103,78721,1,NA,https://abc.austintexas.gov/web/permit/public-search-other?t_detail=1&t_selected_folderrsn=13230086,5201 EAST MARTIN LUTHER KING JR BOULEVARD UNIT 1103,NA,Austin,Texas,United States,1
5201 E MARTIN LUTHER KING JR BLVD UNIT 3103,Unit 3103- Townhome building 3 of 7 on common lot. (4) Floor Plan Type B-R units 2 story 3 bed 2.5 bath.,2024-02-06,1,2,5201 E MARTIN LUTHER KING JR BLVD UNIT 3103,78721,1,NA,https://abc.austintexas.gov/web/permit/public-search-other?t_detail=1&t_selected_folderrsn=13230171,5201 EAST MARTIN LUTHER KING JR BOULEVARD UNIT 3103,NA,Austin,Texas,United States,1
5201 E MARTIN LUTHER KING JR BLVD UNIT 7102,New 3-story Townhome Unit 7102. (4) units (3) bedrooms (2.5) bathrooms attached 2 car garage/carport entry. (4) units floor plan type G-C-A Revision 04-21-2023. Building Height 29ft-11in. Maximum Height 40 ft. Required Parking: 2. Site Plan#: SP-2021-0149C. Expiration Date: 09-26-2025.,2024-02-06,1,3,5201 E MARTIN LUTHER KING JR BLVD UNIT 7102,78721,1,NA,https://abc.austintexas.gov/web/permit/public-search-other?t_detail=1&t_selected_folderrsn=13229812,5201 EAST MARTIN LUTHER KING JR BOULEVARD UNIT 7102,NA,Austin,Texas,United States,1
5201 E MARTIN LUTHER KING JR BLVD UNIT 2103,Unit 2103- Townhome building 2 of 7 on common lot. (4) Floor Plan Type G-C units 3 story 3 bed 2.5 bath.,2024-02-06,1,3,5201 E MARTIN LUTHER KING JR BLVD UNIT 2103,78721,1,NA,https://abc.austintexas.gov/web/permit/public-search-other?t_detail=1&t_selected_folderrsn=13230129,5201 EAST MARTIN LUTHER KING JR BOULEVARD UNIT 2103,NA,Austin,Texas,United States,1
2309 MONTOPOLIS DR BLDG 9,Unit 9. New 3 story single family condominium residence 1 car garage & 1 car carport 3 bedroom 3.5 bath.,2024-01-11,1,3,2309 MONTOPOLIS DR BLDG 9,78741,3,NA,https://abc.austintexas.gov/web/permit/public-search-other?t_detail=1&t_selected_folderrsn=12451579,2309 MONTOPOLIS DRIVE BLDG 9,NA,Austin,Texas,United States,1
5201 E MARTIN LUTHER KING JR BLVD UNIT 4104,Unit 4104- Townhome building 4 of 7 on common lot. (4) Floor Plan Type B-R units 2 story 3 bed 2.5 bath.,2024-02-06,1,2,5201 E MARTIN LUTHER KING JR BLVD UNIT 4104,78721,1,NA,https://abc.austintexas.gov/web/permit/public-search-other?t_detail=1&t_selected_folderrsn=13230214,5201 EAST MARTIN LUTHER KING JR BOULEVARD UNIT 4104,NA,Austin,Texas,United States,1
1402 CANOE BROOK DR,Expedited Review - New Construction of a 2-Story Single Family Res. [5bed 5.5bath] with attached Garage and detached Pool bathroom [1bath].-Permit voided as a result of disannexation effective September 9 2024. See Ordinance No. 20240829-163.,2024-02-07,1,2,1402 CANOE BROOK DR,78746,8,NA,https://abc.austintexas.gov/web/permit/public-search-other?t_detail=1&t_selected_folderrsn=13273123,1402 CANOE BROOK DRIVE,NA,Austin,Texas,United States,1
4315 GILLIS ST,Unit A: New 3-story 3 bedroom 3.5 bathroom townhome residence with attached garage covered porches and balconies.,2024-01-25,1,2,4315 GILLIS ST,78745,5,NA,https://abc.austintexas.gov/web/permit/public-search-other?t_detail=1&t_selected_folderrsn=13269709,4315 GILLIS STREET,NA,Austin,Texas,United States,1
4311 CITY PARK RD,New 2-story 3 bedroom 3 bathroom single family residence with covered porches/decks.,2024-01-12,1,2,4311 CITY PARK RD,78730,10,NA,https://abc.austintexas.gov/web/permit/public-search-other?t_detail=1&t_selected_folderrsn=13175277,4311 CITY PARK ROAD,NA,Austin,Texas,United States,1
5201 E MARTIN LUTHER KING JR BLVD UNIT 3104,Unit 3104- Townhome building 3 of 7 on common lot. (4) Floor Plan Type B-R units 2 story 3 bed 2.5 bath.,2024-02-06,1,2,5201 E MARTIN LUTHER KING JR BLVD UNIT 3104,78721,1,NA,https://abc.austintexas.gov/web/permit/public-search-other?t_detail=1&t_selected_folderrsn=13230172,5201 EAST MARTIN LUTHER KING JR BOULEVARD UNIT 3104,NA,Austin,Texas,United States,1
1312 CASEY ST,"new 3 story construction of a townhome with attached garage and covered porch & pool
Bldg 5               4/4.5",2024-01-26,1,3,1312 CASEY ST,78745,5,NA,https://abc.austintexas.gov/web/permit/public-search-other?t_detail=1&t_selected_folderrsn=13270107,1312 CASEY STREET,NA,Austin,Texas,United States,1
5201 E MARTIN LUTHER KING JR BLVD UNIT 2101,Unit 2101- Townhome building 2 of 7 on common lot. (4) Floor Plan Type G-C units 3 story 3 bed 2.5 bath.,2024-02-06,1,3,5201 E MARTIN LUTHER KING JR BLVD UNIT 2101,78721,1,NA,https://abc.austintexas.gov/web/permit/public-search-other?t_detail=1&t_selected_folderrsn=13230127,5201 EAST MARTIN LUTHER KING JR BOULEVARD UNIT 2101,NA,Austin,Texas,United States,1
2406 W 10TH ST,New MODULAR 2-Story Single Family Res. [4bed 4.5bath] with attached 1-car Garage.,2024-01-18,1,2,2406 W 10TH ST,78703,10,NA,https://abc.austintexas.gov/web/permit/public-search-other?t_detail=1&t_selected_folderrsn=13264828,2406 WEST 10TH STREET,NA,Austin,Texas,United States,1
5201 E MARTIN LUTHER KING JR BLVD UNIT 6102,Unit 6102-Townhome Building 6 of 7 on Common Lot  (8) Floor Plan Type B-R units 2 story 3 bed 2.5 bath.,2024-02-06,1,2,5201 E MARTIN LUTHER KING JR BLVD UNIT 6102,78721,1,NA,https://abc.austintexas.gov/web/permit/public-search-other?t_detail=1&t_selected_folderrsn=13233571,5201 EAST MARTIN LUTHER KING JR BOULEVARD UNIT 6102,NA,Austin,Texas,United States,1
5201 E MARTIN LUTHER KING JR BLVD UNIT 6104,Unit 6104-Townhome Building 6 of 7 on Common Lot  (8) Floor Plan Type B-R units 2 story 3 bed 2.5 bath.,2024-02-06,1,2,5201 E MARTIN LUTHER KING JR BLVD UNIT 6104,78721,1,NA,https://abc.austintexas.gov/web/permit/public-search-other?t_detail=1&t_selected_folderrsn=13233573,5201 EAST MARTIN LUTHER KING JR BOULEVARD UNIT 6104,NA,Austin,Texas,United States,1
4315 GILLIS ST,"new construction of 3 story 2 unit townhome
Bldg 2 Unit D (3365.3 sqft)",2024-02-01,1,3,4315 GILLIS ST,78745,5,NA,https://abc.austintexas.gov/web/permit/public-search-other?t_detail=1&t_selected_folderrsn=13272911,4315 GILLIS STREET,NA,Austin,Texas,United States,1
12508 ORO VALLEY TRL,new 2-story SFR with attached garage and accessory apartment. 6 bed 5 bath.  Main home and accessory apartment identified as Units A (left) and Unit B (right).,2024-01-11,1,2,12508 ORO VALLEY TRL,78729,6,NA,https://abc.austintexas.gov/web/permit/public-search-other?t_detail=1&t_selected_folderrsn=13263871,12508 ORO VALLEY TRAIL,NA,Austin,Texas,United States,1
1602 WEST LYNN ST,Expedited Review - New Construction of a 3-Story Single Family Res. and basement  [6bed 8.5bath] with 2 attached Garages(one left and one right of bldg.),2024-01-12,1,4,1602 WEST LYNN ST,78703,10,NA,https://abc.austintexas.gov/web/permit/public-search-other?t_detail=1&t_selected_folderrsn=12593249,1602 WEST LYNN STREET,NA,Austin,Texas,United States,1
13900 PANORAMA DR,Expedited Review - New Construction of a 2-Story Single Family Res. [5bed 6bath] with basement and attached 2-car Garage.,2024-02-13,1,2,13900 PANORAMA DR,78732,10,NA,https://abc.austintexas.gov/web/permit/public-search-other?t_detail=1&t_selected_folderrsn=13271347,13900 PANORAMA DRIVE,NA,Austin,Texas,United States,1
5201 E MARTIN LUTHER KING JR BLVD UNIT 4105,Unit 4105- Townhome building 4 of 7 on common lot. (4) Floor Plan Type B-R units 2 story 3 bed 2.5 bath.,2024-02-06,1,2,5201 E MARTIN LUTHER KING JR BLVD UNIT 4105,78721,1,NA,https://abc.austintexas.gov/web/permit/public-search-other?t_detail=1&t_selected_folderrsn=13230215,5201 EAST MARTIN LUTHER KING JR BOULEVARD UNIT 4105,NA,Austin,Texas,United States,1
1308 CASEY ST,"new 2 story construction of townhouse with attached garage and covered porch 3/3  & pool 
Building 7",2024-01-24,1,2,1308 CASEY ST,78745,5,NA,https://abc.austintexas.gov/web/permit/public-search-other?t_detail=1&t_selected_folderrsn=13269144,1308 CASEY STREET,NA,Austin,Texas,United States,1
5201 E MARTIN LUTHER KING JR BLVD UNIT 3102,Unit 3102- Townhome building 3 of 7 on common lot. (4) Floor Plan Type B-R units 2 story 3 bed 2.5 bath.,2024-02-06,1,2,5201 E MARTIN LUTHER KING JR BLVD UNIT 3102,78721,1,NA,https://abc.austintexas.gov/web/permit/public-search-other?t_detail=1&t_selected_folderrsn=13230169,5201 EAST MARTIN LUTHER KING JR BOULEVARD UNIT 3102,NA,Austin,Texas,United States,1
5201 E MARTIN LUTHER KING JR BLVD UNIT 1101,Unit 1101-Townhome Building 1 of 7 on Common Lot  (3) Floor Plan Type B-R units 2 story 3 bed 2.5 bath.,2024-02-06,1,2,5201 E MARTIN LUTHER KING JR BLVD UNIT 1101,78721,1,NA,https://abc.austintexas.gov/web/permit/public-search-other?t_detail=1&t_selected_folderrsn=13230084,5201 EAST MARTIN LUTHER KING JR BOULEVARD UNIT 1101,NA,Austin,Texas,United States,1
5201 E MARTIN LUTHER KING JR BLVD UNIT 4102,Unit 4102- Townhome building 4 of 7 on common lot. (4) Floor Plan Type B-R units 2 story 3 bed 2.5 bath.,2024-02-06,1,2,5201 E MARTIN LUTHER KING JR BLVD UNIT 4102,78721,1,NA,https://abc.austintexas.gov/web/permit/public-search-other?t_detail=1&t_selected_folderrsn=13230211,5201 EAST MARTIN LUTHER KING JR BOULEVARD UNIT 4102,NA,Austin,Texas,United States,1
4315 GILLIS ST,"new construction of 3 story 2 unit townhome
Bldg 2 Unit C (3365.3 sqft)",2024-02-01,1,3,4315 GILLIS ST,78745,5,NA,https://abc.austintexas.gov/web/permit/public-search-other?t_detail=1&t_selected_folderrsn=13272909,4315 GILLIS STREET,NA,Austin,Texas,United States,1
5201 E MARTIN LUTHER KING JR BLVD UNIT 6108,Unit 6108-Townhome Building 6 of 7 on Common Lot  (8) Floor Plan Type B-R units 2 story 3 bed 2.5 bath.,2024-02-06,1,2,5201 E MARTIN LUTHER KING JR BLVD UNIT 6108,78721,1,NA,https://abc.austintexas.gov/web/permit/public-search-other?t_detail=1&t_selected_folderrsn=13233577,5201 EAST MARTIN LUTHER KING JR BOULEVARD UNIT 6108,NA,Austin,Texas,United States,1
5201 E MARTIN LUTHER KING JR BLVD UNIT 6105,Unit 6105-Townhome Building 6 of 7 on Common Lot  (8) Floor Plan Type B-R units 2 story 3 bed 2.5 bath.,2024-02-06,1,2,5201 E MARTIN LUTHER KING JR BLVD UNIT 6105,78721,1,NA,https://abc.austintexas.gov/web/permit/public-search-other?t_detail=1&t_selected_folderrsn=13233574,5201 EAST MARTIN LUTHER KING JR BOULEVARD UNIT 6105,NA,Austin,Texas,United States,1
2509 RIDGEVIEW ST,New SFR: 2 Story 4 beds 3.5 bathrooms 2 car garage covered porch and patio.,2024-01-18,1,2,2509 RIDGEVIEW ST,78704,5,NA,https://abc.austintexas.gov/web/permit/public-search-other?t_detail=1&t_selected_folderrsn=13242626,2509 RIDGEVIEW STREET,NA,Austin,Texas,United States,1
5201 E MARTIN LUTHER KING JR BLVD UNIT 1104,Unit 1104-Townhome Building 1 of 7 on Common Lot  (3) Floor Plan Type B-R units 2 story 3 bed 2.5 bath.,2024-02-06,1,2,5201 E MARTIN LUTHER KING JR BLVD UNIT 1104,78721,1,NA,https://abc.austintexas.gov/web/permit/public-search-other?t_detail=1&t_selected_folderrsn=13230087,5201 EAST MARTIN LUTHER KING JR BOULEVARD UNIT 1104,NA,Austin,Texas,United States,1
5201 E MARTIN LUTHER KING JR BLVD UNIT 4101,Unit 4101- Townhome building 4 of 7 on common lot. (4) Floor Plan Type B-R units 2 story 3 bed 2.5 bath.,2024-02-06,1,2,5201 E MARTIN LUTHER KING JR BLVD UNIT 4101,78721,1,NA,https://abc.austintexas.gov/web/permit/public-search-other?t_detail=1&t_selected_folderrsn=13230210,5201 EAST MARTIN LUTHER KING JR BOULEVARD UNIT 4101,NA,Austin,Texas,United States,1
5201 E MARTIN LUTHER KING JR BLVD UNIT 1102,Unit 1102-Townhome Building 1 of 7 on Common Lot  (3) Floor Plan Type B-R units 2 story 3 bed 2.5 bath.,2024-02-06,1,2,5201 E MARTIN LUTHER KING JR BLVD UNIT 1102,78721,1,NA,https://abc.austintexas.gov/web/permit/public-search-other?t_detail=1&t_selected_folderrsn=13230085,5201 EAST MARTIN LUTHER KING JR BOULEVARD UNIT 1102,NA,Austin,Texas,United States,1
5201 E MARTIN LUTHER KING JR BLVD UNIT 6107,Unit 6107-Townhome Building 6 of 7 on Common Lot  (8) Floor Plan Type B-R units 2 story 3 bed 2.5 bath.,2024-02-06,1,2,5201 E MARTIN LUTHER KING JR BLVD UNIT 6107,78721,1,NA,https://abc.austintexas.gov/web/permit/public-search-other?t_detail=1&t_selected_folderrsn=13233576,5201 EAST MARTIN LUTHER KING JR BOULEVARD UNIT 6107,NA,Austin,Texas,United States,1
3608 MUNSON ST,"Relocation of SFR to lot
(From 3711 Munson St to 3608 Munson St)",2024-01-17,1,1,3608 MUNSON ST,78721,1,NA,https://abc.austintexas.gov/web/permit/public-search-other?t_detail=1&t_selected_folderrsn=13266481,3608 MUNSON STREET,NA,Austin,Texas,United States,1
5201 E MARTIN LUTHER KING JR BLVD UNIT 4103,Unit 4103- Townhome building 4 of 7 on common lot. (4) Floor Plan Type B-R units 2 story 3 bed 2.5 bath.,2024-02-06,1,2,5201 E MARTIN LUTHER KING JR BLVD UNIT 4103,78721,1,NA,https://abc.austintexas.gov/web/permit/public-search-other?t_detail=1&t_selected_folderrsn=13230212,5201 EAST MARTIN LUTHER KING JR BOULEVARD UNIT 4103,NA,Austin,Texas,United States,1
4315 GILLIS ST,Unit B: New 3-story 3 bedroom 3.5 bathroom townhome residence with attached garage covered porches and balconies.,2024-01-25,1,2,4315 GILLIS ST,78745,5,NA,https://abc.austintexas.gov/web/permit/public-search-other?t_detail=1&t_selected_folderrsn=13269710,4315 GILLIS STREET,NA,Austin,Texas,United States,1
3701 FAR VIEW DR,Expedited Review - New Construction of a 2-Story Single Family Res. [4bed 5bath] with attached 3-car Garage Covered Cabana,2024-01-22,1,2,3701 FAR VIEW DR,78730,10,NA,https://abc.austintexas.gov/web/permit/public-search-other?t_detail=1&t_selected_folderrsn=13267030,3701 FAR VIEW DRIVE,NA,Austin,Texas,United States,1
1310 CASEY ST,Bldg 6: New 3 story SFR Townhouse 4 Bdr 4 Bath with covered patio and attached 2 car garage.,2024-01-25,1,3,1310 CASEY ST,78745,5,NA,https://abc.austintexas.gov/web/permit/public-search-other?t_detail=1&t_selected_folderrsn=13269706,1310 CASEY STREET,NA,Austin,Texas,United States,1
2113 BITTER CREEK DR,New Manufactured Home Installing Skirting and New A/c on home,2024-02-13,1,1,2113 BITTER CREEK DR,78744,2,NA,https://abc.austintexas.gov/web/permit/public-search-other?t_detail=1&t_selected_folderrsn=13274447,2113 BITTER CREEK DRIVE,NA,Austin,Texas,United States,1
5201 E MARTIN LUTHER KING JR BLVD UNIT 7104,New 3-story Townhome Unit 7104 (4) units (3) bedrooms (2.5) bathrooms attached 2 car garage/carport entry. (4) units floor plan type G-C-A Revision 04-21-2023. Building Height 29ft-11in. Maximum Height 40 ft. Required Parking: 2. Site Plan#: SP-2021-0149C. Expiration Date: 09-26-2025.,2024-02-06,1,3,5201 E MARTIN LUTHER KING JR BLVD UNIT 7104,78721,1,NA,https://abc.austintexas.gov/web/permit/public-search-other?t_detail=1&t_selected_folderrsn=13229814,5201 EAST MARTIN LUTHER KING JR BOULEVARD UNIT 7104,NA,Austin,Texas,United States,1
5201 E MARTIN LUTHER KING JR BLVD UNIT 3101,Unit 3101- Townhome building 3 of 7 on common lot. (4) Floor Plan Type B-R units 2 story 3 bed 2.5 bath.,2024-02-06,1,2,5201 E MARTIN LUTHER KING JR BLVD UNIT 3101,78721,1,NA,https://abc.austintexas.gov/web/permit/public-search-other?t_detail=1&t_selected_folderrsn=13230168,5201 EAST MARTIN LUTHER KING JR BOULEVARD UNIT 3101,NA,Austin,Texas,United States,1
4315 GILLIS ST,Unit A: New 2-story 3 bedroom 2.5 bathroom townhome residence with attached garage covered porches and balconies.,2024-02-01,1,2,4315 GILLIS ST,78745,5,NA,https://abc.austintexas.gov/web/permit/public-search-other?t_detail=1&t_selected_folderrsn=13272548,4315 GILLIS STREET,NA,Austin,Texas,United States,1
2309 MONTOPOLIS DR BLDG 8,Unit 8. New 3 story single family condominium residence 1 car garage & 1 car carport 3 bedroom 3.5 bath uncovered roof deck cantilevered roof deck.,2024-01-11,1,3,2309 MONTOPOLIS DR BLDG 8,78741,3,NA,https://abc.austintexas.gov/web/permit/public-search-other?t_detail=1&t_selected_folderrsn=12451363,2309 MONTOPOLIS DRIVE BLDG 8,NA,Austin,Texas,United States,1
4315 GILLIS ST,Unit B: New 2-story 3 bedroom 2.5 bathroom townhome residence with attached garage covered porches and balconies.,2024-02-01,1,2,4315 GILLIS ST,78745,5,NA,https://abc.austintexas.gov/web/permit/public-search-other?t_detail=1&t_selected_folderrsn=13272549,4315 GILLIS STREET,NA,Austin,Texas,United States,1
1314 CASEY ST,New 3 Story SFR/Townhome 4 Bed/4.5 Bath attached garage covered porch and balcony,2024-01-17,1,3,1314 CASEY ST,78745,5,NA,https://abc.austintexas.gov/web/permit/public-search-other?t_detail=1&t_selected_folderrsn=13265104,1314 CASEY STREET,NA,Austin,Texas,United States,1
1806 GLENCLIFF DR,New construction single-family residential 4 bedroom 4 bath with attached 3-car garage covered front porch  and covered rear patio.,2024-01-30,1,2,1806 GLENCLIFF DR,78704,5,NA,https://abc.austintexas.gov/web/permit/public-search-other?t_detail=1&t_selected_folderrsn=13168833,1806 GLENCLIFF DRIVE,NA,Austin,Texas,United States,1
5201 E MARTIN LUTHER KING JR BLVD UNIT 6106,Unit 6106-Townhome Building 6 of 7 on Common Lot  (8) Floor Plan Type B-R units 2 story 3 bed 2.5 bath.,2024-02-06,1,2,5201 E MARTIN LUTHER KING JR BLVD UNIT 6106,78721,1,NA,https://abc.austintexas.gov/web/permit/public-search-other?t_detail=1&t_selected_folderrsn=13233575,5201 EAST MARTIN LUTHER KING JR BOULEVARD UNIT 6106,NA,Austin,Texas,United States,1
13701 MONTVIEW DR,New 2-story SFR with 4 beds 4 baths garage covered patio and covered porch. Also balcony on second floor.,2024-02-16,1,2,13701 MONTVIEW DR,78732,10,NA,https://abc.austintexas.gov/web/permit/public-search-other?t_detail=1&t_selected_folderrsn=13270117,13701 MONTVIEW DRIVE,NA,Austin,Texas,United States,1
5201 E MARTIN LUTHER KING JR BLVD UNIT 6103,Unit 6103-Townhome Building 6 of 7 on Common Lot  (8) Floor Plan Type B-R units 2 story 3 bed 2.5 bath.,2024-02-06,1,2,5201 E MARTIN LUTHER KING JR BLVD UNIT 6103,78721,1,NA,https://abc.austintexas.gov/web/permit/public-search-other?t_detail=1&t_selected_folderrsn=13233572,5201 EAST MARTIN LUTHER KING JR BOULEVARD UNIT 6103,NA,Austin,Texas,United States,1
5201 E MARTIN LUTHER KING JR BLVD UNIT 6101,Unit 6101-Townhome Building 6 of 7 on Common Lot  (8) Floor Plan Type B-R units 2 story 3 bed 2.5 bath.,2024-02-06,1,2,5201 E MARTIN LUTHER KING JR BLVD UNIT 6101,78721,1,NA,https://abc.austintexas.gov/web/permit/public-search-other?t_detail=1&t_selected_folderrsn=13233570,5201 EAST MARTIN LUTHER KING JR BOULEVARD UNIT 6101,NA,Austin,Texas,United States,1
5201 E MARTIN LUTHER KING JR BLVD UNIT 2104,Unit 2104- Townhome building 2 of 7 on common lot. (4) Floor Plan Type G-C units 3 story 3 bed 2.5 bath.,2024-02-06,1,3,5201 E MARTIN LUTHER KING JR BLVD UNIT 2104,78721,1,NA,https://abc.austintexas.gov/web/permit/public-search-other?t_detail=1&t_selected_folderrsn=13230130,5201 EAST MARTIN LUTHER KING JR BOULEVARD UNIT 2104,NA,Austin,Texas,United States,1
11507 SIERRA NEVADA,new 2-story SFR attached garage covered patio uncovered wood deck 4 beds/5.5 bath,2023-12-13,1,2,11507 SIERRA NEVADA,78759,10,NA,https://abc.austintexas.gov/web/permit/public-search-other?t_detail=1&t_selected_folderrsn=13222618,11507 SIERRA NEVADA,NA,Austin,Texas,United States,1
201 PARK LN,New 2-story SFR with attached garage and covered porch 4/4,2023-12-01,1,2,201 PARK LN,78704,9,NA,https://abc.austintexas.gov/web/permit/public-search-other?t_detail=1&t_selected_folderrsn=13222859,201 PARK LANE,NA,Austin,Texas,United States,1
501 IRMA DR BLDG 2,New 2-story 2 bedroom 2 bathroom secondary dwelling unit with attached garage covered front porch covered side patio and 2nd floor partially covered balcony.,2023-12-07,1,2,501 IRMA DR BLDG 2,78752,4,NA,https://abc.austintexas.gov/web/permit/public-search-other?t_detail=1&t_selected_folderrsn=13173997,501 IRMA DRIVE BLDG 2,NA,Austin,Texas,United States,1
702 W MONROE ST BLDG 2,New 1-story 1 bedroom 1 bathroom secondary dwelling unit with partially covered front deck and attached 1-car garage with half bathroom. Trellis connects garage and SDU.   Extended to 12/2/23 so permit could be activated.,2023-11-30,1,1,702 W MONROE ST BLDG 2,78704,9,NA,https://abc.austintexas.gov/web/permit/public-search-other?t_detail=1&t_selected_folderrsn=13149118,702 WEST MONROE STREET BLDG 2,NA,Austin,Texas,United States,1
12807 HUGHES ST,New construction single family residential 2-story 4 bedroom 4.5 bath with attached 2-car garage attached 1-car garage covered front porch 2nd story balcony covered rear patio and outdoor kitchen.,2024-01-04,1,2,12807 HUGHES ST,78732,10,NA,https://abc.austintexas.gov/web/permit/public-search-other?t_detail=1&t_selected_folderrsn=13260663,12807 HUGHES STREET,NA,Austin,Texas,United States,1
5309 WOODROW AVE BLDG 2,new single story adu with 2 bedrooms 1 bathroom attached wood walkway,2023-12-07,1,1,5309 WOODROW AVE BLDG 2,78756,7,NA,https://abc.austintexas.gov/web/permit/public-search-other?t_detail=1&t_selected_folderrsn=13249536,5309 WOODROW AVE BLDG 2,NA,Austin,Texas,United States,1
4511 ROSEDALE AVE,New 2-story 4 bedroom 2 bathroom single family residence with covered front porch rear covered patio uncovered wood deck and 2nd floor covered deck.,2024-01-03,1,2,4511 ROSEDALE AVE,78756,7,NA,https://abc.austintexas.gov/web/permit/public-search-other?t_detail=1&t_selected_folderrsn=13259286,4511 ROSEDALE AVE,NA,Austin,Texas,United States,1
3501 MOUNT BONNELL RD,New construction single family residential 2-story 5 bedrooms 6 baths with attached 2-car garage covered front porch covered rear (side) patio and covered balcony.,2024-01-04,1,2,3501 MOUNT BONNELL RD,78731,10,NA,https://abc.austintexas.gov/web/permit/public-search-other?t_detail=1&t_selected_folderrsn=13127873,3501 MOUNT BONNELL ROAD,NA,Austin,Texas,United States,1
510 DELMAR AVE,New 2 Story Duplex with attached garages and covered porches resubmission of 2017-103337 PR 6/5,2024-01-08,2,2,510 DELMAR AVE,78752,4,NA,https://abc.austintexas.gov/web/permit/public-search-other?t_detail=1&t_selected_folderrsn=12427159,510 DELMAR AVE,NA,Austin,Texas,United States,1
1800 W 36TH ST,New construction single family residential 2-story 4 bedroom 3.5 bath with covered front porch covered rear patio 2 uncovered front balconies and uncovered rear balcony.   Extended 180 days from expiration date so bp could be activated.  RB,2023-12-04,1,2,1800 W 36TH ST,78731,10,NA,https://abc.austintexas.gov/web/permit/public-search-other?t_detail=1&t_selected_folderrsn=13120229,1800 WEST 36TH STREET,NA,Austin,Texas,United States,1
4903 SHADY GLADE CT,Expedited Review: New Construction of a 1-Story Single Family Res [6bed 4.5bath] with attached 2-Car Garage [GARAGE IS 2 STORY] includes accessory bedroom work to include Pool.,2023-12-13,1,2,4903 SHADY GLADE CT,78756,7,NA,https://abc.austintexas.gov/web/permit/public-search-other?t_detail=1&t_selected_folderrsn=13144511,4903 SHADY GLADE CT,NA,Austin,Texas,United States,1
3205 GARDEN VILLA LN,New 1-story Secondary Dwelling [1bed 1bath],2023-12-01,1,1,3205 GARDEN VILLA LN,78704,3,NA,https://abc.austintexas.gov/web/permit/public-search-other?t_detail=1&t_selected_folderrsn=13101588,3205 GARDEN VILLA LANE,NA,Austin,Texas,United States,1
3205 GARDEN VILLA LN,Expedited Review: New Construction of a 2-Story Single Family Res [5bed 5bath] w/ habitable attic and attached 2-car Carport,2023-12-01,1,2,3205 GARDEN VILLA LN,78704,3,NA,https://abc.austintexas.gov/web/permit/public-search-other?t_detail=1&t_selected_folderrsn=13101587,3205 GARDEN VILLA LANE,NA,Austin,Texas,United States,1
3813 AVENUE H BLDG 2,"New 2-story secondary dwelling unit consisting of a garage screened in porch half bathroom and internal stairwell on the 1st floor and a living room kitchen bedroom full bathroom and uncovered balcony on the 2nd floor. 
Revision 1: Revise garage into a storage room. Replace garage door with swinging door and window.",2023-11-13,1,2,3813 AVENUE H BLDG 2,78751,9,NA,https://abc.austintexas.gov/web/permit/public-search-other?t_detail=1&t_selected_folderrsn=13142485,3813 AVENUE H BLDG 2,NA,Austin,Texas,United States,1
3700 RIVER RD,New 2-Story SFR with 5 bedrooms 5.5 bathrooms garage library cabana outdoor kitchen outdoor shower covered patio,2023-10-30,1,2,3700 RIVER RD,78703,10,NA,https://abc.austintexas.gov/web/permit/public-search-other?t_detail=1&t_selected_folderrsn=13170158,3700 RIVER ROAD,NA,Austin,Texas,United States,1
2956 HIGGINS ST,New Construction of a 2-Story Single Family Res. [3bed 2.5bath] with attached 2-car Garage.,2023-11-03,1,2,2956 HIGGINS ST,78722,1,NA,https://abc.austintexas.gov/web/permit/public-search-other?t_detail=1&t_selected_folderrsn=13234712,2956 HIGGINS STREET,NA,Austin,Texas,United States,1
5006 LYNNDALE DR,Expedited Review - New Construction of a 2-Story Single Family Res. [2bed 3bath] with attached Garage.,2023-11-01,1,2,5006 LYNNDALE DR,78756,7,NA,https://abc.austintexas.gov/web/permit/public-search-other?t_detail=1&t_selected_folderrsn=13233107,5006 LYNNDALE DRIVE,NA,Austin,Texas,United States,1
5201 E MARTIN LUTHER KING JR BLVD UNIT 5103,Unit 5103-Townhome building 5 of 7 on common lot. (3) Floor Plan Type B-R units 2 story 3 bed 2.5 bath.,2023-10-23,1,2,5201 E MARTIN LUTHER KING JR BLVD UNIT 5103,78721,1,NA,https://abc.austintexas.gov/web/permit/public-search-other?t_detail=1&t_selected_folderrsn=13229742,5201 EAST MARTIN LUTHER KING JR BOULEVARD UNIT 5103,NA,Austin,Texas,United States,1
2602 LITTLE JOHN LN,Expedited Review: New Construction of a 2-Story Single Family Res [4bed 5.5bath] with attached Garage.,2023-11-15,1,2,2602 LITTLE JOHN LN,78704,3,NA,https://abc.austintexas.gov/web/permit/public-search-other?t_detail=1&t_selected_folderrsn=13241362,2602 LITTLE JOHN LANE,NA,Austin,Texas,United States,1
2306 FOREST BEND DR,Expedited Review - New Construction of a 2-Story Single Family Res. [6bed 7.5bath] with attached 3-car Garage Pool House and Pool.,2023-11-14,1,2,2306 FOREST BEND DR,78704,5,NA,https://abc.austintexas.gov/web/permit/public-search-other?t_detail=1&t_selected_folderrsn=13198240,2306 FOREST BEND DRIVE,NA,Austin,Texas,United States,1
5201 E MARTIN LUTHER KING JR BLVD UNIT 5102,Unit 5102- Townhome building 5 of 7 on common lot. (3) Floor Plan Type B-R units 2 story 3 bed 2.5 bath.,2023-10-23,1,2,5201 E MARTIN LUTHER KING JR BLVD UNIT 5102,78721,1,NA,https://abc.austintexas.gov/web/permit/public-search-other?t_detail=1&t_selected_folderrsn=13229741,5201 EAST MARTIN LUTHER KING JR BOULEVARD UNIT 5102,NA,Austin,Texas,United States,1
4101 MENCHACA RD UNIT 203,ePlan: Expedited Review - New Construction of 3-Story Condominiums with attached Garages/Carports (2295 SF),2023-10-18,1,3,4101 MENCHACA RD UNIT 203,78704,5,NA,https://abc.austintexas.gov/web/permit/public-search-other?t_detail=1&t_selected_folderrsn=13226934,4101 MENCHACA ROAD UNIT 203,NA,Austin,Texas,United States,1
4101 MENCHACA RD UNIT 204,ePlan: Expedited Review - New Construction of 3-Story Condominiums with attached Garages/Carports (2295 SF),2023-10-18,1,3,4101 MENCHACA RD UNIT 204,78704,5,NA,https://abc.austintexas.gov/web/permit/public-search-other?t_detail=1&t_selected_folderrsn=13226935,4101 MENCHACA ROAD UNIT 204,NA,Austin,Texas,United States,1
4101 MENCHACA RD UNIT 104,ePlan: Expedited Review - New Construction of 3-Story Condominiums with attached Garages/Carports (2166 SF),2023-10-18,1,3,4101 MENCHACA RD UNIT 104,78704,5,NA,https://abc.austintexas.gov/web/permit/public-search-other?t_detail=1&t_selected_folderrsn=13226930,4101 MENCHACA ROAD UNIT 104,NA,Austin,Texas,United States,1
4101 MENCHACA RD UNIT 101,ePlan: Expedited Review - New Construction of 3-Story Condominiums with attached Garages/Carports (2372 SF),2023-10-18,1,3,4101 MENCHACA RD UNIT 101,78704,5,NA,https://abc.austintexas.gov/web/permit/public-search-other?t_detail=1&t_selected_folderrsn=13226926,4101 MENCHACA ROAD UNIT 101,NA,Austin,Texas,United States,1
4101 MENCHACA RD UNIT 103,ePlan: Expedited Review - New Construction of 3-Story Condominiums with attached Garages/Carports (2166 SF),2023-10-18,1,3,4101 MENCHACA RD UNIT 103,78704,5,NA,https://abc.austintexas.gov/web/permit/public-search-other?t_detail=1&t_selected_folderrsn=13226929,4101 MENCHACA ROAD UNIT 103,NA,Austin,Texas,United States,1
1113 VARGAS RD BLDG 2,New 2-story 2 bedroom 2.5 bathroom secondary dwelling unit with attached carport covered front porch and rear covered patio.,2023-11-08,1,2,1113 VARGAS RD BLDG 2,78741,3,NA,https://abc.austintexas.gov/web/permit/public-search-other?t_detail=1&t_selected_folderrsn=13207807,1113 VARGAS ROAD BLDG 2,NA,Austin,Texas,United States,1
4101 MENCHACA RD UNIT 102,ePlan: Expedited Review - New Construction of 3-Story Condominiums with attached Garages/Carports (2166 SF),2023-10-18,1,3,4101 MENCHACA RD UNIT 102,78704,5,NA,https://abc.austintexas.gov/web/permit/public-search-other?t_detail=1&t_selected_folderrsn=13226928,4101 MENCHACA ROAD UNIT 102,NA,Austin,Texas,United States,1
2320 WESTOAK DR,Expedited Review: New Construction of a 2-Story Single Family Res [5bed 4.5bath] with attached 2-Car Garage.,2023-11-27,1,2,2320 WESTOAK DR,78704,5,NA,https://abc.austintexas.gov/web/permit/public-search-other?t_detail=1&t_selected_folderrsn=13245188,2320 WESTOAK DRIVE,NA,Austin,Texas,United States,1
5201 E MARTIN LUTHER KING JR BLVD UNIT 5101,Unit 5101-Townhome building 5 of 7 on common lot. (3) Floor Plan Type B-R units 2 story 3 bed 2.5 bath.,2023-10-23,1,2,5201 E MARTIN LUTHER KING JR BLVD UNIT 5101,78721,1,NA,https://abc.austintexas.gov/web/permit/public-search-other?t_detail=1&t_selected_folderrsn=13229740,5201 EAST MARTIN LUTHER KING JR BOULEVARD UNIT 5101,NA,Austin,Texas,United States,1
6510 CYPRESS POINT NORTH,New construction single family residential 2-story 4 bedroom 5.5 bath with attached 2-car garage covered porch covered patio and uncovered rear wood deck.-Permit voided as a result of disannexation effective September 9 2024. See Ordinance No. 20240829-163.,2023-11-13,1,3,6510 CYPRESS POINT NORTH,78746,NA,NA,https://abc.austintexas.gov/web/permit/public-search-other?t_detail=1&t_selected_folderrsn=13238246,6510 CYPRESS POINT NORTH,NA,Austin,Texas,United States,1
3411 BRIDLE PATH,New construction single family residential 2-story w/ basement 6 bedroom 5.5 bath with attached 1-car garage 1-car carport covered front porch covered rear patio and uncovered wood deck.,2023-11-03,1,3,3411 BRIDLE PATH,78703,10,NA,https://abc.austintexas.gov/web/permit/public-search-other?t_detail=1&t_selected_folderrsn=13038026,3411 BRIDLE PATH,NA,Austin,Texas,United States,1
8516 BROOKFIELD DR BLDG 2,New 2-story 1 bedroom 1.5 bathroom secondary dwelling unit with covered front porch.   Extended 90 days to allow bp to be activated.  rb,2023-11-03,1,2,8516 BROOKFIELD DR BLDG 2,78758,4,NA,https://abc.austintexas.gov/web/permit/public-search-other?t_detail=1&t_selected_folderrsn=13126136,8516 BROOKFIELD DRIVE BLDG 2,NA,Austin,Texas,United States,1
1613 TAYLOR GAINES ST,New 2 story SFR with attached garage and covered porch  4/4.5,2023-10-26,1,2,1613 TAYLOR GAINES ST,78741,9,NA,https://abc.austintexas.gov/web/permit/public-search-other?t_detail=1&t_selected_folderrsn=13228421,1613 TAYLOR GAINES STREET,NA,Austin,Texas,United States,1
7405 SKYFLOWER CV,New 1 Story ADU (Guest House),2023-11-08,1,1,7405 SKYFLOWER CV,78759,6,NA,https://abc.austintexas.gov/web/permit/public-search-other?t_detail=1&t_selected_folderrsn=13236846,7405 SKYFLOWER CV,NA,Austin,Texas,United States,1
702 W MONROE ST BLDG 1,New 3-story 3 bedroom 3 bathroom principal single family residence with partially covered front deck attached carport rear screen porch and rear partially covered wood deck. Extended to 12/2/23 so permit could be activated.,2023-11-16,1,3,702 W MONROE ST BLDG 1,78704,9,NA,https://abc.austintexas.gov/web/permit/public-search-other?t_detail=1&t_selected_folderrsn=13149117,702 WEST MONROE STREET BLDG 1,NA,Austin,Texas,United States,1
4420 JESTER DR,Expedited Review: New Construction of a 2-Story Duplex. Unit A [3bed 2.5bath] with office and attached Carport Unit B [3bed 3bath] with office and attached 2-Car Garage.,2023-11-20,2,2,4420 JESTER DR,78745,5,NA,https://abc.austintexas.gov/web/permit/public-search-other?t_detail=1&t_selected_folderrsn=13093330,4420 JESTER DRIVE,NA,Austin,Texas,United States,1
4101 MENCHACA RD UNIT 202,ePlan: Expedited Review - New Construction of 3-Story Condominiums with attached Garages/Carports (2295 SF),2023-10-18,1,3,4101 MENCHACA RD UNIT 202,78704,5,NA,https://abc.austintexas.gov/web/permit/public-search-other?t_detail=1&t_selected_folderrsn=13226933,4101 MENCHACA ROAD UNIT 202,NA,Austin,Texas,United States,1
6813 OASIS PASS,New 2-story 5 bedroom 7 bathroom (5 full 2 half) single family residence with attached garage covered porch covered patios and covered balcony.,2023-11-01,1,2,6813 OASIS PASS,78732,10,NA,https://abc.austintexas.gov/web/permit/public-search-other?t_detail=1&t_selected_folderrsn=13222357,6813 OASIS PASS,NA,Austin,Texas,United States,1
1113 VARGAS RD BLDG 1,New 2-story 3 bedroom 2.5 bathroom primary single family residence with attached garage and covered front porch.,2023-11-08,1,2,1113 VARGAS RD BLDG 1,78741,3,NA,https://abc.austintexas.gov/web/permit/public-search-other?t_detail=1&t_selected_folderrsn=13207806,1113 VARGAS ROAD BLDG 1,NA,Austin,Texas,United States,1
4511 VINSON DR BLDG 8,Lot 8 block A: New construction two family residential duplex 2-story 3/3 bedroom 2.5/ 2.5 bath with attached 1-car garage (both units) covered front porch (both units) and covered rear patio (both units).,2023-09-18,2,2,4511 VINSON DR BLDG 8,78745,3,NA,https://abc.austintexas.gov/web/permit/public-search-other?t_detail=1&t_selected_folderrsn=12478400,4511 VINSON DRIVE BLDG 8,NA,Austin,Texas,United States,1
4413 MERLE DR BLDG 2,New 2 Story ADU with Attached Garage Covered Front Porch and 2nd Floor Balcony new Driveway and curb cut,2023-09-27,1,2,4413 MERLE DR BLDG 2,78745,5,NA,https://abc.austintexas.gov/web/permit/public-search-other?t_detail=1&t_selected_folderrsn=13213578,4413 MERLE DRIVE BLDG 2,NA,Austin,Texas,United States,1
206 E WONSLEY DR,New construction single family residential 2-story 4 bedroom 2.5 bath with attached 1-car garage and  covered front porch.,2023-09-27,1,2,206 E WONSLEY DR,78753,4,NA,https://abc.austintexas.gov/web/permit/public-search-other?t_detail=1&t_selected_folderrsn=13083489,206 EAST WONSLEY DRIVE,NA,Austin,Texas,United States,1
4715 PROCK LN,new 2-story SFR with attached garage studio and covered porch 3/3.5,2023-09-18,1,2,4715 PROCK LN,78721,3,NA,https://abc.austintexas.gov/web/permit/public-search-other?t_detail=1&t_selected_folderrsn=13094590,4715 PROCK LANE,NA,Austin,Texas,United States,1
509 E 38TH HALF STREET Bldg 1,"This project was initially approved as a second story addition to an existing SFR and new Secondary Apartment.  Due to the condition of the pier and beam foundation a revision was submitted to demolish the house and rebuild it over a new slab foundation on the same footprint.  The revision was approved.

Another revision will be filed to opt into HOME regulations.  The two units have been re-addressed as building 1 and building 2.  Work type has been updated to NEW and subtype has been updated to R101.",2023-10-03,1,2,509 E 38TH HALF ST BLDG 1,78751,9,NA,https://abc.austintexas.gov/web/permit/public-search-other?t_detail=1&t_selected_folderrsn=12863373,509 EAST 38TH HALF STREET BLDG 1,NA,Austin,Texas,United States,1
4715 PROCK LN,Building 2 New 2 Story Secondary Dwelling with attached garage and coverd porch   2/2,2023-09-18,1,2,4715 PROCK LN,78721,3,NA,https://abc.austintexas.gov/web/permit/public-search-other?t_detail=1&t_selected_folderrsn=13094591,4715 PROCK LANE,NA,Austin,Texas,United States,1
1803 E 3RD ST,New 2-story 2 bedroom 1.5 bathroom secondary dwelling unit with attached carport covered porch uncovered wood deck and 2nd floor balcony.,2023-09-28,1,2,1803 E 3RD ST,78702,3,NA,https://abc.austintexas.gov/web/permit/public-search-other?t_detail=1&t_selected_folderrsn=13172583,1803 EAST 3RD STREET,NA,Austin,Texas,United States,1
1101 KINNEY AVE,New Construction of a 2-Story Single Family Res. [3bed 4bath] with attached 2-car Garage - ( 2nd floor connected by Bridge).,2023-09-18,1,2,1101 KINNEY AVE,78704,9,NA,https://abc.austintexas.gov/web/permit/public-search-other?t_detail=1&t_selected_folderrsn=13090293,1101 KINNEY AVE,NA,Austin,Texas,United States,1
2109 RIVERVIEW ST BLDG 2,New construction secondary apartment 1-story with basement 1 bedroom 1 bath with uncovered patio.,2023-10-05,1,2,2109 RIVERVIEW ST BLDG 2,78702,3,NA,https://abc.austintexas.gov/web/permit/public-search-other?t_detail=1&t_selected_folderrsn=12680631,2109 RIVERVIEW STREET BLDG 2,NA,Austin,Texas,United States,1
4511 VINSON DR BLDG 2,Lot 2 - New construction two-family residential duplex 2-story 3 bedroom (both units) 2.5 bath (both units) with attached 1-car garage (both units) covered front porch (both units) and covered rear patio (both units).,2023-09-18,2,2,4511 VINSON DR BLDG 2,78745,3,NA,https://abc.austintexas.gov/web/permit/public-search-other?t_detail=1&t_selected_folderrsn=12761368,4511 VINSON DRIVE BLDG 2,NA,Austin,Texas,United States,1
