"","project_name","description","clean_address","geocodio_latitude","geocodio_longitude"
"1","1708 COLLIER ST BLDG 1","Bldg 1: New construction of 3 story SFR 3 bedroom 2.5 bath w/ covered porch and patio","1708 COLLIER STREET BLDG 1",30.254229,-97.769214
"2","6403 ROTUNDA VW","New 2 Story SFR 4 bed 3 bath 2 care garage alley access","6403 ROTUNDA VW",30.14387,-97.752752
"3","7005 FROG POND BND","*Green Building* New 2-story 4 bedroom 3 bathroom single family residence with attached garage covered front porch and rear covered patio.","7005 FROG POND BND",30.157861,-97.594763
"4","2113 HASKELL ST BLDG 3","ePlan: Residential Expedited Review - Three Unit - Bldg 3 New Construction of  2-Story SF Res [3bed 2.5bath] w/ attached carport","2113 HASKELL STREET BLDG 3",30.251153,-97.723216
"5","7013 FROG POND BND","New 1-story single family residence 4 bed/2 bath with attached garage covered porch and patio green building smart housing","7013 FROG POND BND",30.157694,-97.594476
"6","8624 CHALGRIN PL","*Green Building* New 2-story 4 bedroom 3 bathroom single family residence with attached garage covered front porch and side covered patio.","8624 CHALGRIN PLACE",30.139442,-97.713864
"7","6400 ROTUNDA VW","New 2 story single family residence 3 bedroom/2.5 bathroom with attached garage covered porch and patio","6400 ROTUNDA VW",30.14378,-97.75324
"8","11205 GOLDEN CLOUD BND","PB- New construction 2 story 4 bed 2.5 bath with attached garage and covered porch and patio","11205 GOLDEN CLOUD BND",30.3298,-97.570811
"9","12008 CEARLEY DR","New construction single-family residential 1-story 3 bedroom 2 bath with attached 2-car garage covered front porch and covered rear patio.","12008 CEARLEY DRIVE",30.406767,-97.687631
"10","6313 COMANCHE MOON TRL","New construction of a single-family residence. *Please reference approved PUD C8-2018-0171.2B.SH.","6313 COMANCHE MOON TRAIL",30.142342,-97.751943
"11","1307 W ST JOHNS AVE","ePlan: Residential Expedited Review - New Construction of 2-Story SF Res [5bed 4bath] with habitable attic and attached garage","1307 WEST STREET JOHNS AVE",30.341607,-97.724632
"12","2113 HASKELL ST BLDG 2","ePlan: Residential Expedited Review - Three Unit - Bldg 2 New Construction of  2-Story SF Res [5bed 4bath] w/ attached garage","2113 HASKELL STREET BLDG 2",30.251153,-97.723216
"13","1708 COLLIER ST BLDG 2","Bldg 2: New Construction of 3 story SFR 3 bedroom 3 bath with covered porch and attached carport","1708 COLLIER STREET BLDG 2",30.254229,-97.769214
"14","9204 CALVERT WAY","New construction of single family dwelling with 5 bedrooms and 4.5 baths 3 car garage rear patio and front porch

PUD","9204 CALVERT WAY",30.142339,-97.710393
"15","2113 HASKELL ST BLDG 1","ePlan: Residential Expedited Review - Three Unit - Bldg 1 New Construction of  2-Story SF Res [5bed 4bath] w/ attached garage","2113 HASKELL STREET BLDG 1",30.251153,-97.723216
"16","1708 COLLIER ST BLDG 3","Bldg 3: New Construction of 3 story SFR 3 bedroom 2.5 bath with covered patio","1708 COLLIER STREET BLDG 3",30.254229,-97.769214
"17","11213 GOLDEN CLOUD BND","New construction of 2 story SFR 4 beds 2.5 baths covered patio porch opt gourmet kitchen opt fireplace opt study opt ext covered patio and 22.5 3 car garage

PUD","11213 GOLDEN CLOUD BND",30.329951,-97.570557
"18","6908 FROG POND BND","NEW 1 STORY 4 bed 2 bath SINGLE-FAMILY RESIDENCE ATTACHED GARAGE COVERED PORCH AND PATIO","6908 FROG POND BND",30.15748,-97.595547
"19","3202 EANES CIR","ePlan: Residential Expedited Review - New Construction of a 2-Story SF Res [4bed 6bath] with attached garage","3202 EANES CIR",30.267879,-97.802416
"20","3811 GRAYSON LN BLDG 2","Bldg. 2:  New single story SFR with 2 bedrooms 2 bathrooms covered front porch and uncovered wood deck.","3811 GRAYSON LANE BLDG 2",30.289703,-97.708525
"21","8622 CHALGRIN PL","*Green Building* New 2-story 4 bedroom 3.5 bathroom single family residence with attached garage covered front porch and side covered patio.","8622 CHALGRIN PLACE",30.139596,-97.713752
"22","8103 ERMIS FARM RD","PB CONDO: New construction of a 2-story single family dwelling in a condo regime. 3 BEDROOMS 2.5 BATHROOM ATTACHED 2 CAR GARAGE","8103 ERMIS FARM ROAD",30.189262,-97.80885
"23","4900 EASTON LN","Cascade 330-T-L Is a New one-story single family residence with (3) bedrooms (2) bathrooms an attached two-car garage and a covered entry porch and patio.","4900 EASTON LANE",30.180653,-97.620185
"24","4807 NATIVE PEARL LN","New single family residence - 2 story 3 bed/2.5 bath 2335 sqft living with attached garage","4807 NATIVE PEARL LANE",30.353471,-97.635707
"25","11004 MYSTIC TIMBER DR","PB: New construction of 1 story sfr - 3 beds 2 baths 2 car garage and covered patio","11004 MYSTIC TIMBER DRIVE",30.353589,-97.636435
"26","4006 MONTAGE PASS","*S.M.A.R.T. HOUSING* *GREEN BUILDING* ePlan: Residential Expedited Review - New construction of a 3-Story Townhome [3bed 3.5bath] with Attached Garage. 4206 MONTAGE PASS","4006 MONTAGE PASS",30.315112,-97.753189
"27","2956 HIGGINS ST BLDG 1","ePlan: Residential Expedited Review - New Two Units: Bldg 1 New Construction of  2-Story Single Family Res. [3bed 2.5bath] with attached carport","2956 HIGGINS STREET BLDG 1",30.283273,-97.704783
"28","4012 MONTAGE PASS","*S.M.A.R.T. HOUSING* *GREEN BUILDING* ePlan: Residential Expedited Review - New construction of a 3-Story Townhome [3bed 3.5bath] with Attached Garage. 4012 MONTAGE PASS","4012 MONTAGE PASS",30.315259,-97.753048
"29","3406 DUVAL ST BLDG 3","ePlan: Residential Expedited Review -New construction of a 2-Story Single Family Res. [4bed 3bath]. Bldg 3","3406 DUVAL STREET BLDG 3",30.297174,-97.731088
"30","2956 HIGGINS ST BLDG 2","ePlan: Residential Expedited Review - New Two Units: Bldg 2 New Construction of  2-Story Single Family Res. [3bed 2.5bath] with attached carport","2956 HIGGINS STREET BLDG 2",30.283273,-97.704783
"31","2812 SCENIC DR","ePlan: Residential Expedited Review - New construction of a 3-Story Single Family Res. [4bed 5bath] with Basement and Attached Garage.","2812 SCENIC DRIVE",30.309661,-97.772746
"32","4008 MONTAGE PASS","*S.M.A.R.T. HOUSING* *GREEN BUILDING* ePlan: Residential Expedited Review - New construction of a 3-Story Townhome [3bed 3.5bath] with Attached Garage. 4008 MONTAGE PASS","4008 MONTAGE PASS",30.315219,-97.753166
"33","7009 FROG POND BND","*Green Building* New 1-story 4 bedroom 2 bathroom single family residence with attached garage covered front porch and rear covered patio.","7009 FROG POND BND",30.157782,-97.594617
"34","2212 SARATOGA DR","ePlan: Residential Expedited Review - New construction of a 2-Story Single Family Res.","2212 SARATOGA DRIVE",30.347362,-97.867007
"35","9205 CALVERT WAY","New 1-story SFR 4 bedroom 3 bath with attached 2 car garage covered entry porch and patio.","9205 CALVERT WAY",30.141846,-97.710576
"36","6904 FROG POND BND","NEW 1 STORY SINGLE-FAMILY RESIDENCE ATTACHED GARAGE COVERED PORCH AND PATIO","6904 FROG POND BND",30.157452,-97.595743
"37","4809 NATIVE PEARL LN","New single family residence - 1 story 4 bed/2 bath 1853 sqft living with attached garage","4809 NATIVE PEARL LANE",30.353385,-97.635608
"38","9803 RIBELIN RANCH CT BLDG 3","New construction of single building based on Volume Builder Approved (2024-067871 VB) Plan 9-CB-L. This is a 2 Story building with height of 31-7 and 3129 square feet.","9803 RIBELIN RANCH CT BLDG 3",30.391205,-97.828986
"39","4010 MONTAGE PASS","*S.M.A.R.T. HOUSING* *GREEN BUILDING* ePlan: Residential Expedited Review - New construction of a 3-Story Townhome [3bed 3.5bath] with Attached Garage. 4010 MONTAGE PASS","4010 MONTAGE PASS",30.31515,-97.753064
"40","4014 MONTAGE PASS","*S.M.A.R.T. HOUSING* *GREEN BUILDING* ePlan: Residential Expedited Review - New construction of a 3-Story Townhome [3bed 3.5bath] with Attached Garage. 4014 MONTAGE PASS","4014 MONTAGE PASS",30.3152,-97.752948
"41","3811 GRAYSON LN BLDG 1","Bldg. 1:  New single story SFR with 1 bedroom 1 bathroom covered front porch and uncovered wood deck.","3811 GRAYSON LANE BLDG 1",30.289703,-97.708525
"42","9803 RIBELIN RANCH CT BLDG 8","New construction of single building based on Volume Builder Approved (2024-067871 VB) Plan 6-BA-R. This is a 2 Story building with height of 33-4 and 3139 square feet.","9803 RIBELIN RANCH CT BLDG 8",30.391205,-97.828986
"43","4805 NATIVE PEARL LN","New single family residence - 2 story 4 bed/2.5 bath 2566 sqft living with attached garage","4805 NATIVE PEARL LANE",30.353561,-97.635804
"44","10601 BROWNIE DR BLDG 1","ePlan: Residential Expedited Review - Three Unit - Bldg 1 New Construction of  2-Story SF Res [3bed 2.5bath] w/ attached garage","10601 BROWNIE DRIVE BLDG 1",30.370813,-97.682099
"45","937 E 53RD ST","BLDG 1: 3 stroy SFR with 4 bedrooms 3 bath covered patio an attached carport.","937 EAST 53RD STREET",30.312996,-97.710796
"46","9708 OXBOW STRAP DR","New construction of 1 story sfr  3 beds 2 baths attached garage covered porch and patio

PUD","9708 OXBOW STRAP DRIVE",30.323638,-97.593671
"47","6308 ROTUNDA VW","New SFR 3 Bed 2.5 Bath 2 car garage alley access","6308 ROTUNDA VW",30.144079,-97.753393
"48","200 W O DELL ST BLDG 1","ePlan: Residential Expedited Review - TWO Unit; Bldg 1 New Construction of 2-Story SF Res [4bed 3.5 bath] with attached garage","200 WEST O DELL STREET BLDG 1",30.337236,-97.710592
"49","9308 FURMAN DR","Esparanza S426 B Left New - 1 Story SFR w/ 4 bedrooms 3 bathrooms attached 2 car garage covered entry porch and patio required parking: 2.","9308 FURMAN DRIVE",30.142875,-97.735875
"50","200 W O DELL ST BLDG 2","Bldg 2 New Construction of 2-Story SF Res [5bed 3.5 bath] with attached carport","200 WEST O DELL STREET BLDG 2",30.337236,-97.710592
"51","4704 NATIVE PEARL LN","New single family residence - 2 story 3 bed/2.5 bath 2335 sqft living with attached garage","4704 NATIVE PEARL LANE",30.354577,-97.636266
"52","10601 BROWNIE DR BLDG 3","ePlan: Residential Expedited Review - Three Unit - Bldg 3 New Construction of  2-Story SF Res [3bed 2.5bath] w/ attached garage","10601 BROWNIE DRIVE BLDG 3",30.370813,-97.682099
"53","10601 BROWNIE DR BLDG 2","ePlan: Residential Expedited Review - Three Unit - Bldg 2 New Construction of  2-Story SF Res [3bed 2.5bath] w/ attached garage","10601 BROWNIE DRIVE BLDG 2",30.370813,-97.682099
"54","1504 CORSAC WAY","New SFR 2-story home w/3 or 4 bedrooms 2.5 or 3 baths opt gourmet kitchen covered entry patio and 2 car att garage.","1504 CORSAC WAY",30.40611,-97.687599
"55","9405 CORVALLIS DR","Eastland S352 B Left New - 1 Story SFR w/ 3 bedrooms 2 bathrooms attached 2 car garage covered entry porch and patio required parking: 2.","9405 CORVALLIS DRIVE",30.142384,-97.734563
"56","9305 FURMAN DR","Moscoso S423 B Right New - 1 Story SFR w/ 4 bedrooms 2 bathrooms attached 2 car garage covered entry porch and patio required parking: 2.","9305 FURMAN DRIVE",30.14271,-97.735345
"57","9321 FURMAN DR","Pizarro S414 B Left New - 1 Story SFR w/ 4 bedrooms 3 bathrooms attached 2 car garage covered entry porch and patio required parking: 2.","9321 FURMAN DRIVE",30.142262,-97.735659
"58","9408 CORVALLIS DR","Freestone S353 D Left New - 1 Story SFR w/ 4 bedrooms 2 bathrooms attached 2 car garage covered entry porch and patio required parking: 2.","9408 CORVALLIS DRIVE",30.142465,-97.735065
"59","710 BOLEY DR","Galloway 3312 B Right New - 1 Story SFR CONDOMINUM w/ 3 bedrooms 2 bathrooms attached 2 car garage covered entry porch and patio FFE: 682.88 Site Plan: SP-2021-0328C Site Plan Exp.: 01/09/27 Max Bld height: 21-10 Actual Bld height: 21-10 required parking: 2.","710 BOLEY DRIVE",30.115446,-97.814775
"60","9505 CORVALLIS DR","Harrison S356 B Right New - 2 Story SFR w/ 4 bedrooms 2.5 bathrooms attached 2 car garage covered entry porch and patio required parking: 2.","9505 CORVALLIS DRIVE",30.141713,-97.734971
"61","9309 FURMAN DR","Boone S413 C Right New - 1 Story SFR w/ 4 bedrooms 2 bathrooms attached 2 car garage covered entry porch and patio required parking: 2.","9309 FURMAN DRIVE",30.142601,-97.735429
"62","2816 PALOMINO TRL","New Manufactured home to be placed on vacant lot with permanent foundation standard utilities","2816 PALOMINO TRAIL",30.210099,-97.6923
"63","9601 WIGGY WAY","New construction single-family residential 1-story 4 bedroom 3 bath with attached 3-car garage covered front porch and covered patio.","9601 WIGGY WAY",30.140399,-97.707487
"64","1809 S 1ST ST","ePlan: Residential Expedited Review - New construction of a 1-Story Single Family Res. [1bed 1bath]","1809 SOUTH 1ST STREET",30.246746,-97.755955
"65","12008 SALVADOR ST","2245AR NEW 2 STORY 4 BEDROOM 2 1/2 BATH SINGLE FAMILY RESIDENTIAL HOME WITH ATTACHED GARAGE COVERED FRONT PORCH AND REAR PATIO","12008 SALVADOR STREET",30.129056,-97.805269
"66","4702 NATIVE PEARL LN","New single family residence - 1 story 3 bed/ 2 bath 1841 sqft living with attached garage.","4702 NATIVE PEARL LANE",30.354669,-97.636372
"67","2705 BRISTOL DR BLDG 2","ePlan: Residential Expedited Review - New construction of a 2-Story Single Family Res. [3bed 2.5bath]. Bldg 2","2705 BRISTOL DRIVE BLDG 2",30.311102,-97.679366
"68","13212 KINCANE DR","1548BL NEW 1 STORY 3 BEDROOM 2 BATH SINGLE FAMILY RESIDENTIAL HOUSE WITH ATTACHED GARAGE AND COVERED FRONT PORCH","13212 KINCANE DRIVE",30.149938,-97.628437
"69","6421 MC MURTRY ST","New Construction of a single family 1 story 4 bed 2 bath with attached garage and covered front porch/rear covered patio","6421 MC MURTRY STREET",30.141516,-97.753551
"70","2705 BRISTOL DR BLDG 1","ePlan: Residential Expedited Review - New construction of a 2-Story Single Family Res. [4bed 3bath] with Attached Carport. Bldg 1","2705 BRISTOL DRIVE BLDG 1",30.311102,-97.679366
"71","12908 STAYWELL WAY","2458BR NEW 2 STORY 4 BEDROOM 3 1/2 BATH SINGLE FAMILY RESIDENTIAL HOME WITH ATTACHED GARAGE COVERED FRONT PORCH AND REAR PATIO","12908 STAYWELL WAY",30.153079,-97.630112
"72","4115 AVENUE D","ePlan: Commercial Expedited Review - New Construction of FourPlex- Retroactive Permitting to work completed without permits (3585 SF)","4115 AVENUE D",30.305437,-97.731284
"73","7115 EAGLE ROSE RD","*Green Building* New 2-story 4 bedroom 3.5 bathroom single family residence with attached garage covered front porch and rear covered patio.","7115 EAGLE ROSE ROAD",30.150555,-97.730171
"74","5211 MONARDA MINT DR","Coolidge 1027-W-L New 2-Story Single Family Residence with (4) bedrooms (3) bathrooms Attached Garage Covered Patio & Porch Cafe & Loft","5211 MONARDA MINT DRIVE",30.365542,-97.624402
"75","1210 W 12TH ST","ePlan: Residential Expedited Review - New Construction of 2-Story Single Family Res [3bed 3.5bath] with Attached Carport.","1210 WEST 12TH STREET",30.278509,-97.754836
"76","13233 RIVERSDALE RD","2566CL NEW 2 STORY 4 BEDROOM 2 1/2 BATH SINGLE FAMILY RESIDENTIAL HOME WITH ATTACHED GARAGE COVERED FRONT PORCH AND REAR PATIO","13233 RIVERSDALE ROAD",30.150342,-97.625873
"77","5222 RAGWEED DR","Coolidge 1027-W-R New 2-Story Single Family Residence with (4) bedrooms (3) bathrooms Attached Garage Covered Patio & Porch Cafe & Loft","5222 RAGWEED DRIVE",30.365615,-97.623036
"78","12316 SAINT THOMAS DR","Hughes 841-O-R Is a New one-story single-family residence with (4) bedrooms (3) bathrooms an attached two-car garage and a covered entry porch and patio.","12316 SAINT THOMAS DRIVE",30.180868,-97.619786
"79","12112 SAGRADA ST","2527BR NEW 2 STORY 4 BEDROOM 2 1/2 BATH SINGLE FAMILY RESIDENTIAL HOME WITH ATTACHED GARAGE COVERED FRONT PORCH AND REAR PATIO","12112 SAGRADA STREET",30.129253,-97.807193
"80","12400 SAINT THOMAS DR","Callahan 830-O-R Is a New one-story single family residence with (4) bedrooms (2) bathrooms an attached two-car garage and a covered entry porch and patio.","12400 SAINT THOMAS DRIVE",30.18078,-97.619623
"81","12022 SAGRADA ST","2245ER NEW 2 STORY 4 BEDROOM 2 1/2 BATH SINGLE FAMILY RESIDENTIAL HOME WITH ATTACHED GARAGE COVERED FRONT PORCH AND REAR PATIO","12022 SAGRADA STREET",30.130146,-97.8065
"82","12409 SAINT THOMAS DR","Callahan 830-P-L Is a New one-story single-family residence with (4) bedrooms (2) bathrooms an attached two-car garage garage and a covered entry porch and patio.","12409 SAINT THOMAS DRIVE",30.180306,-97.61962
"83","12408 SAINT THOMAS DR","Matador 870-O-R Is a New two-story single-family residence with (4) bedrooms (2.5) bathrooms an attached two-car garage and a covered entry porch and patio.","12408 SAINT THOMAS DRIVE",30.180654,-97.61937
"84","714 BOLEY DR","Brahman 3318 C Right New - 2 Story SFR CONDOMINUM w/ 4 bedrooms 2.5 bathrooms attached 2 car garage covered entry porch and patio FFE: 683.58 Site Plan: SP-2021-0328C Site Plan Exp.: 01/09/27 Max Bld height: 29-10 Actual Bld height: 29-10 required parking: 2.","714 BOLEY DRIVE",30.115479,-97.814487
"85","3407 FOOTHILL TER BLDG 2","ePlan: Residential Expedited Review - TWO Unit- Bldg 2 New Construction of Carport with Apartment above [1bed 1.5bath]. Existing SF Res to Remain as is.","3407 FOOTHILL TER BLDG 2",30.316091,-97.769449
"86","401 RIDGEWOOD RD UNIT B","Unit B 1 Story duplex 1/1","401 RIDGEWOOD ROAD UNIT B",30.280398,-97.788788
"87","2716 BRISTOL DR BLDG 2","ePlan: Residential Expedited Review - New construction of a 2-Story Single Family Res. [3bed 2.5bath]. Bldg 2","2716 BRISTOL DRIVE BLDG 2",30.311262,-97.678642
"88","2716 BRISTOL DR BLDG 1","ePlan: Residential Expedited Review - New construction of a 2-Story Single Family Res. [4bed 3bath] with Attached Carport. Bldg 1","2716 BRISTOL DRIVE BLDG 1",30.311262,-97.678642
"89","6400 HUNTLEIGH WAY BLDG 2","Bldg #2 New 1-story dwelling unit container home  1 Bed/1 Bath","6400 HUNTLEIGH WAY BLDG 2",30.283054,-97.660663
"90","401 RIDGEWOOD RD UNIT A","Unit A New construction of Duplex 4 bed 4.5 baths with attached 1 bedroom 2nd unit with single bath and kitchenette","401 RIDGEWOOD ROAD UNIT A",30.280398,-97.788788
"91","6311 ROTUNDA VW","New construction of sfr with 3 beds 2 baths 2 car garage alley access

PUD","6311 ROTUNDA VW",30.144169,-97.75292
"92","1015 BRICKELL LOOP","New construction of SFR Condo with 3 beds 2.5 baths and attached 2 car garage","1015 BRICKELL LOOP",30.149836,-97.704863
"93","5808 VAN WINKLE LN","Two Stry Res W/Breezway Att Gar&Covered Porch

5/22/26 Life safety inspection to occur for purposes of establishing CO.","5808 VAN WINKLE LANE",30.194584,-97.881616
"94","1508 MADISON AVE","ePlan: Residential Expedited Review - New construction of a 2-Story Single Family Res. [5bed 4bath] with Habitable Attic and Attached Carport.","1508 MADISON AVE",30.34488,-97.726288
"95","1801 FAIR OAKS DR UNIT A","UNIT A: New 2-story 3 bedroom 2.5 bathroom duplex residence with attached carport covered front porch and rear covered patio.","1801 FAIR OAKS DRIVE UNIT A",30.218224,-97.79336
"96","3006 FRUTH ST BLDG 1","ePlan: Residential Expedited Review - New construction TWO Unit; Bldg 1 New construction 2-story SF Res [6bed 6bath]","3006 FRUTH STREET BLDG 1",30.296609,-97.741051
"97","1608 PEASE RD UNIT B","ePlan: Residential Expedited Review - New construction of a 2-Story Duplex [1bed 1.5bath] with attached Garage. Unit B","1608 PEASE ROAD UNIT B",30.285128,-97.758642
"98","1801 FAIR OAKS DR UNIT B","UNIT B: New 2-story 3 bedroom 2.5 bathroom duplex residence with covered front porch and rear covered patio.","1801 FAIR OAKS DRIVE UNIT B",30.218224,-97.79336
"99","3006 FRUTH ST BLDG 2","ePlan: Residential Expedited Review - New construction TWO Unit; Bldg 2 New construction 2-story SF Res [2bed 2bath]with attached carport","3006 FRUTH STREET BLDG 2",30.296609,-97.741051
"100","1608 PEASE RD UNIT A","ePlan: Residential Expedited Review - New construction of a 2-Story Duplex [3bed 4bath]. Unit A","1608 PEASE ROAD UNIT A",30.285128,-97.758642
"101","7106 EAGLE ROSE RD","*Green Building* New 2-story 4 bedroom 3.5 bathroom single family residence with attached garage covered porch and rear covered patio.","7106 EAGLE ROSE ROAD",30.151175,-97.730425
"102","9512 WIGGY WAY","New construction single-family residential 1-story 4 bedroom 3 bedroom with attached 3-car garage covered front porch and covered rear patio.","9512 WIGGY WAY",30.140948,-97.707582
"103","4816 ABERDEEN DR BLDG 2","Bldg 2 New Construction of  3-Story Single Family Res. [3bed 2.5bath]","4816 ABERDEEN DRIVE BLDG 2",30.216646,-97.780235
"104","8110 BIRD SONG CIR","New construction of 2 story Duplex Condo each with 3 beds 2.5 baths and attached garage (8108 and 8110 Bird Song) - Unit B","8110 BIRD SONG CIR",30.189333,-97.809401
"105","4816 ABERDEEN DR UNIT 1A","Bldg 1A New Construction of  2-Story Single Family Res. [3bed 2.5bath] attached garage","4816 ABERDEEN DRIVE UNIT 1A",30.216646,-97.780235
"106","11408 CRAZY ALICE RUN","PB- New construction 4 bed 2.5 bath SFR with attached garage and covered front porch/rear covered patio","11408 CRAZY ALICE RUN",30.329837,-97.572487
"107","7711 HARDY DR","ePlan: Residential Expedited Review - New Construction of 2-story SF Res [5bed 4bath] with habitable attic and attached garage","7711 HARDY DRIVE",30.352214,-97.727987
"108","7214 EAGLE ROSE RD","PB- New construction 2 story 4 bed 3.5 bath","7214 EAGLE ROSE ROAD",30.150435,-97.728779
"109","7202 STITZEL WELLER DR","New SFR 1 - Story 3 bedroom 2 bath with attached 2-car garage covered front porch and covered rear patio

PUD","7202 STITZEL WELLER DRIVE",30.147898,-97.727482
"110","7204 STITZEL WELLER DR","*Green Building* New 2-story 3 bedroom 2.5 bathroom single family residence with attached garage covered front porch and rear covered patio.","7204 STITZEL WELLER DRIVE",30.148078,-97.727444
"111","4816 ABERDEEN DR UNIT 1B","ePlan: Residential Expedited Review - New Three Unit: Bldg. 1B New Construction of  2-Story Single Family Res. [3bed 2.5bath] attached garage","4816 ABERDEEN DRIVE UNIT 1B",30.216646,-97.780235
"112","8108 BIRD SONG CIR","New construction of 2 story Duplex Condo each with 3 beds 2.5 baths and attached garage (8108 and 8110 Bird Song) - Unit A","8108 BIRD SONG CIR",30.189371,-97.80948
"113","9401 GLADSOME PATH","*Green Building* New 2-story 3 bedroom 2.5 bathroom single family residence with attached garage covered front porch and rear covered patio.","9401 GLADSOME PATH",30.291799,-97.547056
"114","2602 WOOLDRIDGE DR","ePlan: Residential Expedited Review - New Second Unit: Existing Single Family Res to Remain As Is. New construction of 2-story SF Res [1bed 1bath]","2602 WOOLDRIDGE DRIVE",30.294841,-97.75132
"115","11212 KOKO CAYUSE TRL","*PB* New construction of 2 Story SFR with attached garage and covered patio and porch 4/3","11212 KOKO CAYUSE TRAIL",30.331251,-97.569883
"116","1704 MIRIAM AVE UNIT 1B","Unit 1B: New construction three-unit use duplex residential: Unit 1B: 3 bedroom 3 bath.","1704 MIRIAM AVE UNIT 1B",30.279591,-97.711368
"117","2807 ROCK TERRACE DR","ePlan: Residential Expedited Review - New construction of a 2-Story Single Family Res. [4bed 4.5bath] with Attached Garage.","2807 ROCK TERRACE DRIVE",30.251569,-97.786588
"118","12020 SAGRADA ST","2527CL NEW 2 STORY 5 BEDROOM 3 1/2 BATH SINGLE FAMILY RESIDENTIAL HOME WITH ATTACHED GARAGE COVERED FRONT PORCH AND REAR PATIO","12020 SAGRADA STREET",30.13032,-97.806416
"119","7109 SWEET PEA DR","New 1-story single family residence 4 bed/2 bath with covered porch and patio","7109 SWEET PEA DRIVE",30.158165,-97.596122
"120","9712 OXBOW STRAP DR","NEW 1 STORY SINGLE-FAMILY RESIDENCE ATTACHED GARAGE COVERED PORCH AND PATIO 4/2.5","9712 OXBOW STRAP DRIVE",30.323549,-97.593544
"121","6700 GALINDO ST BLDG 2","Building 2 New 1 Story Single Family Home 1/1","6700 GALINDO STREET BLDG 2",30.228873,-97.696208
"122","1704 MIRIAM AVE BLDG 2","Bldg 2: New construction three-unit use single-family residential 2-story 3 bedroom 3 bath with attached 1-car carport covered front porch covered rear patio and 2nd story balcony.","1704 MIRIAM AVE BLDG 2",30.279591,-97.711368
"123","1704 MIRIAM AVE UNIT 1A","Unit 1A: New construction three-unit use duplex residential: Unit 1A: 2-story 3 bedroom 3 bath.","1704 MIRIAM AVE UNIT 1A",30.279591,-97.711368
"124","8737 BIRMINGHAM DR","new construction - new 19x14 single story closed structure that will be on pier and beam foundation. electric is needed for outlets and lights as well as a mini split system.","8737 BIRMINGHAM DRIVE",30.179155,-97.806245
"125","5019 WEST PARK DR","ePlan: Residential Expedited Review - New construction of a 1-Story Single Family Res. [1bed 1bath]","5019 WEST PARK DRIVE",30.329197,-97.752767
"126","8712 PERISTYLE DR","New Construction - Anderson 2A/L 2 Story single family residence with 4 bedrooms 4 1/2 baths attached 2 car garage and covered entry porch and patio","8712 PERISTYLE DRIVE",30.145437,-97.710046
"127","6405 MESA DR","New 2-story single family residence 5-bed/6.5 bath with attached garage covered patios uncovered deck and rooftop deck","6405 MESA DRIVE",30.351905,-97.771469
"128","11224 KOKO CAYUSE TRL","New construction of 2 story sfr with 4 beds 3.5 baths opt study covered patio upper patio and entry with 2 car garage

PUD","11224 KOKO CAYUSE TRAIL",30.331205,-97.569367
"129","13236 LOSGLAID DR","1548AR NEW 1 STORY 3 BEDROOM 2 BATH SINGLE FAMILY RESIDENTIAL HOME WITH ATTACHED GARAGE COVERED FRONT PORCH AND REAR PATIO","13236 LOSGLAID DRIVE",30.149897,-97.626164
"130","8905 TURACO TRL","New construction- SFR 4 bedroom 4.5 bath. Reference approved PUD 
C8J-2020-0148 1B. Note that ROW permits shall be obtained through Travis Co","8905 TURACO TRAIL",30.14161,-97.708624
"131","2616 SHERWOOD LN","New construction of 2 story single-family residence 1 car garage 3 bathroom 3 bedroom rear covered patio 2nd floor w/ gable/dormer roof.","2616 SHERWOOD LANE",30.234124,-97.752933
"132","1207 DWYCE DR","ePlan: Residential Expedited Review - New Construction of a 2-Story Single Family Res. [4bed 4bath] with attached garage","1207 DWYCE DRIVE",30.338694,-97.725153
"133","1206 MARSHALL LN","New 2-story single family residence 4 bed/4.5 bath with attached carport and covered patio","1206 MARSHALL LANE",30.280028,-97.757196
"134","2000 BREEZE HOLW BLDG 1","Bldg. 1 New two story residence w/ 4 bed 3.5 baths front porch and deck.","2000 BREEZE HOLW BLDG 1",30.23508,-97.736232
"135","12308 SAINT THOMAS DR","Congaree 340-T-R Is A new one-story single family residence with (3) bedrooms (2) bathrooms an attached two-car garage and a covered entry porch and patio.","12308 SAINT THOMAS DRIVE",30.180994,-97.620055
"136","9509 GOLDEN LION DR","New 2-story single family residence 4 bed/4.5 bath with attached garage covered porch and patio","9509 GOLDEN LION DRIVE",30.141327,-97.70758
"137","12401 SAINT THOMAS DR","Congaree 340-T-L Is a New one-story single-family residence with (3) bedrooms (2) bathrooms an attached two-car garage and a covered entry porch and patio.","12401 SAINT THOMAS DRIVE",30.180453,-97.619893
"138","2000 BREEZE HOLW BLDG 2","Bldg. 2 New 1 bed 1 bath SFR with loft above detached garage.","2000 BREEZE HOLW BLDG 2",30.23508,-97.736232
"139","13202 KEEFER DR","Dexter 3317 B Right New - 2 Story SFR CONDOMINUM w/ 3 bedrooms 2.5 bathrooms attached 2 car garage covered entry porch and patio FFE: 681.97 Site Plan: SP-2021-0328C Site Plan Exp.: 01/09/27 Max Bld height: 27-6 Actual Bld height: 27-6 required parking: 2.","13202 KEEFER DRIVE",30.115351,-97.815674
"140","4516 BRIDAL VEIL DR","Abilene S402 B Left New - 1 Story SFR w/ 3 bedrooms 2 bathrooms attached 2 car garage covered entry porch and patio required parking: 2.","4516 BRIDAL VEIL DRIVE",30.125483,-97.792464
"141","12405 SAINT THOMAS DR","Briscoe 820-Q-L Is a New one-story single-family residence with (3) bedrooms (2) bathrooms an attached two-car garage and a covered entry porch and patio.","12405 SAINT THOMAS DRIVE",30.180361,-97.619768
"142","12312 SAINT THOMAS DR","Reynolds 890-P-L Is a New two-story single-family residence with (5) bedrooms (3) bathrooms an attached two-car garage and a covered entry porch and patio.","12312 SAINT THOMAS DRIVE",30.180936,-97.619923
"143","4709 MENCHACA RD","New Construction 2 story single family residence. 2 bedroom 1 1/2 bath. No covered parking Outdoor covered patio.","4709 MENCHACA ROAD",30.2241,-97.791749
"144","9304 FURMAN DR","Boone S413 B Left New - 1 Story SFR w/ 4 bedrooms 2 bathrooms attached 2 car garage covered entry porch and patio required parking: 2.","9304 FURMAN DRIVE",30.143002,-97.73583
"145","9120 GOLDEN LION DR","New 1-story single family residence 4 bed/3.5 bath attached garage covered porch and covered patio green building","9120 GOLDEN LION DRIVE",30.14318,-97.710274
"146","12404 SAINT THOMAS DR","Hughes 841-O-R Is a New one-story single-family residence with (4) bedrooms (3) bathrooms an attached two-car garage and a covered entry porch and patio.","12404 SAINT THOMAS DRIVE",30.180726,-97.61948
"147","8901 PEAFOWL ST","*Green Building* New 2-story 4 bedroom 3 bathroom single family residence with attached garage covered front porch and rear covered patio.","8901 PEAFOWL STREET",30.143457,-97.711898
"148","8004 BIRD SONG CIR","New construction of 2 story Duplex Condo each with 3 beds 2.5 baths and attached garage (Unit A)","8004 BIRD SONG CIR",30.190377,-97.809156
"149","6312 MC MURTRY ST","*Smart Housing*Green Building* New construction single-family residential 1-story 4 bedroom 2 bath with attached 2-car garage covered front porch and covered rear patio.","6312 MC MURTRY STREET",30.142936,-97.753178
"150","8006 BIRD SONG CIR","New construction of 2 story Duplex Condo each with 3 beds 2.5 baths and attached garage (Unit B)","8006 BIRD SONG CIR",30.190367,-97.809268
"151","7202 EAGLE ROSE RD","New construction of single family dwelling with 3 bedrooms and 2 baths 2 car garage rear patio and front porch

PUD","7202 EAGLE ROSE ROAD",30.150758,-97.729489
"152","107 E 47TH ST","New 2-story 3 bedroom 4 bathroom single family residence with attached carport covered front porch and rear screened patio.","107 EAST 47TH STREET",30.311103,-97.726123
"153","4610 AVENUE F","New 2-story 3 bedroom 2.5 bathroom single family residence with covered porch and screened patio.","4610 AVENUE F",30.310987,-97.725854
"154","5001 PECAN SPRINGS RD BLDG 36","SP Condo: New 3 story SFR with 2 car garage 3 bedrooms 2.5 baths","5001 PECAN SPRINGS ROAD BLDG 36",30.294255,-97.681378
"155","13301 KINCANE DR","2458BL NEW 2 STORY 4 BEDROOM 3 1/2 BATH SINGLE FAMILY RESIDENTIAL HOME WITH ATTACHED GARAGE COVERED FRONT PORCH AND REAR PATIO","13301 KINCANE DRIVE",30.14942,-97.627779
"156","937 E 53RD ST","BLDG 3: 3 stroy SFR with 4 bedrooms 3 bath covered patio an attached carport.","937 EAST 53RD STREET",30.312996,-97.710796
"157","12924 STAYWELL WAY","2897BR NEW 2 STORY 4 BEDROOM 2 1/2 BATH SINGLE FAMILY RESIDENTIAL HOME WITH ATTACHED GARAGE COVERED FRONT PORCH AND REAR PATIO","12924 STAYWELL WAY",30.152607,-97.629741
"158","937 E 53RD ST","BLDG 2: 3 stroy SFR with 4 bedrooms 3 bath covered patio an attached carport.","937 EAST 53RD STREET",30.312996,-97.710796
"159","8116 BIRD SONG CIR","New two-story SFR w/ 4bedrooms 3.5 bathrooms covered porch at front at rear and attached 2 car garage.","8116 BIRD SONG CIR",30.189341,-97.809146
"160","9701 MURMURING CREEK DR BLDG 2","New 1-story 2 bedroom 1 bathroom dwelling unit.","9701 MURMURING CREEK DRIVE BLDG 2",30.248955,-97.913522
"161","5223 RAGWEED DR","Coolidge 1027-V-R New 2-Story Single Family Residence with (4) bedrooms (3) bathrooms Attached Garage Covered Patio & Porch Cafe & Loft","5223 RAGWEED DRIVE",30.36538,-97.623544
"162","2608 BARTON HILLS DR BLDG 2","New construction two-unit use single-family residential 1-story 2 bedroom 1 bath with covered patio.","2608 BARTON HILLS DRIVE BLDG 2",30.25314,-97.793562
"163","2012 GOODRICH AVE BLDG 1","ePlan: Residential Expedited Review - New TWO UNIT RES. 
Bldg 1 New construction of a 2-Story Single Family Res. [4bed 4.5bath]","2012 GOODRICH AVE BLDG 1",30.250779,-97.772278
"164","2012 GOODRICH AVE BLDG 2","ePlan: Residential Expedited Review - New TWO UNIT RES. 
Bldg 2 New construction of a 2-Story SF Res [4bed 4.5bath] with attached Garage","2012 GOODRICH AVE BLDG 2",30.250779,-97.772278
"165","8102 BIRD SONG CIR","New construction of 2 story Duplex Condo each with 3 beds 2.5 baths and attached garage (8100 and 8102 bird song) - Unit B","8102 BIRD SONG CIR",30.189641,-97.809723
"166","8100 BIRD SONG CIR","New construction of 2 story Duplex Condo each with 3 beds 2.5 baths and attached garage (8100 and 8102 bird song) - Unit A","8100 BIRD SONG CIR",30.189663,-97.809643
"167","6400 LAUTNER LN","New construction of 2 story sfr condo with 3 beds 2.5 baths and attached 2 car garage

PUD","6400 LAUTNER LANE",30.148457,-97.753646
"168","605 E 55TH ST BLDG 2","*Type 2 RESIDENTIAL AFFORDABLE HOUSING DEVELOPMENT BONUS PROGRAM* 
ePlan: Residential Expedited Review - New construction of a 2-Story Single Family Res. [2bed 1.5bath]. Bldg 2","605 EAST 55TH STREET BLDG 2",30.317744,-97.715812
"169","5001 PECAN SPRINGS RD BLDG 8","SP Condo: New 3 story single family residence with 3 bedrooms 3.5 baths covered patio and 2 car garage","5001 PECAN SPRINGS ROAD BLDG 8",30.294255,-97.681378
"170","14717 INCH WORM RD","New 1-story single family residence 4 bedroom 2 bath 2 car garage covered patio and porch","14717 INCH WORM ROAD",30.160328,-97.597095
"171","605 E 55TH ST BLDG 3","*Type 2 RESIDENTIAL AFFORDABLE HOUSING DEVELOPMENT BONUS PROGRAM* 
ePlan: Residential Expedited Review - New construction of a 2-Story Single Family Res. [2bed 1.5bath]. Bldg 3","605 EAST 55TH STREET BLDG 3",30.317744,-97.715812
"172","4203 PRICKLY PEAR DR","ePlan: Residential Expedited Review - New Construction of a 2-Story Single Family Res. [4bed 3.5bath] with attached garage","4203 PRICKLY PEAR DRIVE",30.362463,-97.768023
"173","605 E 55TH ST BLDG 1","*Type 2 RESIDENTIAL AFFORDABLE HOUSING DEVELOPMENT BONUS PROGRAM* 
ePlan: Residential Expedited Review - New construction of a 2-Story Single Family Res. [2bed 1.5bath]. Bldg 1","605 EAST 55TH STREET BLDG 1",30.317744,-97.715812
"174","8617 DONGAN DR","New two-story SFR (3 br/2ba) with attached garage covered patio and covered porch  New second floor dwelling-unit  garage apartment.  1 bathroom. *PRODUCTION BUILDER- GREEN BUILDING*","8617 DONGAN DRIVE",30.139647,-97.714279
"175","9305 DINGO DR","New construction single-family residential 2-story 5 bedroom 4.5 bath with attached 3-car garage covered front porch and covered rear patio.","9305 DINGO DRIVE",30.140672,-97.710044
"176","14909 LEMON ICE TRL","NEW 2 STORY SINGLE-FAMILY RESIDENCE ATTACHED GARAGE COVERED PORCH AND PATIO","14909 LEMON ICE TRAIL",30.158411,-97.595445
"177","5714 FORKS RD","*SMART Housing* *Green Building* New 2-story 2 bedroom 2.5 bathroom single family condo residence with attached garage covered front porch and rear covered patio.","5714 FORKS ROAD",30.148545,-97.752805
"178","9505 BUCKSTITCH SADDLE DR","New two-story SFR (4br/3ba) with attached garage covered patio and covered porch *PRODUCTION BUILDER- GREEN BUILDING*","9505 BUCKSTITCH SADDLE DRIVE",30.32547,-97.592255
"179","8023 BIRD SONG CIR","SP Condo: New construction of a 2-story single family dwelling in a condo regime. 3 bedroom 2.5 bath with attached garage","8023 BIRD SONG CIR",30.189705,-97.809345
"180","6312 ROTUNDA VW","New construction of 2 story SFR with 3 beds 2.5 baths 2 car garage alley access

PUD","6312 ROTUNDA VW",30.14388,-97.75329
"181","1013 BRICKELL LOOP","New construction of SFR Condo with 3 beds 2.5 baths and attached 2 car garage

PUD","1013 BRICKELL LOOP",30.149763,-97.704946
"182","3105 NORTHEAST DR","ePlan: Residential Expedited Review - New THREE UNIT RES.
Bldg 1: New construction of a 2-Story Single Family Res. [4bed 3bath] with Attached Garage. 3105 Northeast Dr.","3105 NORTHEAST DRIVE",30.310113,-97.673295
"183","6403 ARNOLD DR","ePlan: Residential Expedited Review - New THREE UNIT RES.
Bldg 3: New construction of a 2-Story Single Family Res. [4bed 3bath] with Attached Garage. 6403 Arnold Dr.","6403 ARNOLD DRIVE",30.310224,-97.673521
"184","6401 ARNOLD DR","ePlan: Residential Expedited Review - New THREE UNIT RES.
Bldg 2: New construction of a 2-Story Single Family Res. [4bed 3bath] with Attached Garage. 6401 Arnold Dr.","6401 ARNOLD DRIVE",30.310036,-97.673577
"185","17110 RADIANT DR","New construction of 1 story SFR 4 beds 2 baths

PUD","17110 RADIANT DRIVE",30.287208,-97.552217
"186","7604 MULLEN DR","ePlan: Residential Expedited Review - New construction of a 1-Story Single Family Res. [5bed 4bath] with Attached Garage.","7604 MULLEN DRIVE",30.350488,-97.728396
"187","902 W JOHANNA ST BLDG 1","Building 1 Home: New construction of two-unit residential homes.","902 WEST JOHANNA STREET BLDG 1",30.247219,-97.761463
"188","11209 GOLDEN CLOUD BND","New two-story SFR *PRODUCTION BUILDER- GREEN BUILDING*","11209 GOLDEN CLOUD BND",30.329855,-97.570691
"189","17244 RADIANT DR","*SMART Housing* *Green Building* New 1-story 4 bedroom 2 bathroom single family residence with covered front porch and rear covered patio.","17244 RADIANT DRIVE",30.286151,-97.549439
"190","13316 KINCANE DR","1360BR NEW 1 STORY 3 BEDROOM 2 BATH SINGLE FAMILY RESIDENTIAL HOME WITH ATTACHED GARAGE COVERED FRONT PORCH AND REAR PATIO","13316 KINCANE DRIVE",30.149476,-97.627197
"191","14900 FROG POND CV","New construction of 1 story sfr attached garage covered porch and patio

PUD","14900 FROG POND CV",30.156741,-97.594956
"192","4708 GONZALES ST--BLDG 2","ePlan: Residential Expedited Review - New Two Units: Bldg 2 New Construction of 2-Story Single Family Res.[3bed 2.5bath] with attached carport","4708 GONZALES STREET BLDG 2",30.256406,-97.699212
"193","14709 INCH WORM RD","New two-story single family residence with covered patio porch two-car garage.","14709 INCH WORM ROAD",30.160101,-97.597456
"194","3525 STONERIDGE RD","ePlan: Residential Expedited Review - TWO Unit - Unit 2 (3525 Stoneridge Dr) New construction of a 1-Story Single Family Res. [1bed 2bath] with outdoor kitchen","3525 STONERIDGE ROAD",30.264359,-97.812391
"195","2500 SPRING CREEK DR","ePlan: Residential Expedited Review - New construction of a 2-Story Single Family Res. [5bed 5bath] with Attached Garage.","2500 SPRING CREEK DRIVE",30.260207,-97.776454
"196","14912 FROG POND CV","New 1 story single family residence with covered porch and patio 4 bedroom 2 bathroom.","14912 FROG POND CV",30.156644,-97.594464
"197","9404 LILT DR BLDG 1","New 1-story single family residence 4 bed/2 bath with covered porch and patio Smart Housing Green building","9404 LILT DRIVE BLDG 1",30.285738,-97.549608
"198","14908 FROG POND CV","PB- New Construction of 1 story single family residence 4 bedrooms 2 baths  2- car garage covered porch covered patio.","14908 FROG POND CV",30.156651,-97.594629
"199","8009 ERMIS FARM RD","New construction of a 2-story single family dwelling in a condo regime. 3 bedroom 2.5 bath with attached garage","8009 ERMIS FARM ROAD",30.189971,-97.808636
"200","9404 GAMBOL DR","New construction single-family residential 1-story 4 bedroom 2 bath with covered front porch covered rear patio and covered exterior storage.","9404 GAMBOL DRIVE",30.287141,-97.553045
"201","14904 FROG POND CV","- PUD 15 front setback  5 rear setback 5 side setback max impervious coverage is 60% max building coverage is 55% small-lot single family.
PUD","14904 FROG POND CV",30.156712,-97.594787
"202","9404 LILT DR BLDG 7","*SMART Housing* *Green Building* New 1-story 4 bedroom 2 bathroom single family residence with covered front porch and rear covered patio.","9404 LILT DRIVE BLDG 7",30.285738,-97.549608
"203","902 W JOHANNA ST BLDG 2","Building 2 2 Story SFR rear of main house with alley access - ADU / Garage","902 WEST JOHANNA STREET BLDG 2",30.247219,-97.761463
"204","4708 GONZALES ST--BLDG 1","ePlan: Residential Expedited Review - New Two Units: Bldg1 New Construction of 3-Story Single Family Res. [4bed 3.5bath] with attached carport","4708 GONZALES STREET BLDG 1",30.256406,-97.699212
"205","7004 FROG POND BND","NEW 1 STORY SINGLE-FAMILY RESIDENCE ATTACHED GARAGE COVERED PORCH AND PATIO","7004 FROG POND BND",30.157432,-97.595019
"206","14713 INCH WORM RD","New 1-story single family residence covered porch and patio 2-car garage.","14713 INCH WORM ROAD",30.160105,-97.597283
"207","5001 PECAN SPRINGS RD","New 3 story single family residence with 2 car garage","5001 PECAN SPRINGS ROAD",30.294255,-97.681378
"208","17220 RADIANT DR","New construction of 1 story SFR 4 beds 2 baths

PUD","17220 RADIANT DRIVE",30.2863,-97.55021
"209","1911 PASADENA DR","ePlan: Residential Expedited Review - New Construction of 2-Story Single Family Res [5bed 4.5bath] with Habitable Attic  and attached garage","1911 PASADENA DRIVE",30.347706,-97.730916
"210","1174 OAK GROVE AVE--BLDG 2","ePlan: Residential Expedited Review - New construction of a 3-Story Single Family Res. [3bed 3.5bath]. Bldg 2","1174 OAK GROVE AVE BLDG 2",30.274362,-97.702927
"211","11225 ZIP COCHISE WAY","PB- New construction 4 bed 2.5 bath

PUD","11225 ZIP COCHISE WAY",30.328759,-97.570926
"212","1174 OAK GROVE AVE--BLDG 1","ePlan: Residential Expedited Review - New construction of a 3-Story Single Family Res. [3bed 2.5bath] with Attached Carport. Bldg 1","1174 OAK GROVE AVE BLDG 1",30.274362,-97.702927
"213","9117 CALVERT WAY","*Green Building* New 2-story 5 bedroom 4.5 bathroom single family residence with attached garage covered front porch and rear covered patio.","9117 CALVERT WAY",30.142038,-97.710884
"214","1174 OAK GROVE AVE--BLDG 3","ePlan: Residential Expedited Review - New construction of a 3-Story Single Family Res. [3bed 2.5bath] with Attached Carport. Bldg 3","1174 OAK GROVE AVE BLDG 3",30.274362,-97.702927
"215","12183 WINDY RIDGE RD","New 2-story single family residence 4 bed/3.5 bath attached garage covered patio and porch water service by well and septic for WW.","12183 WINDY RIDGE ROAD",30.452804,-97.834028
"216","8013 ERMIS FARM RD","PB Condo: New construction of a 2-story single family dwelling in a condo regime. 3 bedrooms 2.5 bath with attached garage","8013 ERMIS FARM ROAD",30.189773,-97.808688
"217","8014 ERMIS FARM RD","New construction of 2 story SFR condo - 3 beds 2.5 baths attached garage covered patio","8014 ERMIS FARM ROAD",30.189641,-97.808987
"218","8705 SILVERHILL LN","ePlan: Residential Expedited Review - New Construction of 2-Story SF Res [5bed 4bath] with attached garage","8705 SILVERHILL LANE",30.380646,-97.74841
"219","6315 LAUTNER LN","New construction of 2 story sfr condo with 3 beds 2.5 baths and attached 2 car garage

PUD","6315 LAUTNER LANE",30.148117,-97.753791
"220","7606 STONEYWOOD DR","New 2 story SFR 6 bedrooms 5.5 bathrooms with attached garage","7606 STONEYWOOD DRIVE",30.365486,-97.759655
"221","8202 ELIJAH CRAIG WAY","*Green Building* New 2-story 4 bedroom 3.5 bathroom single family residence with attached garage covered front porch and rear covered patio.","8202 ELIJAH CRAIG WAY",30.152767,-97.730231
"222","11225 KOKO CAYUSE TRL","PB: New construction of 2 story SFR with attached garage and covered porch and patio 4/3","11225 KOKO CAYUSE TRAIL",30.330785,-97.569269
"223","7205 EAGLE ROSE RD","New 1-story single family residence 3 bedrooms/2 bathrooms attached garage covered porch and patio

PUD","7205 EAGLE ROSE ROAD",30.150304,-97.729594
"224","8015 ERMIS FARM RD","New construction of a 2-story single family dwelling in a condo regime. 3 bedroom 2.5 bath with attached garage","8015 ERMIS FARM ROAD",30.189679,-97.808725
"225","8626 CHALGRIN PL","*Green Building* New 1-story 3 bedroom 2 bathroom single family residence with attached garage covered front porch and side covered patio.","8626 CHALGRIN PLACE",30.139275,-97.713535
"226","7245 DUNAWAY PASS","1780CR NEW 2 STORY 3 BEDROOM 2 1/2 BATH SINGLE FAMILY RESIDENTIAL HOME WITH ATTACHED GARAGE COVERED FRONT PORCH","7245 DUNAWAY PASS",30.149069,-97.626255
"227","9505 GOLDEN LION DR","New construction of sfr 4 beds 3 baths with attached garage and covered porch and patio 

PUD","9505 GOLDEN LION DRIVE",30.14139,-97.707702
"228","12912 STAYWELL WAY","2070CL NEW 2 STORY 3 BEDOOM 2 1/2 BATH SINGLE FAMILY RESIDENTIAL HOME WITH ATTACHED GARAGE COVERED FRONT PORCH AND REAR PATIO","12912 STAYWELL WAY",30.15297,-97.630021
"229","9501 BUCKSTITCH SADDLE DR","New single-story SFR (4br/2ba) with attached garage covered patio and covered porch
EV charger is not optional.  It is required per IECC 2024.","9501 BUCKSTITCH SADDLE DRIVE",30.325559,-97.59241
"230","9004 BINNEWATER WAY","New 2-story single family residence 5 bed/5.5 bath attached garage covered porch and patio green building","9004 BINNEWATER WAY",30.142551,-97.712078
"231","1012 VARGAS RD","2-Unit use: New single-family residential 1-story manufactured home 3 bedroom 2 bath.","1012 VARGAS ROAD",30.231832,-97.695641
"232","9425 BUCKSTITCH SADDLE DR","New single-story SFR (4br/3ba) with attached garage covered patio and covered porch *PRODUCTION BUILDER- GREEN BUILDING*","9425 BUCKSTITCH SADDLE DRIVE",30.325685,-97.592498
"233","8000 BIRD SONG CIR","*PRODUCTION BUILDER- CONDO* - New construction of a 2-story single family dwelling in a condo regime. Duplex 3 bedroom 2.5 bath with attached garage (Unit A)","8000 BIRD SONG CIR",30.190507,-97.809103
"234","8019 ERMIS FARM RD","New 2-story single family dwelling condo 4 Bed/3.5 bath with attached garage and covered patio","8019 ERMIS FARM ROAD",30.189468,-97.808795
"235","13224 KINCANE DR","New 1-story 3 bedroom 2 bathroom single family residence with attached garage covered front porch and rear covered patio.","13224 KINCANE DRIVE",30.149821,-97.628088
"236","8026 BIRD SONG CIR","New construction of 2 story Duplex Condo each with 3 beds 2.5 baths and attached garage (8024 and 8026 bird song) - Unit B","8026 BIRD SONG CIR",30.189763,-97.809665
"237","8617 PEAFOWL ST","*Green Building* New 2-story 5 bedroom 4 bathroom single family residence with attached garage covered front porch and rear covered patio.","8617 PEAFOWL STREET",30.14608,-97.710076
"238","8002 BIRD SONG CIR","*PRODUCTION BUILDER- CONDO* - New construction of a 2-story single family dwelling in a condo regime. Duplex 3 bedroom 2.5 bath with attached garage (Unit B)","8002 BIRD SONG CIR",30.190492,-97.809214
"239","9116 CALVERT WAY","New construction single-family residential 2-story 5 bedroom 4.5 bath with attached 3-car garage covered front porch and covered rear patio.","9116 CALVERT WAY",30.142471,-97.710681
"240","5504 WOODVIEW AVE","ePlan: Residential Expedited Review - New construction of a 2-Story Single Family Res. [6bed 4.5bath] with Attached Garage.","5504 WOODVIEW AVE",30.330636,-97.744585
"241","8024 BIRD SONG CIR","New construction of 2 story Duplex Condo each with 3 beds 2.5 baths and attached garage (8024 and 8026 bird song) - Unit A","8024 BIRD SONG CIR",30.189787,-97.809561
"242","1504 SYLVAN GLADE UNIT B","ePlan: Residential Expedited Review - New construction of a 2-Story Duplex [4bed 3bath]. Unit B","1504 SYLVAN GLADE UNIT B",30.224207,-97.785246
"243","1504 SYLVAN GLADE UNIT A","ePlan: Residential Expedited Review - New construction of a 2-Story Duplex [4bed 3bath] with attached Carport. Unit A","1504 SYLVAN GLADE UNIT A",30.224207,-97.785246
"244","1812 MARGARET ST UNIT A","ePlan: Residential Expedited Review - New construction of a 2-Story Duplex [4bed 4bath]. Unit A","1812 MARGARET STREET UNIT A",30.257898,-97.768426
"245","13208 KEEFER DR","Randall 3314 C Right New - 2 Story SFR CONDOMINUM w/ 3 bedrooms 2.5 bathrooms attached 2 car garage covered entry porch and patio FFE: 681.34 Site Plan: SP-2021-0328C Site Plan Exp.: 01/09/27 Max Bld height: 30-9 Actual Bld height: 30-9 required parking: 2.","13208 KEEFER DRIVE",30.114887,-97.815671
"246","6107 CADDIE ST","New 1-story 3 bedroom 2.5 bathroom single family residence with covered porches.","6107 CADDIE STREET",30.228132,-97.70428
"247","13206 KEEFER DR","Galloway 3312 A Right New - 1 Story SFR CONDOMINUM w/ 3 bedrooms 2 bathrooms attached 2 car garage covered entry porch and patio FFE: 681.62 Site Plan: SP-2021-0328C Site Plan Exp.: 01/09/27 Max Bld height: 21-10 Actual Bld height: 21-10 required parking: 2.","13206 KEEFER DRIVE",30.115007,-97.815668
"248","1902 EVA ST BLDG 2","New 2-story 1 bedroom 1 bathroom dwelling unit with attached garage covered porch and covered 2nd floor balcony.","1902 EVA STREET BLDG 2",30.245302,-97.752818
"249","10111 DOBBIN DR","ePlan: Residential Expedited Review - New construction of a 2-Story Single Family Res. [4bed 3.5bath] with Attached Garage.","10111 DOBBIN DRIVE",30.180234,-97.849427
"250","1812 MARGARET ST UNIT B","ePlan: Residential Expedited Review - New construction of a 2-Story Duplex [1bed 1bath] over Attached Garage. Unit B","1812 MARGARET STREET UNIT B",30.257898,-97.768426
"251","9505 WIGGY WAY","New construction single-family residential 2-story 4 bedroom 4.5 bath with attached 3-car garage covered front porch and covered patio.","9505 WIGGY WAY",30.140691,-97.70811
"252","11404 CRAZY ALICE RUN","*Green Building* New 2-story 4 bedroom 3.5 bathroom single family residence with attached garage covered front porch and rear covered patio.","11404 CRAZY ALICE RUN",30.329752,-97.572546
"253","8101 ERMIS FARM RD","New construction of a 2-story single family dwelling in a condo regime. 3 BEDROOM 2.5 BATHROOM ATTACHED 2 CAR GARAGE","8101 ERMIS FARM ROAD",30.189352,-97.808815
"254","2806 S 4TH ST","ePlan: Residential Expedited Review - New construction of a 2-Story Single Family Res. [5bed 4.5bath] with Habitable Attic Attached Garage/Carport","2806 SOUTH 4TH STREET",30.238022,-97.766385
"255","13201 KEEFER DR","Bradford 3315 C Right New - 2 Story SFR CONDOMINUM w/ 3 bedrooms 2.5 bathrooms attached 2 car garage covered entry porch and patio FFE: 681.66 Site Plan: SP-2021-0328C Site Plan Exp.: 01/09/27 Max Bld height: 26-9 Actual Bld height: 26-9 required parking: 2.","13201 KEEFER DRIVE",30.11524,-97.81517
"256","802 BOLEY DR","Estonian 3316 C Right New - 2 Story SFR CONDOMINUM w/ 4 bedrooms 3 bathrooms attached 2 car garage covered entry porch and patio FFE: 687.01 Site Plan: SP-2021-0328C Site Plan Exp.: 01/09/27 Max Bld height: 26-11 Actual Bld height: 26-11","802 BOLEY DRIVE",30.115503,-97.813638
"257","5708 FORKS RD","New construction of 2 story sfr condo with 3 beds 2.5 baths and attached 2 car garage

PUD","5708 FORKS ROAD",30.148725,-97.752979
"258","804 BOLEY DR","Brahman 3318 A Right New - 2 Story SFR CONDOMINUM w/ 4 bedrooms 2.5 bathrooms attached 2 car garage covered entry porch and patio FFE: 687.60 Site Plan: SP-2021-0328C Site Plan Exp.: 01/09/27 Max Bld height: 28-10 Actual Bld height: 28-10 required parking: 2.","804 BOLEY DRIVE",30.115624,-97.8135
"259","700 BOLEY DR","Brahman 3318 B Right New - 2 Story SFR CONDOMINUM w/ 4 bedrooms 2.5 bathrooms attached 2 car garage covered entry porch and patio FFE: 682.10 Site Plan: SP-2021-0328C Site Plan Exp.: 01/09/27 Max Bld height: 30-6 Actual Bld height: 30-6 required parking: 2.","700 BOLEY DRIVE",30.115568,-97.815521
"260","908 REDD ST","ePlan: Residential Expedited Review - New Construction of a 2-Story Single Family Res [4bed 5bath] with Attached Garage.
*Repair curb and gutter with new drive permit","908 REDD STREET",30.221833,-97.778292
"261","6310 ROTUNDA VW","New two story w/ covered porch 4 bed 3 bath single family home","6310 ROTUNDA VW",30.143988,-97.753338
"262","6403 LAUTNER LN","New construction of 2 story SFR Condo with 3 beds 2.5 baths and attached 2 car garage

PUD","6403 LAUTNER LANE",30.14813,-97.753518
"263","12420 SAINT THOMAS DR","Hughes 841-O-R Is a New one-story single family residence with (4) bedrooms (3) bathrooms an attached two-car garage and a covered entry porch and patio.","12420 SAINT THOMAS DRIVE",30.180479,-97.619
"264","12421 SAINT THOMAS DR","Callahan 830-P-L Is a New one-story single family residence with (4) bedrooms (2) bathrooms an attached two-car garage and a covered entry porch and patio.","12421 SAINT THOMAS DRIVE",30.180122,-97.619235
"265","6401 LAUTNER LN","New 2.5-story single family residence with 4 bedrooms 3.5 bathrooms and an attached 2-car garage","6401 LAUTNER LANE",30.148127,-97.753612
"266","6402 LAUTNER LN","New construction of SFR Condo with 3 beds 2.5 baths and attached 2 car garage

PUD","6402 LAUTNER LANE",30.148463,-97.753551
"267","4816 BRIDWELL LN","New construction of 2 story SFR","4816 BRIDWELL LANE",30.352543,-97.635813
"268","4808 BRIDWELL LN","New construction of 2 story SFR","4808 BRIDWELL LANE",30.352616,-97.636119
"269","8215 ELIJAH CRAIG WAY","New construction of single family dwelling with 4 bedrooms and 3.5 baths 2 car garage rear patio and front porch

PUD","8215 ELIJAH CRAIG WAY",30.151945,-97.730093
"270","8106 BIRD SONG CIR","New construction of 2 story Duplex Condo each with 3 beds 2.5 baths and attached garage (8104 and 8106 Bird Song) - Unit B","8106 BIRD SONG CIR",30.189394,-97.809583
"271","4812 BRIDWELL LN","New single family residence with 4 bedrooms 3 bathrooms and attached garage and covered patio","4812 BRIDWELL LANE",30.352574,-97.635966
"272","8619 DONGAN DR","New two-story SFR (5br/4ba) with attached garage covered patio and covered porch *PRODUCTION BUILDER- GREEN BUILDING*","8619 DONGAN DRIVE",30.139787,-97.714604
"273","8104 BIRD SONG CIR","New construction of 2 story Duplex Condo each with 3 beds 2.5 baths and attached garage (8104 and 8106 Bird Song) - Unit A","8104 BIRD SONG CIR",30.18946,-97.809636
"274","10905 TALLSALT DR","New construction of 2-story single family residence with rear patio two car garage  5 bedroom 3 bathroom.","10905 TALLSALT DRIVE",30.35024,-97.627239
"275","11305 ZIP COCHISE WAY","New 2 story single family residence 4 bed 2.5 bath covered porch 8 patio 2-car garage","11305 ZIP COCHISE WAY",30.328851,-97.570658
"276","7303 STITZEL WELLER DR","New 2-story single family residence 3 bed/2.5 bath attached garage covered porch and patio green building","7303 STITZEL WELLER DRIVE",30.148108,-97.726382
"277","9605 GLADSOME PATH","New SFR w/ 4 bedrooms 3 bathrooms and attached garage","9605 GLADSOME PATH",30.293494,-97.545963
"278","11000 TALLSALT DR","New construction single-family residential 1-story 4 bedroom 2 bath with attached 2-car garage covered front porch and covered rear patio.","11000 TALLSALT DRIVE",30.351392,-97.628012
"279","10302 EPSILON WAY","New SFR Condo with 5 or 6 beds option 5.5 baths covered patio covered porch and covered front deck with 3 car attached tandem garage","10302 EPSILON WAY",30.384953,-97.843765
"280","12416 SAINT THOMAS DR","Winedale 880-P-R Is a New two-story family residence with (5) bedrooms (3) bathroom an attached two-car garage and a covered entry porch and patio.","12416 SAINT THOMAS DRIVE",30.180552,-97.619137
"281","12424 SAINT THOMAS DR","Congaree 340-T-L Is a New one-story single family residence with (3) bedrooms (2) bathrooms an attached two-car garage and a covered entry porch and patio.","12424 SAINT THOMAS DRIVE",30.180424,-97.618882
"282","308 KEMP ST","New 2-story single family residence 2 bed/2.5 bath with attached garage covered porch covered patio and covered balcony Cottage lot","308 KEMP STREET",30.242228,-97.694215
"283","8600 AMBERGILL CT","PB: New construction of 1 story SFR with attached 3 car garage covered porch and patio 4/3","8600 AMBERGILL CT",30.145302,-97.707124
"284","3500 TAYLORS DR","New 2-story 5 bedroom 5.5 bathroom single family residence with attached garage covered front porch and rear covered patio.","3500 TAYLORS DRIVE",30.308779,-97.771277
"285","11301 ZIP COCHISE WAY","New Construction- 2 story 4 bed 3.5 bath covered porch and patio attached two-car garage.

PUD","11301 ZIP COCHISE WAY",30.328781,-97.570804
"286","12412 SAINT THOMAS DR","Callahan 830-O-R Is a New one-story single family residence with (4) bedrooms (2) bathrooms an attached two-car garage and a covered entry porch and patio.","12412 SAINT THOMAS DRIVE",30.180591,-97.619243
"287","12110 SAGRADA ST","2527AR NEW 4 BEDROOM 2 1/2 BATH SINGLE FAMILY RESIDENTIAL HOME WITH ATTACHED GARAGE COVERED FRONT PORCH AND REAR PATIO","12110 SAGRADA STREET",30.129338,-97.807108
"288","8609 DONGAN DR","*Green Building* New 1-story 3 bedroom 2.5 bathroom single family residence with attached garage covered front porch and rear covered patio.","8609 DONGAN DRIVE",30.13995,-97.714076
"289","8213 ELIJAH CRAIG WAY","New construction of a 2 story single family dwelling with 4 bedrooms and 3.5 baths 2 car garage rear patio and front porch

PUD","8213 ELIJAH CRAIG WAY",30.152036,-97.730023
"290","8116 PEERLESS PASS","New construction of single family dwelling with 5 bedrooms and 4 baths 2 car garage rear patio and front porch

PUD","8116 PEERLESS PASS",30.153385,-97.730913
"291","7424 PULLMAN CV","Freestone S353 B Right New - 1 Story SFR w/ 4 bedrooms 2 bathrooms attached 2 car garage covered entry porch and patio required parking: 2.","7424 PULLMAN CV",30.144645,-97.732127
"292","7420 PULLMAN CV","Eastland S352 C Left New - 1 Story SFR w/ 4 bedrooms 2 bathrooms attached 2 car garage covered entry porch and patio required parking: 2.","7420 PULLMAN CV",30.14469,-97.732241
"293","9320 FURMAN DR","Moscoso S423 B Left New - 1 Story SFR w/ 3 bedrooms 2 bathrooms attached 2 car garage covered entry porch and patio required parking: 2.","9320 FURMAN DRIVE",30.142529,-97.736115
"294","11216 ZIP COCHISE WAY","New construction single-family residential 2-story 4 bedroom 3.5 bath with attached 3-car garage covered front porch and covered rear patio.","11216 ZIP COCHISE WAY",30.329235,-97.571252
"295","12604 SAINT THOMAS DR","Hughes 841-M-L Is a New one-story single family residence with (4) bedrooms (3) bathrooms an attached two-car garage and a covered entry porch & patio.","12604 SAINT THOMAS DRIVE",30.179827,-97.617683
"296","12600 SAINT THOMAS DR","Winedale 880-M-L Is a New two-story single family residence with (5) bedrooms (3) bathrooms an attached two-car garage and a covered entry porch and patio.","12600 SAINT THOMAS DRIVE",30.17988,-97.617827
"297","12520 SAINT THOMAS DR","Hughes 841-N-R Is a New one-story single family residence with (4) bedrooms (3) bathrooms an attached two-car garage and a covered entry porch and patio.","12520 SAINT THOMAS DRIVE",30.179959,-97.617934
"298","2206 WHITE HORSE TRL","ePlan: Residential Expedited Review - New construction of a 2 story single family residence with third floor habitable attic 6 bedroom 4.5 bathroom covered porch & uncovered deck.","2206 WHITE HORSE TRAIL",30.339005,-97.741047
"299","8203 PEERLESS PASS","New construction of single-family dwelling with 4 bedrooms and 3 baths 2 car garage rear patio and front porch","8203 PEERLESS PASS",30.153,-97.730567
"300","8020 BIRD SONG CIR","8022 New construction of 2 story Duplex Condo each with 3 beds 2.5 baths and attached garage (8020 and 8022 bird song)","8020 BIRD SONG CIR",30.189902,-97.809482
"301","5712 SAM HOUSTON CIR","ePlan: Residential Expedited Review - New construction of a 2-Story Single Family Res. [3bed 2.5bath] with Attached Garage.","5712 SAM HOUSTON CIR",30.353459,-97.789299
"302","8022 BIRD SONG CIR","8022 New construction of 2 story Duplex Condo each with 3 beds 2.5 baths and attached garage (8020 and 8022 bird song)","8022 BIRD SONG CIR",30.189896,-97.809604
"303","5221 RAGWEED DR","Monroe 2191-LS201-L New 2-Story Single Family Residence with (4) bedrooms (3) bathrooms Attached Garage Covered Patio & Porch Cafe & Loft","5221 RAGWEED DRIVE",30.365484,-97.623601
"304","8809 BREEZE HILL DR","New SFR 2- Story 4 bedroom 3 bath with attached 2-car garage covered front porch and covered rear patio

PUD","8809 BREEZE HILL DRIVE",30.145146,-97.713477
"305","5224 RAGWEED DR","Monroe 2191-LS203-L New 2-Story Single Family Residence with (4) bedrooms (3) bathrooms Attached Garage Covered Patio & Porch Cafe & Loft","5224 RAGWEED DRIVE",30.365518,-97.622986
"306","9612 GOLDEN LION DR","New two-story SFR (4br/3.5ba) with attached garage porch and covered patio *PRODUCTION BUILDER- GREEN BUILDING*","9612 GOLDEN LION DRIVE",30.141073,-97.706139
"307","10929 TALLSALT DR","New construction of SFR","10929 TALLSALT DRIVE",30.350871,-97.627471
"308","7105 HUDKINS WAY","1548CR NEW1 STORY 3 BEDROOM 2 BATH SINGLE FAMILY RESIDENTIAL HOME WITH ATTACHED GARAGE COVERED FRONT PORCH AND REAR PATIO","7105 HUDKINS WAY",30.149981,-97.624041
"309","13241 LOSGLAID DR","2458BR NEW 4 BEDROOM 3 1/2 BATH SINGLE FAMILY RESIDENTIAL HOME WITH ATTACHED GARAGE COVERED FRONT PORCH AND REAR PATIO","13241 LOSGLAID DRIVE",30.149613,-97.626233
"310","8203 ELIJAH CRAIG WAY","New 2-story single family residence 3 bed/2.5 bath attached garage with covered rear patio and covered porch Green Building","8203 ELIJAH CRAIG WAY",30.15248,-97.729692
"311","4901 MONARDA MINT DR","Maroon 2088-Q-L New 2-Story Single Family Residence with (3) bedrooms (2.5) bathrooms Attached Garage Covered Patio & Porch Study Cafe & Loft","4901 MONARDA MINT DRIVE",30.367735,-97.623596
"312","9313 FURMAN DR","Polo S411 C Right New - 1 Story SFR w/ 3 bedrooms 2 bathrooms attached 2 car garage covered entry porch and patio required parking: 2.","9313 FURMAN DRIVE",30.142488,-97.735486
"313","9420 BUCKSTITCH SADDLE DR","New single-story SFR with attached garage covered patio and covered porch *PRODUCTION BUILDER- GREEN BUILDING*","9420 BUCKSTITCH SADDLE DRIVE",30.325576,-97.59311
"314","13220 KINCANE DR","1548BL NEW 1 STORY 3 BEDROOM 2 BATH SINGLE FAMILY RESIDENTIAL HOME WITH ATTACHED GARAGE COVERED FRONT PORCH AND REAR PATIO","13220 KINCANE DRIVE",30.149856,-97.628202
"315","11208 ZIP COCHISE WAY","New construction of 2 story SFR with 4 beds 2.5 baths opt gourmet kitchen opt ext cov patio cov patio porch and 2 car garage

PUD","11208 ZIP COCHISE WAY",30.329246,-97.571379
"316","8615 DONGAN DR","New two-story SFR (5br/4ba) with attached garage covered porch and covered patio","8615 DONGAN DRIVE",30.139796,-97.714178
"317","8010 BIRD SONG CIR","New construction of 2 story duplex condo each with 3 beds 2.5 baths and attached garage (Unit B)","8010 BIRD SONG CIR",30.190249,-97.809361
"318","8014 BIRD SONG CIR","New construction of 2 story duplex condo each with 3 beds 2.5 baths and attached garage (Unit B)","8014 BIRD SONG CIR",30.190133,-97.809448
"319","8008 BIRD SONG CIR","New construction of 2 story duplex condo each with 3 beds 2.5 baths and attached garage (Unit A)","8008 BIRD SONG CIR",30.190261,-97.809242
"320","3102 GLENVIEW AVE","Unit B: New two story unit with 2 bathrooms 1 bedroom.","3102 GLENVIEW AVE",30.303449,-97.753768
"321","8018 BIRD SONG CIR","New construction of 2 story duplex condo each with 3 beds 2.5 baths and attached garage (Unit B)","8018 BIRD SONG CIR",30.190009,-97.809532
"322","8016 BIRD SONG CIR","New construction of 2 story duplex condo each with 3 beds 2.5 baths and attached garage (Unit A)","8016 BIRD SONG CIR",30.190026,-97.809403
"323","8012 BIRD SONG CIR","New construction of 2 story duplex condo each with 3 beds 2.5 baths and attached garage (Unit A)","8012 BIRD SONG CIR",30.190145,-97.809319
"324","8114 PEERLESS PASS","New construction of single-family dwelling with 3 bedrooms and 2.5 baths 2 car garage rear patio and front porch","8114 PEERLESS PASS",30.153485,-97.730855
"325","4708 CASWELL AVE BLDG 2","Bldg. 2: NEW SECONDARY APARTMENT (CAPPED AT 1100 SQ FT MAX) WITH 2 BEDROOMS AND 1.5 BATHROOMS","4708 CASWELL AVE BLDG 2",30.308896,-97.719542
"326","9317 FURMAN DR","Moscoso S423 C Right New - 1 Story SFR w/ 3 bedrooms 2 bathrooms attached 2 car garage covered entry porch and patio required parking: 2.","9317 FURMAN DRIVE",30.142369,-97.735567
"327","8204 PEERLESS PASS","New construction of single family dwelling with 4 bedrooms and 3.5 baths 2 car garage rear patio and front porch

PUD","8204 PEERLESS PASS",30.153115,-97.731119
"328","4111 SHOAL CREEK BLVD","ePlan: Residential Expedited Review - New construction of a 2-Story Single Family Res. [4 bed 5.5 bath].","4111 SHOAL CREEK BOULEVARD",30.313102,-97.747441
"329","12413 SAINT THOMAS DR","Hughes 841-Q-L Is a New one-story single family residence with (4) bedrooms (3) bathrooms an attached two-car garage and a covered entry porch and patio.","12413 SAINT THOMAS DRIVE",30.180248,-97.619493
"330","11005 ZIP COCHISE WAY","New construction single-family residential 2-story 4 bedroom 2.5 bath with attached 2-car garage covered front porch and uncovered rear patio.","11005 ZIP COCHISE WAY",30.329345,-97.57307
"331","7109 HUDKINS WAY","2245BL NEW 4 BEDROOM 3 BATH SINGLE FAMILY RESIDENTIAL HOME WITH ATTACHED GARAGE COVERED FRONT PORCHA AND REAR PATIO","7109 HUDKINS WAY",30.149879,-97.624077
"332","12425 SAINT THOMAS DR","Cascade 330-T-R Is a New one-story single family residence with (3) bedrooms (2) bathrooms an attached two-car garage and a covered entry porch and patio.","12425 SAINT THOMAS DRIVE",30.180068,-97.619116
"333","4708 CASWELL AVE BLDG 1","Bldg 1: NEW SINGLE-FAMILY WOOD FRAME RESIDENCE WITH 4 BEDROOMS AND 4.5 BATHROOMS.","4708 CASWELL AVE BLDG 1",30.308896,-97.719542
"334","12417 SAINT THOMAS DR","Briscoe 820-Q-L Is a New one-story single family residence with (3) bedrooms (2) bathrooms an attached two-car garage and a covered entry porch and patio.","12417 SAINT THOMAS DRIVE",30.180194,-97.619377
"335","2710 ENFIELD RD UNIT B","UNIT B:  New duplex unit front unit.   1-car garage covered porch 3 bedroom 3.5 bathroom loft.","2710 ENFIELD ROAD UNIT B",30.291394,-97.773076
"336","8111 ERMIS FARM RD","New construction of a 2-story single family dwelling in a condo regime. Both units are part of the duplex. Both units have 3 bedroom 2.5 bath with 2 car garage.","8111 ERMIS FARM ROAD",30.188968,-97.808909
"337","7012 YATES AVE","ePlan: Residential Expedited Review - New construction of a 2-Story Single Family Res. [4bed 4.5bath] with Attached Carport and Autofill Pool. 7012 YATES AVE","7012 YATES AVE",30.344269,-97.730358
"338","6305 COMANCHE MOON TRL","New SFR - PUD 4 bed 3.5 bath with attached garage","6305 COMANCHE MOON TRAIL",30.142639,-97.751753
"339","1801 W ST JOHNS AVE UNIT B","ePlan: Residential Expedited Review - New construction of a 2-Story Duplex [1bed 1bath] with attached Garage. Unit B","1801 WEST STREET JOHNS AVE UNIT B",30.344365,-97.730286
"340","2710 ENFIELD RD UNIT A","UNIT A:  New duplex unit front unit.   1-car garage covered porch 3 bedroom 3.5 bathroom loft.","2710 ENFIELD ROAD UNIT A",30.291394,-97.773076
"341","7008 EZRA BROOKS BND","PUD New SFR 2- Story 4 bedroom 3.5 bath with attached 2-car garage covered front porch and covered rear patio","7008 EZRA BROOKS BND",30.148888,-97.729954
"342","8921 PALLAS CAT DR","*Green Building* New 2-story 3 bedroom 3 bathroom single family residence with attached garage covered front porch and rear covered patio.","8921 PALLAS CAT DRIVE",30.143072,-97.712944
"343","1801 W ST JOHNS AVE UNIT A","ePlan: Residential Expedited Review - New construction of a 2-Story Duplex [3bed 3.5bath] with Autofill Pool. Unit A","1801 WEST STREET JOHNS AVE UNIT A",30.344365,-97.730286
"344","6317 LAUTNER LN","Smart Housing: New construction of 2 story SFR condo with attached garage and covered porch 2/2.5","6317 LAUTNER LANE",30.148128,-97.753699
"345","9312 HAMADRYAS DR","New construction of a two-story single family house 4 bedroom 4.5 bathroom covered patio  2 car garage.
Production Builder green building.","9312 HAMADRYAS DRIVE",30.144177,-97.707733
"346","4704 PHILCO DR","ePlan: Residential Expedited Review - New construction of a 2-Story Single Family Res. [5bed 4bath] with Attached Porch and Attached Carport.","4704 PHILCO DRIVE",30.222962,-97.78928
"347","5505 SHOAL CREEK BLVD","New construction of a 2-Story Single Family Res. [4bed 3.5bath] with Attached Garage.","5505 SHOAL CREEK BOULEVARD",30.330689,-97.74572
"348","1310 AGGIE LN BLDG 2","ePlan: Residential Expedited Review - New construction of a 1-Story Single Family Res. [3bed 2bath] with Attached Garage.","1310 AGGIE LANE BLDG 2",30.346842,-97.724015
"349","8109 ERMIS FARM RD","New construction of a 2-story single family dwelling in a condo regime. Both units are part of the duplex. Both units have 3 bedroom 2.5 bath with 2 car garage.","8109 ERMIS FARM ROAD",30.189053,-97.808943
"350","8825 BREEZE HILL DR","New construction single-family residential 4 bedroom 4.5 bath with attached 2-car garage covered porch and covered patio.","8825 BREEZE HILL DRIVE",30.145007,-97.713137
"351","8107 ERMIS FARM RD","New construction of a 2-story Duplex in a condo regime.  3 bedroom 2.5 bath attached garage","8107 ERMIS FARM ROAD",30.189107,-97.808877
"352","8105 ERMIS FARM RD","New construction of a 2-story Duplex in a condo regime.  3 bedroom 2.5 bath attached garage","8105 ERMIS FARM ROAD",30.189188,-97.808898
"353","8904 GOLDEN LION DR","New Construction- 4bed 3.5bath with attached garage and covered porch patio","8904 GOLDEN LION DRIVE",30.144338,-97.712616
"354","9208 HAMADRYAS DR","New construction of 1 story sfr with 4 beds 3 baths attached 2 car garage covered entry porch and patio.

PUD","9208 HAMADRYAS DRIVE",30.144579,-97.708561
"355","7216 EAGLE ROSE RD","New construction of single family dwelling with 4 bedrooms and 3.5 baths 2 car garage rear patio and front porch

PUD","7216 EAGLE ROSE ROAD",30.150337,-97.7287
"356","9500 DINGO DR","*Green Building* New 1-story 4 bedroom 3.5 bathroom single family residence with attached garage covered front porch and rear covered patio.","9500 DINGO DRIVE",30.140362,-97.708319
"357","9209 CALVERT WAY","New Construction- 2 story SFR 5bed 4.5bath with attached garage and covered porch patio","9209 CALVERT WAY",30.1418,-97.710417
"358","9405 BUCKSTITCH SADDLE DR","New construction of 1 story SFR attached garage covered porch and patio

PUD","9405 BUCKSTITCH SADDLE DRIVE",30.326347,-97.592911
"359","7429 PULLMAN CV","Harrison S356 D Left New - 2 Story SFR w/ 5 bedrooms 3 bathrooms attached 2 car garage covered entry porch and patio required parking: 2.","7429 PULLMAN CV",30.144157,-97.732244
"360","13001 TILGHMAN TRL","New construction single-family residential 2-story 4 bedroom 3.5 bath with attached 2-car garage covered front porch covered rear patio w/ outdoor kitchen and 2nd story balcony.","13001 TILGHMAN TRAIL",30.455218,-97.774343
"361","7200 STITZEL WELLER DR","New Construction 2 Story SFR with attached garage and covered porch and patio- 4bed 3.5bath.","7200 STITZEL WELLER DRIVE",30.147844,-97.727599
"362","8805 GOLDEN LION DR","New SFR 1- Story 4 bedroom 3 bath with attached 2-car garage covered front porch and covered rear patio

PUD","8805 GOLDEN LION DRIVE",30.144201,-97.713691
"363","7416 PULLMAN CV","Dawson S351 A Right New - 1 Story SFR w/ 3 bedrooms 2 bathrooms attached 2 car garage covered entry porch and patio required parking: 2.","7416 PULLMAN CV",30.144724,-97.73239
"364","8801 GOLDEN LION DR","New SFR 2- Story 3 bedroom 3 bath with attached 2-car garage covered front porch and covered rear patio

PUD","8801 GOLDEN LION DRIVE",30.144209,-97.713837
"365","11739 D K RANCH RD BLDG 2","Add a second dwelling unit to an existing single-family lot with updated address 11739 D-K Ranch Rd. Building 2 See address validation letter from Addressing Services.","11739 D K RANCH ROAD BLDG 2",30.426099,-97.767655
"366","7432 PULLMAN CV","Armstrong S357 D Left New - 2 Story SFR w/ 5 bedrooms 3 bathrooms attached 2 car garage covered entry porch and patio required parking: 2.","7432 PULLMAN CV",30.144407,-97.73195
"367","7425 PULLMAN CV","Donley S355 B Left New - 2 Story SFR w/ 4 bedrooms 2.5 bathrooms attached 2 car garage covered entry porch and patio required parking: 2.","7425 PULLMAN CV",30.144223,-97.732412
"368","4404 JINX AVE BLDG 3","BLDG 3: New construction of a 3-Story Single Family Res. [3bed 3.5bath] with Carport","4404 JINX AVE BLDG 3",30.224133,-97.77905
"369","5912 ROTUNDA VW","New two-story SFR *PRODUCTION BUILDER- SMART HOUSING / GREEN BUILDING*","5912 ROTUNDA VW",30.146194,-97.754693
"370","4404 JINX AVE BLDG 2","BLDG 2: New construction of a 3-Story Single Fam. Res. [3bed 3.5bath] with Carport.","4404 JINX AVE BLDG 2",30.224133,-97.77905
"371","1400 FOXWOOD CV","ePlan: Residential Expedited Review - New construction of a 2-Story Single Family Res. [3bed 3.5bath] with Attached Garage.","1400 FOXWOOD CV",30.261808,-97.779799
"372","4404 JINX AVE BLDG 1","ePlan: Residential Expedited Review - New construction of a THREE UNIT RESIDENTIAL. BLDG 1: New construction of a 3-Story Single Fam. Res. [3bed 3.5bath] with Carport","4404 JINX AVE BLDG 1",30.224133,-97.77905
"373","6410 WILBUR DR","ePlan: Residential Expedited Review - New construction of a 1-Story Single Family Res. [5bed 5bath] with Office Attached Garage.","6410 WILBUR DRIVE",30.343069,-97.744827
"374","9625 GOLDEN LION DR","New 1 story single family residential with 3 bedrooms 2.5 bathrooms attached 2 car garage with covered patio and porch","9625 GOLDEN LION DRIVE",30.140688,-97.706213
"375","8613 DONGAN DR","New two-story SFR (4br/3ba) with attached garage covered porch and covered patio *PRODUCTION BUILDER- GREEN BUILDING*","8613 DONGAN DRIVE",30.139972,-97.714486
"376","1406 CORSAC WAY","New 2-story 4 bedroom 3.5 bathroom small lot single family residence with attached garage covered front porch rear covered patio and 2nd floor covered balcony.","1406 CORSAC WAY",30.405451,-97.688027
"377","5910 ROTUNDA VW","New two-story SFR *PRODUCTION BUILDER- SMART HOUSING / GREEN BUILDING*","5910 ROTUNDA VW",30.146296,-97.754599
"378","8925 PALLAS CAT DR","*Green Building* New 1-story 4 bedroom 3 bathroom single family residence with attached garage covered front porch and rear covered patio.","8925 PALLAS CAT DRIVE",30.142995,-97.7128
"379","9600 GOLDEN LION DR","New construction of 1 story sfr with 4 beds 3 baths attached 2 car garage covered entry porch and patio

PUD","9600 GOLDEN LION DRIVE",30.141467,-97.706774
"380","5911 ROTUNDA VW","New two-story SFR *PRODUCTION BUILDER- SMART HOUSING / GREEN BUILDING*","5911 ROTUNDA VW",30.146324,-97.754258
"381","9404 FURMAN DR","Boone S413 C Left New - 1 Story SFR w/ 4 bedrooms 2 bathrooms attached 2 car garage covered entry porch and patio required parking: 2.","9404 FURMAN DRIVE",30.142268,-97.736288
"382","9400 CORVALLIS DR","Livingston S428 D Left New - 2 Story SFR w/ 4 bedrooms 3 bathrooms attached 2 car garage covered entry porch and patio required parking: 2.","9400 CORVALLIS DRIVE",30.142697,-97.734917
"383","11008 TALLSALT DR","New single-family residence 4 bedrooms 3 bathrooms. attached garage and covered patio","11008 TALLSALT DRIVE",30.351594,-97.628231
"384","11316 ZIP COCHISE WAY","New Construction- New 2 story SFR 3bed 2.5bath 

PUD","11316 ZIP COCHISE WAY",30.329459,-97.570601
"385","7313 STITZEL WELLER DR","PUD
New Construction of 2-story SFR with 4 bedrooms 3.5 baths with attached 2-car garage covered front porch and covered rear patio","7313 STITZEL WELLER DRIVE",30.148567,-97.726028
"386","12100 FENNEC WAY","New two-story SFR (4br/3ba) with attached garage covered patio and covered porch *PRODUCTION BUILDER*","12100 FENNEC WAY",30.406286,-97.688231
"387","7807 MULLEN DR","New 2 Story SFR with 4 beds and 4.5 baths with attached carport","7807 MULLEN DRIVE",30.352595,-97.726548
"388","11016 MONUMENT VALLEY DR","New single-family residence","11016 MONUMENT VALLEY DRIVE",30.353107,-97.630587
"389","6313 MC MURTRY ST","*Smart Housing*Green Building* New construction single-family residential 2-story 5 bedroom 4.5 bath with attached 2-car garage covered front porch and covered rear patio.","6313 MC MURTRY STREET",30.142692,-97.752696
"390","12108 SAGRADA ST","1548BL NEW 3 BEDROOM 2 BATH SINGLE FAMILY RESIDENTIAL HOME WITH ATTACHED GARAGE COVERED FRONT PORCH AND REAR PATIO","12108 SAGRADA STREET",30.129437,-97.807052
"391","4804 BRIDWELL LN","New single-family residence 3 bedrooms 2.5 bathrooms. attached garage and covered patio","4804 BRIDWELL LANE",30.352659,-97.636281
"392","716 BOLEY DR","Dexter 3317 B Right New - 2 Story SFR CONDOMINUM w/ 3 bedrooms 2.5 bathrooms attached 2 car garage covered entry porch and patio FFE: 684.56 Site Plan: SP-2021-0328C Site Plan Exp.: 01/09/27 Max Bld height: 27-6 Actual Bld height: 27-6 required parking: 2.","716 BOLEY DRIVE",30.115593,-97.814352
"393","7413 PULLMAN CV","Eastland S352 B Left New - 1 Story SFR w/ 4 bedrooms 2 bathrooms attached 2 car garage covered entry porch and patio required parking: 2.","7413 PULLMAN CV",30.144394,-97.732796
"394","1137 WEBBERVILLE RD BLDG 1","New 3-story 3 bedroom 3 bathroom dwelling unit with attached carport covered porches 2nd floor screened porch 2nd floor partially covered balcony 3rd floor partially covered balcony and roof deck.","1137 WEBBERVILLE ROAD BLDG 1",30.276306,-97.688107
"395","1137 WEBBERVILLE RD BLDG 2","New 3-story 2 bedroom 2.5 bathroom dwelling unit with attached carport covered porch 2nd floor screened porch 2nd floor covered balcony 3rd floor partially covered balcony and roof deck.","1137 WEBBERVILLE ROAD BLDG 2",30.276306,-97.688107
"396","4201 PREVAIL LN","1 of 3 Unit 4-story Multi-Family Building with 4 Bedrooms and 5 bathrooms Game Room Covered Porch and Covered Deck on 2nd & 4th Floor Storage on 4th Floor with Attached 2 Car Garages.

 (Suite 9)

SP-2017-0130C.SH -Approved","4201 PREVAIL LANE",30.315957,-97.753886
"397","906 NEANS DR BLDG 2","Building 2 New 2 Story SFR rear of main house with attached garage and covered patio and balcony  3/2.5","906 NEANS DRIVE BLDG 2",30.374402,-97.694619
"398","4913 BRIDWELL LN","New construction 1 story SFR with 4 beds 3 baths with 2 car garage and covered patio","4913 BRIDWELL LANE",30.352075,-97.635357
"399","11024 TRUE VALOR DR","New construction of SFR with 4 bedrooms and 3 bathrooms. attached garage and covered patio","11024 TRUE VALOR DRIVE",30.351269,-97.628409
"400","9105 CALVERT WAY","New construction of single-family dwelling with 4 bedrooms and 3.5 baths 3 car garage rear patio and front porch","9105 CALVERT WAY",30.142274,-97.711408
"401","4203 PREVAIL LN","1 of 3 Unit 4-story Multi-Family Building with 4 Bedrooms and 5 bathrooms Game Room Covered Porch and Covered Deck on 2nd & 4th Floor Storage on 4th Floor with Attached 2 Car Garages.

(Suite 10)

SP-2017-0130C.SH -Approved","4203 PREVAIL LANE",30.315928,-97.753789
"402","9208 DINGO DR","*Green Building* New 1-story 4 bedroom 3.5 bathroom single family residence with attached garage covered front porch and rear covered patio.","9208 DINGO DRIVE",30.141488,-97.710653
"403","11020 TRUE VALOR DR","New construction of SFR with 5 bedrooms and 4 bathrooms. attached garage and covered patio","11020 TRUE VALOR DRIVE",30.351218,-97.628516
"404","4205 PREVAIL LN","1 of 3 Unit 4-story Multi-Family Building with 4 Bedrooms and 5 bathrooms Game Room Covered Porch and Covered Deck on 2nd & 4th Floor Storage on 4th Floor with Attached 2 Car Garages.

(Suite 11)

SP-2017-0130C.SH -Approved","4205 PREVAIL LANE",30.315999,-97.753763
"405","4909 BRIDWELL LN","New construction of 2 story SFR with 4 beds 2.5 baths with 2 car garage garage extension and covered patio","4909 BRIDWELL LANE",30.352108,-97.635486
"406","10937 TALLSALT DR","New 2-story 5 bedroom 3 bathroom single family residence with attached garage covered front porch and rear covered patio.","10937 TALLSALT DRIVE",30.351079,-97.627541
"407","10933 TALLSALT DR","New single family residence","10933 TALLSALT DRIVE",30.35097,-97.627506
"408","5913 ROTUNDA VW","New two-story SFR *PRODUCTION BUILDER- SMART HOUSING / GREEN BUILDING*","5913 ROTUNDA VW",30.146273,-97.754162
"409","6313 STOCKMAN DR","Bldg #3 New 2-story dwelling unit 4 bed/2.5 bath attached garage with covered porch and patio Smart Housing Green Building","6313 STOCKMAN DRIVE",30.144845,-97.752674
"410","6009 ROTUNDA VW","New two-story single family attached row house 3 bedroom/2.5 bathroom with covered porch driveway and sidewalk SMART Housing Green Building","6009 ROTUNDA VW",30.145886,-97.754073
"411","6313 STOCKMAN DR","Bldg #2 New 3-story dwelling unit 4 bed/3.5 bath attached garage with covered porch and balcony Smart Housing Green Building","6313 STOCKMAN DRIVE",30.144845,-97.752674
"412","11100 MONUMENT VALLEY DR","New SFR","11100 MONUMENT VALLEY DRIVE",30.353323,-97.630353
"413","1167 NICKOLS AVE UNIT 1A","Building 1A Home: New construction of two-unit residential homes. 2 Bedroom 2.5 Baths with CP","1167 NICKOLS AVE UNIT 1A",30.277284,-97.684116
"414","6313 STOCKMAN DR","Bldg #4 New 2-story dwelling unit 4 bed/2.5 bath attached garage with covered porch and patio Smart Housing Green Building","6313 STOCKMAN DRIVE",30.144845,-97.752674
"415","6007 ROTUNDA VW","New two-story single family attached row house 3 bedroom/2.5 bathroom with covered porch driveway and sidewalk SMART Housing Green Building","6007 ROTUNDA VW",30.146,-97.754032
"416","6313 STOCKMAN DR","Bldg #1 New 3-story dwelling unit 4 bed/3.5 bath attached garage with covered porch and balcony Smart Housing Green Building","6313 STOCKMAN DRIVE",30.144845,-97.752674
"417","11018 MONUMENT VALLEY DR","New construction single-family residential 1-story 3 bedroom 2 bath with attached 2-car garage covered front porch and covered rear patio.","11018 MONUMENT VALLEY DRIVE",30.353181,-97.630494
"418","11004 TALLSALT DR","*PB* New Construction- New single family residence 4bed 2.5 bath","11004 TALLSALT DRIVE",30.351504,-97.628076
"419","10941 TALLSALT DR","New construction single-family residential 1-story 3 bedroom 2 bath with attached 2-car garage covered front porch and covered rear patio.","10941 TALLSALT DRIVE",30.351195,-97.627584
"420","5413 HUDSON ST","New single story SFR. 3 bed/2 bath with attached garage and covered front porch.","5413 HUDSON STREET",30.273768,-97.679707
"421","1167 NICKOLS AVE BLDG 2","Building 2 2 Story SFR with 3 bedrooms and 2.5 baths","1167 NICKOLS AVE BLDG 2",30.277284,-97.684116
"422","8813 PEDAL BOAT DR","New construction single-family residential 1-story 4 bedroom 3 bath with attached 2-car garage covered front porch and covered rear patio.","8813 PEDAL BOAT DRIVE",30.140873,-97.705388
"423","1167 NICKOLS AVE UNIT 1B","Building 1B New construction of two-unit residential homes. 2 Bedroom 2.5 Baths with CP","1167 NICKOLS AVE UNIT 1B",30.277284,-97.684116
"424","10303 GAIL RD BLDG 2","New 2 story SFR 3 bed 2.5 bath and attached garage","10303 GAIL ROAD BLDG 2",30.172023,-97.831672
"425","10303 GAIL RD BLDG 1","New 2 story SFR 3 bed 2.5 bath and attached garage","10303 GAIL ROAD BLDG 1",30.172023,-97.831672
"426","9012 PEAFOWL ST","New construction single-family residential 2-story 4 bedroom 3 bath with attached 2-car garage covered front porch and covered rear patio.","9012 PEAFOWL STREET",30.142693,-97.713069
"427","8913 NILGAI DR","New construction single-family residential 1-story 4 bedroom 3.5 bath with attached 2-car garage covered front porch and covered rear patio.","8913 NILGAI DRIVE",30.141703,-97.709575
"428","1506 CORSAC WAY","New 2-Story Single Family Residence w/ 4 bedrooms 2.5 baths Optional Gourmet Kitchen Cov entry porch & patio and a 2-car attached garage.","1506 CORSAC WAY",30.40622,-97.68755
"429","812 E 45TH HALF ST","ePlan: Residential Expedited Review - New construction of a 2-Story Single Family Res. [4bed 4bath] with Habitable Attic","812 EAST 45TH HALF STREET",30.306032,-97.719552
"430","10303 GAIL RD BLDG 3","New 2 story SFR 3 bed 2.5 bath and attached garage","10303 GAIL ROAD BLDG 3",30.172023,-97.831672
"431","5908 ROTUNDA VW","3-bed 2.5-bath. Single Family Attached garage and cover porch patio SMART Housing 3/2.5","5908 ROTUNDA VW",30.146342,-97.75475
"432","5906 ROTUNDA VW","*SMART Housing* *Green Building* New 2-story 3 bedroom 2.5 bathroom rowhouse with covered front porch.","5906 ROTUNDA VW",30.146438,-97.754643
"433","2305 RAE DELL AVE","2305 Rae Dell Ave 2 Story New residential duplex construction with attached carport and covered patio 4/3","2305 RAE DELL AVE",30.24994,-97.780043
"434","8107 ELIJAH CRAIG WAY","New two-story SFR *PRODUCTION BUILDER- GREEN BUILDING* with attached garage cover porch and patio 5/4","8107 ELIJAH CRAIG WAY",30.153053,-97.729335
"435","6801 WENTWORTH DR","Unit B New 2 story 4-Unit Townhomes (Reconstruction of townhouse building due to fire partial foundation to be reused)","6801 WENTWORTH DRIVE",30.294183,-97.630436
"436","2207 DE VERNE ST","2207 De Verne St 2 Story New residential duplex construction with attached carport and covered patio 4/3","2207 DE VERNE STREET",30.250003,-97.779979
"437","8308 ELIJAH CRAIG WAY","New construction of single family dwelling with 4 bedrooms and 3.5 baths 2 car garage rear patio and front porch","8308 ELIJAH CRAIG WAY",30.151602,-97.730943
"438","6801 WENTWORTH DR","Unit A New 2 story 4-Unit Townhomes (Reconstruction of townhouse building due to fire partial foundation to be reused)","6801 WENTWORTH DRIVE",30.294183,-97.630436
"439","1307 PEREZ ST UNIT B","Interior remodel of existing SFR
Interior remodel to create dwelling Unit B","1307 PEREZ STREET UNIT B",30.27981,-97.691906
"440","9413 BUCKSTITCH SADDLE DR","New 1-story single family residence 4 bed/3 bath with attached garage covered porch and patio Green Building","9413 BUCKSTITCH SADDLE DRIVE",30.326071,-97.592825
"441","1141 WEBBERVILLE RD BLDG 1","New 3-story 4 bedroom 4.5 bathroom dwelling unit with covered porches uncovered wood deck 2nd floor covered balcony 3rd floor screened porch and 3rd floor partially covered balcony.","1141 WEBBERVILLE ROAD BLDG 1",30.276409,-97.687889
"442","1141 WEBBERVILLE RD BLDG 2","New 2-story 1 bedroom 1 bathroom dwelling unit with attached carport covered porch and 2nd floor covered balcony.","1141 WEBBERVILLE ROAD BLDG 2",30.276409,-97.687889
"443","11016 TRUE VALOR DR","New single family residence","11016 TRUE VALOR DRIVE",30.351144,-97.628617
"444","4800 BRIDWELL LN","New single-family residence","4800 BRIDWELL LANE",30.35271,-97.636431
"445","6801 WENTWORTH DR","Unit D New 2 story 4-Unit Townhomes (Reconstruction of townhouse building due to fire partial foundation to be reused)","6801 WENTWORTH DRIVE",30.294183,-97.630436
"446","718 BOLEY DR","Galloway 3312 A Right New - 1 Story SFR CONDOMINUM w/ 3 bedrooms 2 bathrooms attached 2 car garage covered entry porch and patio FFE: 684.49 Site Plan: SP-2021-0328C Site Plan Exp.: 01/09/27 Max Bld height: 21-10 Actual Bld height: 21-10 required parking: 2.","718 BOLEY DRIVE",30.11547,-97.814219
"447","6316 LAUTNER LN","New construction of 2 story SSFR Condo with 3 beds 2.5 baths and attached 2 car garage

PUD","6316 LAUTNER LANE",30.148455,-97.753734
"448","1505 CORSAC WAY","New construction of 2 story sfr with 4 beds 2.5 baths covered entry and opt covered patio and attached 22.53 car garage","1505 CORSAC WAY",30.405915,-97.687198
"449","11014 MONUMENT VALLEY DR","New construction of SFR","11014 MONUMENT VALLEY DRIVE",30.353013,-97.63066
"450","11012 MONUMENT VALLEY DR","New construction of SFR","11012 MONUMENT VALLEY DRIVE",30.352918,-97.630749
"451","4710 NATIVE PEARL LN","New construction of SFR","4710 NATIVE PEARL LANE",30.35421,-97.63608
"452","4708 NATIVE PEARL LN","New 1-story single family residence 3 bed/2 bath attached garage covered porch and patio","4708 NATIVE PEARL LANE",30.354293,-97.63619
"453","4706 NATIVE PEARL LN","New construction of SFR with  5 bedrooms and 3 bathrooms. attached garage and covered patio","4706 NATIVE PEARL LANE",30.354379,-97.636292
"454","10925 TALLSALT DR","New construction of SFR with  4 bedroom and 2.5 bathrooms. attached garage.","10925 TALLSALT DRIVE",30.350772,-97.627427
"455","4511 VINSON DR BLDG 1","Lot 1 - New construction two-family residential duplex 2-story 3 bedroom (both units) 2.5 bath (both units) with attached 1-car garage (both units) covered front porch (both units) and covered rear patio (both units).","4511 VINSON DRIVE BLDG 1",30.220085,-97.777538
"456","9505 DINGO DR","New construction of single family dwelling with 5 bedrooms and 5.5 baths 3 car garage rear patio and front porch

PUD","9505 DINGO DRIVE",30.139852,-97.70839
"457","9421 BUCKSTITCH SADDLE DR","New 1-story single family residence 4 bed/2 bath attached garage covered porch and patio Green Building","9421 BUCKSTITCH SADDLE DRIVE",30.325807,-97.592649
"458","9609 GLADSOME PATH","New construction of 2 story SFR. $ bedrooms 3bathrs w/ attached garage and covered patio","9609 GLADSOME PATH",30.293603,-97.545886
"459","16604 WIND CHIME DR","2 Story Single Family Home with 4 Bedrooms 4 bathrooms","16604 WIND CHIME DRIVE",30.294265,-97.55174
"460","9504 BUCKSTITCH SADDLE DR","PB: New construction of 2 story SFR with attached garage and covered porch and patio  4/3","9504 BUCKSTITCH SADDLE DRIVE",30.325126,-97.592684
"461","5321 DOWNS DR","ePlan: Residential Expedited Review - New construction of a 2-Story Single Family Res. [3bed 3bath] with Attached Garage and Carport.","5321 DOWNS DRIVE",30.278938,-97.67849
"462","9500 BUCKSTITCH SADDLE DR","New 1-story singe family residence 4 bed/2 bath attached garage covered porch and patio Green Building","9500 BUCKSTITCH SADDLE DRIVE",30.325231,-97.592815
"463","8109 PEERLESS PASS","New construction of single family dwelling with 4 bedrooms and 3.5 baths 2 car garage rear patio and front porch

PUD","8109 PEERLESS PASS",30.153461,-97.730223
"464","9416 BUCKSTITCH SADDLE DR","PB: New construction of 1 story SFR 3 bed 2 bath with attached garage covered front porch and rear covered patio","9416 BUCKSTITCH SADDLE DRIVE",30.325696,-97.593186
"465","9409 BUCKSTITCH SADDLE DR","PB: New construction of 1 story SFR 4 bed 2 bath with attached garage front covered porch and rear covered patio","9409 BUCKSTITCH SADDLE DRIVE",30.326224,-97.592865
"466","2803 FRENCH PL","New 2-story 2 bedroom 3 bathroom single family residence with attached garage screened porch and covered patio.","2803 FRENCH PLACE",30.284934,-97.720219
"467","8301 ELIJAH CRAIG WAY","New construction of single family dwelling with 4 bedrooms and 3.5 baths 2 car garage rear patio and front porch

PUD","8301 ELIJAH CRAIG WAY",30.151842,-97.730149
"468","9617 BREEZE HILL DR","New construction of 2 story sfr with 4 beds 4.5 baths attached 2 car garage with covered porch and patio

PUD","9617 BREEZE HILL DRIVE",30.141283,-97.705806
"469","8111 ELIJAH CRAIG WAY","New construction of 2 story SFR 4 bedroom and 3.5 bathrooms with covered porch and patio and attached garage","8111 ELIJAH CRAIG WAY",30.152872,-97.729455
"470","9424 BUCKSTITCH SADDLE DR","*Green Building* New 2-story 4 bedroom 3 bathroom single family residence with attached garage covered front porch and rear covered patio.","9424 BUCKSTITCH SADDLE DRIVE",30.325444,-97.593009
"471","9401 BUCKSTITCH SADDLE DR","New construction of 2 story SFR attached garage covered porch and patio

PUD","9401 BUCKSTITCH SADDLE DRIVE",30.326479,-97.592944
"472","5213 MONARDA MINT DR","Monroe 2191-LS201-R New 2-Story Single Family Residence with (4) bedrooms (3) bathrooms Attached Garage Covered Porch Cafe & Loft","5213 MONARDA MINT DRIVE",30.365434,-97.624347
"473","9417 BUCKSTITCH SADDLE DR","*Green Building* New 1-story 4 bedroom 2 bathroom single family residence with attached garage covered front porch and rear covered patio.","9417 BUCKSTITCH SADDLE DRIVE",30.325919,-97.59275
"474","8824 BREEZE HILL DR","New SFR 2- Story 3 bedroom 2.5 bath with attached 2-car garage covered front porch and covered rear patio

PUD","8824 BREEZE HILL DRIVE",30.145344,-97.712858
"475","8822 BREEZE HILL DR","New SFR 2- Story 3 bedroom 3 bath with attached 2-car garage covered front porch and covered rear patio

PUD","8822 BREEZE HILL DRIVE",30.145492,-97.712746
"476","9508 BUCKSTITCH SADDLE DR","New single-story SFR with attached garage covered patio and covered porch *PRODUCTION BUILDER- GREEN BUILDING*","9508 BUCKSTITCH SADDLE DRIVE",30.325036,-97.592532
"477","2712 E 22ND ST BLDG 3","ePlan: Residential Expedited Review - New construction of a 2-Story Single Family Res. [4bed 3bath] with Attached Garage. Bldg 3","2712 EAST 22ND STREET BLDG 3",30.284187,-97.712866
"478","6005 ROTUNDA VW","New two-story single family attached row house 3 bedroom/2.5 bathroom with covered porch driveway and sidewalk SMART Housing Green Building","6005 ROTUNDA VW",30.146035,-97.754125
"479","6003 ROTUNDA VW","New two-story single family attached row house 3 bedroom/2.5 bathroom with covered porch driveway and sidewalk SMART Housing Green Building","6003 ROTUNDA VW",30.146108,-97.75409
"480","2203 MAHONE AVE","New 2-story 3 bedroom 2.5 bathroom dwelling unit with attached carport covered front porch and side covered patio.","2203 MAHONE AVE",30.357369,-97.728987
"481","7404 PULLMAN CV","Cameron S354 C Right New - 1 Story SFR w/ 4 bedrooms 2 bathrooms attached 2 car garage covered entry porch and patio required parking: 2.","7404 PULLMAN CV",30.144884,-97.732767
"482","2906 BRIDLE PATH BLDG 1","New construction two-unit use 2-story 3 bedroom 3.5 bath with covered front porch two covered side porches rear covered patio and wood trellis.","2906 BRIDLE PATH BLDG 1",30.293858,-97.773622
"483","7428 PULLMAN CV","Harrison S356 C Left New - 2 Story SFR w/ 5 bedrooms 3 bathrooms attached 2 car garage covered entry porch and patio required parking: 2.","7428 PULLMAN CV",30.144552,-97.732033
"484","1905 ROBINHOOD TRL Unit A","ePlan: Residential Expedited Review - New Duplex Unit 1 New construction of a 2-Story Single Family Res. [4bed 4.5bath]","1905 ROBINHOOD TRAIL",30.297979,-97.777507
"485","2207 MAHONE AVE","New 2-story 3 bedroom 2.5 bathroom dwelling unit with attached garage covered front porch and rear covered patio.","2207 MAHONE AVE",30.357441,-97.729137
"486","7408 PULLMAN CV","Eastland S352 A Right New - 1 Story SFR w/ 3 bedrooms 2 bathrooms attached 2 car garage covered entry porch and patio required parking: 2.","7408 PULLMAN CV",30.14483,-97.732636
"487","2906 BRIDLE PATH BLDG 2","New construction two-unit use 2-story 1 bedroom 1.5 bath with attached 2-car garage outdoor kitchen and 2nd floor balcony.","2906 BRIDLE PATH BLDG 2",30.293858,-97.773622
"488","3718 MENCHACA RD","UNIT 301 - New 3 story with attached garage office and roof top. 3/3.5 
Revision 1: Revisions to exterior building materials.","3718 MENCHACA ROAD",30.235958,-97.784887
"489","1905 ROBINHOOD TRL UNIT B","ePlan: Residential Expedited Review - New Duplex Unit 2 New construction of a 2-Story SF Res [1bed bath] with attached Garage","1905 ROBINHOOD TRAIL UNIT B",30.297979,-97.777507
"490","1602 CANTERBURY ST","ePlan: Residential Expedited Review - New construction of a 2-Story Small Lot Single Family Res. [3bed 3.5bath] with Attached Carport.","1602 CANTERBURY STREET",30.2568,-97.729115
"491","2712 E 22ND ST BLDG 2","ePlan: Residential Expedited Review - New construction of a 2-Story Single Family Res. [4bed 3bath] with Attached Garage. Bldg 2","2712 EAST 22ND STREET BLDG 2",30.284187,-97.712866
"492","7923 BROCKMAN ST","New 2-story 3 bedroom 2.5 bathroom dwelling unit with attached garage covered front porch and rear covered patio.","7923 BROCKMAN STREET",30.357495,-97.729297
"493","10304 CURB STRAP DR","PB: New construction of 1 story SFR 4 bed 2 bath with attached garage","10304 CURB STRAP DRIVE",30.326175,-97.594883
"494","7412 PULLMAN CV","Freestone S353 D Right New - 1 Story SFR w/ 4 bedrooms 2 bathrooms attached 2 car garage covered entry porch and patio required parking: 2.","7412 PULLMAN CV",30.144773,-97.732511
"495","2018 FORD ST","ePlan: Residential Expedited Review :  New construction of a 2-Story Single Family Res. [5bed 4bath] with Attached Garage/Carport","2018 FORD STREET",30.254644,-97.774189
"496","3107 CAVALCADE CT","ePlan: Residential Expedited Review - New construction of a 2-Story Single Family Res. [5bed 6bath] with Attached Garage","3107 CAVALCADE CT",30.329422,-97.807264
"497","7433 PULLMAN CV","Livingston S428 B Left New - 2 Story SFR w/ 5 bedrooms 3 bathrooms attached 2 car garage covered entry porch and patio required parking: 2.","7433 PULLMAN CV",30.144257,-97.732023
"498","2610 W 49TH HALF ST","ePlan: Residential Expedited Review - New construction of a 2-Story Single Family Res. [4bed 4bath] with Habitable Attic Attached Garage","2610 WEST 49TH HALF STREET",30.324643,-97.747599
"499","8109 ELIJAH CRAIG WAY","New construction of single family dwelling with 4 bedrooms and 3.5 baths 2 car garage rear patio and front porch

PUD","8109 ELIJAH CRAIG WAY",30.152963,-97.729403
"500","8111 PEERLESS PASS","New construction of single family dwelling with 3 bedrooms and 2.5 baths 2 car garage rear patio and front porch

PUD","8111 PEERLESS PASS",30.153376,-97.730304
"501","8820 BREEZE HILL DR","New SFR 2- Story 3 bedroom 2.5 bath with attached 2-car garage covered front porch and covered rear patio

PUD","8820 BREEZE HILL DRIVE",30.14561,-97.712939
"502","8828 MARMOSET WAY","New SFR 1- Story 4 bedroom 2.5 bath with attached 2-car garage covered front porch and covered rear patio

PUD","8828 MARMOSET WAY",30.144214,-97.714008
"503","8818 BREEZE HILL DR","New SFR 2- Story 3 bedroom 2.5 bath with attached 2-car garage covered front porch and covered rear patio

PUD","8818 BREEZE HILL DRIVE",30.145451,-97.713064
"504","1903 HETHER ST","New construction single-family residential 2-story w/ habitable attic 4 bedroom 3.5 bath with attached 2-car garage covered front porch and covered rear patio w/ outdoor kitchen.","1903 HETHER STREET",30.252054,-97.772718
"505","5210 MONARDA MINT DR","San Luis 1521-K-R New 2-Story Single Family Residence with (4) bedrooms (3) bathrooms Attached Garage Covered Patio & Porch Cafe & Game Room","5210 MONARDA MINT DRIVE",30.365764,-97.623885
"506","2313 S 3RD ST BLDG 2","2313 S 3RD STREET Bldg 2: New two-story residence with porch 4 bathroom 3 bedroom. Existing residence to remain Single-family use to two-unit use.","2313 SOUTH 3RD STREET BLDG 2",30.243125,-97.761095
"507","5603 RIDGE OAK DR","Construction of new wood-framed SFR 4 bed 3.5 bath with basement attached garage and rear covered patio/balcony","5603 RIDGE OAK DRIVE",30.338849,-97.760476
"508","1101 ETERNITY TER","ePlan: Residential Expedited Review - New construction of a 2-Story Single Family Res. [5bed 5.5bath] with Attached Garage","1101 ETERNITY TER",30.286275,-97.82893
"509","7400 PULLMAN CV","Freestone S353 C Right New - 1 Story SFR w/ 4 bedrooms 2 bathrooms attached 2 car garage covered entry porch and patio required parking: 2.","7400 PULLMAN CV",30.144944,-97.732925
"510","605 E 55TH ST BLDG 4","*Type 2 RESIDENTIAL AFFORDABLE HOUSING DEVELOPMENT BONUS PROGRAM* 
ePlan: Residential Expedited Review - New construction of a 3-Story Single Family Res. [2bed 2.5bath]. Bldg 4","605 EAST 55TH STREET BLDG 4",30.317744,-97.715812
"511","13216 STABLER DR","Galloway 3312 A Right New - 1 Story SFR CONDOMINUM w/ 3 bedrooms 2 bathrooms attached 2 car garage covered entry porch and patio FFE: 681.48 Site Plan: SP-2021-0328C Site Plan Exp.: 01/09/27 Max Bld height: 21-10 Actual Bld height: 21-10 required parking: 2.","13216 STABLER DRIVE",30.114347,-97.81471
"512","706 BOLEY DR","Highland 3313 B Right New - 1 Story SFR CONDOMINUM w/ 3 bedrooms 2 bathrooms attached 2 car garage covered entry porch and patio FFE: 682.85 Site Plan: SP-2021-0328C Site Plan Exp.: 01/09/27 Max Bld height: 21-10 Actual Bld height: 21-10 required parking: 2.","706 BOLEY DRIVE",30.115595,-97.815062
"513","919 TILLERY ST--BLDG 1","ePlan: Residential Expedited Review - New construction of a 3-Story Single Family Res. [4bed 3.5bath] with Attached Carport. Bldg 1","919 TILLERY STREET BLDG 1",30.263287,-97.702673
"514","3001 GOODWIN AVE BLDG 2","New construction of three story sfr with attached garage 3.5 baths and 2 bedrooms","3001 GOODWIN AVE BLDG 2",30.270193,-97.702837
"515","605 E 55TH ST BLDG 5","*Type 2 RESIDENTIAL AFFORDABLE HOUSING DEVELOPMENT BONUS PROGRAM* 
ePlan: Residential Expedited Review - New construction of a 3-Story Single Family Res. [2bed 2.5bath]. Bldg 5","605 EAST 55TH STREET BLDG 5",30.317744,-97.715812
"516","3001 GOODWIN AVE BLDG 3","New construction of three story sfr with attached garage 3.5 baths and 2 bedrooms","3001 GOODWIN AVE BLDG 3",30.270193,-97.702837
"517","1705 BARN SWALLOW DR","ePlan: Residential Expedited Review - New construction of a 2-Story Single Family Res. [5bed 5.5bath] with Attached Garage.","1705 BARN SWALLOW DRIVE",30.267682,-97.808368
"518","919 TILLERY ST--BLDG 2","ePlan: Residential Expedited Review - New construction of a 3-Story Single Family Res. [4bed 3.5bath] with Attached Carport. Bldg 2","919 TILLERY STREET BLDG 2",30.263287,-97.702673
"519","4908 BRIDWELL LN","PB: New construction of 2 story SFR 5 bed 3 bath with attached garage and front covered porch/rear covered patio","4908 BRIDWELL LANE",30.352415,-97.635371
"520","605 E 55TH ST BLDG 6","*Type 2 RESIDENTIAL AFFORDABLE HOUSING DEVELOPMENT BONUS PROGRAM* 
ePlan: Residential Expedited Review - New construction of a 3-Story Single Family Res. [2bed 2.5bath]. Bldg 6","605 EAST 55TH STREET BLDG 6",30.317744,-97.715812
"521","919 TILLERY ST--BLDG 3","ePlan: Residential Expedited Review - New construction of a 3-Story Single Family Res. [4bed 3.5bath] with Attached Carport. Bldg 3","919 TILLERY STREET BLDG 3",30.263287,-97.702673
"522","8403 GARCREEK CIR BLDG 3","new two-story SFRs *TOWNHOME*   3 bed 2.5 bath with attached garage and balcony","8403 GARCREEK CIR BLDG 3",30.29402,-97.629065
"523","9301 BREEZE HILL DR","New construction single-family residential 2-story 4 bedroom 3.5 bath with attached 2-car garage covered front porch porch and covered rear patio.","9301 BREEZE HILL DRIVE",30.14303,-97.709162
"524","9305 BREEZE HILL DR","New construction of 2 Story SFR with attached garage and covered porch and patio 4/3.5","9305 BREEZE HILL DRIVE",30.142961,-97.709022
"525","17112 WIND CHIME DR","New construction of 2 story sfr with attached garage covered porch and patio 4/2.5
PUD","17112 WIND CHIME DRIVE",30.295077,-97.547424
"526","8920 GOLDEN LION DR","New construction of 2 story SFR with attached garage covered porch and patio 4/3.5","8920 GOLDEN LION DRIVE",30.144064,-97.712046
"527","1414 RAMBLING ROSE RD","New construction of a 2-story single family dwelling in a condo regime. 3 Bedrooms 2.5 Bathrooms Attached 2 car garage 

Revision: This address was previously permitted. We have added the Study Opt to this plan. Revised application / plans are attached.","1414 RAMBLING ROSE ROAD",30.18619,-97.809132
"528","7401 PULLMAN CV","Balboa S415 C Left New - 1 Story SFR w/ 5 bedrooms 3 bathrooms attached 2 car garage covered entry porch and patio required parking: 2.","7401 PULLMAN CV",30.144557,-97.733179
"529","12100 SAGRADA ST","1360BR NEW 3 BEDROOM 2 BATH SINGLE FAMILY RESIDENTIAL HOME WITH ATTACHED GARAGE COVERED FRONT PORCH AND REAR PATIO","12100 SAGRADA STREET",30.129792,-97.806741
"530","8403 GARCREEK CIR BLDG 4","new detached two-story SFR *TOWNHOME*  BLDG 4 3 bed 2.5 bath with attached garage and balcony","8403 GARCREEK CIR BLDG 4",30.29402,-97.629065
"531","8108 PEERLESS PASS","New construction of single family dwelling with 4 bedrooms and 3 baths 2 car garage rear patio and front porch

PUD","8108 PEERLESS PASS",30.153764,-97.730716
"532","8112 PEERLESS PASS","New SFR 2 - Story 3 bedroom 2.5 bath with attached 2-car garage covered front porch and covered rear patio

PUD","8112 PEERLESS PASS",30.153567,-97.73078
"533","1911 PEOPLES ST","New 2-story 2 bedroom 1.5 bathroom dwelling unit with attached garage and covered front porch.","1911 PEOPLES STREET",30.267578,-97.718697
"534","1228 ETERNITY TER","ePlan: Residential Expedited Review - New construction of a 2-Story Single Family Res. [6bed 5.5bath] with Attached Garage Autofill/Heated pool

REVISION 1: Work to include: New first and second Floor plans new elevations new bed count new bath count [5bed 6bath].","1228 ETERNITY TER",30.284867,-97.832542
"535","2307 LONGVIEW ST BLDG B","ePlan: Residential Expedited Review - New TWO UNIT RES. 
Bldg 2 New construction of a 2-Story Single Family Res. [3bed 3bath] with Attached Carport and storage","2307 LONGVIEW STREET BLDG B",30.287269,-97.750323
"536","2307 LONGVIEW ST BLDG A","ePlan: Residential Expedited Review - New TWO UNIT RES. Bldg 1 New construction of a 2-Story Single Family Res. [5bed 5bath] with roof deck","2307 LONGVIEW STREET BLDG A",30.287269,-97.750323
"537","5903 SILENT NOVA VW","New construction of SFR Condo with 6 beds 6.5 baths covered patio covered porch and covered front deck with 3 car attached tandem garage","5903 SILENT NOVA VW",30.382515,-97.84246
"538","1216 ETERNITY TER","ePlan: Residential Expedited Review - New construction of a 2-Story Single Family Res. [5bed 6bath] with Attached Garage","1216 ETERNITY TER",30.285583,-97.832235
"539","7331 MENCHACA RD UNIT 1B","Building 1A New construction of 3 residential units utilizing the affordability unlocked bonus program. Two units are 3-storey-3B2.5B each and one unit is 2-storey-2B1.5B","7331 MENCHACA ROAD UNIT 1B",30.197474,-97.808324
"540","7331 MENCHACA RD UNIT 1C","Building 1C New 2 Story SFR with attached garage 2/1.5","7331 MENCHACA ROAD UNIT 1C",30.197474,-97.808324
"541","1121 ETERNITY TER","ePlan: Residential Expedited Review - New construction of a 2-Story Single Family Res. [5bed 5.5bath] with Attached Garage.","1121 ETERNITY TER",30.286089,-97.830285
"542","5101 MONARDA MINT DR","Fentress 2982-MD201-L New 2-Story Single Family Residence with (4) bedrooms (2.5) bathrooms Attached Garage Covered Patio & Porch Cafe & Loft","5101 MONARDA MINT DRIVE",30.366885,-97.624406
"543","410 PHILCO DR BLDG 2","Building 2 new SFR home on the lot. 3 bedroom 2 .5 bathroom with car port / porch patio","410 PHILCO DRIVE BLDG 2",30.217765,-97.773616
"544","5212 MONARDA MINT DR","Fentress 2982-HC201-R New 2-Story Single Family Residence with (4) bedrooms (2.5) bathrooms Attached Garage Covered Patio & Porch Cafe & Loft","5212 MONARDA MINT DRIVE",30.36567,-97.623841
"545","7331 MENCHACA RD UNIT 1B","Building 1B New Construction of a 3 Story SFR 3/2.5","7331 MENCHACA ROAD UNIT 1B",30.197474,-97.808324
"546","410 PHILCO DR BLDG 3","Building 3 new SFR home on the lot. 4 bedroom 3 .5 bathroom with car port / porch patio","410 PHILCO DRIVE BLDG 3",30.217765,-97.773616
"547","1113 ETERNITY TER","ePlan: Residential Expedited Review - New construction of a 2-Story Single Family Res. [5bed 5.5bath] with Attached Garage.","1113 ETERNITY TER",30.286185,-97.82967
"548","1403 S QUINLAN PARK RD","New construction of 2 story SFR with 5 bedrooms and 5 bathrooms. attached garage","1403 SOUTH QUINLAN PARK ROAD",30.32996,-97.925665
"549","8905 PEAFOWL ST","New SFR 2- Story 4 bedroom 3 bath with attached 2-car garage covered front porch and covered rear patio

PUD","8905 PEAFOWL STREET",30.143307,-97.711986
"550","917 TILLERY ST--BLDG 2","ePlan: Residential Expedited Review - New construction of a 3-Story Single Family Res. [3bed 3.5bath] with Attached Carport. Bldg 2","917 TILLERY STREET BLDG 2",30.263117,-97.702807
"551","917 TILLERY ST--BLDG 1","ePlan: Residential Expedited Review - New construction of a 3-Story Single Family Res. [3bed 3.5bath] with Attached Carport. Bldg 1","917 TILLERY STREET BLDG 1",30.263117,-97.702807
"552","410 PHILCO DR BLDG 1","Bldg. 1: New 3 story SFR w/ 4 bedrooms 3.5 bathrooms attached carport and porch","410 PHILCO DRIVE BLDG 1",30.217765,-97.773616
"553","5156 VILLAGE SQUARE DR BLDG 3","SMART HOUSING - New Construction of a multi-family fourplex.","5156 VILLAGE SQUARE DRIVE BLDG 3",30.187483,-97.743183
"554","7417 PULLMAN CV","Freestone S353 C Left New - 1 Story SFR w/ 4 bedrooms 2 bathrooms attached 2 car garage covered entry porch and patio required parking: 2","7417 PULLMAN CV",30.144336,-97.732663
"555","917 TILLERY ST--BLDG 3","ePlan: Residential Expedited Review - New construction of a 3-Story Single Family Res. [3bed 3.5bath] with Attached Carport. Bldg 3","917 TILLERY STREET BLDG 3",30.263117,-97.702807
"556","7405 PULLMAN CV","Harrison S356 C Right New - 2 Story SFR w/ 4 bedrooms 2.5 bathrooms attached 2 car garage covered entry porch and patio required parking: 2","7405 PULLMAN CV",30.14451,-97.733052
"557","5156 VILLAGE SQUARE DR BLDG 1","SMART HOUSING - New Construction of a multi-family fourplex.","5156 VILLAGE SQUARE DRIVE BLDG 1",30.187483,-97.743183
"558","8810 BREEZE HILL DR","*Green Building* New 2-story 3 bedroom 3 bathroom single family residence with attached garage covered front porch and side covered patio.","8810 BREEZE HILL DRIVE",30.145565,-97.713476
"559","7409 PULLMAN CV","Dawson S351 D Left New - 1 Story SFR w/ 3 bedrooms 2 bathrooms attached 2 car garage covered entry porch and patio required parking: 2","7409 PULLMAN CV",30.144454,-97.732916
"560","7421 PULLMAN CV","Eastland S352 D Left New - 1 Story SFR w/ 3 bedrooms 2 bathrooms attached 2 car garage covered entry porch and patio required parking: 2","7421 PULLMAN CV",30.144274,-97.732539
"561","6413 BRADSHER DR BLDG 2","ePlan: Residential Expedited Review - New construction of a THREE-UNIT RES. Bldg 2 2-Story [3bed 2.5bath] with attached Garage.","6413 BRADSHER DRIVE BLDG 2",30.197998,-97.783376
"562","2902 W 44TH ST BLDG 2","NEW CONSTRUCTION OF 3-UNIT SIPS PANEL FRAMED THREE STORY 4 Bed 4.5 bath","2902 WEST 44TH STREET BLDG 2",30.320418,-97.755218
"563","6413 BRADSHER DR BLDG 1","ePlan: Residential Expedited Review - New construction of a THREE-UNIT RES. Bldg 1 2-Story [3bed 2.5bath] with attached Garage","6413 BRADSHER DRIVE BLDG 1",30.197998,-97.783376
"564","11910 SAGRADA ST","1360BL NEW 3 BEDROOM 2 BATH SINGLE FAMILY RESIDENTIAL HOME WITH ATTACHED GARAGE COVERED FRONT PORCH AND REAR PATIO","11910 SAGRADA STREET",30.129969,-97.805004
"565","509 ALLEN ST BLDG 2","ePlan: Residential Expedited Review - New TWO UNIT RES Bldg 2  New construction of a 2-Story SF Res [3bed 2.5bath] with attached Carport","509 ALLEN STREET BLDG 2",30.25541,-97.705224
"566","509 ALLEN ST BLDG 1","ePlan: Residential Expedited Review - New TWO UNIT RES. Bldg 1 New construction of a 2-Story Single Family Res. [3bed 2.5bath] with Attached Carport","509 ALLEN STREET BLDG 1",30.25541,-97.705224
"567","2902 W 44TH ST BLDG 1","NEW CONSTRUCTION OF 3-UNIT SIPS PANEL FRAMED THREE STORY 4 Bed 4.5 bath","2902 WEST 44TH STREET BLDG 1",30.320418,-97.755218
"568","6413 BRADSHER DR BLDG 3","ePlan: Residential Expedited Review - New construction of a THREE-UNIT RES.  Bldg 3 2-Story [4bed 3bath] with attached Garage.","6413 BRADSHER DRIVE BLDG 3",30.197998,-97.783376
"569","1201 ETERNITY TER","ePlan: Residential Expedited Review - New construction of a 2-Story Single Family Res. [5bed 5.5bath] with Attached Garage","1201 ETERNITY TER",30.285728,-97.831235
"570","2902 W 44TH ST BLDG 3","NEW CONSTRUCTION OF 3-UNIT SIPS PANEL FRAMED THREE STORY 4 Bed 4.5 bath","2902 WEST 44TH STREET BLDG 3",30.320418,-97.755218
"571","4204 ENDURANCE WAY","*S.M.A.R.T. HOUSING* *GREEN BUILDING* ePlan: Residential Expedited Review - New construction of a 3-Story Townhome [3bed 3.5bath] with Attached Garage. 4204 ENDURANCE WAY","4204 ENDURANCE WAY",30.315798,-97.754137
"572","13212 KEEFER DR","Highland 3313 A Right New - 1 Story SFR CONDOMINUM w/ 4 bedrooms 2 bathrooms attached 2 car garage covered entry porch and patio FFE: 680.79 Site Plan: SP-2021-0328C Site Plan Exp.: 01/09/27 Max Bld height: 21-10 Actual Bld height: 21-10 required parking: 2.","13212 KEEFER DRIVE",30.114639,-97.815675
"573","4202 ENDURANCE WAY","*S.M.A.R.T. HOUSING* *GREEN BUILDING*  ePlan: Residential Expedited Review - New construction of a 3-Story Townhome [3bed 3.5bath] with Attached Garage. 4202 ENDURANCE WAY","4202 ENDURANCE WAY",30.315783,-97.754004
"574","9803 RIBELIN RANCH CT BLDG 16","New construction of single building based on Volume Builder Approved (2024-067871 VB 2025-097666 PR) Plan 15-EA-L. This is a 2 Story building with height of 31-7 and 2983.90 square feet.","9803 RIBELIN RANCH CT BLDG 16",30.391205,-97.828986
"575","8812 BREEZE HILL DR","*Green Building* New 2-story 3 bedroom 2.5 bathroom single family residence with attached garage covered front porch and rear covered patio.","8812 BREEZE HILL DRIVE",30.14576,-97.713406
"576","6210 GUADALUPE ST BLDG 2","6210 Guadalupe Dr Building 2 (rear building).  New detached 3-story residence 3.5 bath  3 bedroom covered porch & balcony 1 car garage.   Part of 3-unit use  with two existing dwelling units.","6210 GUADALUPE STREET BLDG 2",30.329342,-97.719995
"577","13204 KEEFER DR","Brahman 3318 B Right New - 2 Story SFR CONDOMINUM w/ 4 bedrooms 2.5 bathrooms attached 2 car garage covered entry porch and patio FFE: 681.82 Plan: SP-2021-0328C Site Plan Exp.: 01/09/27 Max Bld height: 28-10 Actual Bld height: 28-10 required parking: 2.","13204 KEEFER DRIVE",30.115136,-97.8157
"578","7306 STITZEL WELLER DR","PUD New SFR. Two-story 4 bath 3.5 bath with attached 2-car garage covered front porch and covered rear porch.","7306 STITZEL WELLER DRIVE",30.148487,-97.726667
"579","4504 LAVA ISLAND DR","Caprock S405 C Left New - 2 Story SFR w/ 5 bedrooms 3 bathrooms attached 2 car garage covered entry porch and patio required parking: 2.","4504 LAVA ISLAND DRIVE",30.124898,-97.793396
"580","4200 ENDURANCE WAY","*S.M.A.R.T. HOUSING* *GREEN BUILDING* ePlan: Residential Expedited Review - New construction of a 3-Story Townhome [3bed 3.5bath] with Attached Garage. 4200 ENDURANCE WAY","4200 ENDURANCE WAY",30.315681,-97.754082
"581","704 BOLEY DR","Dexter 3317 B Right New - 2 Story SFR CONDOMINUM w/ 3 bedrooms 2.5 bathrooms attached 2 car garage covered entry porch and patio FFE: 682.57 Site Plan: SP-2021-0328C Site Plan Exp.: 01/09/27 Max Bld height: 27-6 Actual Bld height: 27-6 required parking: 2.","704 BOLEY DRIVE",30.115631,-97.815243
"582","5002 EMERALD FOREST CIR BLDG 3","Building 3 New 2 Story SFR with attached garage and covered porch 4/3.5","5002 EMERALD FOREST CIR BLDG 3",30.217577,-97.782802
"583","5002 EMERALD FOREST CIR BLDG 1","Building 1  2 Story SFR with attached carport covered porch and patio  3/3.5","5002 EMERALD FOREST CIR BLDG 1",30.217577,-97.782802
"584","5106 GLISSMAN RD--BLDG 1 (LEFT)","ePlan: Residential Expedited Review - TWO UNIT BLDG 1 New construction of a 2-Story Single Family Res. [4bed 4bath] with attached carport","5106 GLISSMAN ROAD BLDG 1",30.256394,-97.695017
"585","1911 RIVERVIEW ST--BLDG 2 (LYNN ST)","ePlan: Residential Expedited Review - Two Unit: Existing SF Res to remain Bldg 2 New construction of a 2-Story Single Family Res. [2bed 2.5bath] with Attached Garage","1911 RIVERVIEW STREET BLDG 2",30.251181,-97.726369
"586","8814 BREEZE HILL DR","*Green Building* New 2-story 3 bedroom 2.5 bathroom single family residence with attached garage covered front porch and rear covered patio.","8814 BREEZE HILL DRIVE",30.145689,-97.713226
"587","11309 ZIP COCHISE WAY","New construction of 2 story sfr with 3 beds 2.5 baths opt gourmet kitchen game room covered entry and opt cover patio with 2 car garage

PUD","11309 ZIP COCHISE WAY",30.328893,-97.570536
"588","5106 GLISSMAN RD--BLDG 2 (RIGHT)","ePlan: Residential Expedited Review - TWO UNIT 
BLDG 2 New construction of a 2-Story Single Family Res. [3bed 2.5bath] with attached carport","5106 GLISSMAN ROAD BLDG 2",30.256394,-97.695017
"589","4206 ENDURANCE WAY","*S.M.A.R.T. HOUSING* *GREEN BUILDING* ePlan: Residential Expedited Review - New construction of a 3-Story Townhome [3bed 3.5bath] with Attached Garage. 4206 ENDURANCE WAY","4206 ENDURANCE WAY",30.31588,-97.75405
"590","1109 ETERNITY TER","ePlan: Residential Expedited Review - New construction of a 2-Story Single Family Res. [6bed 6.5bath] with Attached Garage","1109 ETERNITY TER",30.286211,-97.82945
"591","6104 ADHARA PASS","ePlan: Residential Expedited Review - New construction of a 2-Story Single Family Res. [5bed 6bath] with Attached Garage","6104 ADHARA PASS",30.385363,-97.844911
"592","5001 PECAN SPRINGS RD BLDG 20","New 3-story single family residence condo 3 bed/3.5 bath with attached garage covered patio  and balconies","5001 PECAN SPRINGS ROAD BLDG 20",30.294255,-97.681378
"593","1105 MAUFRAIS ST","ePlan: Residential Expedited Review - New construction of a 1-Story Single Family Res. [2bed 3bath]","1105 MAUFRAIS STREET",30.278675,-97.756958
"594","5002 EMERALD FOREST CIR","Building 4
Residential Construction of a 2 Unit Residential dwelling as part of a 4 unit complex connected by a Single Driveway and Joint Use Access Easement. This PR is for Unit 2 and 4 located on 5002 Emerald Forest and 2025-143292 PR will contain Unit 1+3 located on 5002 Emerald Forest","5002 EMERALD FOREST CIR",30.217577,-97.782802
"595","5002 EMERALD FOREST CIR","Building 2 
Residential Construction of a 2 Unit Residential dwelling as part of a 4 unit complex connected by a Single Driveway and Joint Use Access Easement. This PR is for Unit 2 and 4 located on 5002 Emerald Forest and 2025-143292 PR will contain Unit 1+3 located on 5002 Emerald Forest","5002 EMERALD FOREST CIR",30.217577,-97.782802
"596","2312 E 8TH ST--BLDG 2","Bldg 2 New 2-story single family residence 3 bed/2.5 bath with attached carport covered porch and alley driveway","2312 EAST 8TH STREET",30.263533,-97.715605
"597","2312 E 8TH ST--BLDG 1","Bldg 1 New 2-story single family residence 4 bed/ 2.5 bath with attached carport covered porch covered patio and driveway","2312 EAST 8TH STREET",30.263533,-97.715605
"598","1019 BRICKELL LOOP","Condo - New Single Family residence with 3 bedrooms 2.5 bath and an attached 2-car garage.","1019 BRICKELL LOOP",30.149985,-97.704683
"599","4912 BRIDWELL LN","New construction of 1 story SFR with attached garage 3 bedrooms and 2 restrooms","4912 BRIDWELL LANE",30.352504,-97.635162
"600","5113 MONARDA MINT DR","Hubbard 1519-A-L New 2-Story Single Family Residence with (4) bedrooms (3.5) bathrooms Attached Garage Covered Patio & Porch Cafe","5113 MONARDA MINT DRIVE",30.366159,-97.624711
"601","901 SHADY LN","ePlan: Residential Expedited Review - TWO UNIT BLDG 1 New construction of a 2-Story Single Family Res. [3bed 2.5bath] with attached carport","901 SHADY LANE",30.256492,-97.695264
"602","1306 RAMBLING ROSE RD","New construction of a 2-story single family dwelling in a condo regime. 3 Bedroom 2.5 Bath with attached 2 car garage

Revision 1: The building footprint and floor plan for this lot have been revised. The updated design is a 3-bedroom 2.5-bath residence with an attached garage and rear covered patio. All submitted plans have been updated to reflect these changes. The revised building footprint remains within the allowable building footprint per the approved Site Plan.","1306 RAMBLING ROSE ROAD",30.186211,-97.807931
"603","4704 LAVA ISLAND DR","Eisenhower S406 C Left New - 2 Story SFR w/ 5 bedrooms 3 bathrooms attached 2 car garage covered entry porch and patio required parking: 2.","4704 LAVA ISLAND DRIVE",30.124472,-97.79195
"604","9803 RIBELIN RANCH CT BLDG 25","New construction of single building based on Volume Builder Approved (2024-067871 VB 2025-097666 PR) Plan 14-EB-R. This is a 2 Story building with height of 31-7 and 2983.90 square feet.","9803 RIBELIN RANCH CT BLDG 25",30.391205,-97.828986
"605","2708 BRISTOL DR","PB: New construction of 2 story SFR 3 bed 2.5 bath with attched garage","2708 BRISTOL DRIVE",30.311377,-97.678935
"606","9803 RIBELIN RANCH CT BLDG 29","New construction of single building based on Volume Builder Approved (2024-067871 VB 2025-097666 PR) Plan 14-EB-R. This is a 2 Story building with height of 31-7 and 2983.90 square feet.","9803 RIBELIN RANCH CT BLDG 29",30.391205,-97.828986
"607","8816 BREEZE HILL DR","*Green Building* New 2-story 3 bedroom 2.5 bathroom single family residence with attached garage covered front porch and side covered patio.","8816 BREEZE HILL DRIVE",30.145504,-97.713228
"608","4713 LAVA ISLAND DR","Abilene S402 B Right New - 1 Story SFR w/ 3 bedrooms 2 bathrooms attached 2 car garage covered entry porch and patio required parking: 2.","4713 LAVA ISLAND DRIVE",30.124167,-97.791587
"609","8616 PEAFOWL ST","New SFR 2- Story 4 bedroom 3 bath with attached 2-car garage covered front porch and covered rear patio

PUD","8616 PEAFOWL STREET",30.146279,-97.71053
"610","703 ORLAND BLVD BLDG 3","ePlan: Residential Expedited Review - New THREE UNIT RES. 
Bldg 3 New construction of a 2-Story Single Family Res. [3bed 3.5bath] with basement Attached Garage","703 ORLAND BOULEVARD BLDG 3",30.216253,-97.777529
"611","4513 BRIDAL VEIL DR","Garner S401 A Right New - 1 Story SFR w/ 3 bedrooms 2 bathrooms attached 2 car garage covered entry porch and patio required parking: 2.","4513 BRIDAL VEIL DRIVE",30.125274,-97.792823
"612","4712 LAVA ISLAND DR","Garner S401 B Left New - 1 Story SFR w/ 3 bedrooms 2 bathrooms attached 2 car garage covered entry porch and patio required parking: 2.","4712 LAVA ISLAND DRIVE",30.124452,-97.791718
"613","4721 LAVA ISLAND DR","Falcon S404 C Right New - 2 Story SFR w/ 4 bedrooms 2.5 bathrooms attached 2 car garage covered entry porch and patio required parking: 2.","4721 LAVA ISLAND DRIVE",30.124242,-97.791236
"614","4517 BRIDAL VEIL DR","Falcon S404 C Left New - 2 Story SFR w/ 4 bedrooms 2.5 bathrooms attached 2 car garage covered entry porch and patio required parking: 2.","4517 BRIDAL VEIL DRIVE",30.125224,-97.792675
"615","207 SANDRA ST BLDG 1","New construction of 3 story sfr with attached garage and balcony","207 SANDRA STREET BLDG 1",30.204457,-97.777145
"616","5100 GLISSMAN RD--BLDG 2","ePlan: Residential Expedited Review - TWO UNIT 
BLDG 2 New construction of a 2-Story Single Family Res. [4bed 3bath] with attached carport","5100 GLISSMAN ROAD",30.256462,-97.695178
"617","12004 DILLON FALLS DR","Falcon S404 C Left New - 2 Story SFR w/ 4 bedrooms 2.5 bathrooms attached 2 car garage covered entry porch and patio required parking: 2.","12004 DILLON FALLS DRIVE",30.126881,-97.792949
"618","4512 LAVA ISLAND DR","Falcon S404 A Left New - 2 Story SFR w/ 4 bedrooms 2.5 bathrooms attached 2 car garage covered entry porch and patio required parking: 2.","4512 LAVA ISLAND DRIVE",30.124772,-97.793109
"619","5100 SEA SALT DR","Caprock S405 B Left New - 2 Story SFR w/ 5 bedrooms 3 bathrooms attached 2 car garage covered entry porch and patio required parking: 2.","5100 SEA SALT DRIVE",30.124413,-97.790922
"620","1209 ETERNITY TER","ePlan: Residential Expedited Review - New construction of a 2-Story Single Family Res. [5bed 5.5bath] with Attached Garage.","1209 ETERNITY TER",30.285481,-97.83168
"621","4516 BEACON BAY DR","Garner S401 C Left New - 1 Story SFR w/ 3 bedrooms 2 bathrooms attached 2 car garage covered entry porch and patio required parking: 2.","4516 BEACON BAY DRIVE",30.12619,-97.791989
"622","13312 KINCANE DR","2458BL NEW 2 STORY 4 BEDROOM 3 1/2 BATH SINGLE FAMILY RESIDENTIAL HOME WITH ATTACHED GARAGE COVERED FRONT PORCH AND REAR PATIO","13312 KINCANE DRIVE",30.149525,-97.627299
"623","8800 GOLDEN LION DR","New construction of 1 story SFR with 4 beds 3 baths attached 2 car garage covered entry porch and patio

PUD","8800 GOLDEN LION DRIVE",30.144703,-97.713754
"624","4517 BEACON BAY DR","Caprock S405 C Left New - 2 Story SFR w/ 5 bedrooms 3 bathrooms attached 2 car garage covered entry porch and patio required parking: 2.","4517 BEACON BAY DRIVE",30.125915,-97.792117
"625","703 ORLAND BLVD BLDG 2","ePlan: Residential Expedited Review - New THREE UNIT RES.
Bldg 2 New construction of a 2-Story Single Family Res. [3bed 2.5bath] with Attached Garage","703 ORLAND BOULEVARD BLDG 2",30.216253,-97.777529
"626","4616 LAVA ISLAND DR","Caprock S405 C Left New - 2 Story SFR w/ 5 bedrooms 3 bathrooms attached 2 car garage covered entry porch and patio required parking: 2.","4616 LAVA ISLAND DRIVE",30.124532,-97.792291
"627","12005 DILLON FALLS DR","Abilene S402 C Left New - 1 Story SFR w/ 3 bedrooms 2 bathrooms attached 2 car garage covered entry porch and patio required parking: 2.","12005 DILLON FALLS DRIVE",30.126709,-97.792484
"628","4600 LAVA ISLAND DR","Garner S401 B Left New - 1 Story SFR w/ 3 bedrooms 2 bathrooms attached 2 car garage covered entry porch and patio required parking: 2.","4600 LAVA ISLAND DRIVE",30.124665,-97.792824
"629","9317 BOATHOUSE DR","New construction single-family residential 1-story 3 bedroom 2.5 bath with attached 2-car garage covered front porch and covered rear patio.","9317 BOATHOUSE DRIVE",30.14431,-97.707259
"630","703 ORLAND BLVD BLDG 1","ePlan: Residential Expedited Review - New THREE UNIT RES. Bldg 1 New construction of a 2-Story Single Family Res. [3bed 2.5bath] with Attached Garage","703 ORLAND BOULEVARD BLDG 1",30.216253,-97.777529
"631","4520 BRIDAL VEIL DR","Caprock S405 B Left New - 2 Story SFR w/ 5 bedrooms 3 bathrooms attached 2 car garage covered entry porch and patio required parking: 2.","4520 BRIDAL VEIL DRIVE",30.125434,-97.792285
"632","8900 BINNEWATER WAY","New 2-story single family residence 5 bed/5.5 baths with attached garage covered porch and patio Green Building","8900 BINNEWATER WAY",30.143296,-97.71157
"633","13215 KEEFER DR","Dexter 3317 B Left New - 2 Story SFR CONDOMINUM w/ 3 bedrooms 2.5 bathrooms attached 2 car garage covered entry porch and patio FFE: 680.08 Site Plan: SP-2021-0328C Site Plan Exp.: 01/09/27 Max Bld height: 27-6 Actual Bld height: 27-6 required parking: 2.","13215 KEEFER DRIVE",30.114464,-97.815249
"634","4608 LAVA ISLAND DR","Eisenhower S406 C Left New - 2 Story SFR w/ 5 bedrooms 3 bathrooms attached 2 car garage covered entry porch and patio required parking: 2.","4608 LAVA ISLAND DRIVE",30.124609,-97.792665
"635","4512 BRIDAL VEIL DR","Garner S401 C Left New - 1 Story SFR w/ 3 bedrooms 2 bathrooms attached 2 car garage covered entry porch and patio required parking: 2.","4512 BRIDAL VEIL DRIVE",30.12553,-97.792623
"636","13217 KEEFER DR","Bradford 3315 A Left New - 2 Story SFR CONDOMINUM w/ 3 bedrooms 2.5 bathrooms attached 2 car garage covered entry porch and patio FFE: 679.91 Site Plan: SP-2021-0328C Site Plan Exp.: 01/09/27 Max Bld height: 28-3 Actual Bld height: 28-3 required parking: 2.","13217 KEEFER DRIVE",30.114335,-97.815079
"637","13009 STAYWELL WAY","2410AL NEW 2 STORY 4 BEDROOM 2 1/2 BATH SINGLE FAMILY RESIDENTIAL HOME WITH ATTACHED GARAGE COVERED FRONT PORCH AND REAR PATIO","13009 STAYWELL WAY",30.151899,-97.629787
"638","1117 GUNTER ST BLDG 2","ePlan: Residential Expedited Review - New construction of a TWO-UNIT RES.
Bldg 2 2-Story SF Res [4bed 3bath] with attached Garage","1117 GUNTER STREET BLDG 2",30.265651,-97.698376
"639","1117 GUNTER ST BLDG 1","ePlan: Residential Expedited Review - New construction of a TWO-UNIT RES. Bldg 1 2-Story SF Res [3bed 2.5bath] with attached Garage.","1117 GUNTER STREET BLDG 1",30.265651,-97.698376
"640","13324 KINCANE DR","1360BR NEW 3 BEDROOM 2 BATH RESIDENTIAL HOME WITH ATTACHED GARAGE COVERED FRONT PORCH AND REAR PATIO","13324 KINCANE DRIVE",30.149377,-97.626964
"641","1220 ETERNITY TER","ePlan: Residential Expedited Review - New construction of a 2-Story Single Family Res. [5bed 5bath] with Attached Garage","1220 ETERNITY TER",30.285382,-97.832375
"642","3414 SPANISH OAK DR","New 2--story residence with attached 2-car garage covered patio 6  bedroom 4.5 bathroom (pool is existing & to remain).","3414 SPANISH OAK DRIVE",30.327833,-97.769922
"643","8512 AMBERGILL CT","New construction single-family residential 1-story 4 bedroom 3.5 bath with attached 3-car garage covered front porch and covered patio.","8512 AMBERGILL CT",30.145447,-97.707015
"644","2102 LA CASA DR","ePlan: Residential Expedited Review - New construction of a 2-Story Single Family Res. [4bed 5.5bath] with Attached Carport.","2102 LA CASA DRIVE",30.247141,-97.779616
"645","1718 JUSTIN LN","Building 2 New 2 Story SFR rear of main house

Revision:
Revise foundation of screened patio in rear of main house to be pier and beam instead of concrete slab","1718 JUSTIN LANE",30.342819,-97.730674
"646","13209 KEEFER DR","Dexter 3317 C Left New - 2 Story SFR CONDOMINUM w/ 3 bedrooms 2.5 bathrooms attached 2 car garage covered entry porch and patio FFE: 681.02 Site Plan: SP-2021-0328C Site Plan Exp.: 01/09/27 Max Bld height: 30 Actual Bld height: 30-0 required parking: 2.","13209 KEEFER DRIVE",30.114851,-97.815092
"647","1207 PEREZ ST BLDG 1","ePlan: Residential Expedited Review - New construction of a 2-Story Single Family Res. [3bed 2.5bath] with Attached Garage. Bldg 1","1207 PEREZ STREET BLDG 1",30.278829,-97.691713
"648","13108 INCLINE DR","Estonian 3316 A Left New - 2 Story SFR CONDOMINUM w/ 4 bedrooms 3 bathrooms attached 2 car garage covered entry porch and patio FFE: 691.88 Site Plan: SP-2021-0328C Site Plan Exp.: 01/09/27 Max Bld height: 30 Actual Bld height: 30-0 required parking: 2.","13108 INCLINE DRIVE",30.114877,-97.813107
"649","8206 PEERLESS PASS","*Green Building* New 2-story 4 bedroom 3.5 bathroom single family residence with attached garage covered front porch and rear covered patio.","8206 PEERLESS PASS",30.153004,-97.73116
"650","1008 BRICKELL LOOP UNIT B","New construction of 2 story duplex (attached condo) each with 3 beds 2.5 baths and attached 2 car garage - UNIT B","1008 BRICKELL LOOP UNIT B",30.149831,-97.705254
"651","13213 KEEFER DR","Estonian 3316 C Left New - 2 Story SFR CONDOMINUM w/ 3 bedrooms 2.5 bathrooms attached 2 car garage covered entry porch and patio FFE: 680.46 Site Plan: SP-2021-0328C Site Plan Exp.: 01/09/27 Max Bld height: 26-11 Actual Bld height: 26-11 required parking: 2.","13213 KEEFER DRIVE",30.114612,-97.815096
"652","7302 STITZEL WELLER DR","PUD New SFR 1- Story 3bedroom 2 baths with attached 2-car garage covered front porch and covered rear patio","7302 STITZEL WELLER DRIVE",30.148298,-97.726811
"653","11900 PECAN CREEK PKWY BLDG 2","Bldg. 2: New detached dwelling (1br/1ba)","11900 PECAN CREEK PKWY BLDG 2",30.452524,-97.809822
"654","1207 PEREZ ST BLDG 2","ePlan: Residential Expedited Review - New construction of a 2-Story Single Family Res. [3bed 2.5bath] with Attached Carport. Bldg 2","1207 PEREZ STREET BLDG 2",30.278829,-97.691713
"655","13211 KEEFER DR","Galloway 3312 B Left New - 1 Story SFR CONDOMINUM w/ 3 bedrooms 2 bathrooms attached 2 car garage covered entry porch and patio FFE: 680.73 Site Plan: SP-2021-0328C Site Plan Exp.: 01/09/27 Max Bld height: 21-10 Actual Bld height: 21-10 required parking: 2.","13211 KEEFER DRIVE",30.114733,-97.815102
"656","1008 BRICKELL LOOP UNIT A","New construction of 2 story duplex (attached condo) each with 3 beds 2.5 baths and attached 2 car garage

PUD","1008 BRICKELL LOOP UNIT A",30.149831,-97.705254
"657","13207 KEEFER DR","Brahman 3318 A Left New - 2 Story SFR CONDOMINUM w/ 4 bedrooms 2.5 bathrooms attached 2 car garage covered entry porch and patio FFE: 681.29 Site Plan: SP-2021-0328C Site Plan Exp.: 01/09/27 Max Bld height: 28-10 Actual Bld height: 28-10 required parking: 2","13207 KEEFER DRIVE",30.114968,-97.815232
"658","6700 VINE ST","ePlan: Residential Expedited Review - New construction of a 1-Story Single Family Res. [5bed 4.5bath] with Attached Garage.","6700 VINE STREET",30.345798,-97.744016
"659","2514 WOOLDRIDGE DR","New construction of a single family residence with basement two stories above pool and outdoor living area.","2514 WOOLDRIDGE DRIVE",30.29402,-97.752225
"660","9108 BOATHOUSE DR","New 2-story SFR with 5 bedrooms 4 bathrooms attached 2-car garage covered entry porch and patio","9108 BOATHOUSE DRIVE",30.145789,-97.709036
"661","7006 CIRCLE S RD","New construction of SFR mobile home.  The carports shown on the plans were removed from the scope of work at the applicants request.  Addition of the carports will require a revision or a new separate permit application.","7006 CIRCLE SOUTH ROAD",30.188001,-97.779284
"662","6801 WENTWORTH DR","Unit C New 2 story 4-Unit Townhomes (Reconstruction of townhouse building due to fire partial foundation to be reused)","6801 WENTWORTH DRIVE",30.294183,-97.630436
"663","16812 WIND CHIME DR","*Green Building* New 2-story 4 bedroom 3.5 bathroom single family residence with attached garage covered front porch and rear covered patio.","16812 WIND CHIME DRIVE",30.295056,-97.550042
"664","9116 HAMADRYAS DR","New 1-story SFR with 3 bedrooms 2 bathrooms attached 2-car garage covered entry porch and patio","9116 HAMADRYAS DRIVE",30.144861,-97.709205
"665","9109 THE RAVINE WAY","New construction single-family residential 1-story 4 bedroom 3 bath with attached 3-car garage covered front porch and covered rear patio.","9109 THE RAVINE WAY",30.146067,-97.708807
"666","9404 HAMADRYAS DR","New single-story SFR with attached garage covered porch and covered patio *PRODUCTION BUILDER- GREEN BUILDING*","9404 HAMADRYAS DRIVE",30.143853,-97.707023
"667","7300 STITZEL WELLER DR","New 2-story single family residence 3 bed/2.5 bath with attached garage covered front porch and covered rear patio Green Building","7300 STITZEL WELLER DRIVE",30.148217,-97.726905
"668","9413 BOATHOUSE DR","*GREEN BUILDING* New construction single-family residential 1-story 3 bedroom 2.5 bath with attached 2-car garage covered front porch and covered rear patio.  GREEN BUILDING*","9413 BOATHOUSE DRIVE",30.144031,-97.706581
"669","9212 HAMADRYAS DR","New 1-story SFR with 4 bedrooms 3 bathrooms attached 2 car garage covered entry porch and patio","9212 HAMADRYAS DRIVE",30.144513,-97.708412
"670","8801 BREEZE HILL DR","New SFR 1- Story 4 bedroom 2.5 bath with attached 2-car garage covered front porch and covered rear patio

PUD","8801 BREEZE HILL DRIVE",30.145143,-97.71373
"671","8708 PERISTYLE DR","New construction of 2 story SFR with 4 beds 3.5 baths with attached 2 car garage covered entry porch and patio

PUD","8708 PERISTYLE DRIVE",30.145568,-97.709975
"672","8812 FALLKILL DR","New Construction single-family residential 2-story 4 bedroom 3.5 bath with attached 3-car garage covered front porch and covered rear patio.","8812 FALLKILL DRIVE",30.141937,-97.708006
"673","7051 MEADOW LAKE BLVD UNIT 7101","7101: New construction single family residential 2-story 3 bedroom 2.5 bath with covered front porch and covered rear patio.","7051 MEADOW LAKE BOULEVARD UNIT 7101",30.177113,-97.755088
"674","7051 MEADOW LAKE BLVD UNIT 7102","7102: New construction single family residential 2-story 3 bedroom 2.5 bath with covered front porch and covered rear patio.","7051 MEADOW LAKE BOULEVARD UNIT 7102",30.177113,-97.755088
"675","7304 STITZEL WELLER DR","New 2-story single family residence 4 bed/2.5 bathroom with attached garage covered front porch and patio green building","7304 STITZEL WELLER DRIVE",30.1484,-97.726739
"676","4207 WOODWAY DR","ePlan: Residential Expedited Review - New construction of a 1-Story Single Family Res. [4 bed 3bath] with Attached Garage covered porch/patio.","4207 WOODWAY DRIVE",30.364322,-97.767149
"677","1907 ALEGRIA RD","ePlan: Residential Expedited Review - New construction of a 2-Story Single Family Res. [4bed 3.5bath] with Attached Carport","1907 ALEGRIA ROAD",30.336512,-97.736093
"678","1909 PAYNE AVE","ePlan: Residential Expedited Review - New construction of a 2-Story Single Family Res. [5bed 3.5bath] with Habitable Attic Attached Carport","1909 PAYNE AVE",30.337955,-97.734943
"679","9803 RIBELIN RANCH CT BLDG 18","New construction of single building based on Volume Builder Approved (2024-067871 VB) Plan 11-DB-L. This is a 3 Story building with height of 38-6 and 3405 square feet.","9803 RIBELIN RANCH CT BLDG 18",30.391205,-97.828986
"680","2003 BIG HORN DR","New 1-story SFR w/ 1 bedrooms 1  bathrooms *VESTED RIGHTS DETERMINATION* (See Revision 1)","2003 BIG HORN DRIVE",30.369924,-97.915248
"681","7051 MEADOW LAKE BLVD UNIT 7103","7103: New construction single family residential 2-story 3 bedroom 2.5 bath with covered front porch and covered rear patio.","7051 MEADOW LAKE BOULEVARD UNIT 7103",30.177113,-97.755088
"682","7051 MEADOW LAKE BLVD UNIT 7104","7104: New construction single family residential 2-story 3 bedroom 2.5 bath with covered front porch and covered rear patio.","7051 MEADOW LAKE BOULEVARD UNIT 7104",30.177113,-97.755088
"683","4605 AVENUE F","ePlan: Residential Expedited Review - New construction of a 2-Story Single Family Res. [5bed 4bath] with Attached Carport.","4605 AVENUE F",30.310527,-97.725737
"684","512 POWELL CIR","New 2 story SFR 3 bed 3.5 bath with attached garage","512 POWELL CIR",30.235164,-97.763087
"685","908 E 13TH ST BLDG 2","Relocate existing 1-story 1 bedroom 1 bathroom dwelling unit on property to a new location within the property.","908 EAST 13TH STREET BLDG 2",30.273701,-97.729522
"686","13102 INCLINE DR","Galloway 3312 B Left New - 1 Story SFR CONDOMINUM w/ 3 bedrooms 2 bathrooms attached 2 car garage covered entry porch and patio FFE: 688.98 Site Plan: SP-2021-0328C Site Plan Exp.: 01/09/27 Max Bld height: 22-5 Actual Bld height: 22-5 required parking: 2.","13102 INCLINE DRIVE",30.115288,-97.813264
"687","7001 STITZEL WELLER DR","*Green Building* New 2-story 4 bedroom 3.5 bathroom single family residence with attached garage covered side porch and rear covered patio.","7001 STITZEL WELLER DRIVE",30.146713,-97.729672
"688","1942 WEBBERVILLE RD BLDG 1","Bldg #1 New 3-story dwelling unit 4 bed/4 bath with attached garage covered porch and balcony","1942 WEBBERVILLE ROAD BLDG 1",30.283759,-97.672895
"689","1940 WEBBERVILLE RD BLDG 2","Bldg #2 New 2-story dwelling unit 3 bed/3 bath attached garage covered porch and balcony","1940 WEBBERVILLE ROAD BLDG 2",30.283886,-97.673174
"690","8204 ELIJAH CRAIG WAY","New two-story SFR with 3.5 bath 4 bedrooms attached garage covered patio and covered porch","8204 ELIJAH CRAIG WAY",30.152673,-97.730281
"691","1936 WEBBERVILLE RD","New construction 2-nit use single family residenital 3-story 4 bedroom 3.5 bath with office attached 1-car garage covered front porch covered rear patio and 2nd story balcony.","1936 WEBBERVILLE ROAD",30.283672,-97.673235
"692","1932 WEBBERVILLE RD BLDG 2","Bldg #2 New 2-story dwelling unit 3 bed/3 bath covered porches and balcony","1932 WEBBERVILLE ROAD BLDG 2",30.283644,-97.673431
"693","1932 WEBBERVILLE RD BLDG 1","Bldg #1 New 2-story dwelling unit with habitable attic 4 bed/3.5 bath attached garage covered porch uncovered porch and balcony","1932 WEBBERVILLE ROAD BLDG 1",30.283644,-97.673431
"694","1928 WEBBERVILLE RD BLDG 2","BLDG #2 New 2 story dwelling unit 2 bed/3 bath with attached garage covered front porch covered patio and balcony","1928 WEBBERVILLE ROAD BLDG 2",30.283578,-97.673623
"695","1942 WEBBERVILLE RD BLDG 2","Bldg #2 New 2-story dwelling unit 3 bed/3 bath with attached garage covered porch and balcony","1942 WEBBERVILLE ROAD BLDG 2",30.283759,-97.672895
"696","13106 INCLINE DR","Brahman 3318 B Left New - 2 Story SFR CONDOMINUM w/ 4 bedrooms 2.5 bathrooms attached 2 car garage covered entry porch and patio FFE: 690.91 Site Plan: SP-2021-0328C Site Plan Exp.: 01/09/27 Max Bld height: 31 Actual Bld height: 31-0 required parking: 2.","13106 INCLINE DRIVE",30.115003,-97.813131
"697","7005 STITZEL WELLER DR","New 2-story single family residence 4 bed/3.5 bath attached garage covered porch and patio Green building","7005 STITZEL WELLER DRIVE",30.146771,-97.729417
"698","1928 WEBBERVILLE RD BLDG 1","BLDG #1 New 3-story dwelling unit 2 bed/3.5 bath attached garage covered front porch covered patio balcony and driveway approach","1928 WEBBERVILLE ROAD BLDG 1",30.283578,-97.673623
"699","1940 WEBBERVILLE RD BLDG 1","Bldg #1 New 3-story dwelling unit 4 bed/3.5 bath with attached garage covered porch and balcony","1940 WEBBERVILLE ROAD BLDG 1",30.283886,-97.673174
"700","1936 WEBBERVILLE RD BLDG 2","New construction 2-unit use single-family residential 2-story 3 bedroom 2.5 bath with attached 2-car garage covered front porch and 2nd story balcony.","1936 WEBBERVILLE ROAD BLDG 2",30.283672,-97.673235
"701","13104 INCLINE DR","Highland 3313 C Left New - 1 Story SFR CONDOMINUM w/ 4 bedrooms 2 bathrooms attached 2 car garage covered entry porch and patio FFE: 689.95 Site Plan: SP-2021-0328C Site Plan Exp.: 01/09/27 Max Bld height: 25 Actual Bld height: 25-0 required parking: 2.","13104 INCLINE DRIVE",30.115131,-97.81314
"702","8310 ELIJAH CRAIG WAY","New construction of single family dwelling with 4 bedrooms and 3.5 baths 2 car garage rear patio and front porch

PUD","8310 ELIJAH CRAIG WAY",30.151527,-97.731048
"703","2801 HORSESHOE BEND CV","ePlan: Residential Expedited Review - New construction of a 2-Story Single Family Res. [5bed 5.5bath] with Attached Garage","2801 HORSESHOE BEND CV",30.248869,-97.794655
"704","9112 BOATHOUSE DR","New 2-story single family residence 4 bed/3 bath with attached garaged covered front porch and rear patio green building","9112 BOATHOUSE DRIVE",30.145721,-97.708902
"705","8106 PEERLESS PASS","New construction of single family dwelling with 4 bedrooms and 3.5 baths 2 car garage rear patio and front porch

PUD","8106 PEERLESS PASS",30.153853,-97.730657
"706","2503 S 4TH ST BLDG 3","Bldg 3 New 2-story single family residence 2 bed/2 bath with covered porch and balcony","2503 SOUTH 4TH STREET BLDG 3",30.241212,-97.763765
"707","4411 MOUNT VERNON DR UNIT B","ePlan: Residential Expedited Review - New construction of a 3-Story Duplex [3bed 2.5bath] with attached Carport and Autofill Pool. 4411 Mount Vernon Dr Unit B","4411 MOUNT VERNON DRIVE UNIT B",30.222845,-97.778007
"708","904 W ELIZABETH ST","ePlan: Residential Expedited Review - New construction of a 2-Story Single Family Res. [4bed 4bath] with Habitable Attic","904 WEST ELIZABETH STREET",30.252585,-97.758166
"709","4413 GILLIS ST BLDG 3","ePlan: Residential Expedited Review - New construction of a 3-Story Single Family Res. [4bed 4bath] with Attached Carport and Autofill Pool. Bldg 3","4413 GILLIS STREET BLDG 3",30.225186,-97.782575
"710","5609 FORKS RD","New 2-story single family residence/condo 3 bedroom 2.5 bathroom attached garage and porch green building smart housing","5609 FORKS ROAD",30.148677,-97.753427
"711","4413 GILLIS ST BLDG 1","ePlan: Residential Expedited Review - New construction of a 2-Story Single Family Res. [3bed 2.5bath] with Attached Carport and Autofill Pool. Bldg 1","4413 GILLIS STREET BLDG 1",30.225186,-97.782575
"712","2503 S 4TH ST BLDG 1","Bldg 1 New 3-story single family residence 3 bed/ 3.5 bath with attached carport covered porch balcony and driveway","2503 SOUTH 4TH STREET BLDG 1",30.241212,-97.763765
"713","4413 GILLIS ST BLDG 2","ePlan: Residential Expedited Review - New construction of a 2-Story Single Family Res. [3bed 3bath]. Bldg 2","4413 GILLIS STREET BLDG 2",30.225186,-97.782575
"714","4411 MOUNT VERNON DR UNIT A","ePlan: Residential Expedited Review - New construction of a 3-Story Duplex [3bed 2.5bath] with attached Carport and Autofill Pool. 4411 Mount Vernon Dr Unit A","4411 MOUNT VERNON DRIVE UNIT A",30.222845,-97.778007
"715","2606 PEMBROOK TRL","ePlan: Residential Expedited Review - New construction of a 2-Story Single Family Res. [5bed 4bath] with Habitable Attic and Attached Carport","2606 PEMBROOK TRAIL",30.321017,-97.746712
"716","10500 FOUNDATION RD","New construction of 2 story SFR 5 bed 5.5 bath with attached garage","10500 FOUNDATION ROAD",30.443294,-97.831403
"717","12118 SAGRADA ST","2245CR NEW 2 STORY 3 BEDROOM 2 1/2 BATH SINGLE FAMILY RESIDENTIAL HOME WITH ATTACHED GARAGE COVERED FRONT PORCH AND REAR PATIO","12118 SAGRADA STREET",30.129157,-97.807446
"718","910 PLATEAU CIR","ePlan: Residential Expedited Review - New construction of a 2-Story Single Family Res. [3bed 2.5bath] with Attached Carport and Autofill Pool. 910 Plateau Cir","910 PLATEAU CIR",30.222642,-97.778131
"719","2503 S 4TH ST BLDG 2","Bldg 2 New 2-story single family residence 2 bed/2.5 Bath with attached garage covered porch balcony and driveway","2503 SOUTH 4TH STREET BLDG 2",30.241212,-97.763765
"720","12516 SAINT THOMAS DR","Callaghan 830-N-L Is a New one-story single-family residence with (4) bedrooms (2) bathrooms an attached two-car garage and a covered entry porch and patio.","12516 SAINT THOMAS DRIVE",30.180018,-97.618066
"721","2805 OAK HAVEN DR","New construction of 2 story SFR with 4 beds 5.5 baths new pool","2805 OAK HAVEN DRIVE",30.247364,-97.78454
"722","10405 WOMMACK RD","New construction of a 1-Story Single Family Res. [3 bed 2.5 bath] with Attached/Detached Garage covered patio.","10405 WOMMACK ROAD",30.170586,-97.832697
"723","12512 SAINT THOMAS DR","Matador 870-N-L Is a New two-story single-family residence with (4) bedrooms (2.5) bathrooms an attached two-car garage and a covered entry porch and patio.","12512 SAINT THOMAS DRIVE",30.180095,-97.618182
"724","600 GAYLOR ST","600 Gaylor St (Bldg B) New 2-story dwelling unit 2 bed/2.5 bath with attached carport covered porch balcony and terrace

Main plans with 602 Gaylor St","600 GAYLOR STREET",30.332986,-97.717853
"725","602 GAYLOR ST","602 Gaylor St (Bldg A) New 2-story dwelling unit 3 bed /3.5 bath with attached garage covered porch balcony and terrace","602 GAYLOR STREET",30.333149,-97.717955
"726","603 CANION ST","603 Canion St (Bldg C) New 2-story dwelling unit 2 bed/2.5 bath with attached carport covered porch balcony and terrace  

Main plans with 602 Gaylor St address","603 CANION STREET",30.333279,-97.717892
"727","4304 AVENUE C","New 2-story single family residence 4 bed/3.5 bath with attached carport and covered porches All existing asphalt paving to be removed.","4304 AVENUE C",30.307685,-97.731654
"728","17217 ASTRAL LN","New construction of 2 story SFR with 5 beds 4 baths with attached garage and covered porch

PUD","17217 ASTRAL LANE",30.296267,-97.546563
"729","6917 CIELO AZUL PASS","ePlan: Residential Expedited Review - New construction of a 2-Story Single Family Res. [1bed 1.5bath] with attached garage. Work to include Open pavilion and outdoor kitchen.  See also 1st. floor gym / game room.","6917 CIELO AZUL PASS",30.411727,-97.874328
"730","9204 HAMADRYAS DR","*Green Building* New 2-story 4 bedroom 3 bathroom single family residence with attached garage covered front porch and rear covered patio.","9204 HAMADRYAS DRIVE",30.144636,-97.708693
"731","9500 HAMADRYAS DR","New 2 story SFR with 4 bedrooms 4.5 bathrooms attached car garage covered porch and patio.","9500 HAMADRYAS DRIVE",30.143622,-97.706529
"732","8613 PEAFOWL ST","New 2 Story single family residence with 4 bedrooms 4 1/2 bathrooms attached 2 car garage covered entry porch and patio.","8613 PEAFOWL STREET",30.146205,-97.709989
"733","5204 GLISSMAN RD--BLDG 1","ePlan: Residential Expedited Review - New TWO UNIT RES. 
Bldg 1 New construction of a 2-Story SF Res [3bed 2.5bath] with Attached Garage","5204 GLISSMAN ROAD BLDG 1",30.255979,-97.693957
"734","5204 GLISSMAN RD--BLDG 2","ePlan: Residential Expedited Review - New TWO UNIT RES. 
Bldg 2 New construction of a 2-Story SF Res [4bed 3bath] with attached Garage","5204 GLISSMAN ROAD BLDG 2",30.255979,-97.693957
"735","3004 GREENLAWN PKWY","ePlan: Residential Expedited Review - New construction of a 2-Story Single Family Res. [5bed 4bath] with Habitable Attic Attached Garage","3004 GREENLAWN PKWY",30.352316,-97.743313
"736","1521 MADISON AVE","New construction of a 2-Story Single Family Res. [5 bed 5 bath] Covered porches Attached Carport.","1521 MADISON AVE",30.344751,-97.726976
"737","713 MERIDEN LN","ePlan: Residential Expedited Review - New construction of a 2-Story Single Family Res. [4bed 4bath] with Habitable Attic basement and Attached Garage","713 MERIDEN LANE",30.281191,-97.77061
"738","136 FREDERICK ST","New construction two-family residential duplex 2-story 5 bedroom (Unit A: 3 bedroom; Unit B: 2 bedroom) 2.5 bath (both units) with attached 1-car garage (unit A) covered front porch (both units) and balcony (both units).","136 FREDERICK STREET",30.231308,-97.761719
"739","8604 TURACO TRL","New 2 Story Single Family residence with 4 bedrooms 4 1/2 bathrooms attached 3 car garage covered entry porch and patio.","8604 TURACO TRAIL",30.145022,-97.706929
"740","2502 GREENLAWN PKWY","ePlan: Residential Expedited Review - New construction of a 1-Story Single Family Res. [5bed 3.5bath] with Attached Garage","2502 GREENLAWN PKWY",30.349278,-97.737123
"741","7307 HARTNELL DR BLDG 2","Retroactively permit existing second unit on single-family lot. Removal of dangerously diseased Hackberry per Preliminary Tree Review.","7307 HARTNELL DRIVE BLDG 2",30.32179,-97.675312
"742","9317 DINGO DR","New 2-story single family residence  4 bedroom/3.5 bathrooms with attached garage covered porch and patio","9317 DINGO DRIVE",30.140425,-97.709569
"743","1304 SWEET BARK ST","New construction two-unit use duplex 2-story 3 bedroom 2.5 bath with attached 2-car garage covered rear patio and covered side entry.","1304 SWEET BARK STREET",30.186844,-97.807661
"744","5215 MONARDA MINT DR","Coolidge 1027-V-L New 2-Story Single Family Residence with (5) bedrooms (3) bathrooms Attached Garage Covered Porch Cafe & Loft","5215 MONARDA MINT DRIVE",30.365334,-97.624301
"745","1306 SWEET BARK ST","New construction two-unit use duplex 2-story 3 bedroom 2.5 bath with attached 2-car garage covered rear patio and covered side entry.","1306 SWEET BARK STREET",30.186854,-97.807743
"746","4907 MAJESTIC DR BLDG 2","Bldg. 2: New 2 story SFR with attached garage covered front porch and covered patio.
3 bedroom 2.5 bath","4907 MAJESTIC DRIVE BLDG 2",30.219899,-97.78741
"747","4907 MAJESTIC DR BLDG 3","Bldg. 3: New 2 story SFR with attached garage covered front porch and covered patio.
3 bedroom 2.5 bath","4907 MAJESTIC DRIVE BLDG 3",30.219899,-97.78741
"748","4907 MAJESTIC DR BLDG 1","Bldg. 1: New 2 story SFR with attached garage covered front porch and covered patio.
3 bedroom 2.5 bath","4907 MAJESTIC DRIVE BLDG 1",30.219899,-97.78741
"749","1201 VIOLA LEE LN","1201 Viola Lee Ln New construction of a 2-story duplex with 3 bedrooms 2.5 bathrooms and attached garage","1201 VIOLA LEE LANE",30.186752,-97.80742
"750","8701 COLLINGWOOD DR - BLDG 2","Bldg 2 New detached one story second unit","8701 COLLINGWOOD DRIVE BLDG 2",30.188842,-97.82413
"751","6105 ADHARA PASS","New construction of 2 story SFR condo with 5 or 6 bedroom option 5.5 baths overed patio and porch and covered front deck with 3 car attached tandem garage","6105 ADHARA PASS",30.385615,-97.844329
"752","1804 CULLEN AVE","ePlan: Residential Expedited Review - New construction of a 2-Story Single Family Res. [5bed 4bath] with Attached Carport","1804 CULLEN AVE",30.34407,-97.730922
"753","5912 HAROLD CT UNIT 108","New 3-story townhouse condominium residential building with three units. Unit 108 with (2) bedrooms (2.5) bathrooms attached garage attached carport storage room attic and covered patios.","5912 HAROLD CT UNIT 108",30.269257,-97.674937
"754","2201 CANTERBURY ST UNIT B","UNIT 2 INCLUDES A BATHROOM KITCHENETTE AND BASEMENT.","2201 CANTERBURY STREET UNIT B",30.253708,-97.721491
"755","5001 PECAN SPRINGS RD BLDG 21","New construction of 3 story SFR condo 3 bed 3.5 bath with attached garage","5001 PECAN SPRINGS ROAD BLDG 21",30.294255,-97.681378
"756","5912 HAROLD CT UNIT 107","New 3-story townhouse condominium residential building with three units. Unit 107 with (3) bedrooms (3.5) bathrooms attached garage loft and covered patios.","5912 HAROLD CT UNIT 107",30.269257,-97.674937
"757","7000 WOODFORD WAY","New construction single-family residential 2-story 4 bedroom 3.5 bath with attached 2-car garage covered front porch and covered rear patio. 

PUD","7000 WOODFORD WAY",30.147944,-97.729858
"758","5912 HAROLD CT UNIT 405","New 3-story townhome condominium residential building with six units. Unit 405 with (3) bedrooms (3.5) bathrooms attached garage loft and covered patios.","5912 HAROLD CT UNIT 405",30.269257,-97.674937
"759","5607 TURA LN BLDG 1","ePlan: Residential Expedited Review - New TWO UNIT RES. Bldg 1 New construction of a 2-Story SF Res [3bed 2.5bath] with Attached Carport","5607 TURA LANE BLDG 1",30.267615,-97.680879
"760","5912 HAROLD CT UNIT 106","New 3-story townhouse condominium residential building with three units. Unit 106 with (2) bedrooms (2.5) bathrooms attached garage and covered patios.","5912 HAROLD CT UNIT 106",30.269257,-97.674937
"761","5912 HAROLD CT UNIT 404","New 3-story townhome condominium residential building with six units.Unit 404 with (2) bedrooms (2.5) bathrooms attached garage and covered patios.","5912 HAROLD CT UNIT 404",30.269257,-97.674937
"762","5607 TURA LN BLDG 2","ePlan: Residential Expedited Review - New TWO UNIT RES.
Bldg 2 New construction of a 2-Story SF Res [3bed 3.5bath] with attached Carport","5607 TURA LANE BLDG 2",30.267615,-97.680879
"763","5912 HAROLD CT UNIT 402","New 3-story townhome condominium residential building with six units. Unit 402 with (2) bedrooms (2.5) bathrooms attached garage and covered patios.","5912 HAROLD CT UNIT 402",30.269257,-97.674937
"764","5912 HAROLD CT UNIT 403","New 3-story townhome condominium residential building with six units. Unit 403 with (3) bedrooms (3.5) bathrooms attached garage loft and covered patios. .","5912 HAROLD CT UNIT 403",30.269257,-97.674937
"765","5912 HAROLD CT UNIT 406","New 3-story townhome condominium residential building with six units. Unit 406 with (2) bedrooms (2.5) bathrooms attached garage and covered patios.","5912 HAROLD CT UNIT 406",30.269257,-97.674937
"766","5912 HAROLD CT UNIT 401","New 3-story townhome condominium residential building with six units. Unit 401 with (3) bedrooms (3.5) bathrooms attached garage loft and covered patios.","5912 HAROLD CT UNIT 401",30.269257,-97.674937
"767","8813 GOLDEN LION DR","New construction of 2 story SFR with 4 beds 3.5 baths attached 3 car garage covered entry porch andptio

PUD","8813 GOLDEN LION DRIVE",30.144158,-97.713324
"768","9317 CORVALLIS DR","Esparanza S426 C Left New - 1 Story SFR w/ 4 bedrooms 3 bathrooms attached 2 car garage covered entry porch and patio required parking: 2.","9317 CORVALLIS DRIVE",30.142757,-97.734314
"769","4513 BEACON BAY DR","Eisenhower S406 C Right New -  2 Story SFR w/ 5 bedrooms 3 bathrooms attached 2 car garage covered entry porch and patio required parking: 2.","4513 BEACON BAY DRIVE",30.125965,-97.792302
"770","1059 BRICKELL LOOP UNIT A","New construction of 2 story duplex (attached condo) each with 3 beds 2.5 baths and attached 2 car garage

PUD","1059 BRICKELL LOOP UNIT A",30.148572,-97.704479
"771","4717 LAVA ISLAND DR","Falcon S404 C Left New - 2 Story SFR w/ 4 bedrooms 2.5 bathrooms attached 2 car garage covered entry porch and patio required parking: 2.","4717 LAVA ISLAND DRIVE",30.124206,-97.791417
"772","9409 GLADSOME PATH","New construction single-family residential 2-story 4 bedroom 3 bath with attached 2-car garage covered front porch and covered rear patio.","9409 GLADSOME PATH",30.292064,-97.546913
"773","9313 CORVALLIS DR","Eastland S352 C Right New - 1 Story SFR w/ 4 bedrooms 2 bathrooms attached 2 car garage covered entry porch and patio required parking: 2.","9313 CORVALLIS DRIVE",30.14287,-97.734261
"774","7003 STITZEL WELLER DR","New construction of single family dwelling with 4 bedrooms and 3.5 baths 2 car garage rear patio and front porch","7003 STITZEL WELLER DRIVE",30.146757,-97.729551
"775","4620 LAVA ISLAND DR","Falcon S404 B LEFT New - 2 Story SFR w/ 4 bedrooms 2.5 bathrooms attached 2 car garage covered entry porch and patio required parking: 2.","4620 LAVA ISLAND DRIVE",30.12451,-97.792123
"776","2617 DELWOOD PL UNIT A","ePlan: Residential Expedited Review - New construction of a 2-Story Duplex [5bed 4bath]","2617 DELWOOD PLACE UNIT A",30.300884,-97.762859
"777","1059 BRICKELL LOOP UNIT B","Unit B - New construction of 2 story duplex (attached condo) each with 3 beds 2.5 baths and attached 2 car garage

PUD","1059 BRICKELL LOOP UNIT B",30.148572,-97.704479
"778","4709 LAVA ISLAND DR","Caprock S405 C Left New - 2 Story SFR w/ 4 bedrooms 2.5 bathrooms attached 2 car garage covered entry porch and patio required parking: 2.","4709 LAVA ISLAND DRIVE",30.124151,-97.791754
"779","9301 FURMAN DR","Magellan S419 C Right New - 1 Story SFR w/ 5 bedrooms 3 bathrooms attached 2 car garage covered entry porch and patio required parking: 2.","9301 FURMAN DRIVE",30.142827,-97.735245
"780","2006 KIT CIR","New construction of 3 story SFR 5 beds 3.5 baths recreated room covered patio 1st and 2nd floor and covered entry 2 car attached garage","2006 KIT CIR",30.405571,-97.686572
"781","9113 THE RAVINE WAY","*Green Building* New 2-story 4 bedroom 3 bathroom single family residence with attached garage covered front porch and rear covered patio.","9113 THE RAVINE WAY",30.145981,-97.708654
"782","2617 DELWOOD PL UNIT B","ePlan: Residential Expedited Review - New construction of a 2-Story Duplex [2bed 2bath] with attached Garage. Unit B","2617 DELWOOD PLACE UNIT B",30.300884,-97.762859
"783","4516 LAVA ISLAND DR","Abilene S402 A Left New - 1 Story SFR w/ 2 bedrooms 2 bathrooms attached 2 car garage covered entry porch and patio required parking: 2.","4516 LAVA ISLAND DRIVE",30.124716,-97.792966
"784","5214 MONARDA MINT DR","Coolidge 1027-U-R New 2-Story Single Family Residence with (4) bedrooms (3) bathrooms Attached Garage Covered Patio & Porch Cafe & Loft","5214 MONARDA MINT DRIVE",30.365571,-97.623783
"785","8917 PALLAS CAT DR","*Green Building* New 2-story 4 bedroom 3 bathroom single family residence with attached garage covered front porch and rear covered patio.","8917 PALLAS CAT DRIVE",30.143126,-97.713078
"786","9208 CALVERT WAY","PB: New construction of 2 story SFR 4 bed 3.5 bath with attached garage front covered porch and rear covered patio","9208 CALVERT WAY",30.14226,-97.710247
"787","4518 MERLE DR","ePlan: Residential Expedited Review - New construction of a 1-Story Single Family Res. [4bed 3.5bath] with Attached Garage and Autofill Pool.","4518 MERLE DRIVE",30.226713,-97.789297
"788","5103 MONARDA MINT DR","Gustine 2983-LS202-L New 2-Story Single Family Residence with (5) bedrooms (3) bathrooms Attached Garage Covered Patio & Porch Cafe & Loft","5103 MONARDA MINT DRIVE",30.366792,-97.624478
"789","9401 DINGO DR","PB: New construction of 1 story SFR","9401 DINGO DRIVE",30.140347,-97.709371
"790","1701 CROWN DR","ePlan: Residential Expedited Review - New construction of a 2-Story Single Family Res. [4bed 4bath] with Habitable Attic Attached Garage","1701 CROWN DRIVE",30.224767,-97.787421
"791","2014 E 10TH ST--PRIMARY","New construction of a 2-Story Single Family Residence with 3rd floor habitable attic balcony and uncovered wood deck  [4 bed 4 bath]. Single-family use.","2014 EAST 10TH STREET",30.264589,-97.718595
"792","8208 FRITILLARY DR","New construction of 2 story SFR Condo with 2 beds 2.5 baths porch (adding temporary office to garage area convert back before occupation)

PUD","8208 FRITILLARY DRIVE",30.141861,-97.71976
"793","5217 MONARDA MINT DR","Monroe 2191-LS201-R New 2-Story Single Family Residence with (4) bedrooms (3) bathrooms Attached Garage Covered Patio & Porch Cafe & Loft","5217 MONARDA MINT DRIVE",30.365237,-97.624239
"794","4518 MERLE DR BLDG 2","ePlan: Residential Expedited Review - New construction of a 1-Story Single Family Res. [1bed 1bath]. Bldg 2","4518 MERLE DRIVE BLDG 2",30.226713,-97.789297
"795","6203 SHOALWOOD AVE","ePlan: Residential Expedited Review - New construction of a 2-Story Single Family Res. [5bed 4.5bath] with Attached Carport.","6203 SHOALWOOD AVE",30.338379,-97.741796
"796","1410 RAMBLING ROSE RD","New constuction of a 2-story single family dwelling in a condo regime. 3 BEDROOM 2.5 BATH 2 ATTACHED 2 CAR GARAGE","1410 RAMBLING ROSE ROAD",30.186182,-97.808924
"797","1002 BRENTWOOD ST BLDG 3","Bldg 3: New construction 3-unit use single-family residential 3-story 3 bedroom 3.5 bath with attached 1-car carport covered front proch 2nd floor rear uncovered wood balcony with exterior stairs and 3rd floor covered balcony.","1002 BRENTWOOD STREET BLDG 3",30.335376,-97.723768
"798","8821 GOLDEN LION DR","*Green Building* New construction single-family residential 1-story 3 bedroom 2.5 bath with attached 2-car garage covered front porch and covered rear patio.","8821 GOLDEN LION DRIVE",30.144102,-97.713162
"799","4909 WOODROW AVE BLDG 2","Building 2 New 3 Story SFR 3/2.5","4909 WOODROW AVE BLDG 2",30.320375,-97.737968
"800","1002 BRENTWOOD ST BLDG 2","Bldg 2: New construction 3-unit use single-family residential 3-story 3 bedroom 3.5 bath with attached 1-car carport covered front porch 2nd floor rear uncovered wood balcony with exterior stairs and 3rd floor covered balcony.","1002 BRENTWOOD STREET BLDG 2",30.335376,-97.723768
"801","4909 WOODROW AVE BLDG 3","Building 3 New 3 Story SFR 3/2.5","4909 WOODROW AVE BLDG 3",30.320375,-97.737968
"802","6005 MOONDUST LN","New SFR Site Plan Condo: 6 bedrooms 4 bathrooms covered patio/porch with 2-car or 3-car opt attached garage.","6005 MOONDUST LANE",30.383701,-97.842776
"803","4000 IDLEWILD RD","ePlan: Residential Expedited Review - New construction of a 1-Story Single Family Res. [4 bed 3bath] with Attached 2-car garage.","4000 IDLEWILD ROAD",30.313,-97.751791
"804","9104 HAMADRYAS DR","*Green Building* New 2-story 4 bedroom 3.5 bathroom single family residence with attached garage covered front porch and rear covered patio.","9104 HAMADRYAS DRIVE",30.145061,-97.709614
"805","1302 RAMBLING ROSE RD","New constuction of a 2-story single family dwelling in a condo regime. 3 Bedroom 2.5 Bath with attached 2 car garage","1302 RAMBLING ROSE ROAD",30.186214,-97.807664
"806","2409 E 22ND ST","ePlan: Residential Expedited Review - New TWO UNIT RES.Bldg 2 New construction of a 2-Story SF Res [2bed 2.5bath]","2409 EAST 22ND STREET",30.283577,-97.716363
"807","6508 AUBURNHILL BLDG 2","New second dwelling unit 1 story 1 bedroom 1 bath.  Existing residence to remain now 2-unit use.","6508 AUBURNHILL BLDG 2",30.314011,-97.677038
"808","4603 AVENUE C","New construction of 2 story SFR 4 bed 5 bath with attached carport front covered porch and rear covered patio","4603 AVENUE C",30.311637,-97.72846
"809","8909 NILGAI DR","New 1 story single family residence 4 bed/3.5 bath attached garage covered porch and patio green building","8909 NILGAI DRIVE",30.141856,-97.709485
"810","2110 MALDON PL","ePlan: Residential Expedited Review - New TWO UNIT RES. Bldg 1 New construction of a 2-Story Single Family Res. [3bed 3bath]","2110 MALDON PLACE",30.283591,-97.716286
"811","13216 KEEFER DR","Brahman 3318 B Right New - 2 Story SFR CONDOMINUM w/ 4 bedrooms 2.5 bathrooms attached 2 car garage covered entry porch and patio FFE: 680.23 Site Plan: SP-2021-0328C Site Plan Exp.: 01/09/27 Max Bld height: 31 Actual Bld height: 31-0 required parking: 2.","13216 KEEFER DRIVE",30.114368,-97.815682
"812","8216 FRITILLARY DR","New construction of SFR Condo with 3 beds 2.5 baths porch (temporary office to garage area will convert back to garage before occupation)

PUD","8216 FRITILLARY DRIVE",30.141813,-97.719671
"813","1002 BRENTWOOD ST BLDG 1","Bldg 1: New construction 3-unit usen single-family residential 2-story 3 bedroom 2.5 bath with attached 2-car garage covered front porch and covered rear patio.","1002 BRENTWOOD STREET BLDG 1",30.335376,-97.723768
"814","7414 GUADALUPE ST BLDG 1","Bldg 1: New construction 3-unit use single-family residential 3-story 4 bedroom 3.5 bath with attached 1-car carport covered front porch covered rear patio and 3rd floor balcony.","7414 GUADALUPE STREET BLDG 1",30.340042,-97.713244
"815","7414 GUADALUPE ST BLDG 3","Bldg 3:  New construction 3-unit use single-family residential 3-story 4 bedroom 3.5 bath with attached 1-car carport covered front porch covered rear patio and 3rd floor balcony.","7414 GUADALUPE STREET BLDG 3",30.340042,-97.713244
"816","7414 GUADALUPE ST BLDG 2","Bldg 2:  New construction 3-unit use single-family residential 3-story 4 bedroom 3.5 bath with attached 1-car carport covered front porch covered rear patio and 3rd floor balcony.","7414 GUADALUPE STREET BLDG 2",30.340042,-97.713244
"817","5607 FORKS RD","New 2-story sfr with 3 bedrooms 2.5 bathrooms and an attached 2-car garage.","5607 FORKS ROAD",30.148675,-97.75352
"818","21 SCOTT CRES","21 Scott Cres:  New larger unit of duplex 5 bedroom  4.5 bath","21 SCOTT CRES",30.299339,-97.760126
"819","10204 EPSILON WAY","New construction of 2 story SFR Condo with 5 or 6 bed option 5.5 baths covered patio covered porch and covered front deck with 3 car attached tandem garage","10204 EPSILON WAY",30.384756,-97.843316
"820","1408 RAMBLING ROSE RD","New construction of a 2-story single family dwelling in a condo regime. 3 Bedroom 2.5 bath 2 car attached garage","1408 RAMBLING ROSE ROAD",30.18619,-97.80881
"821","21 SCOTT CRES UNIT B","21 Scott Cres Unit B: New duplex unit 1 bathroom 1 bedroom.","21 SCOTT CRES UNIT B",30.299339,-97.760126
"822","2404 EUCLID AVE BLDG 2","ePlan: Residential Expedited Review - New construction of a 2-Story Single Family Res. [4bed 4.5bath] with Attached Carport. Bldg 2","2404 EUCLID AVE BLDG 2",30.239746,-97.756357
"823","8107 MULEY DR","New Construction - New single family residence including all standard appurtenances such as garage drivewaywalkways and landscaping.","8107 MULEY DRIVE",30.416892,-97.785121
"824","9213 FURMAN DR","Donley S355 B Right New - 2 Story SFR w/ 4 bedrooms 2.5 bathrooms attached 2 car garage covered entry porch and patio required parking: 2.","9213 FURMAN DRIVE",30.14334,-97.734967
"825","8205 PEERLESS PASS","*Green Building* New 1-story 3 bedroom 2 bathroom single family residence with attached garage covered front porch and rear covered patio.","8205 PEERLESS PASS",30.152917,-97.73062
"826","4610 LENNOX DR","ePlan: Residential Expedited Review - New construction of a two-story single family residence with two car garage rear patio 4 bedroom 3.5 bathroom.","4610 LENNOX DRIVE",30.218268,-97.779238
"827","1508 WILLOW ST--BLDG 2","Bldg #2 New 2-story dwelling unit 1 bed/2 bath with storage covered patio and deck","1508 WILLOW STREET BLDG 2",30.258062,-97.729079
"828","6709 WILLAMETTE DR","New 2-story single family residence attached garage rear covered patio 4 bedroom 4.5 bathroom.","6709 WILLAMETTE DRIVE",30.315036,-97.675631
"829","4909 WOODROW AVE BLDG 1","Building 1 New Deck and Stoops for existing SFR
Relocate Main house to front of Lot (within the property lines) 3/2 (no interior repair work other than reconnections) the relocation will be treated as New Construction for permitting purposes.","4909 WOODROW AVE BLDG 1",30.320375,-97.737968
"830","8517 PICNIC HOUSE PATH","New SFR 1-story with 4 bedrooms 3 bathrooms attached 2 car garage covered entry porch and patio.","8517 PICNIC HOUSE PATH",30.14467,-97.704852
"831","17116 WIND CHIME DR","New construction of 2 story SFR with 4 beds 3.5 baths with attached garage and covered porch.

PUD","17116 WIND CHIME DRIVE",30.295058,-97.547231
"832","1416 RAMBLING ROSE RD","New construction of a 2-story single family dwelling in a condo regime. 3 Bedroom 2.5 Bathroom Attached 2 car Garage","1416 RAMBLING ROSE ROAD",30.186232,-97.809289
"833","3916 KNOLLWOOD DR","ePlan: Residential Expedited Review - New construction of a 2-Story Single Family Res. [5bed 3.5bath] with Attached Garage","3916 KNOLLWOOD DRIVE",30.353724,-97.763951
"834","9513 GLADSOME PATH","*Green Building*
2 Story SFR home with 4 bedrooms and 3 bathrooms with attached garage and covered porch.","9513 GLADSOME PATH",30.292901,-97.546368
"835","2907 OAKLANE DR","ePlan: Residential Expedited Review - New construction of a 2-Story Single Family Res. [5bed 5.5bath] with Attached Garage","2907 OAKLANE DRIVE",30.248422,-97.786664
"836","16816 WIND CHIME DR","*Green Building*

1 Story SFR with 4 bedrooms and 3 bathrooms with attached garage and covered porch","16816 WIND CHIME DRIVE",30.295046,-97.549893
"837","2707 WHITE HORSE TRL","ePlan: Residential Expedited Review - New construction of a 2-Story Single Family Res. [5bed 4bath] with Attached Garage.","2707 WHITE HORSE TRAIL",30.340796,-97.745949
"838","1506 ALGUNO RD","ePlan: Residential Expedited Review - New construction of a 2-Story Single Family Res. [5bed 4bath] with Habitable Attic Attached Carport.","1506 ALGUNO ROAD",30.333644,-97.732727
"839","2522 WAYMAKER WAY BLDG 2","Convert existing detached garage into a dwelling unit consisting of 1 bedroom/living space 1 full bathroom and kitchenette. Add new windows.","2522 WAYMAKER WAY BLDG 2",30.32148,-97.807742
"840","10300 EPSILON WAY","New SFR Condo with 5 or 6 beds option 5.5 baths covered patio covered porch and covered front deck with 3 car attached tandem garage","10300 EPSILON WAY",30.384844,-97.843521
"841","4801-1/2 FAIRVIEW DRIVE Bldg 1","BLDG 1: New construction of a -Story Single Family Res.  [4 bed 3.5 bath] with Attached 2-car Garage.","4801 FAIRVIEW DRIVE BLDG 1",30.329183,-97.760156
"842","9600 WIGGY WAY","New construction of single-family dwelling with 5 bedrooms and 5.5 bathrooms 3 car garage rear patio and front porch","9600 WIGGY WAY",30.140811,-97.707249
"843","4801-1/2 FAIRVIEW DRIVE Bldg 2","BLDG 2: New construction of a 1-story studio residence 1 bath.","4801 1/2 FAIRVIEW DRIVE BLDG 2",30.329289,-97.76004
"844","9405 DINGO DR","New construction single-family residential 2-story 4 bedroom 3.5 bath with attached 3-car garage covered front porch and covered rear patio.","9405 DINGO DRIVE",30.140269,-97.70922
"845","8517 DONGAN DR","New 2 story Single Family Home. 4bedroom 3.5 bathroom with attached garage covered porch and patio","8517 DONGAN DRIVE",30.140571,-97.714105
"846","5605 FORKS RD","New 2-story single family residence with 3 bedrooms 2.5 bathrooms and an attached 2 car garage","5605 FORKS ROAD",30.148668,-97.753613
"847","3406 MONTE VISTA DR","New 2-story single family residence 4 bed/4.5 bath attached garage carport and covered porch and patio","3406 MONTE VISTA DRIVE",30.324675,-97.771822
"848","5111 MONARDA MINT DR","Beeville 2980-HC202-R New 1-Story Single Family Residence with (3) bedrooms (2) bathrooms Attached Garage Covered Patio & Porch & Cafe","5111 MONARDA MINT DRIVE",30.366314,-97.624743
"849","1710 S 5TH ST BLDG 3","ePlan: Residential Expedited Review - New THREE UNIT RES. 
Bldg 3 New construction of a 3-Story SF Res [4bed 3.5Xbath] with attached Carport","1710 SOUTH 5TH STREET BLDG 3",30.249877,-97.76135
"850","7709 LONG POINT DR","New 1-story 4 bedroom 4.5 bathroom single family residence with attached garage screened patio and covered porches.","7709 LONG POINT DRIVE",30.37075,-97.767442
"851","1710 S 5TH ST BLDG 2","ePlan: Residential Expedited Review - New THREE UNIT RES. 
Bldg 2 New construction of a 3-Story SF Res [3bed 3.5bath] with attached Carport","1710 SOUTH 5TH STREET BLDG 2",30.249877,-97.76135
"852","1710 S 5TH ST BLDG 1","ePlan: Residential Expedited Review - New THREE UNIT RES. 
Bldg 1 New construction of a 3-Story SF Res [4bed 4.5bath] with Attached Carport","1710 SOUTH 5TH STREET BLDG 1",30.249877,-97.76135
"853","2007 CANTERBURY ST--UNIT 1B","ePlan: Residential Expedited Review - New THREE UNIT RES. Bldg 1 New construction of a 2-Story Duplex Unit 1B [1bed 1bath]","2007 CANTERBURY STREET UNIT 1B",30.254487,-97.723655
"854","9504 HAMADRYAS DR","New 1-story single family residence 3 bedroom 2.5 bathrooms attached garage covered porch and patio green building 

PUD","9504 HAMADRYAS DRIVE",30.143557,-97.706394
"855","2007 CANTERBURY ST--BLDG 2","Bldg 2 New construction of a 2-Story Single Family Res. [3bed 2.5bath] with Attached Carport","2007 CANTERBURY STREET BLDG 2",30.254487,-97.723655
"856","5001 PECAN SPRINGS RD BLDG 34","New 2-Story Single Family Residence with 1 car garage 3 bedrooms 2.5 baths attached covered patio","5001 PECAN SPRINGS ROAD BLDG 34",30.294255,-97.681378
"857","2007 CANTERBURY ST--UNIT 1A","ePlan: Residential Expedited Review - New THREE UNIT RES. Bldg 1 New construction of a 2-Story Duplex Unit 1A  [3bed 3bath] with attached Carport","2007 CANTERBURY STREET BLDG 1",30.254487,-97.723655
"858","8508 AMBERGILL CT","New 1 story single family residence with 4 bedrooms 3 bathrooms attached 2 car garage covered entry porch and patio.","8508 AMBERGILL CT",30.145584,-97.70693
"859","3220 CHERRY LN","ePlan: Residential Expedited Review - New construction of a 2-Story Single Family Res. [4bed 2.5bath] with Habitable Attic and Attached Carport.","3220 CHERRY LANE",30.295623,-97.775529
"860","5001 PECAN SPRINGS RD BLDG 30","New 3 story SFR Condo with 2 car garage 3 beds 3.5 baths covered patio 2nd floor balcony","5001 PECAN SPRINGS ROAD BLDG 30",30.294255,-97.681378
"861","4500 BRIDAL VEIL DR","Sheldon S403 C Right New - 2 Story SFR w/ 3 bedrooms 2.5 bathrooms attached 2 car garage covered entry porch and patio required parking: 2.","4500 BRIDAL VEIL DRIVE",30.12566,-97.793125
"862","4706 DELORES AVE","New construction single-family residential 3-tory 4 bedroom 4 bath with attached 1-car carport covered front porch covered rear patio 3rd story balcony and exterior stairs.","4706 DELORES AVE",30.276673,-97.686433
"863","5001 PECAN SPRINGS RD BLDG 4","New construction of 3 story SFR Condo with 2 car garage 3 beds 2.5 baths 2nd and 3rd story balcony","5001 PECAN SPRINGS ROAD BLDG 4",30.294255,-97.681378
"864","5001 PECAN SPRINGS RD BLDG 2","New construction of 3 story SFR Condo with 2 car garage 2.5 baths 3 bedrooms and covered porch","5001 PECAN SPRINGS ROAD BLDG 2",30.294255,-97.681378
"865","4504 BRIDAL VEIL DR","Falcon S404 C Left New - 2 Story SFR w/ 4 bedrooms 2.5 bathrooms attached 2 car garage covered entry porch and patio required parking: 2.","4504 BRIDAL VEIL DRIVE",30.125609,-97.792951
"866","1412 RAMBLING ROSE RD","New construction of a 2-story single family dwelling in a condo regime. 3 Bedroom 2.5 Bathroom Attached 2 car garage

Revision 1: changed the floor plan to this unit. All revised plans to reflect changes.","1412 RAMBLING ROSE ROAD",30.186198,-97.809015
"867","5001 PECAN SPRINGS RD BLDG 32","New 3 Story single family residence with 2 car garage 3.5 baths 3 beds","5001 PECAN SPRINGS ROAD BLDG 32",30.294255,-97.681378
"868","1300 RAMBLING ROSE RD","New construction of a 2-story single family dwelling in a condo regime. 3 BEDROOM 2.5 BATH with attached Garage","1300 RAMBLING ROSE ROAD",30.186216,-97.807542
"869","5001 PECAN SPRINGS RD BLDG 5","New construction of 3 story SFR Condo with 2 car garage and covered porch 3 bedrooms 2.5 baths","5001 PECAN SPRINGS ROAD BLDG 5",30.294255,-97.681378
"870","4500 LAVA ISLAND DR","Flacon S404 C Right New - 2 Story SFR w/ 4 bedrooms 2.5 bathrooms attached 2 car garage covered entry porch and patio required parking: 2.","4500 LAVA ISLAND DRIVE",30.12496,-97.793554
"871","5001 PECAN SPRINGS RD BLDG 1","New Construction of 3 story SFR Condo with 2 car garage covered patio 2nd floor balcony 3 beds 3.5 baths","5001 PECAN SPRINGS ROAD BLDG 1",30.294255,-97.681378
"872","4508 LAVA ISLAND DR","Eisenhower S406 B Left New - 2 Story SFR w/ 5 bedrooms 3 bathrooms attached 2 car garage covered entry porch and patio required parking: 2.","4508 LAVA ISLAND DRIVE",30.12484,-97.793246
"873","12500 SAINT THOMAS DR","Cascade 330-T-R Is a New one-story single-family residence with (3) bedrooms (2) bathrooms an attached two-car garage and a covered entry porch and patio.","12500 SAINT THOMAS DRIVE",30.180283,-97.618589
"874","1405 ARCADIA AVE","ePlan: Residential Expedited Review - New construction of a 2-Story Single Family Res. [5bed 4bath] with Habitable Attic and Attached Garage.","1405 ARCADIA AVE",30.33516,-97.730572
"875","9408 HAMADRYAS DR","New 1-story single family residence 4 bedroom/3 bathroom with attached garage covered porch and patio  green building","9408 HAMADRYAS DRIVE",30.143791,-97.706895
"876","113 KIMBLE LN","Relocation of tiny home onto lot fence the front and back of the lot 405 sq ft. 1 bedroom 1 bathroom 

Moved from within the City","113 KIMBLE LANE",30.244303,-97.685414
"877","12504 SAINT THOMAS DR","Callaghan 830-M-L Is a New one-story single-family residence with (4) bedrooms (2) bathrooms an attached two-car garage and a covered porch and patio.","12504 SAINT THOMAS DRIVE",30.180216,-97.618435
"878","12508 SAINT THOMAS DR","Reynolds 890-M-L Is a New two-story single-family residence with (5) bedrooms (3) bathrooms an attached two-car garage and a covered entry porch and patio.","12508 SAINT THOMAS DRIVE",30.180158,-97.618324
"879","5001 PECAN SPRINGS RD BLDG 3","New 3-story 3 bedroom 3.5 bathroom single family condo with attached garage covered front porch rear covered patio and 2nd floor covered balcony.","5001 PECAN SPRINGS ROAD BLDG 3",30.294255,-97.681378
"880","5001 PECAN SPRINGS RD BLDG 33","Condo - New 2 Story single family residence with 2 car garage covered patio 3 bedrooms 2.5 baths","5001 PECAN SPRINGS ROAD BLDG 33",30.294255,-97.681378
"881","5001 PECAN SPRINGS RD BLDG 35","New 2 story condo single family residence with 1 car garage covered patio 3 beds 2.5 baths","5001 PECAN SPRINGS ROAD BLDG 35",30.294255,-97.681378
"882","2404 EUCLID AVE","ePlan: Residential Expedited Review - New construction of a 2-Story Single Family Res. [3bed 3.5bath] with Attached Carport.","2404 EUCLID AVE",30.239746,-97.756357
"883","5001 PECAN SPRINGS RD BLDG 31","New Condo - New 2 story single family residence with 1 car garage 3 beds 2.5 baths","5001 PECAN SPRINGS ROAD BLDG 31",30.294255,-97.681378
"884","5001 PECAN SPRINGS RD BLDG 37","New 2 story SFR with 2 car garage 25 baths 3 bedrooms and attached covered patio","5001 PECAN SPRINGS ROAD BLDG 37",30.294255,-97.681378
"885","2301 WESTWORTH CIR","ePlan: Residential Expedited Review - New construction of a 2-Story Single Family Res. [5bed 4bath] with Habitable Attic Attached Garage.","2301 WESTWORTH CIR",30.243052,-97.78646
"886","5001 PECAN SPRINGS RD BLDG 29","New 2 story single family residence with 2 car garage covered front porch and patio","5001 PECAN SPRINGS ROAD BLDG 29",30.294255,-97.681378
"887","5001 PECAN SPRINGS RD BLDG 6","New construction of 3 story SFR Condo with 2 car garage covered patio and 2nd floor balcony","5001 PECAN SPRINGS ROAD BLDG 6",30.294255,-97.681378
"888","806 VARGAS RD","BLDG 2: New Single story SFR","806 VARGAS ROAD",30.234226,-97.693818
"889","2300 ENFIELD RD UNIT 202","Unit #202 New 3-story Duplex Condominium Residence with attached garages covered balconies. *DUPLEX CONDOMINIUM RESIDENCE*

3/30/26 SM - Per Marvin Lewis a Fire suppression system is not required for this unit per the site plan.","2300 ENFIELD ROAD UNIT 202",30.28799,-97.767294
"890","2300 ENFIELD RD UNIT 208","Unit #208 New 3-story Duplex Condominium Residence with attached garages covered balconies. *DUPLEX CONDOMINIUM RESIDENCE*","2300 ENFIELD ROAD UNIT 208",30.28799,-97.767294
"891","3112 PRADO ST--BLDG 2","ePlan: Residential Expedited Review - New construction of a 2-Story Single Family Res. [3bed 2.5bath] with attached Carport. Bldg 2","3112 PRADO STREET BLDG 2",30.260878,-97.705113
"892","2402 KATHY CV","new 3-story SFU 4 bed 4 bath with basement storage attached garage and rear covered patio/balcony","2402 KATHY CV",30.250024,-97.789625
"893","3112 PRADO ST--BLDG 1","ePlan: Residential Expedited Review - New construction of a 2-Story Single Family Res. [3bed 2.5bath] with Attached Garage. Bldg 1","3112 PRADO STREET BLDG 1",30.260878,-97.705113
"894","806 VARGAS RD","BLDG 1:New two-story SFR and detached single-story SFR","806 VARGAS ROAD",30.234226,-97.693818
"895","8602 CHALGRIN PL","ePlan: Residential Expedited Review - New construction of a 1-Story Single Family Res. [3 bed 3.5 bath] with  Attached 2-car Garage 3 bedroom 3.5 bathroom.","8602 CHALGRIN PLACE",30.140141,-97.712947
"896","408 CHERRY HILL DR UNIT B","new construction of * rear structure to create a 2-car garage with a studio apartment on top.","408 CHERRY HILL DRIVE UNIT B",30.228568,-97.765619
"897","2300 ENFIELD RD UNIT 302","Unit# 302 New 3-story Condominium Residence with attached garage covered porch and patio.  *CONDOMINIUM RESIDENCE","2300 ENFIELD ROAD UNIT 302",30.28799,-97.767294
"898","3401 GARDEN VILLA LN","ePlan: Residential Expedited Review - New construction of a 2-Story Duplex [2bed 2.5bath] with attached Carport. 3401 Garden Villa Ln","3401 GARDEN VILLA LANE",30.23412,-97.770863
"899","925 CARDINAL LN","ePlan: Residential Expedited Review - New construction of a 2-Story Duplex [2bed 2.5bath] with attached Carport. 925 Cardinal Ln","925 CARDINAL LANE",30.234172,-97.770834
"900","4611 BANISTER LN","ePlan: Residential Expedited Review - New construction of a 2-Story Single Family Res. [5bed 4bath] with Attached Garage.","4611 BANISTER LANE",30.220925,-97.782692
"901","5109 MONARDA MINT DR","Afton 2981-HC201-L New 1-Story Single Family Residence with (4) bedrooms (2) bathrooms Attached Garage Covered Patio & Porch Cafe","5109 MONARDA MINT DRIVE",30.366468,-97.624723
"902","6305 MC MURTRY ST","New construction of a 2 story single family residence with attached garage and covered porch. 5/4.5 Reference approved PUD: C8 2018-0171.2B.SH","6305 MC MURTRY STREET",30.142948,-97.752593
"903","1308 RAMBLING ROSE RD","New construction of a 2-story single family dwelling in a condo regime. 3 Bedroom 2.5 Bath with attached 2 car garage","1308 RAMBLING ROSE ROAD",30.186199,-97.808045
"904","1500 VALLEYRIDGE DR","ePlan: Residential Expedited Review - New construction of a 2-Story Single Family Res. [4bed 4.5bath] with Attached Carport.","1500 VALLEYRIDGE DRIVE",30.236593,-97.77606
"905","1606 WETHERSFIELD RD","New construction single-family residential 2-story 4 bedroom 3.5 bath with attached 1-car garage and covered front porch.","1606 WETHERSFIELD ROAD",30.286357,-97.762045
"906","5105 MONARDA MINT DR","Afton 2981-HC202-L New 1-Story Single Family Residence with (4) bedrooms (2) bathrooms Attached Garage Covered Patio & Porch Cafe","5105 MONARDA MINT DRIVE",30.366715,-97.624567
"907","5107 MONARDA MINT DR","Beeville 2980-HC201-L New 1-Story Single Family Residence with (3) bedrooms (2) bathrooms Attached Garage Covered Patio & Porch & Cafe","5107 MONARDA MINT DRIVE",30.366617,-97.624648
"908","9117 CORVALLIS DR","Pizarro S414 A Right New - 1 Story SFR w/ 4 bedrooms 3 bathrooms attached 2 car garage covered entry porch and patio required parking: 2.","9117 CORVALLIS DRIVE",30.144075,-97.733487
"909","9213 DINGO DR","New single-family residence 5 bedroom/5.5 bathrooms attached garage covered patio and porch","9213 DINGO DRIVE",30.140995,-97.710721
"910","923 CARDINAL LN","ePlan: Residential Expedited Review - New construction of a 2-Story Single Family Res. [3bed 2.5bath] with Attached Carport. 923 Cardinal Ln","923 CARDINAL LANE",30.234111,-97.770774
"911","4401 ELOHI DR","New 2-story 6 bedroom 7 bathroom (5 full 2 half) single family residence with attached garage and covered porches.","4401 ELOHI DRIVE",30.325324,-97.780319
"912","1410 PEREZ ST--BLDG 1","ePlan: Residential Expedited Review -Two Unit Res Bldg 1 New construction of a 2-Story Single Family Res. [3bed 3bath] Attached Carport","1410 PEREZ STREET BLDG 1",30.280913,-97.692593
"913","1410 PEREZ ST--BLDG 2","Bldg 2 New construction of a 2-Story Single Family Res. [3bed 2.5bath] Attached Carport","1410 PEREZ STREET BLDG 2",30.280913,-97.692593
"914","9309 DINGO DR","New construction of single-family dwelling with 4 bedrooms and 3.5 baths 3 car garage rear patio and front porch","9309 DINGO DRIVE",30.140588,-97.709882
"915","6605 ARGENTIA RD","new 3-story SFR 6 bed 5 bath with attached garage front covered porch and rear covered patio","6605 ARGENTIA ROAD",30.346721,-97.747659
"916","6201 LANDSCAPE DR","New single-story mobile home 3 bedrooms and 2 bathrooms. new driveway and sidewalk","6201 LANDSCAPE DRIVE",30.247128,-97.880359
"917","1212 ARCADIA AVE BLDG 2","New construction of 1 story tiny house (2nd unit)","1212 ARCADIA AVE BLDG 2",30.334195,-97.727621
"918","9217 DINGO DR","New 2-story single family residence 4 bedroom/3.5 bathroom with attached garage covered porch and patio","9217 DINGO DRIVE",30.140911,-97.710569
"919","4606 GILLIS ST BLDG 2","ePlan: Residential Expedited Review - New construction of a 1-Story Single Family Res. [1bed 1bath].  Bldg 2","4606 GILLIS STREET BLDG 2",30.222414,-97.785108
"920","4606 GILLIS ST BLDG 1","ePlan: Residential Expedited Review - New construction of a 2-Story Single Family Res. [4bed 3.5bath] with Attached Garage.","4606 GILLIS STREET BLDG 1",30.222414,-97.785108
"921","8601 DONGAN DR","2 story Single Family Home with attached garage and office. 4bedroom 3 bath.","8601 DONGAN DRIVE",30.14024,-97.713883
"922","8001 MULEY DR","New Construction of a single-family residence with attached parking covered porches balconies and decks. Lower porch pool porch and sky deck are not included in the area calculations as they are either above or below other habitable areas counted for coverage","8001 MULEY DRIVE",30.414094,-97.783015
"923","2806 SAN PEDRO ST UNIT A","UNIT 101: (south unit): New 1st floor unit of triplex  3 bathroom 3 bedroom shared patio & porch w/ other units.  Part of 2-story triplex  3-unit use.","2806 SAN PEDRO STREET UNIT A",30.293978,-97.745899
"924","2806 SAN PEDRO ST UNIT B","UNIT 102: (north Unit:  New 1st floor unit of triplex 3 bathroom 3 bedroom shared patio & porch w/ other units.. Part of 2-story triplex  3-unit use.","2806 SAN PEDRO STREET UNIT B",30.293978,-97.745899
"925","2806 SAN PEDRO ST UNIT C","UNIT 201:  New 2nd floor unit of triplex 6.5 bathroom 6 bedroom patio & porch. Part of 2-story triplex  3-unit use.","2806 SAN PEDRO STREET UNIT C",30.293978,-97.745899
"926","1514 WESTOVER RD","Bldg. 2: New detached garage with 2nd story dwelling.","1514 WESTOVER ROAD",30.298606,-97.754742
"927","6001 SILENT NOVA VW","PB: New construction of 2 story SFR condo - attached 2 car garage rear extended covered patio balcony 5 bedrooms 5.5 bathrooms","6001 SILENT NOVA VW",30.383097,-97.842093
"928","1201 GEORGIAN ST","New three-story SFR (5br/4ba) with attached garage and covered porches","1201 GEORGIAN STREET",30.321108,-97.735567
"929","1314 SWEET BARK ST","1314 Sweet Bark St - New two-story duplex (3br/2.5ba/unit) with attached garages and covered patios *PRODUCTION BUILDER- CONDO*","1314 SWEET BARK STREET",30.186849,-97.808064
"930","1503 OAK HEIGHTS DR BLDG 1","ePlan: Residential Expedited Review - New TWO UNIT RES. Bldg 1 New construction of a 3-Story Single Family Res. [4bed 3.5bath] with Attached Carport and Autofill","1503 OAK HEIGHTS DRIVE BLDG 1",30.241878,-97.733399
"931","1503 OAK HEIGHTS DR BLDG 2","ePlan: Residential Expedited Review - New TWO UNIT RES. 
Bldg 2 New construction of a 3-Story SF Res [4bed 3.5bath] with attached Carport","1503 OAK HEIGHTS DRIVE BLDG 2",30.241878,-97.733399
"932","1320 SWEET BARK ST","1320 Sweet Bark - New two-story duplex (3br/2.5ba/unit) with attached garages and covered patios *PRODUCTION BUILDER-CONDO*","1320 SWEET BARK STREET",30.186837,-97.808301
"933","1322 SWEET BARK ST","1322 Sweet Bark St - New two-story duplex (3br/2.5ba/unit) with attached garages and covered patios *PRODUCTION BUILDER-CONDO*","1322 SWEET BARK STREET",30.186838,-97.808385
"934","1312 SWEET BARK ST","1312 Sweet Bark - New two-story duplex (3br/2.5ba/unit) with attached garages and covered patios *PRODUCTION BUILDER- CONDO*","1312 SWEET BARK STREET",30.186848,-97.807985
"935","1300 MC KIE DR BLDG 1","Building 1 Unit 11 New construction of a two story 4 unit condo 8 total beds 10 baths 
with attached garage    2/2.5","1300 MC KIE DRIVE BLDG 1",30.330707,-97.692469
"936","17221 ASTRAL LN","New construction single-family residential 2-story 4 bedroom 2.5 bath with attached 2-car garage covered front patio and covered rear porch.","17221 ASTRAL LANE",30.296203,-97.546421
"937","1204 DALE DR BLDG 1","New construction 3-unit use single-family residential 3-story 2 bedroom 2.5 bath with covered front entry covered side entry and 2nd story balcony.","1204 DALE DRIVE BLDG 1",30.351877,-97.717065
"938","1309 SWEET BARK ST","New construction of a 2-story single family dwelling in a condo regime. 4 BEDROOM 3.5 BATH ATTACHED GARAGE 

Revision 1: The building footprint and floor plan for this lot have been revised. The updated design is a 3-bedroom 2.5-bath residence with an attached garage. All submitted plans have been updated to reflect these changes. The revised building footprint remains within the allowable building footprint per the approved Site Plan.","1309 SWEET BARK STREET",30.186511,-97.808044
"939","12115 FENNEC WAY","New construction of 3 story SFR with 3-5 beds 2.35-4 baths recreation room covered patio 1st and 2nd floor and covered entry with 2 car attached garage","12115 FENNEC WAY",30.406082,-97.689398
"940","2805 BONNIE RD BLDG 1","BLDG 1: New construction of a 2-Story Duplex unit [5 bed 5bath] with attached 3-car garage & covered patio.","2805 BONNIE ROAD BLDG 1",30.292122,-97.773075
"941","8808 BREEZE HILL DR","*Green Building* New 2-story 3 bedroom 2.5 bathroom single family residence with attached garage covered front porch and rear covered patio.","8808 BREEZE HILL DRIVE",30.145586,-97.713634
"942","7701 HARDY DR BLDG 2","New 2-story SFR - ADU 1 bed 2 bath to rear of existing SFR and new driveway approach","7701 HARDY DRIVE BLDG 2",30.351477,-97.728507
"943","8804 BREEZE HILL DR","New SFR 2- Story 3 bedroom 2.5 bath with attached 2-car garage covered front porch and covered rear patio

PUD","8804 BREEZE HILL DRIVE",30.145807,-97.713867
"944","8607 CHALGRIN PL","*GREEN BUILDING* New construction single-family residential 1-story 3 bedroom 3.5 bath with attached 2-car garage covered front porch and covered rear patio.","8607 CHALGRIN PLACE",30.139645,-97.712222
"945","2805 BONNIE RD BLDG 2","BLDG 2:  New construction of a 2-Story Duplex unit [1 bed 1.5 bath].  Attached to the corner of the patio for Building 1","2805 BONNIE ROAD BLDG 2",30.292122,-97.773075
"946","8609 CHALGRIN PL","*Green Building* New 2-story 5 bedroom 4 bathroom single family residence with covered front porch and rear covered patio.","8609 CHALGRIN PLACE",30.13946,-97.712329
"947","711 1/2 W 28TH HALF ST","ePlan: Residential Expedited Review - New construction of a 2-Story Single Family Res. [5bed 5bath]. 711 1/2 W 28TH HALF ST","711 1/2 WEST 28TH HALF STREET",30.295403,-97.744797
"948","1501 GARNER AVE BLDG 2","Building 2 Garage Apartment 1/1","1501 GARNER AVE BLDG 2",30.254904,-97.768611
"949","7010 STITZEL WELLER DR","PUD New SFR 2- Story 4 bedrooms 3.5 bath with attached 2-car garage covered front porch and covered rear patio","7010 STITZEL WELLER DRIVE",30.147279,-97.729177
"950","8806 BREEZE HILL DR","New SFR 2- Story 3 bedroom 2.5 bath with attached 2-car garage covered front porch and covered rear patio

PUD","8806 BREEZE HILL DRIVE",30.145809,-97.713661
"951","2821 SALADO ST","ePlan: Residential Expedited Review - New construction of a 2-Story Single Family Res. [5bed 5bath]. 2821 SALADO ST","2821 SALADO STREET",30.29532,-97.744788
"952","8702 BASIL HAYDEN LN","New SFR 1- Story 3 bedroom 2 bath with attached 2-car garage covered front porch and covered rear patio

PUD","8702 BASIL HAYDEN LANE",30.147567,-97.730229
"953","8802 BREEZE HILL DR","*Green Building* New 2-story 3 bedroom 3 bathroom single family residence with attached garage covered front porch and covered patio.","8802 BREEZE HILL DRIVE",30.145515,-97.713885
"954","1501 GARNER AVE BLDG 1","Building 1 2870 sf 2 story single family residence. 3 Bdrm 3.5 Bath pool and spa. Detached 2 car garage with 503 sf one bedroom one bath residence on the second floor","1501 GARNER AVE BLDG 1",30.254904,-97.768611
"955","6111 LANDSCAPE DR","New mobile home","6111 LANDSCAPE DRIVE",30.247229,-97.880313
"956","2021 PAYNE AVE","New construction of a 2-Story Single Family Res. [4 bed 4bath] with Habitable Attic Attached 2 car Garage and rear porch.","2021 PAYNE AVE",30.339141,-97.737431
"957","1808 APRICOT GLEN DR","New construction of a 2-Story Single Family Res. [5 bed 5.5 bath] covered patio guest bedroom/bathroom suite attached via covered patio  attached 3-car garage.","1808 APRICOT GLEN DRIVE",30.263373,-97.803627
"958","4601 CRESTWAY DR","ePlan: Residential Expedited Review - New construction of a 2-Story Single Family Res. [4bed 5bath] with Habitable Attic Attached Garage","4601 CRESTWAY DRIVE",30.329027,-97.769095
"959","7102 STITZEL WELLER DR","New construction of single family dwelling with 3 bedrooms and 2.5 baths 2 car garage rear patio and front porch","7102 STITZEL WELLER DRIVE",30.147381,-97.72868
"960","5907 SILENT NOVA VW","New construction of SFR Condo with 5 beds 5.5 baths covered patio covered porch and covered front deck 2nd floor balcony 3 car garage","5907 SILENT NOVA VW",30.382897,-97.84222
"961","2001 MELRIDGE PL BLDG 4","ePlan: Residential Expedited Review - New construction of a 3-Story Single Family Res. [4bed 3.5bath] with Attached Garage. Bldg 4","2001 MELRIDGE PLACE BLDG 4",30.25667,-97.771252
"962","2001 MELRIDGE PL BLDG 5","ePlan: Residential Expedited Review - New construction of a 3-Story Single Family Res. [4bed 3.5bath] with Attached Carport. Bldg 5","2001 MELRIDGE PLACE BLDG 5",30.25667,-97.771252
"963","913 CAPITOL CT BLDG 2","ePlan: Residential Expedited Review - New TWO UNIT RES.  Bldg 2 New construction of a 2-Story Single Family Res. [2bed 2.5bath] with Attached Carport","913 CAPITOL CT BLDG 2",30.319024,-97.733447
"964","2001 MELRIDGE PL BLDG 6","ePlan: Residential Expedited Review - New construction of a 2-Story Single Family Res. [4bed 3.5bath] with Attached Carport. Bldg 6","2001 MELRIDGE PLACE BLDG 6",30.25667,-97.771252
"965","9803 RIBELIN RANCH CT BLDG 5","New construction of single building based on Volume Builder Approved (2024-067871 VB) Plan 5-BA-L. This is a 2 Story building 3 beds 3.5 baths with height of 33-4 and 3144 square feet.","9803 RIBELIN RANCH CT BLDG 5",30.391205,-97.828986
"966","5021 STOCKTON LN","Hughes 841-M-L Is a New one-story single-family residence with (4) bedrooms (3) bathrooms an attached two-car garage and a covered entry porch & patio.","5021 STOCKTON LANE",30.179231,-97.620191
"967","4415 SINCLAIR AVE","Addition and Remodel to Existing 2-Story Single Family Residence.  Remodel includes new doors  remodel of kitchen and living room new master bathroom on first floor. Addition includes 2 new bedrooms playroom and bathroom on second floor.","4415 SINCLAIR AVE",30.316168,-97.744282
"968","9803 RIBELIN RANCH CT BLDG 31","New construction of single building based on Volume Builder Approved (2024-067871 VB) Plan 4-AB-R. This is a 2 Story building 4 beds 4.5 baths with height of 30-9 and 3801 square feet.","9803 RIBELIN RANCH CT BLDG 31",30.391205,-97.828986
"969","5701 HIGHLAND HILLS DR","New construction of a 2-Story Single Family Res. [4 bed 3.5 bath] with Attached carport","5701 HIGHLAND HILLS DRIVE",30.337948,-97.75743
"970","6309 MC MURTRY ST","*SMART Housing* *Green Building* New 2-story 4 bedroom 4.5 bathroom single family residence with attached garage covered front porch and rear covered patio.","6309 MC MURTRY STREET",30.142843,-97.752612
"971","7101 WOODFORD WAY","New construction single-family residential 1-story 3 bedroom 2 bath with attached 2-car garage covered front porch and covered rear patio.","7101 WOODFORD WAY",30.14774,-97.728894
"972","4703 SANTA ANNA ST BLDG 3","ePlan: Residential Expedited Review - New construction of a 3-Story Single Family Res. [3bed 3.5bath] with Attached Garage. BLDG 3","4703 SANTA ANNA STREET BLDG 3",30.275051,-97.687914
"973","4703 SANTA ANNA ST BLDG 2","ePlan: Residential Expedited Review - New construction of a 2-Story Single Family Res. [2bed 2.5bath] with Attached Carport. BLDG 2","4703 SANTA ANNA STREET BLDG 2",30.275051,-97.687914
"974","7407 BOYD HAVEN DR","*Green Building* New 2-story 4 bedroom 3.5 bathroom single family residence with covered front porch and rear covered patio.","7407 BOYD HAVEN DRIVE",30.152482,-97.710989
"975","4703 SANTA ANNA ST BLDG 1","ePlan: Residential Expedited Review - New construction of a 3-Story Single Family Res. [3bed 3.5bath] with Attached Carport. BLDG 1","4703 SANTA ANNA STREET BLDG 1",30.275051,-97.687914
"976","7501 BOYD HAVEN DR","*Green Building* New 2-story 3 bedroom 2.5 bathroom single family residence with covered front porch and rear covered patio.","7501 BOYD HAVEN DRIVE",30.151973,-97.71031
"977","5156 VILLAGE SQUARE DR BLDG 6","Bldg. 6 Unit B - 3bedroom 1.5 bath - New construction of 2 story 4 unit Townhome.","5156 VILLAGE SQUARE DRIVE BLDG 6",30.187483,-97.743183
"978","5156 VILLAGE SQUARE DR BLDG 6","Bldg. 6 Unit A - 3bedroom 2 bath - New construction of 2 story 4 unit Townhome.","5156 VILLAGE SQUARE DRIVE BLDG 6",30.187483,-97.743183
"979","1703 ALAMEDA DR","ePlan: Residential Expedited Review - New construction of a 2-Story Single Family Res. [2bed 2.5bath] with Attached Garage.","1703 ALAMEDA DRIVE",30.244055,-97.743891
"980","905 SOUTH CENTER ST","Bldg 2: New construction 3-unit use single-family residential 2-story 3 bedroom 2.5 bath with attached 1-car garage covered front porch and 2nd story balcony.","905 SOUTH CENTER STREET",30.231278,-97.771886
"981","5156 VILLAGE SQUARE DR BLDG 8","Bldg. 8 - Unit D - 3 bed 2 bath - New construction of 2 story 4 unit Townhomes","5156 VILLAGE SQUARE DRIVE BLDG 8",30.187483,-97.743183
"982","5156 VILLAGE SQUARE DR BLDG 4","Bldg. 4 Unit B - New Construction of 3 story townhome w/ 3 bedrooms and 2.5 baths.","5156 VILLAGE SQUARE DRIVE BLDG 4",30.187483,-97.743183
"983","5156 VILLAGE SQUARE DR BLDG 6","Bldg. 6 Unit D - 3bedroom 2 bath - New construction of 2 story 4 unit Townhome.","5156 VILLAGE SQUARE DRIVE BLDG 6",30.187483,-97.743183
"984","5156 VILLAGE SQUARE DR BLDG 2","Bldg. 2 Unit B - New construction of 3 story townhome unit w/ 3 bedrooms and 2.5 baths.","5156 VILLAGE SQUARE DRIVE BLDG 2",30.187483,-97.743183
"985","905 SOUTH CENTER ST","Bldg 1: New construction 3-unit use single-family residential 2-story 3 bedroom 2.5 bath with attached 1-car garage 1-car carport and covered front porch.","905 SOUTH CENTER STREET",30.231278,-97.771886
"986","5156 VILLAGE SQUARE DR BLDG 6","Bldg. 6 Unit C - 3bedroom 1.5 bath - New construction of 2 story 4 unit Townhome.","5156 VILLAGE SQUARE DRIVE BLDG 6",30.187483,-97.743183
"987","5156 VILLAGE SQUARE DR BLDG 4","Bldg. 4 Unit C - New Construction of 3 story townhome w/ 3 bedrooms and 2.5 baths.","5156 VILLAGE SQUARE DRIVE BLDG 4",30.187483,-97.743183
"988","2609 FISET DR","New construction - new single family residence with attached garage and new driveway. There is an expired permit to replace water service the scope under the expired permit will have to be wrapped up into this permit since AW required a water plan upgrade. submitting the ack of exp permits eitherway.","2609 FISET DRIVE",30.325337,-97.747759
"989","905 SOUTH CENTER ST","Bldg 3: New construction 3-unit use single-family residential 2-story 4 bedroom 3 bath with covered front porch.","905 SOUTH CENTER STREET",30.231278,-97.771886
"990","5156 VILLAGE SQUARE DR BLDG 4","Bldg. 4 Unit A - New Construction of 3 story townhome w/ 3 bedrooms and 2.5 baths.","5156 VILLAGE SQUARE DRIVE BLDG 4",30.187483,-97.743183
"991","5156 VILLAGE SQUARE DR BLDG 2","Bldg. 2 Unit A - New construction of 3 story townhome unit w/ 3 bedrooms and 2.5 baths.","5156 VILLAGE SQUARE DRIVE BLDG 2",30.187483,-97.743183
"992","5156 VILLAGE SQUARE DR BLDG 8","Bldg. 8 - Unit A - 3 bed 2 bath - New construction of 2 story 4 unit Townhomes","5156 VILLAGE SQUARE DRIVE BLDG 8",30.187483,-97.743183
"993","5156 VILLAGE SQUARE DR BLDG 2","Bldg. 2 Unit C - New construction of 3 story townhome unit w/ 3 bedrooms and 2.5 baths.","5156 VILLAGE SQUARE DRIVE BLDG 2",30.187483,-97.743183
"994","5156 VILLAGE SQUARE DR BLDG 8","Bldg. 8 - Unit B - 3 bed 1.5 bath - New construction of 2 story 4 unit Townhomes","5156 VILLAGE SQUARE DRIVE BLDG 8",30.187483,-97.743183
"995","5156 VILLAGE SQUARE DR BLDG 8","Bldg. 8 - Unit C - 3 bed 1.5 bath - New construction of 2 story 4 unit Townhomes","5156 VILLAGE SQUARE DRIVE BLDG 8",30.187483,-97.743183
"996","8901 NILGAI DR","New single-story SFR (4br/2.5ba) with attached garage covered porch and covered patio *PRODUCTION BUILDER- GREEN BUILDING*","8901 NILGAI DRIVE",30.142144,-97.709296
"997","812 SUSANA ALMANZA ST","New three-story condo duplex 4 bed 2.5 Bath with attached covered patio","812 SUSANA ALMANZA STREET",30.252837,-97.687165
"998","5103 LOTT AVE","New construction of SFR with covered 2/2","5103 LOTT AVE",30.275237,-97.683305
"999","4613 BANISTER LN","ePlan: Residential Expedited Review - New construction of a 2-story residence 5 bedroom 4 bathroom 2-car tandem garage.","4613 BANISTER LANE",30.220773,-97.782675
"1000","814 SUSANA ALMANZA ST","New three-story condo duplex 4 bed 2.5 Bath with attached covered patio","814 SUSANA ALMANZA STREET",30.252908,-97.687164
"1001","7201 WOODFORD WAY","New two-story SFR with attached garage covered porch and covered patio","7201 WOODFORD WAY",30.148152,-97.727803
"1002","1310 E APPLEGATE DR","New construction - new 2-story 4 bed room 3 bathroom single-family residence with attached 2-car garage.","1310 EAST APPLEGATE DRIVE",30.363368,-97.671017
"1003","808 SUSANA ALMANZA ST","New 2 story condo 3 Bed/3 bath attached covered porch and patio Green/Smart housing","808 SUSANA ALMANZA STREET",30.252717,-97.68726
"1004","5907 JORGE GUERRA ST","Building 5907 Jorge Guerra St New construction of a 3-story duplex as part of a larger development of 15 total buildings on a single lot.  3/3","5907 JORGE GUERRA STREET",30.252214,-97.687539
"1005","816 SUSANA ALMANZA ST","Duplex Unit#818 3-story 4 bed/2.5 bath with attached covered porch and patio","816 SUSANA ALMANZA STREET",30.253009,-97.687143
"1006","816 SUSANA ALMANZA ST","Duplex Unit #816 3-story 4 bed/2.5 bath with attached covered porch and patio","816 SUSANA ALMANZA STREET",30.253009,-97.687143
"1007","5903 JORGE GUERRA ST","New Construction two-unit residential 3-story duplex: 3 bedroom 3 bath covered front porch and covered rear porch.","5903 JORGE GUERRA STREET",30.252229,-97.687724
"1008","5905 JORGE GUERRA ST","Building 5905 Jorge Guerra St New construction of a 3-story duplex as part of a larger development of 15 total buildings on a single lot.  3/3","5905 JORGE GUERRA STREET",30.252224,-97.68763
"1009","1414 KAREN AVE BLDG 1","ePlan: Residential Expedited Review - New TWO UNIT RES 
Bldg 1 New construction of a 2-Story Single Family Res. [3bed 2.5bath] with Attached Garage","1414 KAREN AVE BLDG 1",30.337342,-97.730034
"1010","1216 ETERNITY TER","New construction of a 2 story residence with 5 bedrooms 5.5 bathrooms covered patio gym & 3-car garage.","1216 ETERNITY TER",30.285583,-97.832235
"1011","1414 KAREN AVE BLDG 2","ePlan: Residential Expedited Review - New TWO UNIT RES 
Bldg 2 New construction of a 2-Story Single Family Res. [4bed 4.5bath] with attached Carport","1414 KAREN AVE BLDG 2",30.337342,-97.730034
"1012","5901 JORGE GUERRA ST","New Construction two-unit residential 3-story duplex: 3 bedroom 3 bath covered front porch and covered rear porch.","5901 JORGE GUERRA STREET",30.252235,-97.68781
"1013","811 SUSANA ALMANZA ST","New construction of 3 story duplex condo","811 SUSANA ALMANZA STREET",30.25279,-97.687532
"1014","807 SUSANA ALMANZA ST","New construction of 2 story SFR condo.","807 SUSANA ALMANZA STREET",30.252634,-97.687568
"1015","813 SUSANA ALMANZA ST","*SMART Housing* *Green Building* New 2-story 2 bedroom 2.5 bathroom duplex condo residence with covered front porch and rear covered patio.","813 SUSANA ALMANZA STREET",30.252898,-97.68752
"1016","801 SUSANA ALMANZA ST","801 Susana Almanza St New construction of 2story duplex condo Unit B1 3/2.5","801 SUSANA ALMANZA STREET",30.252453,-97.687557
"1017","815 SUSANA ALMANZA ST","*SMART Housing* *Green Building* New 3-story 3 bedroom 2.5 bathroom duplex condo residence with covered front porch and rear covered patio.","815 SUSANA ALMANZA STREET",30.252955,-97.687511
"1018","819 SUSANA ALMANZA ST","*SMART Housing* *Green Building* New 3-story 3 bedroom 2.5 bathroom duplex condo residence with covered front porch and rear covered patio.","819 SUSANA ALMANZA STREET",30.253114,-97.687497
"1019","803 SUSANA ALMANZA ST","803 Susana Almanza St Unit C1 New 3 Story duplex 3/2.5","803 SUSANA ALMANZA STREET",30.252513,-97.687552
"1020","817 SUSANA ALMANZA ST","*SMART Housing* *Green Building* New 2-story 2 bedroom 2.5 bathroom duplex condo residence with covered front porch and rear covered patio.","817 SUSANA ALMANZA STREET",30.25305,-97.687503
"1021","815 JOHNNY LIMON WAY","New Construction of 2 Story SFR Condo","815 JOHNNY LIMON WAY",30.252968,-97.687699
"1022","809 SUSANA ALMANZA ST","New construction of 3 story duplex condo","809 SUSANA ALMANZA STREET",30.252727,-97.687539
"1023","817 JOHNNY LIMON WAY","817 New Construction of a 3 Story Duplex Condo","817 JOHNNY LIMON WAY",30.253077,-97.687696
"1024","803 JOHNNY LIMON WAY","New Construction of 3 Story Duplex Condo (3 beds 3 baths covered patio)

(803 Johnny Limon Way)","803 JOHNNY LIMON WAY",30.252538,-97.687753
"1025","805 JOHNNY LIMON WAY","New Construction of 3 Story Duplex Condo Unit A - 2 beds 2.5 baths covered porch

(805 Johnny limon)","805 JOHNNY LIMON WAY",30.25265,-97.687736
"1026","809 JOHNNY LIMON WAY","New Construction of 3 Story Duplex Condo

(809 Johnny Limon Way)","809 JOHNNY LIMON WAY",30.25281,-97.687718
"1027","801 JOHNNY LIMON WAY","New Construction of 3 Story Duplex Condo (3 beds 3 baths covered patio)

(801 Johnny Limon Way)","801 JOHNNY LIMON WAY",30.252482,-97.687756
"1028","811 JOHNNY LIMON WAY","New Construction of 3 Story Duplex Condo

811 Johnny Limon Way","811 JOHNNY LIMON WAY",30.252873,-97.687714
"1029","13395 BULLICK HOLLOW RD","ePlan: Residential Expedited Review - New construction of a 2-Story Single Family Res. [4bed 4.5bath] with Attached Garage","13395 BULLICK HOLLOW ROAD",30.427924,-97.873028
"1030","807 JOHNNY LIMON WAY","New Construction of 3 Story Duplex Condo Unit A - 2 beds 2.5 baths covered porch

(807 Johnny limon)","807 JOHNNY LIMON WAY",30.252709,-97.687735
"1031","819 JOHNNY LIMON WAY","819 New Construction of a 3 Story Duplex Condo","819 JOHNNY LIMON WAY",30.253133,-97.687693
"1032","1406 VARGAS RD BLDG 2","New single-story unit (1br/1ba) with attached covered patio and uncovered wood deck","1406 VARGAS ROAD BLDG 2",30.228434,-97.69813
"1033","9216 HAMADRYAS DR","PB: New construction of 2 story SFR","9216 HAMADRYAS DRIVE",30.144445,-97.708285
"1034","1820 W 10TH ST UNIT 2B","New 2-Story Duplex
Bldg 2 Unit B (2nd floor) New duplex unit 2 bed/2 bath with kitchen and living room","1820 WEST 10TH STREET UNIT 2B",30.281562,-97.764842
"1035","1820 W 10TH ST UNIT 2A","New 2-Story Duplex
Bldg 2 Unit A (1st floor) New duplex unit 1 bed/1 bath with kitchen living room and attached porch","1820 WEST 10TH STREET UNIT 2A",30.281562,-97.764842
"1036","5001 WESTVIEW DR","ePlan: Residential Expedited Review - New construction of a 2 story single family residence 4 bedroom 4.5 bathroom covered patio & uncovered wood deck  attached 2-car garage.","5001 WESTVIEW DRIVE",30.335268,-97.765422
"1037","1301 SWEET BARK ST","New constuction of a 2-story single family dwelling in a condo regime. 3 bedroom 2.5 bath extended covered patio attached 2-car garage","1301 SWEET BARK STREET",30.186512,-97.807538
"1038","906 RUTH AVE BLDG 1","ePlan: Residential Expedited Review - New THREE UNIT RES.
New construction of a 3-Story Single Family Res. [4bed 5bath] with Attached Carport","906 RUTH AVE BLDG 1",30.335935,-97.722573
"1039","906 RUTH AVE BLDG 2","ePlan: Residential Expedited Review - New THREE UNIT RES.
New construction of a 3-Story Single Family Res. [4bed 4.5bath] with Attached Carport","906 RUTH AVE BLDG 2",30.335935,-97.722573
"1040","906 RUTH AVE BLDG 3","ePlan: Residential Expedited Review - New THREE UNIT RES.
New construction of a 3-Story Single Family Res. [1bed 2bath]","906 RUTH AVE BLDG 3",30.335935,-97.722573
"1041","1407 SWEET BARK ST","New 2-story 3 bedroom 2.5 bathroom single family condo with attached garage covered front porch and rear covered patio.","1407 SWEET BARK STREET",30.186464,-97.809073
"1042","603 E 49TH ST","New construction single-family residential 2-story 3 bedroom 2.5 bath with attached 2-car garage covered front porch covered rear patio. uncovered wood deck and 2nd floor balcony.","603 EAST 49TH STREET",30.311232,-97.719892
"1043","9116 BOATHOUSE DR","New SFR 1- Story 4 bedroom 3 bath with attached 2-car garage covered front porch and covered rear patio

PUD","9116 BOATHOUSE DRIVE",30.145654,-97.708771
"1044","1809 MARGARET ST","Expedited Review - New Construction of a 2-Story Single Family Res. [4bed 5.5bath] with Basement outdoor kitchen and attached Carport.","1809 MARGARET STREET",30.257397,-97.768241
"1045","2608 PARK VIEW DR","ePlan: Residential Expedited Review -- New construction of a 2-Story Single Family Res. [5 bed 4.5 bath]  Attached Garage","2608 PARK VIEW DRIVE",30.344739,-97.74211
"1046","4515 GILLIS ST","Addition to existing 1-story single-family residential to include: new 2 bedroom 1 bath with covered front porch extension covered rear porch and 13 sqft for refrigerator alcove. Retroactively permitting existing 1-story 2-unit use single-family residential studio space with full bath and covered front wood deck.","4515 GILLIS STREET",30.222971,-97.784232
"1047","8519 DONGAN DR","New construction single-family residential 1-story 3 bedroom 2.5 bath with attached 2-car garage covered front porch and covered rear patio.","8519 DONGAN DRIVE",30.14039,-97.713782
"1048","4413 BANISTER LN UNIT 203","Unit 203 Bldg 2: New 3-story townhome with 3 bedroom 3.5 bathroom balcony attached 2-car carport.  Part of 3-unit townhome building in 3-unit use.  (9 units on 3 properties sharing 1-driveway utilizing a flag-lot configuration)","4413 BANISTER LANE UNIT 203",30.224546,-97.781257
"1049","4413 BANISTER LN UNIT 201","ePlan: Residential Expedited Review - New THREE UNIT RES.
Unit 201 Bldg 2:  New 3-story townhome with 3 bedroom 3.5 bathroom balcony attached 2-car carport.  Part of 3-unit townhome building in 3-unit use.  (9 units on 3 properties sharing 1-driveway utilizing a flag-lot configuration)","4413 BANISTER LANE UNIT 201",30.224546,-97.781257
"1050","4413 BANISTER LN UNIT 301","Unit 301 Bldg 3:  New 3-story townhome with 3 bedroom 3.5 bathroom balcony attached 2-car carport.  Part of 3-unit townhome building in 3-unit use.  (9 units on 3 properties sharing 1-driveway utilizing a flag-lot configuration)","4413 BANISTER LANE UNIT 301",30.224546,-97.781257
"1051","4413 BANISTER LN UNIT 102","Unit 102 Bldg 1: New 3-story townhome with 3 bedroom 3.5 bathroom balcony attached 2-car carport.  Part of 3-unit townhome building in 3-unit use.  (9 units on 3 properties sharing 1-driveway utilizing a flag-lot configuration)","4413 BANISTER LANE UNIT 102",30.224546,-97.781257
"1052","4413 BANISTER LN UNIT 101","Unit 101 Bldg 1: New 3-story townhome with 3 bedroom 3.5 bathroom balcony attached 2-car carport.  Part of 3-unit townhome building in 3-unit use.  (9 units on 3 properties sharing 1-driveway utilizing a flag-lot configuration)","4413 BANISTER LANE UNIT 101",30.224546,-97.781257
"1053","4413 BANISTER LN UNIT 302","Unit 302 Bldg 3:New 3-story townhome with 3 bedroom 3.5 bathroom balcony attached 2-car carport.  Part of 3-unit townhome building in 3-unit use.  (9 units on 3 properties sharing 1-driveway utilizing a flag-lot configuration)","4413 BANISTER LANE UNIT 302",30.224546,-97.781257
"1054","4413 BANISTER LN UNIT 202","Unit 202 Bldg 2:New 3-story townhome with 3 bedroom 3.5 bathroom balcony attached 2-car carport.  Part of 3-unit townhome building in 3-unit use.  (9 units on 3 properties sharing 1-driveway utilizing a flag-lot configuration)","4413 BANISTER LANE UNIT 202",30.224546,-97.781257
"1055","4413 BANISTER LN UNIT 103","Unit 103 Bldg 1: New 3-story townhome with 3 bedroom 3.5 bathroom balcony attached 2-car carport.  Part of 3-unit townhome building in 3-unit use.  (9 units on 3 properties sharing 1-driveway utilizing a flag-lot configuration)","4413 BANISTER LANE UNIT 103",30.224546,-97.781257
"1056","4413 BANISTER LN UNIT 303","Unit 303 Bldg 3: New 3-story townhome with 3 bedroom 3.5 bathroom balcony attached 2-car carport.  Part of 3-unit townhome building in 3-unit use.  (9 units on 3 properties sharing 1-driveway utilizing a flag-lot configuration)","4413 BANISTER LANE UNIT 303",30.224546,-97.781257
"1057","2002 GREENWOOD AVE BLDG 3","Building 3 New 3 Story Single Family House with attached carport","2002 GREENWOOD AVE BLDG 3",30.284772,-97.699031
"1058","1114 1/2 LINDEN ST--BLDG 1","BLDG 1: New 2 story SFR with attached garage covered front porch and covered rear patio. 3 bedroom 2.5 bathroom.","1114 1/2 LINDEN STREET BLDG 1",30.267331,-97.704212
"1059","2002 GREENWOOD AVE BLDG 2","Building 2 New 3 Story Single Family House with attached carport","2002 GREENWOOD AVE BLDG 2",30.284772,-97.699031
"1060","1114 1/2 LINDEN ST--BLDG 2","BLDG 2: New 2 story SFR with attached garage and covered front porch and covered rear patio. 3 bedroom 2.5 bathroom.","1114 1/2 LINDEN STREET BLDG 2",30.267331,-97.704212
"1061","2002 GREENWOOD AVE BLDG 1","Building 1 New 3 Story Single Family House with attached carport","2002 GREENWOOD AVE BLDG 1",30.284772,-97.699031
"1062","5203 1/2 AVENUE H","new constructions - construction of 2 story accessory dwelling unit rear of main house 2/2","5203 1/2 AVENUE H",30.315959,-97.719839
"1063","2426 HARTFORD RD","New two-story SFR (5br/4ba) with attached garage and covered patio","2426 HARTFORD ROAD",30.294658,-97.758508
"1064","1718 S 5TH ST","New 2-story ADU 1br/1bath w/garage covered porch and roof deck","1718 SOUTH 5TH STREET",30.249407,-97.761644
"1065","2706 ESTONIA PATH","New construction of SFR Condo with 3 beds 3.5 baths 2 car garage","2706 ESTONIA PATH",30.222243,-97.723088
"1066","1818 W ST JOHNS AVE BLDG 2","ePlan: Residential Expedited Review - New construction of a 1-Story Single Family Res. [1bed 1bath]. BLDG 2","1818 WEST STREET JOHNS AVE BLDG 2",30.345332,-97.731304
"1067","10116 CURB STRAP DR","New construction of 1 story SFR with 5 beds 2 baths attached garage covered porch and patio

PUD

Revision:
Plan revision to change the house plan from an X35CN to a T35CN","10116 CURB STRAP DRIVE",30.325882,-97.596124
"1068","1818 W ST JOHNS AVE BLDG 1","ePlan: Residential Expedited Review - New construction of a 2-Story Single Family Res. [4bed 4bath]","1818 WEST STREET JOHNS AVE BLDG 1",30.345332,-97.731304
"1069","10120 CURB STRAP DR","New construction of 1 story SFR with 4 beds 2 baths attached garage covered porch and patio

PUD
Revision: Plan revision to change the house plan from an X35KM to a T35BM","10120 CURB STRAP DRIVE",30.32591,-97.595988
"1070","3105 MC ELROY DR","New 2-story single family residence 5 bed/4.5 bath with habitable attic attached garage covered porch covered porch and balcony","3105 MC ELROY DRIVE",30.356969,-97.742447
"1071","1108 S 5TH ST BLDG 2","Bldg 2: New detached dwelling unit  studio w/ 1 bathroom. Tiny home. Part of 3-unit use.","1108 SOUTH 5TH STREET BLDG 2",30.254763,-97.758167
"1072","1108 S 5TH ST UNIT 1A","ePlan: Residential Expedited Review - Bldg 1 Unit 1A:  New duplex unit. 3 bedroom 2.5 bath. Balconies & Terrace. Part of 3-unit use.","1108 SOUTH 5TH STREET UNIT 1A",30.254763,-97.758167
"1073","1108 S 5TH ST UNIT 1B","Bldg 1 Unit 1B: New duplex unit.  Basement level studio-apartment with 1 bathroom and deck. Part of 3-unit use.","1108 SOUTH 5TH STREET UNIT 1B",30.254763,-97.758167
"1074","3706 1/2 OAKMONT BLVD","3706 1/2 Oakmont Blvd: New 2-story residence with 2-car garage & second floor studio garage apartment 1 bathroom. Part of 2-unit use.","3706 1/2 OAKMONT BOULEVARD",30.310866,-97.754075
"1075","4208 BELLVUE AVE BLDG 2","New 2-story dwelling unit 1 bed/1 bath","4208 BELLVUE AVE BLDG 2",30.311551,-97.741746
"1076","1605 VALERIA ST","Building 3 3 Story SFR with attached garage and covered patio","1605 VALERIA STREET",30.249448,-97.770495
"1077","4603 SHOALWOOD AVE","new construction - New 14x26 pier and beam addition to the back of the house.  Relocate overhead electric service.  New water supply and waste lines to city mains in Shoalwood Street.  New plumbing fixtures.  New roofing siding exerior doors & windows.  New interior finishes and cabinetry.  Relocate HVAC unit in attic. 


Revised: New construction on slab","4603 SHOALWOOD AVE",30.318586,-97.743905
"1078","9803 RIBELIN RANCH CT BLDG 34","New construction of single building based on Volume Builder Approved (2024-067871 VB) Plan 9-CB-L. This is a 2 Story building with height of 31-7 and 3129 square feet.","9803 RIBELIN RANCH CT BLDG 34",30.391205,-97.828986
"1079","2008 DE VERNE ST","ePlan: Residential Expedited Review - New construction of a 2-Story Single Family Res. [4bed 4.5bath] with Habitable Attic Attached Carport.","2008 DE VERNE STREET",30.249049,-97.777109
"1080","203 W APPLEGATE DR","New construction of 2 story SFR","203 WEST APPLEGATE DRIVE",30.371682,-97.687678
"1081","5610 FORKS RD","New construction of 2 story SFR Condo with 2 bedrooms 2.5 baths and an attached 2-car garage 

PUD","5610 FORKS ROAD",30.149088,-97.75334
"1082","9803 RIBELIN RANCH CT BLDG 33","New construction of single building based on Volume Builder Approved (2024-067871 VB) Plan 12-DB-R. This is a 3 Story building with height of 38-6 and 3405 square feet.","9803 RIBELIN RANCH CT BLDG 33",30.391205,-97.828986
"1083","9803 RIBELIN RANCH CT BLDG 23","New construction of single building based on Volume Builder Approved (2024-067871 VB) Plan 2-AA-R. This is a 2 Story building with height of 30-9 and 3801 square feet.","9803 RIBELIN RANCH CT BLDG 23",30.391205,-97.828986
"1084","1900 W 37TH ST","1900 W 37th St:  New 2 story residence with 3 bedroom 3.5 bath & screened porch. Part of 2-unit use.

2/6/26 SM - For second unit. 3706 1/2 Oakmont Blvd: New 2-story residence with 2-car garage & second floor studio garage apartment 1 bathroom.","1900 WEST 37TH STREET",30.310704,-97.754143
"1085","1603 VALERIA ST","Building 2 3 Story SFR with attached garage and covered paito","1603 VALERIA STREET",30.249414,-97.770409
"1086","1307 SWEET BARK ST","New construction of a 2-story single family dwelling in a condo regime. 3 BEDROOM 2.5 BATH ATTACHED GARAGE","1307 SWEET BARK STREET",30.186531,-97.807908
"1087","7817 W SH 71 BLDG 10","ePlan: Expedited Review - New Construction of Multi Family Townhouse Building.","7817 WEST SH 71 BLDG 10",30.243139,-97.883594
"1088","11628 LADERA VISTA DR","11626 Ladera Vista Dr: New 2-story detached residence 3 bedroom 2.5 bath 1-car garage.","11628 LADERA VISTA DRIVE",30.418295,-97.751749
"1089","7817 W SH 71 BLDG 7","ePlan: Expedited Review - New Construction of Multi Family Townhouse Building.","7817 WEST SH 71 BLDG 7",30.243139,-97.883594
"1090","7004 WOODFORD WAY","New construction single-family residential 1-story 3 bedroom 2.5 bath with attached 2-car garage covered front porch and covered rear patio.","7004 WOODFORD WAY",30.147989,-97.729582
"1091","7817 W SH 71 BLDG 5","ePlan: Expedited Review - New Construction of Multi Family Townhouse Building.","7817 WEST SH 71 BLDG 5",30.243139,-97.883594
"1092","1601 VALERIA ST","Building 1 3 Story SFR with attached garage and covered patio and Deck","1601 VALERIA STREET",30.249339,-97.770301
"1093","908 W MARY ST","New construction two-unit use: New construction single-family residential 2-story 3 bedroom 2.5 bath with attached 3-car garage covered front porch and covered rear porch.","908 WEST MARY STREET",30.248298,-97.761352
"1094","7817 W SH 71 BLDG 4","ePlan: Expedited Review - New Construction of Multi Family Townhouse Building.","7817 WEST SH 71 BLDG 4",30.243139,-97.883594
"1095","2710 ESTONIA PATH","Site Plan Condo: Proposed construction of a 2446 sq foot single family residence with 3 bedrooms 3 1/2 bathrooms 2 car garage","2710 ESTONIA PATH",30.222126,-97.723172
"1096","7817 W SH 71 BLDG 6","ePlan: Expedited Review - New Construction of Multi Family Townhouse Building.","7817 WEST SH 71 BLDG 6",30.243139,-97.883594
"1097","7817 W SH 71 BLDG 8","ePlan: Expedited Review - New Construction of Multi Family Townhouse Building.","7817 WEST SH 71 BLDG 8",30.243139,-97.883594
"1098","11628 LADERA VISTA DR UNIT A","11628 Ladera Vista Dr Unit A: New 2-story duplex unit 3 bedroom 2.5 bath 1-car garage.","11628 LADERA VISTA DRIVE UNIT A",30.418295,-97.751749
"1099","908 W MARY ST","New construction two-unit use single-family residential 1-story studio with 1 bath and covered front porch.","908 WEST MARY STREET",30.248298,-97.761352
"1100","7012 WOODFORD WAY","New construction single-family residential 1-story 3 bedroom 2 bath with attached 2-car garage covered front porch and covered rear patio.","7012 WOODFORD WAY",30.148087,-97.729094
"1101","7817 W SH 71 BLDG 9","ePlan: Expedited Review - New Construction of Multi Family Townhouse Building.","7817 WEST SH 71 BLDG 9",30.243139,-97.883594
"1102","7100 WOODFORD WAY","New construction single-family residential 2-story 4 bedroom 3.5 bath with attached 2-car garage covered front porch and covered rear patio.","7100 WOODFORD WAY",30.148094,-97.728999
"1103","11628 LADERA VISTA DR UNIT B","11628 Ladera Vista Dr Unit B: New 2-story duplex unit 3 bedroom 2.5 bath 1-car garage.","11628 LADERA VISTA DRIVE UNIT B",30.418295,-97.751749
"1104","2708 ESTONIA PATH","Site Plan Condo: Proposed construction of 2518 sq ft single-family residence with 3 bedroom 3.5 bathrooms 2 car garage","2708 ESTONIA PATH",30.22219,-97.723128
"1105","9205 DINGO DR","New construction single-family residential two-story 4 bedroom 3 bath with attached 2-car garage covered front porch and covered rear patio.","9205 DINGO DRIVE",30.141147,-97.711019
"1106","5901 SILENT NOVA VW","New construction of SFR condo - 6 bedrooms 6.5 baths covered patio and porch covered front deck attached 3 car garage","5901 SILENT NOVA VW",30.382323,-97.842582
"1107","1300 MC KIE DR UNIT 33","Unit 33 building 3.  New two story condominium townhome residence covered porch 2 bedroom 2.5 bathroom.","1300 MC KIE DRIVE UNIT 33",30.330707,-97.692469
"1108","3804 TOWER VIEW CT BLDG 2","ePlan: Residential Expedited Review -New construction of a 2-Story Single Family Res. [3bed 2.5bath] with attached Garage. Bldg 2","3804 TOWER VIEW CT BLDG 2",30.288326,-97.7059
"1109","308 BEN HOWELL DR","ePlan: Residential Expedited Review - 308 Ben Howell Dr:  New 2-story residence w/ 1-car carport  3 bed 3.5 bath.  Part of 2-unit use.","308 BEN HOWELL DRIVE",30.236343,-97.7596
"1110","4007 BUNNY RUN BLDG 2","New construction of single story 2nd dwelling unit containing 2 bedrooms 3 bathrooms w/ attached garage and covered front porch. New driveway connecting to existing driveway within property.","4007 BUNNY RUN BLDG 2",30.340756,-97.809352
"1111","5016 STOCKTON LN","Reynolds 890-N-R Is a New two-story single-family residence with (5) bedrooms (3) bathrooms an attached two-car garage and a covered entry porch & patio.","5016 STOCKTON LANE",30.179646,-97.620183
"1112","2705 WILSON ST","2705 Wilson St: New 2-story residence 2 bed 2.5 bath. Part of 2-unit use","2705 WILSON STREET",30.23646,-97.759519
"1113","5024 STOCKTON LN","Briscoe 820-N-R Is a New one-story single-family residence with (3) bedrooms (2) bathrooms an attached two-car garage and a covered entry porch & patio.","5024 STOCKTON LANE",30.179643,-97.620475
"1114","5020 STOCKTON LN","Callaghan 830-M-L Is a New one-story single-family residence with (4) bedrooms (2) bathrooms an attached two-car garage and a covered entry porch & patio.","5020 STOCKTON LANE",30.179646,-97.620325
"1115","1812 PIEDMONT AVE","ePlan: Residential Expedited Review - New construction of a 2-Story Single Family Res. [5 bed 4 bath] habitable attic & porch.","1812 PIEDMONT AVE",30.34588,-97.730404
"1116","1905 FOREST TRL","ePlan: Residential Expedited Review - New construction of a 1-Story Single Family Res. [3bed 2bath] Existing Detached Garage to Remain as is.","1905 FOREST TRAIL",30.293128,-97.767385
"1117","10124 CURB STRAP DR","New construction of 2 story SFR 4 beds 3 baths attached garage covered porch and patio

PUD

Revision
Plan revision to change the house plan from an X35CM to a T35MM","10124 CURB STRAP DRIVE",30.325948,-97.59585
"1118","8921 GOLDEN LION DR","New construction of 2 story SFR 3 beds 2.5 baths with attached 3 car garage covered entry porch and patio

PUD","8921 GOLDEN LION DRIVE",30.143679,-97.71232
"1119","709 W MONROE ST","ePlan: Residential Expedited Review - New construction of a 2-Story Single Family Res. [3bed 3.5bath] with Habitable Attic Attached Carport and Autofill/Heated pool","709 WEST MONROE STREET",30.249905,-97.757165
"1120","5921 COVENTRY LN BLDG 101","Bldg 101: New 3-story townhome unit with 3 bedroom 3.5 bathroom covered patio attached carport.  Part of 3-unit townhome under 3-unit use.","5921 COVENTRY LANE BLDG 101",30.309899,-97.682849
"1121","5921 COVENTRY LN BLDG 103","Bldg 103: : New 3-story townhome unit with 3 bedroom 3.5 bathroom covered patio attached carport.  Part of 3-unit townhome under 3-unit use.","5921 COVENTRY LANE BLDG 103",30.309899,-97.682849
"1122","5921 COVENTRY LN BLDG 102","Bldg 102: : New 3-story townhome unit with 3 bedroom 3.5 bathroom covered patio attached carport.  Part of 3-unit townhome under 3-unit use.","5921 COVENTRY LANE BLDG 102",30.309899,-97.682849
"1123","2103 TOWER DR UNIT B","ePlan: Residential Expedited Review - New construction of a 2-Story Duplex [4bed 3.5bath]. UNIT A
ePlan: Residential Expedited Review - New construction of a 2-Story Duplex [1bed 1bath] with attached Garage. UNIT B","2103 TOWER DRIVE UNIT B",30.296449,-97.760712
"1124","4604 SANTA ANNA ST BLDG 2","Bldg 2:  New construction of a 2-Story Single Family Res. [3 bed 2.5 bath] with Attached Carport.","4604 SANTA ANNA STREET BLDG 2",30.275725,-97.688412
"1125","4808 WEST PARK DR Unit A","UNIT A: New 2-story residence  larger primary dwelling in duplex.  4 bedroom 4 bathroom. Part of duplex use.","4808 WEST PARK DRIVE",30.325817,-97.753444
"1126","4604 SANTA ANNA ST BLDG 1","Bldg 1:  New construction of a 3-Story Single Family Res. [4 bed 3.5 bath] with Attached Carport.  Part of 2-unit use.","4604 SANTA ANNA STREET BLDG 1",30.275725,-97.688412
"1127","2103 TOWER DR UNIT A","ePlan: Residential Expedited Review - New construction of a 2-Story Duplex [4bed 3.5bath]. UNIT A
ePlan: Residential Expedited Review - New construction of a 2-Story Duplex [1bed 1bath] with attached Garage. UNIT B","2103 TOWER DRIVE UNIT A",30.296449,-97.760712
"1128","4808 WEST PARK DR Unit B","UNIT B: New 2-garage garage & studio garage apartment w/ 1 bathroom. Part of duplex use.","4808 WEST PARK DRIVE",30.325817,-97.753444
"1129","607 1/2 THRUSH AVE","Retroactive permit single-story dwelling and concrete fence","607 1/2 THRUSH AVE",30.37873,-97.676892
"1130","4200 WILSHIRE PKWY","ePlan: Residential Expedited Review - New construction of a 1-Story Single Family Res. [3bed 3bath]","4200 WILSHIRE PKWY",30.296775,-97.711795
"1131","9622 BREEZE HILL DR","New SFR 2-story 4 bedroom 3 bath with attached 2 car garage covered front porch and covered rear patio","9622 BREEZE HILL DRIVE",30.141545,-97.704969
"1132","5410 DUVAL ST BLDG 1","BLDG 1:  New 2-story residence with attached 1-car garage 4 bedroom 3.5 bath breezeway to guest bedroom.  Part of 2-unit use.","5410 DUVAL STREET BLDG 1",30.318308,-97.717569
"1133","1317 SWEET BARK ST","New two-story SFR (4br/3.5ba) with attached garage and covered patio *PRODUCTION BUILDER- CONDO*","1317 SWEET BARK STREET",30.186478,-97.808529
"1134","8202 BRIARWOOD LN UNIT B","New 2-story duplex unit B 3 bed/2.5 bath attached garage covered porch and balcony","8202 BRIARWOOD LANE UNIT B",30.364715,-97.734228
"1135","5410 DUVAL ST BLDG 2","BLDG 2: New 2-story residence with attached 1-car carport 3 bedroom 2.5 bath. Part of 2-unit use.","5410 DUVAL STREET BLDG 2",30.318308,-97.717569
"1136","503 E MARY ST BLDG 2","BLDG 2: New wood framing ADU and 11-0 x 22-0 pool at the backyard of existing home. ADU will include one unconditioned powder room one full bath a small
kitchen and living space.","503 EAST MARY STREET BLDG 2",30.243999,-97.74726
"1137","3309 STARDUST DR","New 1-story 5 bedroom 4 bathroom single family residence with attached garage covered front porch and rear covered patio.","3309 STARDUST DRIVE",30.354092,-97.746033
"1138","8202 BRIARWOOD LN UNIT A","New 2-story duplex unit A 3 bed/2.5 bath attached garage covered porch and balcony","8202 BRIARWOOD LANE UNIT A",30.364715,-97.734228
"1139","1614 SUFFOLK DR","Expedited Review - New construction of 2-story duplex [6bed 8bath] with one attached 1-car Garage and one attached 1-car Carport.","1614 SUFFOLK DRIVE",30.308001,-97.696576
"1140","10204 CURB STRAP DR","New construction of 1 story SFR with 5 beds 2 baths attached garage covered porch and patio

PUD

Revision:
Plan revision to change the house plan from an X35CM to a T35CM","10204 CURB STRAP DRIVE",30.325992,-97.595572
"1141","1813 E 38TH HALF ST--BLDG 2","Bldg 2:  New construction 3-unit use single-family residential  3-story 3 bedroom 2.5 bath with attached 1-car carport covered front porch covered rear patio 3rd floor balcony and uncovered roof top deck.","1813 EAST 38TH HALF STREET BLDG 2",30.289424,-97.70913
"1142","10201 CRESSIDA BND","New construction of SFR Condo with 5 or 6 bed option 5.5 baths covered patio covered porch and covered front deck balcony 3 car attached tandem garage","10201 CRESSIDA BND",30.38267,-97.843956
"1143","3213 WALNUT AVE UNIT B","ePlan: Residential Expedited Review - New construction of a 2-Story Duplex [5bed 5bath]. Unit B

THIS PROJECT TO BE COMBINED WITH 3305 HEMLOCK VIA UDA.","3213 WALNUT AVE UNIT B",30.287395,-97.714431
"1144","1813 E 38TH HALF ST--BLDG 1--UNIT 1A","Bldg 1: New construction 3-unit use duplex residential: Unit A  3-story 4 bedroom 3.5 bath with attached 1-car carport covered front porch covered rear patio 3rd floor balcony and uncovered roof top deck.","1813 EAST 38TH HALF STREET BLDG 1 UNIT 1A",30.289424,-97.70913
"1145","3213 WALNUT AVE--UNIT A","ePlan: Residential Expedited Review - New THREE UNIT RES.
New construction of a 2-Story Duplex [1bed 1bath] with attached Garage. 3213 WALNUT AVE Unit A
New construction of a 2-Story Duplex [5bed 5bath]. 3213 WALNUT AVE Unit B

THIS PROJECT TO BE COMBINED WITH 3305 HEMLOCK VIA UDA.","3213 WALNUT AVE UNIT A",30.287395,-97.714431
"1146","1813 E 38TH HALF ST--BLDG 1--UNIT 1B","Bldg. 1 Unit B: New construction 3-unit use duplex residential  3-story 4 bedroom 3.5 bath with covered front porch covered rear patio 3rd floor balcony and uncovered roof top deck.","1813 EAST 38TH HALF STREET BLDG 1 UNIT 1B",30.289424,-97.70913
"1147","813 W OLTORF ST","New 2-story SFR with 4 bedrooms and 3 bathrooms and a attached single car garage with a guest suite above","813 WEST OLTORF STREET",30.24304,-97.762906
"1148","1100 S 5TH ST","ePlan: Residential Expedited Review - New construction of a 2-Story Single Family Res. [3bed 5bath] with Habitable attic and basement Attached Carport","1100 SOUTH 5TH STREET",30.25518,-97.757935
"1149","4007 EDGEROCK DR","ePlan: Residential Expedited Review - New construction of a 2-Story Single Family Res. [5 bed 4.5 bath] Attached Carport.","4007 EDGEROCK DRIVE",30.363446,-97.760761
"1150","1203 VIOLA LEE LN","1203 Viola Lee Ln 2 Story Duplex with attached garage and covered porch 3/2.5","1203 VIOLA LEE LANE",30.186706,-97.807347
"1151","87 COMAL ST","ePlan: Residential Expedited Review - New construction of a 1-Story Single Family Res. [2bed 2bath]","87 COMAL STREET",30.257169,-97.729067
"1152","1608 SYLVAN GLADE","Unit A New 2-story duplex unit 3 bed/2.5 bed with covered porch and covered patio","1608 SYLVAN GLADE",30.224532,-97.786536
"1153","1608 SYLVAN GLADE","Unit B New 2-story duplex unit 3 bed/2.5 bathroom with covered porch and covered patio","1608 SYLVAN GLADE",30.224532,-97.786536
"1154","2311 WESTROCK DR BLDG 2","ePlan: Residential Expedited Review - New TWO UNIT RES.
New construction of a 2-Story Single Family Res. [4bed 5.5bath] with Attached Garage","2311 WESTROCK DRIVE BLDG 2",30.242371,-97.787098
"1155","11400 LADERA VISTA DR","New construction of 3 story SFR with partial driveway and porches","11400 LADERA VISTA DRIVE",30.415605,-97.755326
"1156","1300 MC KIE DR BLDG 2","Building 2 Unit 21 & 22. New 2-story condominium duplex residence to have 5 bedrooms 5 bathrooms attached garage covered front porch and rear covered patio.","1300 MC KIE DRIVE BLDG 2",30.330707,-97.692469
"1157","3203 CLAWSON RD BLDG 2","new construction of 1-story SFR 2 beds 1.5 baths to rear of existing SFR","3203 CLAWSON ROAD BLDG 2",30.238054,-97.777316
"1158","1300 MC KIE DR BLDG 5","Building 5 Unit 52 and Unit 51.  New condominium residential duplex 2 stories 5 bedroom 5 bathroom attached 2 car garages covered porch and patio.","1300 MC KIE DRIVE BLDG 5",30.330707,-97.692469
"1159","6307 WEST COURTYARD DR","ePlan: Residential Expedited Review - New construction of a 2-Story Single Family Res. [5bed 6bath] with Attached Garage","6307 WEST COURTYARD DRIVE",30.357174,-97.800531
"1160","2212 CANTERBURY ST--BLDG 2","Bldg 2: New construction 2-unit use single-family residential 3 bedroom 2.5 bath with attached 1-car carport covered front porch and covered rear patio.","2212 CANTERBURY STREET",30.253798,-97.720461
"1161","2212 CANTERBURY ST--BLDG 1","Bldg 1: New construction 2-unit use single-family residential 2-story 4 bedroom 3 bath with attached 1-car carport covered front porch and covered rear patio. 
On May 262026 I (Sam West) changes the required sidewalk inspection to yes because the new driveway approach could not be installed because of the exiting sidewalk condition.","2212 CANTERBURY STREET",30.253798,-97.720461
"1162","2303 E 2ND ST--BLDG 2","2303 E 2nd St Building 2: (rearmost on Mildred side): New construction of a 3-Story Single Family Res. [3 bed 3.5bath] with Attached 1-car Garage and 3rd floor balcony. Part of 4-unit use 8 detached units total in development across 2 lots.","2303 EAST 2ND STREET BLDG 2",30.255872,-97.718573
"1163","111 MILDRED ST--BLDG 2","111 Mildred St Bldg 2 (middle front on Mildred side):   New construction of a 3-Story Single Family Res. [3 bed 3.5bath] with Attached 1-car Garage and 3rd floor balcony. Part of 4-unit use 8 detached units total in development across 2 lots.","111 MILDRED STREET BLDG 2",30.255856,-97.718801
"1164","111 MILDRED ST--BLDG 1 (CORNER-BEHIND BLDG 3)","111 Mildred St BUILDING 1 (corner of Mildred & E 2nd St):  New construction of a 3-Story Single Family Res. [3 bed 3.5bath] with Attached 1-car Garage and 3rd floor balcony.  Part of 4-unit use 8 detached units total in development across 2 lots.","111 MILDRED STREET BLDG 1",30.255856,-97.718801
"1165","2505 DEERFOOT TRL","ePlan: Residential Expedited Review - New construction of a 2-Story Single Family Res. [5bed 4bath] with Attached Garage.  Work to include Casita (1bed/ 1 bath) connected by breeze way.","2505 DEERFOOT TRAIL",30.258677,-97.779198
"1166","2303 E 2ND ST--BLDG 3","2303 E 2nd St BUILDING 3 (middle rear on Mildred side):   New construction of a 3-Story Single Family Res. [3 bed 3.5bath] and 3rd floor balcony. Part of 4-unit use 8 detached units total in development across 2 lots.","2303 EAST 2ND STREET BLDG 3",30.255872,-97.718573
"1167","6300 BRISTOL CIR","ePlan: Residential Expedited Review - New construction of an 2-Story Single-Family Res. [4bed 4bath]  with attached Garage","6300 BRISTOL CIR",30.31123,-97.678133
"1168","9803 RIBELIN RANCH CT BLDG 17","New construction of single building based on Volume Builder Approved (2024-067871 VB) Plan 3-AB-L. This is a 2 Story building with height of 30-9 and 3600 square feet.","9803 RIBELIN RANCH CT BLDG 17",30.391205,-97.828986
"1169","5203 BALCONES DR","New construction single-family residential 2-story 4 bedroom 3.5 bath with attached 1-car carport and covered porch.","5203 BALCONES DRIVE",30.334047,-97.759378
"1170","2903 HILLVIEW RD UNIT 2","New Detached garage with appartement on second floor.","2903 HILLVIEW ROAD UNIT B",30.307713,-97.766796
"1171","1904 SHARON LN","ePlan: Residential Expedited Review - New ePlan: Residential Expedited Review - New construction of a 2-Story Single Family Res. [5bed 5.5bath] with Habitable Attic and Attached Carport.","1904 SHARON LANE",30.291153,-97.763491
"1172","3103 GARWOOD ST--BLDG 2","ePlan: Residential Expedited Review - New THREE UNIT RES.
Bldg 2 New construction of a 2-Story Single Family Res. [3bed 2.5bath] with Attached Garage","3103 GARWOOD STREET BLDG 2",30.259839,-97.706087
"1173","3103 GARWOOD ST--BLDG 1","ePlan: Residential Expedited Review - New THREE UNIT RES.
Bldg 1 New construction of a 2-Story Single Family Res. [3bed 3.5bath] with Attached Garage","3103 GARWOOD STREET BLDG 1",30.259839,-97.706087
"1174","3103 GARWOOD ST--BLDG 3","ePlan: Residential Expedited Review - New THREE UNIT RES.
Bldg 3 New construction of a 2-Story Single Family Res. [3bed 2.5bath] with Attached Garage","3103 GARWOOD STREET BLDG 3",30.259839,-97.706087
"1175","2211 ALLRED DR","New Construction of 2 Story SFR with 4 beds 5 baths","2211 ALLRED DRIVE",30.172384,-97.828912
"1176","4330 AIRPORT BLVD BLDG 1","BLDG 1: New construction of a 2-Story Single Family Res. [5 bed 4.5 bath] with Attached Carport. Part of 2-unit use.","4330 AIRPORT BOULEVARD BLDG 1",30.299872,-97.712407
"1177","4330 AIRPORT BLVD BLDG 2","BLDG 2: New construction of a 2-Story Single Family Res. [3 bed 3.5 bath] with Attached Garage/Carport. Part of 2-unit use.","4330 AIRPORT BOULEVARD BLDG 2",30.299872,-97.712407
"1178","8512 ROCKWOOD LN","New Two-Story SF Residence w/ 4 bed 3.5 baths + attached garage","8512 ROCKWOOD LANE",30.368949,-97.731867
"1179","9803 RIBELIN RANCH CT BLDG 37","New construction of single building based on Volume Builder Approved (2024-067871 VB) Plan 10-CB-R. This is a 2 Story building 4 Beds 3.5 Baths with height of 31-7 and 3129 square feet.","9803 RIBELIN RANCH CT BLDG 37",30.391205,-97.828986
"1180","2309 OAK CREST AVE UNIT 2B","BUILDING 2 UNIT 2B: New 3-story residence (duplex residence) with entryway going up to second floor 2nd floor kitchen & living area  2 bedroom 2.5 bath.","2309 OAK CREST AVE UNIT 2B",30.243358,-97.761874
"1181","9803 RIBELIN RANCH CT BLDG 27","New construction of single building based on Volume Builder Approved (2024-067871 VB) Plan 4-AB-R. This is a 2 Story building with height of 30-9 and 3600 square feet.","9803 RIBELIN RANCH CT BLDG 27",30.391205,-97.828986
"1182","2309 OAK CREST AVE UNIT 2A","BUILDING 2 (2a): New studio apartment (duplex residence) w/ 1 bathroom & includes the carport & porch for building 2.","2309 OAK CREST AVE UNIT 2A",30.243358,-97.761874
"1183","2309 OAK CREST AVE BLDG 1","BUILDING 1:  New 3-story single family residence w/ attached carport 3 bedroom 3.5 bath.","2309 OAK CREST AVE BLDG 1",30.243358,-97.761874
"1184","2020 RUNDELL PL","New 2-story single family residence with habitable attic 7 bed/4.5 bath attached garage carport covered front rear porch driveway and sidewalk","2020 RUNDELL PLACE",30.253889,-97.774783
"1185","4603 BUCKS RUN","New construction of 1 story SFR with 2 bathrooms and 3 bedrooms","4603 BUCKS RUN",30.17975,-97.755097
"1186","5505 WILLIAM HOLLAND AVE BLDG 1","ePlan: Residential Expedited Review - New construction of a THREE UNIT RES.
Bldg 1 New construction of a 3-Story Single Family Res. [3bed 3bath] with attached Garage.","5505 WILLIAM HOLLAND AVE BLDG 1",30.328416,-97.737345
"1187","5505 WILLIAM HOLLAND AVE BLDG 3","ePlan: Residential Expedited Review - New construction of a THREE UNIT RES.
Bldg 3 New construction of a 3-Story Single Family Res. [3bed 3bath] with attached Garage","5505 WILLIAM HOLLAND AVE BLDG 3",30.328416,-97.737345
"1188","5505 WILLIAM HOLLAND AVE BLDG 2","ePlan: Residential Expedited Review - New construction of a THREE UNIT RES.
Bldg 2 New construction of a 3-Story Single Family Res. [3bed 3bath] with attached Garage","5505 WILLIAM HOLLAND AVE BLDG 2",30.328416,-97.737345
"1189","3002 WEBBERVILLE RD--BLDG 2","ePlan: Residential Expedited Review - New construction of Second Unit 2-Story Single Family Res. [3bed 2.5bath] with Attached Garage","3002 WEBBERVILLE ROAD BLDG 2",30.266683,-97.708678
"1190","910 CHOTE AVE--BLDG 2 (4701 BOLM)","ePlan: Residential Expedited Review -New construction of a 3-Story Single Family Res. [3bed 3.5bath] with Attached Carport.  4701 Bolm Rd","910 CHOTE AVE",30.261133,-97.696988
"1191","910 CHOTE AVE--BLDG 3 (4705 BOLM)","ePlan: Residential Expedited Review -New construction of a 3-Story Single Family Res. [3bed 3.5bath] with Attached Carport.  4705 Bolm Rd.","910 CHOTE AVE",30.261133,-97.696988
"1192","1211 KINNEY AVE BLDG 1","ePlan: Residential Expedited Review - New  construction of a 2-Story Single Family Res. [3bed 2.5bath] with Attached Garage. Bldg 1","1211 KINNEY AVE BLDG 1",30.255363,-97.76596
"1193","910 CHOTE AVE--BLDG 1","ePlan: Residential Expedited Review - New construction of a 3-Story Single Family Res. [6bed 4.5bath] with Attached Garage.  910 Chote Ave","910 CHOTE AVE",30.261133,-97.696988
"1194","514 E LIVE OAK ST","New 2-story 3 bedroom 3.5 bathroom small lot single family residence with attached carport covered porch and uncovered wood deck.","514 EAST LIVE OAK STREET",30.240322,-97.748495
"1195","1211 KINNEY AVE BLDG 3","ePlan: Residential Expedited Review - New  construction of a 2-Story Single Family Res. [3bed 2.5bath] with Attached Garage. Bldg 3","1211 KINNEY AVE BLDG 3",30.255363,-97.76596
"1196","1211 KINNEY AVE BLDG 2","ePlan: Residential Expedited Review - New  construction of a 2-Story Single Family Res. [3bed 2.5bath] with Attached Garage. Bldg 2","1211 KINNEY AVE BLDG 2",30.255363,-97.76596
"1197","2611 DEERFOOT TRL","New 2-story 4 bedroom 4.5 bathroom dwelling unit with attached garage carport covered front porch rear covered patio and balcony.","2611 DEERFOOT TRAIL",30.260306,-97.779511
"1198","300 W MOCKINGBIRD LN BLDG 1","New 2-story 3 bedroom 2.5 bathroom dwelling unit with attached garage covered front porch rear covered patio and 2nd floor covered balcony.","300 WEST MOCKINGBIRD LANE BLDG 1",30.208874,-97.775423
"1199","2218 RIVERVIEW ST--PRIMARY","New construction of a 2-Story Single Family Res with 3rd floor habitable attic. [4 bed 4 bath] front & rear porch with Detached 2-car Garage.
Retroactive demolition of framing & foundation from a previous incomplete attempted development is included in the scope of work (no need for demo permit).","2218 RIVERVIEW STREET",30.25019,-97.721885
"1200","8508 COSMICO ST","ePlan: Residential Expedited Review - SITE PLAN APPROVED: PHASE A - Greystar Plan A584 New 2 story attached unit with 3 bedrooms 2.5 bathrooms and a 2 car garage","8508 COSMICO STREET",30.234448,-97.902285
"1201","5408 MONTVIEW ST","ePlan: Residential Expedited Review - New construction of a 2-Story Single Family Res. [5bed 4.5bath] with Attached Garage.","5408 MONTVIEW STREET",30.328817,-97.741545
"1202","300 W MOCKINGBIRD LN BLDG 2","New 2-story 3 bedroom 2.5 bathroom dwelling unit with attached garage covered front porch and rear screened patio.","300 WEST MOCKINGBIRD LANE BLDG 2",30.208874,-97.775423
"1203","1204 SINGLETON AVE--BLDG 1","New 2-story 3 bedroom 2.5 bathroom dwelling unit with covered porches and uncovered wood deck walkway.","1204 SINGLETON AVE",30.275089,-97.714233
"1204","1210 ROMERIA DR BLDG 1","New construction 2-Unit use single-family residential 2-story 4 bedroom 3.5 bath with attached 2-car garage and uncovered wood rear deck.","1210 ROMERIA DRIVE BLDG 1",30.332724,-97.728602
"1205","4530 CLAWSON RD BLDG 2","New 3-story 3 bedroom 2.5 bathroom dwelling unit with attached carport covered porches and balconies.","4530 CLAWSON ROAD BLDG 2",30.223611,-97.787068
"1206","1204 SINGLETON AVE--BLDG 2","New 2-story 3 bedroom 2.5 bathroom dwelling unit with covered porches and uncovered wood deck walkway.","1204 SINGLETON AVE",30.275089,-97.714233
"1207","4530 CLAWSON RD BLDG 1","New 3-story 3 bedroom 2.5 bathroom dwelling unit with attached carport covered porches and balconies.","4530 CLAWSON ROAD BLDG 1",30.223611,-97.787068
"1208","1606 GARDEN ST--BLDG 2--UNIT A","BLDG 2 UNIT 2A:  New 2-story duplex unit w/ 2 bedroom 2 bath screened balcony attached carport w/ alley access. Part of 3-unit use.","1606 GARDEN STREET BLDG 2 UNIT 2A",30.255849,-97.729161
"1209","1606 GARDEN ST--BLDG 2--UNIT B","BLDG 2 UNIT 2B: New 2-story duplex unit w/ 2 bedroom 2.5 bath  covered patio covered/screened deck above second floor. Part of 3-unit use.","1606 GARDEN STREET BLDG 2 UNIT 2B",30.255849,-97.729161
"1210","1204 SINGLETON AVE--BLDG 3","New 2-story 3 bedroom 2.5 bathroom dwelling unit with covered porches and uncovered wood deck walkway.","1204 SINGLETON AVE",30.275089,-97.714233
"1211","8013 WILDER RD UNIT 101","ePlan: Residential Expedited Review - SITE PLAN APPROVED: PHASE A - Greystar Plan A581 New 2 story attached unit with 3 bedrooms 2.5 bathrooms and a 2 car garage.","8013 WILDER ROAD UNIT 101",30.234517,-97.90451
"1212","8709 COSMICO ST UNIT 104","ePlan: Residential Expedited Review - SITE PLAN APPROVED: PHASE A - Greystar Plan A581 New 2 story attached unit with 3 bedrooms 2.5 bathrooms and a 2 car garage.","8709 COSMICO STREET UNIT 104",30.234682,-97.903989
"1213","8013 WILDER RD UNIT 201","ePlan: Residential Expedited Review - SITE PLAN APPROVED: PHASE A - Greystar Plan A581 New 2 story attached unit with 3 bedrooms 2.5 bathrooms and a 2 car garage.","8013 WILDER ROAD UNIT 201",30.234517,-97.90451
"1214","8113 WILDER RD UNIT 201","ePlan: Residential Expedited Review - SITE PLAN APPROVED: PHASE A - Greystar Plan A581 New 2 story attached unit with 3 bedrooms 2.5 bathrooms and a 2 car garage.","8113 WILDER ROAD UNIT 201",30.234079,-97.904807
"1215","8113 WILDER RD UNIT 103","ePlan: Residential Expedited Review - SITE PLAN APPROVED: PHASE A - Greystar Plan A581 New 2 story attached unit with 3 bedrooms 2.5 bathrooms and a 2 car garage.","8113 WILDER ROAD UNIT 103",30.234079,-97.904807
"1216","8013 WILDER RD UNIT 103","ePlan: Residential Expedited Review - SITE PLAN APPROVED: PHASE A - Greystar Plan A581 New 2 story attached unit with 3 bedrooms 2.5 bathrooms and a 2 car garage.","8013 WILDER ROAD UNIT 103",30.234517,-97.90451
"1217","5700 FORKS RD","New 2-Story Single Family Residence with 3 bedrooms 2.5 bathrooms and an attached 2-car garage","5700 FORKS ROAD",30.148975,-97.753205
"1218","2613 GERAGHTY AVE","ePlan: Residential Expedited Review - New construction of a 2-Story Single Family Res. [5bed 4bath] with Attached Carport","2613 GERAGHTY AVE",30.345984,-97.741401
"1219","8717 COSMICO ST UNIT 101","ePlan: Residential Expedited Review - SITE PLAN APPROVED: PHASE A - Greystar Plan A581 New 2 story attached unit with 3 bedrooms 2.5 bathrooms and a 2 car garage.","8717 COSMICO STREET UNIT 101",30.23478,-97.904334
"1220","8013 WILDER RD UNIT 203","ePlan: Residential Expedited Review - SITE PLAN APPROVED: PHASE A - Greystar Plan A581 New 2 story attached unit with 3 bedrooms 2.5 bathrooms and a 2 car garage.","8013 WILDER ROAD UNIT 203",30.234517,-97.90451
"1221","8709 COSMICO ST UNIT 101","ePlan: Residential Expedited Review - SITE PLAN APPROVED: PHASE A - Greystar Plan A581 New 2 story attached unit with 3 bedrooms 2.5 bathrooms and a 2 car garage.","8709 COSMICO STREET UNIT 101",30.234682,-97.903989
"1222","8717 COSMICO ST UNIT 104","ePlan: Residential Expedited Review - SITE PLAN APPROVED: PHASE A - Greystar Plan A581 New 2 story attached unit with 3 bedrooms 2.5 bathrooms and a 2 car garage.","8717 COSMICO STREET UNIT 104",30.23478,-97.904334
"1223","1015 LUCINDA WILLIAMS DR","Site Plan Condo *Green Building* - New Single family residence with 2 bedrooms 2.5 bathrooms and an attached 2-car garage","1015 LUCINDA WILLIAMS DRIVE",30.14954,-97.704292
"1224","8703 COSMICO ST UNIT 101","ePlan: Residential Expedited Review - SITE PLAN APPROVED: PHASE A - Greystar Plan A581 New 2 story attached unit with 3 bedrooms 2.5 bathrooms and a 2 car garage.","8703 COSMICO STREET UNIT 101",30.234597,-97.903761
"1225","8113 WILDER RD UNIT 203","ePlan: Residential Expedited Review - SITE PLAN APPROVED: PHASE A - Greystar Plan A581 New 2 story attached unit with 3 bedrooms 2.5 bathrooms and a 2 car garage.","8113 WILDER ROAD UNIT 203",30.234079,-97.904807
"1226","1606 GARDEN ST--BLDG 1","BLDG 1: New construction of a 3-Story Single Family Res. [5 bed 4 bath] with 2 screened balconies Attached Carport . Part of 3-unit use.","1606 GARDEN STREET BLDG 1",30.255849,-97.729161
"1227","8703 COSMICO ST UNIT 104","ePlan: Residential Expedited Review - SITE PLAN APPROVED: PHASE A - Greystar Plan A581 New 2 story attached unit with 3 bedrooms 2.5 bathrooms and a 2 car garage.","8703 COSMICO STREET UNIT 104",30.234597,-97.903761
"1228","8113 WILDER RD UNIT 101","ePlan: Residential Expedited Review - SITE PLAN APPROVED: PHASE A - Greystar Plan A581 New 2 story attached unit with 3 bedrooms 2.5 bathrooms and a 2 car garage.","8113 WILDER ROAD UNIT 101",30.234079,-97.904807
"1229","5615 WILLIAM HOLLAND AVE","New 1-story dwelling unit 3 bed/2.5 bath attached garage covered porch and patio","5615 WILLIAM HOLLAND AVE",30.330468,-97.735742
"1230","1805 E 18TH ST--BLDG 2 (MIDDLE)","ePlan: Residential Expedited Review - New THREE UNIT RES.
Bldg 2 New construction of a 2-Story Single Family Res. [3bed 3bath] with Attached Garage","1805 EAST 18TH STREET BLDG 2",30.278481,-97.721373
"1231","1805 E 18TH ST--BLDG 1 (FRONT)","ePlan: Residential Expedited Review - New THREE UNIT RES.
Bldg 1 New construction of a 2-Story Single Family Res. [3bed 3bath] with Attached Garage","1805 EAST 18TH STREET BLDG 1",30.278481,-97.721373
"1232","1805 E 18TH ST--BLDG 3 (BACK)","ePlan: Residential Expedited Review - New THREE UNIT RES.
Bldg 3 New construction of a 2-Story Single Family Res. [3bed 3bath] with Attached Garage","1805 EAST 18TH STREET BLDG 3",30.278481,-97.721373
"1233","1309 ALGUNO RD","ePlan: Residential Expedited Review - New construction of a 2-Story Single Family Res. [6bed 5bath] with Attached Carport.","1309 ALGUNO ROAD",30.33213,-97.730366
"1234","1309 ALGUNO RD BLDG 2","ePlan: Residential Expedited Review -New construction of a 2-Story Single Family Res. [4bed 3bath]. Bldg 2","1309 ALGUNO ROAD BLDG 2",30.33213,-97.730366
"1235","2007 ARPDALE ST","Unit B addition to main house to create a Duplex","2007 ARPDALE STREET",30.248032,-97.777529
"1236","2313 E 11TH ST--BLDG 2","New two-story dwelling unit 1 bed/1 bath with covered patio and storage","2313 EAST 11TH STREET BLDG 2",30.26544,-97.717135
"1237","2407 S 3RD ST UNIT 2A","Building 2A New construction of 3 story duplex (existing unit on lot) rear of main house.","2407 SOUTH 3RD STREET UNIT 2A",30.242076,-97.76146
"1238","2407 S 3RD ST UNIT 2B","Building 2B New construction of 3 story duplex (existing unit on lot) rear of main house.","2407 SOUTH 3RD STREET UNIT 2B",30.242076,-97.76146
"1239","1210 ROMERIA DR BLDG 2","New construction 2-Unit use single-family residential 2-story 4 bedroom 3.5 bath with attached 2-car garage and uncovered wood rear deck.","1210 ROMERIA DRIVE BLDG 2",30.332724,-97.728602
"1240","2507 INWOOD PL","New construction of a new 2-Story Single Family Res. [5 bed 5.5bath]  with pergola front & rear patio Attached Garage.","2507 INWOOD PLACE",30.288446,-97.771473
"1241","409 CROCKETT ST BLDG 1","ePlan: Residential Expedited Review - New Construction 4 MODULAR 3-Story Residences. 
Bldg 1 New 3-story SF Res [3bed 2.5bath] with garage","409 CROCKETT STREET BLDG 1",30.244146,-97.75602
"1242","6005 SILENT NOVA VW","New construction of SFR Condo with 5 beds 5.5 Baths covered rear porch patio and 3 car garage","6005 SILENT NOVA VW",30.383488,-97.841838
"1243","2601 LITTLE JOHN LN","ePlan: Residential Expedited Review - New construction of a 2-Story Single Family Res. [4bed 4bath] with Attached Garage.","2601 LITTLE JOHN LANE",30.233478,-97.748869
"1244","409 CROCKETT ST BLDG 3","ePlan: Residential Expedited Review - New Construction 4 MODULAR 3-Story Residences. 
Bldg 3 New 3-story SF Res [3bed 2.5bath]","409 CROCKETT STREET BLDG 3",30.244146,-97.75602
"1245","3804 MANORWOOD RD BLDG 2","Bldg 2: New 2 story SFR with a covered front porch and balcony. 2 bedroom 1.5 bath.","3804 MANORWOOD ROAD BLDG 2",30.288528,-97.70485
"1246","301 N PLEASANT VALLEY RD--BLDG 2 (CENTER)","ePlan: Residential Expedited Review - New construction of a THREE-UNIT RES. 
UNIT 2 3-Story [3bed 3.5bath]","301 NORTH PLEASANT VALLEY ROAD BLDG 2",30.254932,-97.711711
"1247","301 N PLEASANT VALLEY RD--BLDG 1 (LEFT)","ePlan: Residential Expedited Review - New construction of a THREE-UNIT RES. 
UNIT 1 3-Story [3bed 3.5bath] with attached Carport","301 NORTH PLEASANT VALLEY ROAD BLDG 1",30.254932,-97.711711
"1248","302 LELAND ST","ePlan: Residential Expedited Review -   New construction of a 1-Story second dwelling unit [2 bed 2 bath] on through lot off Leland St .  Part of 2-unit use with existing residence on Terrace Dr to remain.","302 LELAND STREET",30.242499,-97.749536
"1249","409 CROCKETT ST BLDG 2","ePlan: Residential Expedited Review - New Construction 4 MODULAR 3-Story Residences. 
Bldg 2 New 3-story SF Res [3bed 2.5bath]","409 CROCKETT STREET BLDG 2",30.244146,-97.75602
"1250","1229 ETERNITY TER","ePlan: Residential Expedited Review - New construction of a 2-Story Single Family Res. [5bed 5.5bath] with Attached Garage.","1229 ETERNITY TER",30.28475,-97.832102
"1251","1117 ETERNITY TER","ePlan: Residential Expedited Review - New construction of a 2-Story Single Family Res. [5bed 5bath] with Attached Garage.","1117 ETERNITY TER",30.286119,-97.83001
"1252","301 N PLEASANT VALLEY RD--BLDG 3 (RIGHT)","ePlan: Residential Expedited Review - New construction of a THREE-UNIT RES. 
UNIT 3 3-Story [3bed 3.5bath] with attached Carport","301 NORTH PLEASANT VALLEY ROAD BLDG 3",30.254932,-97.711711
"1253","407 CROCKETT ST","ePlan: Residential Expedited Review - New Construction 4 MODULAR 3-Story Residences. 
Bldg 4 New 3-story SF Res [3bed 2.5bath]","407 CROCKETT STREET",30.24401,-97.755867
"1254","8603 DONGAN DR","2 story SFR with 4 bedrooms 3 baths covered porch and attached garage. 
On May 26 2026 I (Sam West) removed the driveway and sidewalk required inspection because the project is located in the limited purpose of the City of Austin.","8603 DONGAN DRIVE",30.140439,-97.714181
"1255","1909 WESTRIDGE DR UNIT 1","ePlan: Residential Expedited Review - New TWO UNIT RES.
Unit 1 New construction of a 2-Story Duplex [4bed 3.5bath] with attached Garage","1909 WESTRIDGE DRIVE UNIT 1",30.255197,-97.779433
"1256","703 SPARKS AVE BLDG 2","ePlan: Residential Expedited Review -New construction of a 2-Story Single Family Res. [4bed 4bath]. Bldg 2","703 SPARKS AVE BLDG 2",30.291748,-97.731355
"1257","701 SPARKS AVE BLDG 1","ePlan: Residential Expedited Review - New construction of a 2-Story Single Family Res. [4bed 4bath]. Bldg 1","701 SPARKS AVE BLDG 1",30.291822,-97.73152
"1258","703 SPARKS AVE BLDG 1","ePlan: Residential Expedited Review - New construction of a 2-Story Single Family Res. [5bed 5bath]. Bldg 1","703 SPARKS AVE BLDG 1",30.291748,-97.731355
"1259","701 SPARKS AVE BLDG 2","ePlan: Residential Expedited Review - New construction of a 2-Story Single Family Res. [4bed 4bath]. Bldg 2","701 SPARKS AVE BLDG 2",30.291822,-97.73152
"1260","1101 RUTH AVE BLDG 1","New construction of two separate residential buildings on an individual site with a two-unit residential use.
Main Structure","1101 RUTH AVE BLDG 1",30.336302,-97.724279
"1261","1909 WESTRIDGE DR UNIT 2","ePlan: Residential Expedited Review - New TWO UNIT RES.
Unit 2 New construction of a 1-Story Duplex [1bed 1bath] with attached Garage","1909 WESTRIDGE DRIVE UNIT 2",30.255197,-97.779433
"1262","1101 RUTH AVE BLDG 2","New construction of two separate residential buildings on an individual site with a two-unit residential use.
Secondary Unit","1101 RUTH AVE BLDG 2",30.336302,-97.724279
"1263","2708 ZARAGOSA ST--BLDG 2","Building 2 New construction of SFR rear of main house 1/1.5","2708 ZARAGOSA STREET BLDG 2",30.263978,-97.709665
"1264","2615 SPRING LN","ePlan: Residential Expedited Review - New construction of a 2-Story Single Family Res. [5bed 6bath] with Habitable Attic and Attached Garage. Work to include 500 sf casita connected by covered patio.","2615 SPRING LANE",30.301238,-97.763899
"1265","2301 E 2ND ST--BLDG 1","2301 E 2nd St BUILDING 1 (middle front on E 2nd side):   New construction of a 3-Story Single Family Res. [3 bed 3.5bath] with Attached 1-car Garage and 3rd floor balcony. Part of 4-unit use  8 detached units total in development across 2 lots.","2301 EAST 2ND STREET BLDG 1",30.255912,-97.718658
"1266","2301 E 2ND ST--BLDG 2","2301 E 2nd St BUILDING 2 (middle rear on E 2nd side):   New construction of a 3-Story Single Family Res. [3 bed 3.5bath] and 3rd floor balcony. Part of 4-unit use  8 detached units total in development across 2 lots.","2301 EAST 2ND STREET BLDG 2",30.255912,-97.718658
"1267","2806 SAN PEDRO ST","TEMPORARY BUILDING PERMIT: Scope Of Work Is Limited To Construct a Slab on grade foundation and the rough plumbing and electrical. The building footprint is 4060.4 SF.","2806 SAN PEDRO STREET",30.293978,-97.745899
"1268","111 MILDRED ST--BLDG 3 (CORNER)","111 Mildred St BUILDING 3 (corner of Mildred & E 2nd St):  New construction of a 3-Story Single Family Res. [3 bed 3.5bath] with Attached 1-car Garage and 3rd floor balcony.  Part of 4-unit use  8 detached units total in development across 2 lots.","111 MILDRED STREET BLDG 3",30.255856,-97.718801
"1269","2303 E 2ND ST--BLDG 1","2303 E 2nd St Building 1: (rearmost on Mildred side): New construction of a 3-Story Single Family Res. [3 bed 3.5bath] with Attached 1-car Garage and 3rd floor balcony. Part of 4-unit use  8 detached units total in development across 2 lots.","2303 EAST 2ND STREET BLDG 1",30.255872,-97.718573
"1270","8404 COSMICO ST","ePlan: Residential Expedited Review - SITE PLAN APPROVED: PHASE A - Greystar Plan A583 New 2 story attached unit with 2 bedrooms 2.5 bathrooms and a 1 car garage","8404 COSMICO STREET",30.23404,-97.901459
"1271","8412 COSMICO ST","ePlan: Residential Expedited Review - SITE PLAN APPROVED: PHASE A - Greystar Plan A583 New 2 story attached unit with 2 bedrooms 2.5 bathrooms and a 1 car garage","8412 COSMICO STREET",30.234146,-97.901718
"1272","8113 WILDER RD UNIT 202","ePlan: Residential Expedited Review - SITE PLAN APPROVED: PHASE A - Greystar Plan A582 New 2 story attached unit with 2 bedrooms 2.5 bathrooms and a 2 car garage.","8113 WILDER ROAD UNIT 202",30.234079,-97.904807
"1273","8400 COSMICO ST","ePlan: Residential Expedited Review - SITE PLAN APPROVED: PHASE A - Greystar Plan A584 New 2 story attached unit with 3 bedrooms 2.5 bathrooms and a 2 car garage","8400 COSMICO STREET",30.233965,-97.901359
"1274","8410 COSMICO ST","ePlan: Residential Expedited Review - SITE PLAN APPROVED: PHASE A - Greystar Plan A584 New 2 story attached unit with 3 bedrooms 2.5 bathrooms and a 2 car garage","8410 COSMICO STREET",30.234118,-97.901659
"1275","8709 COSMICO ST UNIT 103","ePlan: Residential Expedited Review - SITE PLAN APPROVED: PHASE A - Greystar Plan A582 New 2 story attached unit with 2 bedrooms 2.5 bathrooms and a 2 car garage.","8709 COSMICO STREET UNIT 103",30.234682,-97.903989
"1276","8406 COSMICO ST","ePlan: Residential Expedited Review - SITE PLAN APPROVED: PHASE A - Greystar Plan A583 New 2 story attached unit with 2 bedrooms 2.5 bathrooms and a 1 car garage","8406 COSMICO STREET",30.234071,-97.901513
"1277","8717 COSMICO ST UNIT 103","ePlan: Residential Expedited Review - SITE PLAN APPROVED: PHASE A - Greystar Plan A582 New 2 story attached unit with 2 bedrooms 2.5 bathrooms and a 2 car garage.","8717 COSMICO STREET UNIT 103",30.23478,-97.904334
"1278","8709 COSMICO ST UNIT 102","ePlan: Residential Expedited Review - SITE PLAN APPROVED: PHASE A - Greystar Plan A582 New 2 story attached unit with 2 bedrooms 2.5 bathrooms and a 2 car garage.","8709 COSMICO STREET UNIT 102",30.234682,-97.903989
"1279","1501 MINNIE DR","New construction of SFR with 3 beds and 2.5 baths","1501 MINNIE DRIVE",30.330072,-97.927068
"1280","8414 COSMICO ST","ePlan: Residential Expedited Review - SITE PLAN APPROVED: PHASE A - Greystar Plan A583 New 2 story attached unit with 2 bedrooms 2.5 bathrooms and a 1 car garage","8414 COSMICO STREET",30.234169,-97.901769
"1281","8013 WILDER RD UNIT 102","ePlan: Residential Expedited Review - SITE PLAN APPROVED: PHASE A - Greystar Plan A582 New 2 story attached unit with 2 bedrooms 2.5 bathrooms and a 2 car garage.","8013 WILDER ROAD UNIT 102",30.234517,-97.90451
"1282","8420 COSMICO ST","ePlan: Residential Expedited Review - SITE PLAN APPROVED: PHASE A - Greystar Plan A583 New 2 story attached unit with 2 bedrooms 2.5 bathrooms and a 1 car garage","8420 COSMICO STREET",30.234257,-97.901936
"1283","8422 COSMICO ST","ePlan: Residential Expedited Review - SITE PLAN APPROVED: PHASE A - Greystar Plan A584 New 2 story attached unit with 3 bedrooms 2.5 bathrooms and a 2 car garage","8422 COSMICO STREET",30.23428,-97.901998
"1284","8500 COSMICO ST","ePlan: Residential Expedited Review - SITE PLAN APPROVED: PHASE A - Greystar Plan A584 New 2 story attached unit with 3 bedrooms 2.5 bathrooms and a 2 car garage","8500 COSMICO STREET",30.234319,-97.902076
"1285","8013 WILDER RD UNIT 202","ePlan: Residential Expedited Review - SITE PLAN APPROVED: PHASE A - Greystar Plan A582 New 2 story attached unit with 2 bedrooms 2.5 bathrooms and a 2 car garage.","8013 WILDER ROAD UNIT 202",30.234517,-97.90451
"1286","8506 COSMICO ST","ePlan: Residential Expedited Review - SITE PLAN APPROVED: PHASE A - Greystar Plan A583 New 2 story attached unit with 2 bedrooms 2.5 bathrooms and a 1 car garage","8506 COSMICO STREET",30.234425,-97.90223
"1287","8703 COSMICO ST UNIT 102","ePlan: Residential Expedited Review - SITE PLAN APPROVED: PHASE A - Greystar Plan A582 New 2 story attached unit with 2 bedrooms 2.5 bathrooms and a 2 car garage.","8703 COSMICO STREET UNIT 102",30.234597,-97.903761
"1288","8717 COSMICO ST UNIT 102","ePlan: Residential Expedited Review - SITE PLAN APPROVED: PHASE A - Greystar Plan A582 New 2 story attached unit with 2 bedrooms 2.5 bathrooms and a 2 car garage.","8717 COSMICO STREET UNIT 102",30.23478,-97.904334
"1289","8408 COSMICO ST","ePlan: Residential Expedited Review - SITE PLAN APPROVED: PHASE A - Greystar Plan A584 New 2 story attached unit with 3 bedrooms 2.5 bathrooms and a 2 car garage","8408 COSMICO STREET",30.234088,-97.901568
"1290","8703 COSMICO ST UNIT 103","ePlan: Residential Expedited Review - SITE PLAN APPROVED: PHASE A - Greystar Plan A582 New 2 story attached unit with 2 bedrooms 2.5 bathrooms and a 2 car garage.","8703 COSMICO STREET UNIT 103",30.234597,-97.903761
"1291","8113 WILDER RD UNIT 102","ePlan: Residential Expedited Review - SITE PLAN APPROVED: PHASE A - Greystar Plan A582 New 2 story attached unit with 2 bedrooms 2.5 bathrooms and a 2 car garage.","8113 WILDER ROAD UNIT 102",30.234079,-97.904807
"1292","8402 COSMICO ST","ePlan: Residential Expedited Review - SITE PLAN APPROVED: PHASE A - Greystar Plan A583 New 2 story attached unit with 2 bedrooms 2.5 bathrooms and a 1 car garage","8402 COSMICO STREET",30.234013,-97.9014
"1293","8504 COSMICO ST","ePlan: Residential Expedited Review - SITE PLAN APPROVED: PHASE A - Greystar Plan A583 New 2 story attached unit with 2 bedrooms 2.5 bathrooms and a 1 car garage","8504 COSMICO STREET",30.234394,-97.902177
"1294","8502 COSMICO ST","ePlan: Residential Expedited Review - SITE PLAN APPROVED: PHASE A - Greystar Plan A583 New 2 story attached unit with 2 bedrooms 2.5 bathrooms and a 1 car garage","8502 COSMICO STREET",30.234356,-97.902126
"1295","8418 COSMICO ST","ePlan: Residential Expedited Review - SITE PLAN APPROVED: PHASE A - Greystar Plan A583 New 2 story attached unit with 2 bedrooms 2.5 bathrooms and a 1 car garage","8418 COSMICO STREET",30.23423,-97.901879
"1296","8416 COSMICO ST","ePlan: Residential Expedited Review - SITE PLAN APPROVED: PHASE A - Greystar Plan A583 New 2 story attached unit with 2 bedrooms 2.5 bathrooms and a 1 car garage","8416 COSMICO STREET",30.2342,-97.901821
"1297","210 W MOCKINGBIRD LN BLDG 3","New 2-story 3 bedroom 2.5 bathroom dwelling unit with attached garage covered front porch and rear covered patio.","210 WEST MOCKINGBIRD LANE BLDG 3",30.208691,-97.775238
"1298","210 W MOCKINGBIRD LN BLDG 2","New 2-story 3 bedroom 2.5 bathroom dwelling unit with attached garage covered front porch and rear covered patio.","210 WEST MOCKINGBIRD LANE BLDG 2",30.208691,-97.775238
"1299","210 W MOCKINGBIRD LN BLDG 1","New 2-story 3 bedroom 2.5 bathroom dwelling unit with attached garage covered front porch rear covered patio and 2nd floor covered balcony.","210 WEST MOCKINGBIRD LANE BLDG 1",30.208691,-97.775238
"1300","1808 SYLVAN DR BLDG 2","ePlan: Residential Expedited Review - New construction of a 3-Story Single Family Res. [4bed 4bath] with Attached Carport. Bldg 2","1808 SYLVAN DRIVE BLDG 2",30.237681,-97.734307
"1301","2406 DREW LN BLDG 1","ePlan: Residential Expedited Review - Bldg 1: New construction of 2-Story residence [2.5 bed 2.5 bath] with attached Garage.  Part of 3-unit use.","2406 DREW LANE BLDG 1",30.170284,-97.831389
"1302","1808 SYLVAN DR BLDG 3","ePlan: Residential Expedited Review - New construction of a 3-Story Single Family Res. [3bed 3.5bath]. Bldg 3","1808 SYLVAN DRIVE BLDG 3",30.237681,-97.734307
"1303","2406 DREW LN BLDG 2","Bldg 2: New construction of 3-Story residence [2.5 bed 2.5 bath].  Part of 3-unit use.","2406 DREW LANE BLDG 2",30.170284,-97.831389
"1304","1808 SYLVAN DR BLDG 1","ePlan: Residential Expedited Review - New construction of a 3-Story Single Family Res. [4bed 4bath] with Attached Carport. Bldg 1","1808 SYLVAN DRIVE BLDG 1",30.237681,-97.734307
"1305","2406 DREW LN BLDG 3","Bldg 3: New construction of 3-Story residence [2.5 bed 2.5 bath].  Part of 3-unit use.","2406 DREW LANE BLDG 3",30.170284,-97.831389
"1306","2410 DREW LN BLDG 6","Bldg 6: New 3-Story [2 bed 2.5 bath]. Part of THREE-UNIT RES.  (six units sharing 1 address number & shared driveway)","2410 DREW LANE BLDG 6",30.170351,-97.831623
"1307","2410 DREW LN BLDG 5","Bldg 5: New 3-Story [2 bed 2.5 bath]. Part of THREE-UNIT RES.  (six units sharing 1 address number & shared driveway)

Revision 1: REMOVAL OF FIRE SUPPRESSION FOR BUILDINGS 4 AND 5.  REPLACEMENT PAGES LOCATED AT THE END OF THE SET","2410 DREW LANE BLDG 5",30.170351,-97.831623
"1308","2410 DREW LN BLDG 4","Bldg 4: New 2-Story [2 bed 2.5bath] with attached 1-car garage. Part of THREE-UNIT RES.  (six units sharing 1 address number & shared driveway)..

Revision 1: REMOVAL OF FIRE SUPPRESSION FOR BUILDINGS 4 AND 5.  REPLACEMENT PAGES LOCATED AT THE END OF THE SET","2410 DREW LANE BLDG 4",30.170351,-97.831623
"1309","1902 GREENWOOD AVE BLDG 3","ePlan: Residential Expedited Review - New THREE UNIT RES.
New construction of a 3-Story Single Family Res. [3bed 3.5bath] with Attached Carport","1902 GREENWOOD AVE BLDG 3",30.283911,-97.698598
"1310","1902 GREENWOOD AVE BLDG 2","ePlan: Residential Expedited Review - New THREE UNIT RES.
New construction of a 3-Story Single Family Res. [4bed 3.5bath] with Attached Carport","1902 GREENWOOD AVE BLDG 2",30.283911,-97.698598
"1311","1902 GREENWOOD AVE BLDG 1","ePlan: Residential Expedited Review - New THREE UNIT RES.
New construction of a 3-Story Single Family Res. [6bed 5.5bath] with Attached Garage/Carport","1902 GREENWOOD AVE BLDG 1",30.283911,-97.698598
"1312","1619 ELMHURST DR BLDG 2","ePlan: Residential Expedited Review: New construction of a THREE UNIT RESIDENTIAL with two pools. 
BLDG 2: New 3-Story Single Fam. Res. [4 bed 3.5bath] w/ Carport.","1619 ELMHURST DRIVE BLDG 2",30.241925,-97.732727
"1313","5007 DUVAL ST","New 1-story 3 bedroom 2 bathroom single family residence with attached carport and covered front porch.","5007 DUVAL STREET",30.313548,-97.720071
"1314","1619 ELMHURST DR BLDG 1","ePlan: Residential Expedited Review: New construction of a THREE UNIT RESIDENTIAL with two pools. 
BLDG 1: New 3--Story Single Fam. Res. [4bed 3.5bath] w/ Carport","1619 ELMHURST DRIVE BLDG 1",30.241925,-97.732727
"1315","1619 ELMHURST DR BLDG 3","ePlan: Residential Expedited Review: New construction of a THREE UNIT RESIDENTIAL with two pools. 
BLDG 3: New 2-Story Single Family Res. [4 bed 3 bath] w/ Carport","1619 ELMHURST DRIVE BLDG 3",30.241925,-97.732727
"1316","2101 PAYNE AVE BLDG 2","New 2-story 1 bedroom 1 bathroom dwelling unit with attached garage workshops pool bathroom exterior staircase and balcony.","2101 PAYNE AVE BLDG 2",30.339334,-97.73788
"1317","2101 PAYNE AVE BLDG 1","New 2-story 4 bedroom 3.5 bathroom dwelling unit with trellis.","2101 PAYNE AVE BLDG 1",30.339334,-97.73788
"1318","2907 BEANNA ST BLDG 1","ePlan: Residential Expedited Review - New construction of TWO Units
Bldg 1 New 2-Story Single Family Res. [5bed 4.5bath] with habitable attic space","2907 BEANNA STREET BLDG 1",30.289709,-97.729832
"1319","2100 MOUNTAIN VIEW RD UNIT B","ePlan: Residential Expedited Review - New duplex  comprising of unit 1 (primary unit) & unit 2 (smaller second floor garage apartment).  
Unit B:  Located on 2nd floor accessed via sprial staircase1 bed 1 bath with 2-car garage","2100 MOUNTAIN VIEW ROAD UNIT B",30.296728,-97.772107
"1320","2907 BEANNA ST BLDG 2","ePlan: Residential Expedited Review - New construction of TWO Units
Bldg 2 New 2-Story Single Family Res. [3bed 3bath]","2907 BEANNA STREET BLDG 2",30.289709,-97.729832
"1321","2100 MOUNTAIN VIEW RD UNIT A","ePlan: Residential Expedited Review - New duplex  comprising of unit 1 (primary unit) & unit 2 (smaller second floor garage apartment).  
Unit A: 2-stories 5 bed 5.5 bath.","2100 MOUNTAIN VIEW ROAD UNIT A",30.296728,-97.772107
"1322","1407 GASTON AVE","New construction single-family residential 2-story 4 bedroom 5.5 bath with attached 2-car garage covered front porch covered rear patio screened porch and 2nd story covered balcony.","1407 GASTON AVE",30.295319,-97.753193
"1323","911 POST OAK ST","New 2-story 3 bedroom 2.5 bathroom single family residence with habitable basement attached carport covered porches and balcony.","911 POST OAK STREET",30.258058,-97.755541
"1324","12009 BITTERN HOLW","New 1 story SFR with 4 beds 4.5 baths 2 car garage front covered porch and rear covered patio","12009 BITTERN HOLW",30.400579,-97.697103
"1325","1607 GASTON AVE BLDG 2","New 1 story dwelling unit 1 bed 1 bath with attached covered patio","1607 GASTON AVE BLDG 2",30.297209,-97.75719
"1326","205 MEDINA--BLDG 1 (CORNER)","Bldg 1: New construction of a 2-Story Single Family Res. [3 bed 2.5bath] with Attached Carport. Part of 3-unit use.","205 MEDINA BLDG 1",30.261304,-97.732982
"1327","907 E RIVERSIDE DR BLDG 2","Building 2 New 2 Story SFR with attached garage","907 EAST RIVERSIDE DRIVE BLDG 2",30.249474,-97.739349
"1328","205 MEDINA--BLDG 2 (MIDDLE)","Bldg 2: New construction of a 3-Story Single Family Res. [3 bed 2.5bath] with Attached Carport balcony. Part of 3-unit use.","205 MEDINA BLDG 2",30.261304,-97.732982
"1329","205 MEDINA--BLDG 3 (ALLEY)","Bldg 3: New construction of a 2-Story Single Family Res. [3 bed 2.5bath] with Attached Carport. Part of 3-unit use.","205 MEDINA BLDG 3",30.261304,-97.732982
"1330","3804 MANORWOOD RD--BLDG 1","Bldg 1: New 2 story SFR with attached garagecov front porch covered patio. 3 bedroom 2.5 bath","3804 MANORWOOD ROAD BLDG 1",30.288528,-97.70485
"1331","3004 OAK PARK DR","ePlan: Residential Expedited Review - New construction of a 2-Story Single Family Res. [5bed 5.5bath] with Habitable Attic and Attached Garage.","3004 OAK PARK DRIVE",30.248038,-97.787006
"1332","1804 ALTA VISTA AVE","New 3-story 4 bedroom 2.5 bathroom single family residence with covered and screened porches balconies and an uncovered elevated steel walkway.","1804 ALTA VISTA AVE",30.242845,-97.74394
"1333","408 W LIVE OAK STREET Bldg 2","ePlan: Residential Expedited Review - New Construction of 4 New Modular 3-Story Residences. 
Bldg 2 New construction of a 3-Story Single Family Res. [3bed 2.5bath] with Attached Garage. 408 W LIVE OAK STREET Bldg 2","408 WEST LIVE OAK STREET BLDG 2",30.24391,-97.756053
"1334","406 W LIVE OAK ST","ePlan: Residential Expedited Review - New Construction of 4 New Modular 3-Story Residences. 
New construction of a 3-Story Single Family Res. [3bed 2.5bath] with Attached Garage. 406 W LIVE OAK ST","406 WEST LIVE OAK STREET",30.243773,-97.756075
"1335","408 W LIVE OAK STREET Bldg 1","ePlan: Residential Expedited Review - New Construction of 4 New Modular 3-Story Residences. 
New construction of a 3-Story Single Family Res. [3bed 2.5bath] with Attached Garage. 408 W LIVE OAK STREET Bldg 1","408 WEST LIVE OAK STREET BLDG 1",30.24391,-97.756053
"1336","410 W LIVE OAK STREET","ePlan: Residential Expedited Review - New Construction of 4 New Modular 3-Story Residences. 
New construction of a 3-Story Single Family Res. [3bed 2.5bath] with Attached Garage. 410 W LIVE OAK STREET","410 WEST LIVE OAK STREET",30.243851,-97.756246
"1337","706 E 46TH ST UNIT B","706 E 46th St  UNIT B(rear building):  New construction of 2-story 2-car garage and a 2nd floor studio garage apartment  1 bathroom.  Attached via covered breezeway to main dwelling of 706 E 46th. Part of 3-unit use.","706 EAST 46TH STREET UNIT B",30.307584,-97.720341
"1338","704 E 46TH ST","704 E 46th St (front dwelling):  New construction of a 2-Story Single Family Res. [4 bed 4 bath] with Attached Garage. Part of 3-unit use.","704 EAST 46TH STREET",30.307471,-97.720541
"1339","706 E 46TH ST","706 E 46th St (rear building):  New construction of a 1-Story dwelling.  [4 bed 3.5 bath]. Part of 3-unit use.

**Meter will be located on front dwelling - ref 2025 124979 EP at 704 E 46th St.","706 EAST 46TH STREET",30.307584,-97.720341
"1340","2201 MONTCLAIRE STREET","ePlan: Residential Expedited Review - New construction of a 1-Story Single Family Res. [1bed 1bath]","2201 MONTCLAIRE STREET",30.248464,-97.780167
"1341","5610 HUDSON ST BLDG 1","ePlan: Residential Expedited Review - New THREE UNIT RES.
Bldg 1: New construction of a 3-Story Single Family Res. [3bed 3.5bath] with Attached Carport.","5610 HUDSON STREET BLDG 1",30.273001,-97.677048
"1342","5610 HUDSON ST BLDG 3","ePlan: Residential Expedited Review - New THREE UNIT RES.
Bldg 3: New construction of a 2-Story Single Family Res. [3bed 2.5bath] with Attached Carport.","5610 HUDSON STREET BLDG 3",30.273001,-97.677048
"1343","2500 PARAMOUNT AVE","ePlan: Residential Expedited Review - New construction of a 2-Story Single Family Res. [3bed 4.5bath] with Attached Garage.","2500 PARAMOUNT AVE",30.248374,-97.78018
"1344","5610 HUDSON ST BLDG 2","ePlan: Residential Expedited Review - New THREE UNIT RES.
Bldg 2: New construction of a 3-Story Single Family Res. [3bed 3.5bath] with Attached Carport.","5610 HUDSON STREET BLDG 2",30.273001,-97.677048
"1345","6205 MARSHALL RANCH RD","*Model Home* ePlan: Residential Expedited Review - New construction of a 2-Story Single Family Res. [5bed 5.5bath]","6205 MARSHALL RANCH ROAD",30.285249,-97.830854
"1346","1614 CANTERBURY ST BLDG 1","ePlan: Residential Expedited Review - New construction of a 2-Story Single Family Res. [4bed 3bath] with Attached Garage. Bldg 1","1614 CANTERBURY STREET BLDG 1",30.256569,-97.728172
"1347","309 FRANKLIN BLVD BLDG 2","Bldg 2: (2 of 2 Units) New 2 story residence with 3 bedroom 2.5 bathroom attached 1-car carport and balcony.","309 FRANKLIN BOULEVARD BLDG 2",30.319898,-97.724769
"1348","1614 CANTERBURY ST BLDG 2","ePlan: Residential Expedited Review - New construction of a 2-Story Single Family Res. [3bed 2.5bath] with Attached Carport. Bldg 2","1614 CANTERBURY STREET BLDG 2",30.256569,-97.728172
"1349","3711 BRIDLE PATH Bldg. 2","Retro Active permit of accessory dwelling unit and attached carport. Dwelling unit updated to BLDG 2 designation per conversations with addressing and Austin Water 4/29/26 (CB)","3711 BRIDLE PATH BLDG 2",30.297349,-97.782494
"1350","309 FRANKLIN BLVD BLDG 1","Bldg 1: (1 of 2 Units) New 2 story residence with 4 bedroom 4.5 bathroom with attached 1-car carport. work to include 2nd floor deck.","309 FRANKLIN BOULEVARD BLDG 1",30.319898,-97.724769
"1351","9224 FURMAN DR","Harrison S356 C Left New - 2 Story SFR w/ 5 bedrooms 3 bathrooms attached 2 car garage covered entry porch and patio required parking: 2.","9224 FURMAN DRIVE",30.143232,-97.735653
"1352","523 BARTON BLVD BLDG 2","Two-unit use: New construction single-family residential 2-story 3 bedroom 3 bath with attached 2-car carport covered porch and uncovered wood deck. 

JP-05/18/2026- no inspection will be done until cut-over is final","523 BARTON BOULEVARD BLDG 2",30.263156,-97.76506
"1353","9309 CORVALLIS DR","Freestone S353 D Right New - 1 Story SFR w/ 4 bedrooms 2 bathrooms attached 2 car garage covered entry porch and patio required parking: 2.","9309 CORVALLIS DRIVE",30.142965,-97.73417
"1354","2310 VILLAGE CIR BLDG 2","Bldg #2: New 1-story detached dwelling unit 1 bed/1 bath","2310 VILLAGE CIR BLDG 2",30.219918,-97.801799
"1355","4409 BANISTER LN BLDG 1","ePlan: Residential Expedited Review - New construction of a 3-Story Single Family Res. [4bed 3.5bath] with Attached Carport. Bldg 1","4409 BANISTER LANE BLDG 1",30.224931,-97.781008
"1356","4409 BANISTER LN BLDG 2","ePlan: Residential Expedited Review - New construction of a 3-Story Single Family Res. [4bed 3.5bath] with Attached Carport. Bldg 2","4409 BANISTER LANE BLDG 2",30.224931,-97.781008
"1357","4409 BANISTER LN BLDG 3","ePlan: Residential Expedited Review - New construction of a 3-Story Single Family Res. [4bed 3.5bath] with Attached Carport. Bldg 3","4409 BANISTER LANE BLDG 3",30.224931,-97.781008
"1358","4507 HANK AVE BLDG 2","New construction 2-unit use single-family residential 1-story 1 bedroom 1 bath with covered front porch.","4507 HANK AVE BLDG 2",30.222112,-97.780996
"1359","2514 WILSON ST BLDG 2","ePlan: Residential Expedited Review - Retroactive Building permit for active BP 2000-003795 to be included in Expedited PR 2025-077385 3-Story Single Family Res. [2bed 4bath]","2514 WILSON STREET BLDG 2",30.238438,-97.758733
"1360","4800 RUSSET HILL DR","ePlan: Residential Expedited Review - New construction of a 2-Story Single Family Res. [4bed 2.5bath] with Attached Garage.","4800 RUSSET HILL DRIVE",30.288233,-97.673389
"1361","4507 HANK AVE","New construction 2-Unit use single-family residential 1-story 3 bedroom 2 bath with attached 1-car carport and covered front porch.","4507 HANK AVE",30.222112,-97.780996
"1362","2514 WILSON ST BLDG 1","ePlan: Residential Expedited Review - 
BUILDING 1: New front detached 2-story residence with 4 bedroom 4 bath attached carport & patio.
Part of 2-unit use with existing rear residence to remain","2514 WILSON STREET BLDG 1",30.238438,-97.758733
"1363","613 E 50TH ST BLDG 3","New 2 story unit 2 bed 2.5 bath with attached carport and balcony covered front/rear porch","613 EAST 50TH STREET BLDG 3",30.312083,-97.718883
"1364","4415 GILLIS ST BLDG 2","Bldg 2: New construction of a 2-Story Single Family Res. [3 bed 3 bath]. Part of 3-unit use.","4415 GILLIS STREET BLDG 2",30.22509,-97.782627
"1365","2603 SOL WILSON AVE","New 2-story 4 bedroom 3.5 bathroom single family residence with attached carport covered front porch and rear covered patio.","2603 SOL WILSON AVE",30.274869,-97.705386
"1366","4415 GILLIS ST BLDG 3","Bldg 3: New construction of a 3-Story Single Family Res. [4 bed 4 bath] with Attached 1-car Carport and Pool. Part of 3-unit use.","4415 GILLIS STREET BLDG 3",30.22509,-97.782627
"1367","4415 GILLIS ST BLDG 1","Bldg 1: New construction of a 2-Story Single Family Res. [3 bed 2.5 bath] with Attached 1-car carport.  Part of 3-unit use.","4415 GILLIS STREET BLDG 1",30.22509,-97.782627
"1368","4701 LAVA ISLAND DR","Caprock S405 B Right New - 2 Story SFR w/ 5 bedrooms 3 bathrooms attached 2 car garage covered entry porch and patio required parking: 2.","4701 LAVA ISLAND DRIVE",30.124196,-97.792081
"1369","1204 E ST JOHNS AVE","New construction of a 2 story accessory dwelling unit with a 1 car garage","1204 EAST STREET JOHNS AVE",30.327951,-97.693572
"1370","7015 STITZEL WELLER DR","PUD New SFR 2- Story 4 bedroom 2.5 bath with attached 2-car garage covered front porch and covered rear patio","7015 STITZEL WELLER DRIVE",30.146882,-97.7288
"1371","41 MARGRANITA CRES UNIT A","UNIT A: New construction of a 2-Story duplex unit primary dwelling [4bed 4.5bath]","41 MARGRANITA CRES UNIT A",30.300174,-97.759926
"1372","4512 BEACON BAY DR","Abilene S402 C Left New - 1 Story SFR w/ 3 bedrooms 2 bathrooms attached 2 car garage covered entry porch and patio required parking: 2.","4512 BEACON BAY DRIVE",30.126237,-97.792168
"1373","7003 LUNAR DR BLDG 2","New Construction of 260 sqft unit","7003 LUNAR DRIVE BLDG 2",30.191209,-97.784429
"1374","1204 E ST JOHNS AVE","New Construction of a 2-Story primary dwelling unit with 1 Car Garage.","1204 EAST STREET JOHNS AVE",30.327951,-97.693572
"1375","41 MARGRANITA CRES UNIT B","UNIT B: New construction of a 2-Story duplex unit   garage apartment with 1 bath.","41 MARGRANITA CRES UNIT B",30.300174,-97.759926
"1376","4709 DEPEW AVE UNIT B","ePlan: Residential Expedited Review - New construction of a 3-Story Duplex [3bed 2.5bath] Unit B
MODULAR CONSTRUCTION","4709 DEPEW AVE UNIT B",30.307719,-97.716356
"1377","4705 LAVA ISLAND DR","Garner S401 C Right New - 1 Story SFR w/ 3 bedrooms 2 bathrooms attached 2 car garage covered entry porch and patio required parking: 2.","4705 LAVA ISLAND DRIVE",30.12416,-97.791919
"1378","4902 SANTA ANNA ST UNIT C","Bldg #1 Unit C  New dwelling unit 3-Story  3 Bed/3.5 Bath covered porch balcony and deck","4902 SANTA ANNA STREET UNIT C",30.274556,-97.685685
"1379","4902 SANTA ANNA ST UNIT B","Bldg #1 Unit B New dwelling unit 3-Story 4 Bed/2.5 Bath covered porch and balcony","4902 SANTA ANNA STREET UNIT B",30.274556,-97.685685
"1380","4902 SANTA ANNA ST UNIT A","Bldg #1 Unit A  New dwelling unit 3-Story 4 Bed/4.5 Bath covered porch and balcony","4902 SANTA ANNA STREET UNIT A",30.274556,-97.685685
"1381","5108 FAIRVIEW DR","New 2 story SFR with 4 beds 3.5 baths covered carport and driveway and screen porch on rear deck will be included and a small storage building (200 sq ft) in the back yard. Pool will be on separate permit","5108 FAIRVIEW DRIVE",30.333193,-97.758904
"1382","1304 MERLENE DR","New single-story SFR (3br/3ba) with attached garage and pool","1304 MERLENE DRIVE",30.330436,-97.924831
"1383","8708 BASIL HAYDEN LN","New construction single-family residential 2-story 3 bedroom 2.5 bath with attached 2-car garage covered front porch and covered rear patio.","8708 BASIL HAYDEN LANE",30.147245,-97.730173
"1384","3718 MENCHACA RD","UNIT 304 - New 3 story with attached garage office and roof top. 3/3.5 
Revision 1: Revisions to exterior building materials.","3718 MENCHACA ROAD",30.235958,-97.784887
"1385","3718 MENCHACA RD","UNIT 305 - New 3 story with attached garage office and roof top. 3/3.5 
Revision 1: Revisions to exterior building materials.","3718 MENCHACA ROAD",30.235958,-97.784887
"1386","1157 NICKOLS AVE--BLDG 2--(4901 LOTT)","4901 Lott Ave: New construction 3-Unit use single-family residential  2-story 2 bedroom 2.5 bath with attached 1-car carport and covered front porch.","1157 NICKOLS AVE",30.276619,-97.684565
"1387","1157 NICKOLS AVE--BLDG 1","1157 Nickols Ave: New construction 3-Unit use single-family residential  2-story 2 bedroom 2.5 bath with attached 1-car carport and covered front porch.","1157 NICKOLS AVE",30.276619,-97.684565
"1388","1157 NICKOLS AVE--BLDG 3--(4905 LOTT)","4905 Lott Ave: New construction 3-Unit use single-family residential  2-story 2 bedroom 2.5 bath with attached 1-car carport and covered front porch.","1157 NICKOLS AVE",30.276619,-97.684565
"1389","17209 PAMPERING DR","*SMART Housing* *Green Building* New 1-story 4 bedroom 2 bathroom single family residence with covered front porch and rear covered patio.","17209 PAMPERING DRIVE",30.286576,-97.552208
"1390","3705 BALCONES DR","New 1 story single family home with 2 bathroom sauna 1 bedroom covered porches","3705 BALCONES DRIVE",30.316283,-97.76585
"1391","4902 LOUIS AVE","New 2-story 1 bedroom 1 bathroom dwelling unit with covered porches. 
Revision 1: Add half bathroom to 2nd floor of new dwelling unit. No changes to building footprint and building envelope proposed.","4902 LOUIS AVE",30.275136,-97.685278
"1392","9000 THE RAVINE WAY","New construction single-family residential 1-story 3 bedroom 2.5 bath with attached 2-car garage covered front porch and covered rear patio.","9000 THE RAVINE WAY",30.147076,-97.709726
"1393","3011 FONTANA DR UNIT A","New construction of a 2-story duplex (unit A) with 3 bedrooms 2.5 bathrooms per unit","3011 FONTANA DRIVE UNIT A",30.233838,-97.760975
"1394","3011 FONTANA DR UNIT B","New construction of a 2-story duplex (unit B) with 3 bedrooms 2.5 bathrooms per unit","3011 FONTANA DRIVE UNIT B",30.233838,-97.760975
"1395","5519 JACKIE ROBINSON ST BLDG 10","Unit 10 - New two-story detached single family residence. (2) bedroom (2.5) bathrooms attached 1 car garage. Floor plan type: The Roosevelt B-L-Elevation Option 1. Building Height 26ft-7 1/2in. Maximum Height 30ft. Site Plan #: SP-2020-0393CSH. Expiration Date: 04-13-2025","5519 JACKIE ROBINSON STREET BLDG 10",30.2762,-97.677362
"1396","17205 PAMPERING DR","*SMART Housing* *Green Building* New 1-story 3 bedroom 2 bathroom single family residence with covered front porch and rear covered patio.","17205 PAMPERING DRIVE",30.286638,-97.552312
"1397","5519 JACKIE ROBINSON ST BLDG 62","Unit 62 - New two-story detached single family residence. (2) bedroom (2.5) bathrooms attached 1 car garage. Floor plan type: The Roosevelt B-L-Elevation Option 1. Building Height 26ft-7 1/2in. Maximum Height 30ft. Site Plan #: SP-2020-0393CSH. Expiration Date: 04-13-2025","5519 JACKIE ROBINSON STREET BLDG 62",30.2762,-97.677362
"1398","9305 CORVALLIS DR","Dawson S351 B Right New - 1 Story SFR w/ 3 bedrooms 2 bathrooms attached 2 car garage covered entry porch and patio required parking: 2.","9305 CORVALLIS DRIVE",30.143079,-97.734113
"1399","9312 CORVALLIS DR","Dawson S351 A Left New - 1 Story SFR w/ 3 bedrooms 2 bathrooms attached 2 car garage covered entry porch and patio required parking: 2.","9312 CORVALLIS DRIVE",30.143066,-97.734684
"1400","1700 MEADOWBROOK DRIVE","ePlan: Residential Expedited Review - New construction of a 2-Story Single Family Res. [5bed 6bath] with Attached Garage and Carport","1700 MEADOWBROOK DRIVE",30.293343,-97.772223
"1401","7009 STITZEL WELLER DR","New construction single-family residential 2-story 3 bedroom 2.5 bath with attached 2-car garage covered front porch and covered rear patio.","7009 STITZEL WELLER DRIVE",30.1468,-97.729164
"1402","9301 CORVALLIS DR","Cameron S354 A Right New - 1 Story SFR w/ 4 bedrooms 2 bathrooms attached 2 car garage covered entry porch and patio required parking: 2.","9301 CORVALLIS DRIVE",30.143187,-97.734047
"1403","4517 LAVA ISLAND DR","Garner S401 C Right New - 1 Story SFR w/ 3 bedrooms 2 bathrooms attached 2 car garage covered entry porch and patio required parking: 2.","4517 LAVA ISLAND DRIVE",30.124471,-97.793143
"1404","4617 LAVA ISLAND DR","Abilene S402 C Right New - 1 Story SFR w/ 3 bedrooms 2 bathrooms attached 2 car garage covered entry porch and patio required parking: 2.","4617 LAVA ISLAND DRIVE",30.124257,-97.792391
"1405","4621 LAVA ISLAND DR","Sheldon S403 A Right New - 2 Story SFR w/ 3 bedrooms 2.5 bathrooms attached 2 car garage covered entry porch and patio required parking: 2.","4621 LAVA ISLAND DRIVE",30.124224,-97.792236
"1406","4613 LAVA ISLAND DR","Garner S401 B Right New - 1 Story SFR w/ 3 bedrooms 2 bathrooms attached 2 car garage covered entry porch and patio required parking: 2.","4613 LAVA ISLAND DRIVE",30.124272,-97.792544
"1407","2802 BRIDLE PATH","ePlan: Residential Expedited Review - New construction of a 1-Story Single Family Res. [1bed 1bath] with Attached Carport","2802 BRIDLE PATH",30.293358,-97.772318
"1408","8710 BASIL HAYDEN LN","new construction - PUD New SFR 2- Story 4 bedroom 3.5 bath with attached 2-car garage covered front porch and covered rear patio","8710 BASIL HAYDEN LANE",30.147086,-97.730172
"1409","5519 JACKIE ROBINSON ST BLDG 20","Unit 20 - New two-story detached single family residence. (2) bedroom (2.5) bathrooms attached 1 car garage. Floor plan type: The Roosevelt A-L-Elevation Option 2. Building Height 25ft-3/8in. Maximum Height 30ft. Site Plan #: SP-2020-0393CSH. Expiration Date: 04-13-2025","5519 JACKIE ROBINSON STREET BLDG 20",30.2762,-97.677362
"1410","5519 JACKIE ROBINSON ST BLDG 13","Unit 13 - New three-story detached single family residence. (3) bedroom (2.5) bathrooms attached 1 car garage. Floor plan type: The Roosevelt D-L-Elevation Option 1. Building Height 31ft-4 7/8in. Maximum Height 40ft. Site Plan #: SP-2020-0393CSH. Expiration Date: 04-13-2025","5519 JACKIE ROBINSON STREET BLDG 13",30.2762,-97.677362
"1411","1208 HASKELL ST--BLDG 2 (WEST)","Bldg 2:New construction 3-Unit use single-family residential 2-story 3 bedroom 2.5 bath with covered front porch.","1208 HASKELL STREET BLDG 2",30.255283,-97.733876
"1412","5519 JACKIE ROBINSON ST BLDG 12","Unit 12 - New two-story detached single family residence. (2) bedroom (2.5) bathrooms attached 1 car garage. Floor plan type: The Roosevelt B-L-Elevation Option 1. Building Height 26ft-7 1/2in. Maximum Height 30ft. Site Plan #: SP-2020-0393CSH. Expiration Date: 04-13-2025","5519 JACKIE ROBINSON STREET BLDG 12",30.2762,-97.677362
"1413","5519 JACKIE ROBINSON ST BLDG 16","Unit 16 - New two-story detached single family residence. (3) bedroom (2.5) bathrooms attached 1 car garage. Floor plan type: The Roosevelt C-L-Elevation Option 2. Building Height 24ft-8 5/8in. Maximum Height 30ft. Site Plan #: SP-2020-0393CSH. Expiration Date: 04-13-2025","5519 JACKIE ROBINSON STREET BLDG 16",30.2762,-97.677362
"1414","5519 JACKIE ROBINSON ST BLDG 61","Unit 61 - New two-story detached single family residence. (3) bedroom (2.5) bathrooms attached 1 car garage. Floor plan type: The Roosevelt C-R-Elevation Option 1. Building Height 25ft-9 3/4in. Maximum Height 30ft. Site Plan #: SP-2020-0393CSH. Expiration Date: 04-13-2025","5519 JACKIE ROBINSON STREET BLDG 61",30.2762,-97.677362
"1415","5519 JACKIE ROBINSON ST BLDG 17","Unit 17 - New two-story detached single family residence. (2) bedroom (2.5) bathrooms attached 1 car garage. Floor plan type: The Roosevelt A-L-Elevation Option 1. Building Height 25ft-1/4in. Maximum Height 30ft. Site Plan #: SP-2020-0393CSH. Expiration Date: 04-13-2025","5519 JACKIE ROBINSON STREET BLDG 17",30.2762,-97.677362
"1416","1208 HASKELL ST--BLDG 3 (EAST)","Bldg 3: New construction 3-Unit use single-family residential 2-story 3 bedroom 2.5 bath with covered front porch.","1208 HASKELL STREET BLDG 3",30.255283,-97.733876
"1417","5519 JACKIE ROBINSON ST BLDG 19","Unit 19 - New two-story detached single family residence. (3) bedroom (2.5) bathrooms attached 1 car garage. Floor plan type: The Roosevelt C-L-Elevation Option 2. Building Height 24ft-8 5/8in. Maximum Height 30ft. Site Plan #: SP-2020-0393CSH. Expiration Date: 04-13-2025","5519 JACKIE ROBINSON STREET BLDG 19",30.2762,-97.677362
"1418","5519 JACKIE ROBINSON ST BLDG 14","Unit 14 - New two-story detached single family residence. (3) bedroom (2.5) bathrooms attached 1 car garage. Floor plan type: The Roosevelt C-L-Elevation Option 1. Building Height 25ft-6 7/8in. Maximum Height 30ft. Site Plan #: SP-2020-0393CSH. Expiration Date: 04-13-2025","5519 JACKIE ROBINSON STREET BLDG 14",30.2762,-97.677362
"1419","5519 JACKIE ROBINSON ST BLDG 18","Unit 18 - New two-story detached single family residence. (2) bedroom (2.5) bathrooms attached 1 car garage. Floor plan type: The Roosevelt B-L-Elevation Option 2. Building Height 23ft-5 3/8in. Maximum Height 30ft. Site Plan #: SP-2020-0393CSH. Expiration Date: 04-13-2025","5519 JACKIE ROBINSON STREET BLDG 18",30.2762,-97.677362
"1420","5519 JACKIE ROBINSON ST BLDG 15","Unit 15 - New three-story detached single family residence. (3) bedroom (2.5) bathrooms attached 1 car garage. Floor plan type: The Roosevelt D-L-Elevation Option 2. Building Height 32ft-9 3/4in. Maximum Height 40ft. Site Plan #: SP-2020-0393CSH. Expiration Date: 04-13-2025","5519 JACKIE ROBINSON STREET BLDG 15",30.2762,-97.677362
"1421","1804 E 22ND ST--BLDG 1","ePlan: Residential Expedited Review - BLDG 1: New 2-story single family  residence w/ 1-car carport  3 bed 3.5 bath balcony covered patio roof deck above 2nd floor.  Part of 3-unit use.
Revision 1: Add 3 transoms and update siding.","1804 EAST 22ND STREET BLDG 1",30.282916,-97.722422
"1422","1804 E 22ND ST--UNIT 2A","UNIT 2A BLDG 2  : New 2-story duplex unit w/ 2 bedroom 2.5 bath.  (east unit)
Revision 1: Move location of washer and dryer kitchen sink and secondary exterior door. Update siding and windows.","1804 EAST 22ND STREET UNIT 2A",30.282916,-97.722422
"1423","1804 E 22ND ST--UNIT 2B","UNIT 2B BLDG 2  : New 2-story duplex unit w/ 2 bedroom 2.5 bath.  (west unit)
Revision 1: Move location of washer and dryer kitchen sink and secondary exterior door. Update siding and windows.","1804 EAST 22ND STREET UNIT 2B",30.282916,-97.722422
"1424","4003 DEL ROBLES","ePlan: Residential Expedited Review - New construction of a 2-Story Single-Family Res. [4bed 4.5bath] with attached Garage.","4003 DEL ROBLES",30.43193,-97.710419
"1425","17121 PAMPERING DR","New single-story SFR (3br/2ba) with attached garage covered porch and covered patio *PRODUCTION BUILDER- SMART HOUSING / GREEN BUILDING*","17121 PAMPERING DRIVE",30.286836,-97.552621
"1426","408 CLOVER CT BLDG 2","Building 2 New 2 Story SFR with attached carport 3/3.5","408 CLOVER CT BLDG 2",30.218717,-97.773235
"1427","9221 CORVALLIS DR","Donley S355 C Right New - 2 Story SFR w/ 5 bedrooms 3 bathrooms attached 2 car garage covered entry porch and patio required parking: 2.","9221 CORVALLIS DRIVE",30.143296,-97.733982
"1428","408 CLOVER CT UNIT 1B","Home: Unit 1B New two story Duplex with attached carport 3/3","408 CLOVER CT UNIT 1B",30.218717,-97.773235
"1429","17201 PAMPERING DR","New single-story SFR (3br/2ba) with attached garage covered porch and covered patio *PRODUCTION BUILDER- SMART HOUSING / GREEN BUILDING*","17201 PAMPERING DRIVE",30.286718,-97.552413
"1430","408 CLOVER CT UNIT 1A","Home: Unit 1A New two story Duplex with attached carport 3/3","408 CLOVER CT UNIT 1A",30.218717,-97.773235
"1431","4525 BRIDAL VEIL DR","Abilene S402 C Left New - 1 Story SFR w/ 3 bedrooms 2 bathrooms attached 2 car garage covered entry porch and patio required parking: 2.","4525 BRIDAL VEIL DRIVE",30.125115,-97.792375
"1432","9217 CORVALLIS DR","Dawson S351 A Left New - 1 Story SFR w/ 3 bedrooms 2 bathrooms attached 2 car garage covered entry porch and patio required parking: 2.","9217 CORVALLIS DRIVE",30.143398,-97.7339
"1433","1508 HOLLY ST--BLDG 3","Expedited Review: New Construction of a 3-Story [4bed 3bath] with attached garage and carport.","1508 HOLLY STREET BLDG 3",30.255589,-97.730822
"1434","4200 AVENUE H BLDG 2","New 2 Story secondary dwelling located entirely above garage. This garage will replace an off-street parking pad that was permitted under 2023-104021 BP. Therefore no change in impervious coverage is sought 1/1","4200 AVENUE H BLDG 2",30.304204,-97.727867
"1435","17217 PAMPERING DR","*SMART Housing* *Green Building* New 1-story 3 bedroom 1.5 bathroom single family residence with covered front porch and rear covered patio.","17217 PAMPERING DRIVE",30.286468,-97.551978
"1436","1508 HOLLY ST--BLDG 1","Expedited Review: New Construction of a 3-Story [4bed 3bath] with attached garage and carport.","1508 HOLLY STREET BLDG 1",30.255589,-97.730822
"1437","1508 HOLLY ST--BLDG 2","Expedited Review: New Construction of a 3-Story [4bed 3.5bath] with attached garage and carport.","1508 HOLLY STREET BLDG 2",30.255589,-97.730822
"1438","2329 LAKEHURST DR","2329 Lakehurst Drive New 2 story dwelling unit 3 bed/2.5 bath attached garage and covered front porch","2329 LAKEHURST DRIVE",30.184655,-97.757208
"1439","6506 BRANCHWOOD DR","6506 Branchwood Drive New 2 story dwelling unit 2 bed/2.5 bath with covered front porch driveway and sidewalk improvements","6506 BRANCHWOOD DRIVE",30.184513,-97.757303
"1440","16325 DONOHER DR - BLDG 2","Bldg #2 New 1 story dwelling unit 1 bed/1 bath attached by covered breezeway","16325 DONOHER DRIVE BLDG 2",30.501893,-97.748033
"1441","17213 PAMPERING DR","New single-story SFR (3br/2ba) with attached garage covered porch and covered patio *PRODUCTION BUILDER- SMART HOUSING / GREEN BUILDING*","17213 PAMPERING DRIVE",30.286517,-97.552097
"1442","3205 TOM GREEN ST UNIT B","New Triplex Unit 2(B) 3 Story 3 bed/3.5 bath covered porch and patio","3205 TOM GREEN STREET UNIT B",30.295668,-97.733023
"1443","1606 CEDAR AVE BLDG 2","ePlan: Residential Expedited Review - New construction of a 2-Story Single Family Res. [2bed 2.5bath]. Bldg 2","1606 CEDAR AVE BLDG 2",30.278348,-97.71396
"1444","3205 TOM GREEN ST UNIT A","New Triplex Unit 1(A) 3 Story 3 bed/ 3.5 bath covered porch and patio","3205 TOM GREEN STREET UNIT A",30.295668,-97.733023
"1445","1606 CEDAR AVE","ePlan: Residential Expedited Review - New construction of a 2-Story Single Family Res. [4bed 3.5bath] with Attached Garage. Bldg 1","1606 CEDAR AVE",30.278348,-97.71396
"1446","3205 TOM GREEN ST UNIT C","New Triplex Unit 3(C) 3 Story 3 bed/3.5 bath covered porch and patio","3205 TOM GREEN STREET UNIT C",30.295668,-97.733023
"1447","1306 ROCKCLIFF RD","Void due to disannexation. Case Number: C7d-2025-004 effective December 22 2025 Ordinance Number: 20251211-089

New construction of a single-family residence with attached garage covered porches and rooftop balcony. New driveway approach will be constructed. BOA case approved relative to setback restrictions.","1306 ROCKCLIFF ROAD",30.333793,-97.783541
"1448","10622 WINCHELSEA DR","ePlan: Residential Expedited Review - Addition to existing 2-story single family residence  4 bed  4 bath.  Addition of office room & covered basement level patio w/ outdoor kitchen below.  Addition of second floor game room.","10622 WINCHELSEA DRIVE",30.436345,-97.813243
"1449","3808 BALCONES DR BLDG 2","ePlan: Residential Expedited Review - New Second Unit
Bldg 2 New construction of a 2-Story Single Family Res. [1bed 1bath] over Detached Garage","3808 BALCONES DRIVE BLDG 2",30.317641,-97.766502
"1450","17221 PAMPERING DR","*SMART Housing* *Green Building* New 1-story 3 bedroom 2 bathroom single family residence with covered front porch and rear covered patio.","17221 PAMPERING DRIVE",30.28642,-97.551862
"1451","17138 RADIANT DR","*SMART Housing* *Green Building* New 1-story 3 bedroom 1.5 bathroom single family residence with covered front porch and rear covered patio.","17138 RADIANT DRIVE",30.286653,-97.551626
"1452","1118 AZIE MORTON RD UNIT C","Unit C: New dwelling unit to convert existing duplex building into a triplex.  A 13D automatic sprinkler system will be required.  Fire lines to serve each individual unit and not be supplied by line passing through another unit (see email from AFD attached).","1118 AZIE MORTON ROAD UNIT C",30.259803,-97.771938
"1453","1118 AZIE MORTON RD UNIT B","Unit B: Conversion of a duplex building into a triplex.  A 13D automatic sprinkler system will be required.  Fire lines to serve each individual unit and not be supplied by line passing through another unit (see email from AFD attached).","1118 AZIE MORTON ROAD UNIT B",30.259803,-97.771938
"1454","9113 CORVALLIS DR","Boone S413 B Right New - 1 Story SFR w/ 4 bedrooms 2 bathrooms attached 2 car garage covered entry porch and patio required parking: 2.","9113 CORVALLIS DRIVE",30.144163,-97.733364
"1455","9121 CORVALLIS DR","Balboa S415 B Right New - 1 Story SFR w/ 4 bedrooms 3 bathrooms attached 2 car garage covered entry porch and patio required parking: 2.","9121 CORVALLIS DRIVE",30.143963,-97.733559
"1456","17125 PAMPERING DR","New 1-story single family residence 3 bed/1.5 bath attached covered patio and porch SMART Housing Green building","17125 PAMPERING DRIVE",30.28678,-97.552512
"1457","2907 OAKMONT BLVD","2907 Oakmont Blvd New 2 Story SFR with attached garage and covered porch. 2/2","2907 OAKMONT BOULEVARD",30.303359,-97.757042
"1458","4312 JINX AVE BLDG 3","BLDG 3 New construction of a 2-Story Single Family Res. [3 bed 2.5 bath] with attached Carport. Part of 3-unit use.","4312 JINX AVE BLDG 3",30.225097,-97.778405
"1459","4312 JINX AVE BLDG 1","ePlan: Residential Expedited Review - BLDG 1:  New construction of a 3-Story Single Family Res. [3 bed 3bath] with attached Carport. Part of 3-unit use.","4312 JINX AVE BLDG 1",30.225097,-97.778405
"1460","4312 JINX AVE BLDG 2","BLDG 2: New construction of a 3-Story Single Family Res. [3 bed 3.5 bath] with attached Carport. Part of 3-unit use.","4312 JINX AVE BLDG 2",30.225097,-97.778405
"1461","2003 GREENWOOD AVE BLDG 2","ePlan: Residential Expedited Review - New THREE UNIT RES.
New construction MODULAR 1-Story Single Family Res. [3bed 1bath]","2003 GREENWOOD AVE BLDG 2",30.284738,-97.698427
"1462","1801 VISTA LN Unit A","New construction of a 2-Story Duplex [4bed 5bath] with attach Garage (SEE SEPARATE PERMIT). 
Unit 1 [3bed 4bath]","1801 VISTA LANE",30.291663,-97.765898
"1463","2003 GREENWOOD AVE BLDG 3","ePlan: Residential Expedited Review - New THREE UNIT RES.
New construction of MODULAR a 1-Story Single Family Res. [2bed 2bath]","2003 GREENWOOD AVE BLDG 3",30.284738,-97.698427
"1464","1801 VISTA LN Unit B","New construction PART OF 2-Story Duplex work to include Garage with Unit above. 
Unit 2 [1bed 1bath]","1801 VISTA LANE",30.291663,-97.765898
"1465","2003 GREENWOOD AVE BLDG 1","ePlan: Residential Expedited Review - New THREE UNIT RES.
New construction MODULAR 2-Story Single Family Res. [5bed 3.5bath]","2003 GREENWOOD AVE BLDG 1",30.284738,-97.698427
"1466","1118 AZIE MORTON RD UNIT A","Unit A:  Conversion of a duplex building into a triplex. Interior remodel to existing dwelling","1118 AZIE MORTON ROAD UNIT A",30.259803,-97.771938
"1467","8500 HANBRIDGE LN","NEW CONSTRUCTION 2-STORY SINGLE FAMILY RESIDENCE. EXISTING HOME BURNED DOWN IN FIRE. SEE 2025-047680 PR","8500 HANBRIDGE LANE",30.23884,-97.898863
"1468","7016 CIRCLE S RD BLDG 2","ePlan: Residential Expedited Review - New construction UNIT 2 2-Story [3bed 2.5bath]","7016 CIRCLE SOUTH ROAD BLDG 2",30.187131,-97.779431
"1469","7016 CIRCLE S RD BLDG 1","ePlan: Residential Expedited Review - New construction of a UNIT 1 1-Story [3bed 2bath].","7016 CIRCLE SOUTH ROAD BLDG 1",30.187131,-97.779431
"1470","10109 CURB STRAP DR","New construction single-family residential 2-story 4 bedroom 3 bath with attached 2-car garage covered front porch and covered rear patio.","10109 CURB STRAP DRIVE",30.325403,-97.59636
"1471","4405 SINCLAIR AVE Unit 1","ePlan: Residential Expedited Review - New construction of a 2-Story residence [3 bed 2 bath].   Part of two-unit use with existing dwelling/garage to remain.

Revision #1: Add D/S permit","4405 SINCLAIR AVE",30.315553,-97.744718
"1472","708 W 32ND ST BLDG 2","NEW DWELLING UNIT OVER GARAGE IN BACKYARD OF EXISTING LOT W/ MAIN HOUSE. ELECTRIC WILL RUN FROM MAIN HOUSE AND BE ON EXISING METER. NEW STRUCTURE INCLUDES 1 BED/1 BATH/1 KITCHEN","708 WEST 32ND STREET BLDG 2",30.30045,-97.742805
"1473","2114 W 11TH ST UNIT B","UNIT 2: 2nd floor Garage apartment accessed via spiral stair 1 bed 1 bath.  Includes garage.","2114 WEST 11TH STREET UNIT B",30.283985,-97.76789
"1474","1404 JUSTIN LN BLDG 2","Home: New construction of 2 story detached dwelling unit 3 bed 2.5 bath with attached garage","1404 JUSTIN LANE BLDG 2",30.340965,-97.726865
"1475","8601 SWANSON LN","New 2-story 4 bedroom 4.5 bathroom single family residence with attached garage covered front porch and rear covered patio.","8601 SWANSON LANE",30.176017,-97.794257
"1476","2114 W 11TH ST UNIT A","ePlan: Residential Expedited Review: New construction of duplex residence.
UNIT 1: 2-story Primary residence covered patio w/grill  4 bed 2 bath.  Part of duplex use.","2114 WEST 11TH STREET UNIT A",30.283985,-97.76789
"1477","2009 PARAMOUNT AVE","ePlan: Residential Expedited Review: New construction of a 2-Story Single Family Res. [4 bed 4 bath] with Attached Garage.","2009 PARAMOUNT AVE",30.252327,-97.777004
"1478","1807 VISTA LN","ePlan: Residential Expedited Review - New construction of a 2-Story Single Family Res. [6 bed 5.5bath] with Habitable Attic Attached Garage.","1807 VISTA LANE",30.291949,-97.765765
"1479","1902 HOLLY HILL DR","New 2-story SFR with pool - 5 beds 6 baths cover rear and front porch attached 2 car garage","1902 HOLLY HILL DRIVE",30.261996,-97.802594
"1480","9416 GAMBOL DR","*SMART Housing* *Green Building* New 1-story 4 bedroom 2 bathroom single family residence with covered front porch and rear covered patio.","9416 GAMBOL DRIVE",30.287302,-97.552634
"1481","6507 HERGOTZ LN","New construction (relocation) single-family residential 1-story 2 bedroom 1 bath with attached uncovered wood landings/ stairs (2 sets).","6507 HERGOTZ LANE",30.244963,-97.68527
"1482","6001 CARY DR","ePlan: Residential Expedited Review - New construction of Single Family Res. [4bed 3.5bath] with attached garage","6001 CARY DRIVE",30.337535,-97.746271
"1483","4004 PETES PATH","ePlan: Residential Expedited Review - New construction of a 2-Story Single Family Res. [5 bed 5.5 bath] with third-floor Habitable Attic","4004 PETES PATH",30.312477,-97.749855
"1484","1014 BRICKELL LOOP UNIT B","*Green Building* (Unit B/16) - New construction of attached condo (duplex) with 3 beds 2.5 baths and attached 2 car garage each

PUD","1014 BRICKELL LOOP UNIT B",30.150172,-97.704849
"1485","1014 BRICKELL LOOP UNIT A","*Green Building* (Unit A/15) - New construction of attached condo (duplex) with 3 beds 2.5 baths and attached 2 car garage each

PUD","1014 BRICKELL LOOP UNIT A",30.150172,-97.704849
"1486","607 TILLERY ST--BLDG 2--(13D REQ)","ePlan: Residential Expedited Review - New THREE UNIT RES.
Bldg 2 New construction of a 3-Story Single Family Res. [3bed 3.5bath] with Attached Carport","607 TILLERY STREET BLDG 2",30.256497,-97.706312
"1487","607 TILLERY ST--BLDG 1","ePlan: Residential Expedited Review - New THREE UNIT RES.
Bldg 1 New construction of a 3-Story Single Family Res. [3bed 3.5bath] with Attached Carport","607 TILLERY STREET BLDG 1",30.256497,-97.706312
"1488","607 TILLERY ST--BLDG 3--(13D REQ)","ePlan: Residential Expedited Review - New THREE UNIT RES.
Bldg 3 New construction of a 3-Story Single Family Res. [3bed 3.5bath] with Attached Garage","607 TILLERY STREET BLDG 3",30.256497,-97.706312
"1489","9316 CORVALLIS DR","Moscoso S423 D Right New - 1 Story SFR w/ 4 bedrooms 2 bathrooms attached 2 car garage covered entry porch and patio required parking: 2.","9316 CORVALLIS DRIVE",30.142955,-97.734755
"1490","9213 CORVALLIS DR","Freestone S353 C Right New - 1 Story SFR w/ 4 bedrooms 2 bathrooms attached 2 car garage covered entry porch and patio required parking: 2.","9213 CORVALLIS DRIVE",30.143513,-97.733849
"1491","9412 GAMBOL DR","*SMART Housing* *Green Building* New 1-story 3 bedroom 1.5 bathroom single family residence with covered porches.","9412 GAMBOL DRIVE",30.287207,-97.552744
"1492","1809 PALO DURO RD","1809 palo duro - Unit 3-  New construction of 3 story SFR with attached carport 3 bedrooms 2.5 baths and loft.","1809 PALO DURO ROAD",30.333886,-97.736281
"1493","5907 CAMINO REAL","5907 Cmino Real - Unit 1 - New construction of 3 story SFR with attached carport 3 bedrooms 2.5 baths and loft.","5907 CAMINO REAL",30.333746,-97.736445
"1494","5909 CAMINO REAL","5909 Cmino Real - Unit 2 - New construction of 3 story SFR with attached carport 3 bedrooms 2.5 baths and loft.","5909 CAMINO REAL",30.333801,-97.736422
"1495","5207 PROCK LN","New Two Story SFR 3 be d2.5 bath with attached garage and front covered porch/rear covered patio","5207 PROCK LANE",30.267282,-97.685377
"1496","943 E 52ND ST","New 3 story SFR with 3 bed 2.5 bath attached carport and front covered porch/rear covered patio","943 EAST 52ND STREET",30.31118,-97.711649
"1497","17134 RADIANT DR","*SMART Housing* *Green Building* New 1-story 3 bedroom 2 bathroom single family residence with covered front porch and rear covered patio.","17134 RADIANT DRIVE",30.286709,-97.551721
"1498","9420 GAMBOL DR","*SMART Housing* *Green Building* New 1-story 3 bedroom 2 bathroom single family residence with covered front porch and rear covered patio.","9420 GAMBOL DRIVE",30.28751,-97.552562
"1499","5108 HARMON AVE UNIT A","New 3 story SFR with 3 bed 2.5 bath attached carport and front covered porch/rear covered patio","5108 HARMON AVE UNIT A",30.311069,-97.711766
"1500","5108 HARMON AVE UNIT B","New 3 story SFR with 3 bed 2.5 bath attached carport and front covered porch/rear covered patio","5108 HARMON AVE UNIT B",30.311069,-97.711766
"1501","13213 STABLER DR","Dexter 3317 A Left New - 2 Story SFR CONDOMINUM w/ 4 bedrooms 3 bathrooms attached 2 car garage covered entry porch and patio FFE: 682.11 Site Plan: SP-2021-0328C Site Plan Exp.: 01/09/27 Max Bld height: 28 Actual Bld height: 27-6 required parking: 2.","13213 STABLER DRIVE",30.114585,-97.814405
"1502","6112 CADDIE STREET Unit 2B","New 2 story duplex. 3 bedroom 1.5 bath with rear covered porch in each unit.","6112 CADDIE STREET UNIT 2B",30.228232,-97.703674
"1503","6112 CADDIE STREET Unit 2A","New 2 story duplex. 3 bedroom 1.5 bath with rear covered porch in each unit.","6112 CADDIE STREET UNIT 2A",30.228232,-97.703674
"1504","6112 CADDIE STREET Bldg 1","New two story single family residence with rear patio and single car garage. 3Br 2.5 bath.","6112 CADDIE STREET BLDG 1",30.228232,-97.703674
"1505","1203 CULLEN AVE","ePlan: Residential Expedited Review - New construction of a 2-Story Single Family Res. [3bed 3.5bath] with Attached Garage.","1203 CULLEN AVE",30.340058,-97.723673
"1506","2308 S 2ND ST BLDG 2","ePlan: Residential Expedited Review - New construction of a 2-Story Single Family Res. [3bed 2.5bath]. Bldg 2","2308 SOUTH 2ND STREET BLDG 2",30.243233,-97.760446
"1507","6004 SPANCREEK CIR","New 1-story single family home 3 bed/2.5 bath with attached garage covered porch and patio","6004 SPANCREEK CIR",30.346239,-97.763487
"1508","3608 THOMPSON ST--BLDG 1","ePlan: Residential Expedited Review. New Three Unit Residential:
Building 1: New construction of a 2-Story Single Family Res. [4bed 2.5bath] with attached garage","3608 THOMPSON STREET BLDG 1",30.266086,-97.697415
"1509","2308 S 2ND ST BLDG 1","ePlan: Residential Expedited Review - New construction of a 2-Story Single Family Res. [3bed 3bath]. Bldg 1","2308 SOUTH 2ND STREET BLDG 1",30.243233,-97.760446
"1510","3608 THOMPSON ST--BLDG 2","ePlan: Residential Expedited Review. New Three Unit Residential:
Building 2: New construction of a 2-Story Single Family Res. [2bed 2.5bath]","3608 THOMPSON STREET BLDG 2",30.266086,-97.697415
"1511","3608 THOMPSON ST--BLDG 3","ePlan: Residential Expedited Review. New Three Unit Residential:
Building 3:  New construction of a 3-Story Single Family Res. [4bed 3.5bath] with attached garage","3608 THOMPSON STREET BLDG 3",30.266086,-97.697415
"1512","1816 W 38TH ST #1A","Bldg 1A: 2 story sfr within duplex with attached carport and covered patio. 2.5 bathroom 3 bedroom.","1816 WEST 38TH STREET",30.31146,-97.753036
"1513","1816 W 38TH ST #1B","Bldg 1B: 2 story sfr within duplex. 1.5 bathroom 2 bedroom with covered porch.","1816 WEST 38TH STREET",30.31146,-97.753036
"1514","1012 W MILTON ST UNIT 2B","ePlan: Residential Expedited Review - Unit 2B  Bldg 2.  New construction of a 2-Story Duplex unit [3 bed 3 bath].  Part of 3-unit use w/ existing residence to remain.","1012 WEST MILTON STREET UNIT 2B",30.251184,-97.761536
"1515","1816 W 38TH ST #2","Bldg 2: 2 story sfr at rear of property w 2.5 bathrooms 3 bedrroms covered porch and attached garage.","1816 WEST 38TH STREET",30.31146,-97.753036
"1516","2107 PRATHER LN - BLDG 1","ePlan: Residential Expedited Review - Bldg 1: New construction of a 3-Story Single Family Res. [ 4 bed 3.5 bath] with Attached Carport and uncovered roof deck. Part of 3-unit use.","2107 PRATHER LANE BLDG 1",30.234416,-97.787713
"1517","2107 PRATHER LN BLDG 3","Bldg 3: New construction of a 3-Story Single Family Res. [ 3 bed 2.5 bath] with Attached Carport and uncovered roof deck. Part of 3-unit use.","2107 PRATHER LANE BLDG 3",30.234416,-97.787713
"1518","2107 PRATHER LN BLDG 2","Bldg 2: New construction of a 3-Story Single Family Res. [ 3 bed 2.5 bath] with Attached Carport and uncovered roof deck. Part of 3-unit use.","2107 PRATHER LANE BLDG 2",30.234416,-97.787713
"1519","4901 RIDGE OAK DR","ePlan: Residential Expedited Review - New construction of a 2-Story Single Family Res. [4 bed 6.5bath] with Attached Garage.  Existing pool to remain.","4901 RIDGE OAK DRIVE",30.33337,-97.763179
"1520","2000 ARTHUR LN","ePlan: Residential Expedited Review - New 2-Story Single Family Res. [4bed 4bath] With 2 Car Garage","2000 ARTHUR LANE",30.254266,-97.778516
"1521","8820 MARMOSET WAY","New SFR 2- Story 3 bedroom 3 bath with attached 2-car garage covered front porch and covered rear patio

PUD","8820 MARMOSET WAY",30.144523,-97.714357
"1522","9401 OXBOW STRAP DR","New construction single-family residential 4 bedroom 3 bath with attached 2-car garage covered front porch and covered rear patio.","9401 OXBOW STRAP DRIVE",30.325843,-97.594789
"1523","8822 MARMOSET WAY","New SFR 2- Story 2 bedroom 2.5 bath with attached 2-car garage covered front porch and covered rear patio

PUD","8822 MARMOSET WAY",30.144518,-97.714111
"1524","8605 COSMICO ST","ePlan: Residential Expedited Review - SITE PLAN APPROVED: PHASE A - Greystar Plan A577 
New 2 story SFR with 4 Bedrooms 3.5 Bath and an attached 2 car garage.

FOR RECORD SET SEE: 8002 PONCHO PASS 2025-070719 PR (INCLUDES 23 ADDRESSES.)","8605 COSMICO STREET",30.234509,-97.902965
"1525","2210 WILLOW ST--BLDG 2","BLDG 2: New two-story SFR (2br/2.5ba)","2210 WILLOW STREET BLDG 2",30.25471,-97.720169
"1526","17130 RADIANT DR","*SMART Housing* *Green Building* New 1-story 3 bedroom 2 bathroom single family residence with covered front porch and rear covered patio.","17130 RADIANT DRIVE",30.286782,-97.551829
"1527","8611 COSMICO ST","ePlan: Residential Expedited Review - SITE PLAN APPROVED: PHASE A - Greystar Plan A577 
New 2 story SFR with 3 Bedrooms 2.5 Bath and an attached 2 car garage.

FOR RECORD SET SEE: 8000 PONCHO PASS 2025-070709 (INCLUDES 22 ADDRESSES.)","8611 COSMICO STREET",30.23455,-97.903379
"1528","8607 COSMICO ST","ePlan: Residential Expedited Review - SITE PLAN APPROVED: PHASE A - Greystar Plan A577 
New 2 story SFR with 4 Bedrooms 3.5 Bath and an attached 2 car garage.

FOR RECORD SET SEE: 8002 PONCHO PASS 2025-070719 PR (INCLUDES 23 ADDRESSES.)","8607 COSMICO STREET",30.234565,-97.903082
"1529","2210 WILLOW ST--BLDG 3","BLDG:3 New 2 story SFR (3br/3.5ba) with attached carport and covered patio. Alley Access.","2210 WILLOW STREET BLDG 3",30.25471,-97.720169
"1530","1301 WEBBERVILLE RD BLDG 2","ePlan: Residential Expedited Review - New construction of a 3-Story Single Family Res. [1bed 1.5bath] with attached Carport. Bldg 2","1301 WEBBERVILLE ROAD BLDG 2",30.278609,-97.68371
"1531","8602 COSMICO ST","ePlan: Residential Expedited Review - SITE PLAN APPROVED: PHASE A - Greystar Plan A577 
New 2 story SFR with 4 Bedrooms 3.5 Bath and an attached 2 car garage.

FOR RECORD SET SEE: 8002 PONCHO PASS 2025-070719 PR (INCLUDES 23 ADDRESSES.)","8602 COSMICO STREET",30.2347,-97.902693
"1532","8609 COSMICO ST","ePlan: Residential Expedited Review - SITE PLAN APPROVED: PHASE A - Greystar Plan A577 
New 2 story SFR with 4 Bedrooms 3.5 Bath and an attached 2 car garage.

FOR RECORD SET SEE: 8002 PONCHO PASS 2025-070719 PR (INCLUDES 23 ADDRESSES.)","8609 COSMICO STREET",30.234617,-97.903179
"1533","17122 RADIANT DR","*SMART Housing* *Green Building* New 1-story 3 bedroom 1.5 bathroom single family residence with covered front porch and rear covered patio.","17122 RADIANT DRIVE",30.286946,-97.552
"1534","1204 MARCY ST BLDG 2","ePlan: Residential Expedited Review - New construction of a 3-Story Single Family Res. [1bed 1.5bath] with attached 
Garage. Bldg 2","1204 MARCY STREET BLDG 2",30.226642,-97.77913
"1535","1204 MARCY ST BLDG 1B","ePlan: Residential Expedited Review - ePlan: Residential Expedited Review - New construction of a 3-Story Duplex [3bed 3.5bath] with attached Carport. 1B","1204 MARCY STREET BLDG 1B",30.226642,-97.77913
"1536","8600 COSMICO ST","ePlan: Residential Expedited Review - SITE PLAN APPROVED: PHASE A - Greystar Plan A577 
New 2 story SFR with 3 Bedrooms 2.5 Bath and an attached 2 car garage.

FOR RECORD SET SEE: 8000 PONCHO PASS 2025-070709 (INCLUDES 22 ADDRESSES.)","8600 COSMICO STREET",30.234679,-97.902555
"1537","17118 RADIANT DR","*SMART Housing* *Green Building* New 1-story 3 bedroom 2 bathroom single family residence with covered front porch and rear covered patio.","17118 RADIANT DRIVE",30.287028,-97.552093
"1538","8601 COSMICO ST","ePlan: Residential Expedited Review - SITE PLAN APPROVED: PHASE A - Greystar Plan A577 
New 2 story SFR with 3 Bedrooms 2.5 Bath and an attached 2 car garage.

FOR RECORD SET SEE: 8000 PONCHO PASS 2025-070709 (INCLUDES 22 ADDRESSES.)","8601 COSMICO STREET",30.234398,-97.902751
"1539","8816 MARMOSET WAY","New SFR 2- Story 3 bedroom 2.5 bath with attached 2-car garage covered front porch and covered rear patio

PUD","8816 MARMOSET WAY",30.144711,-97.714119
"1540","8818 MARMOSET WAY","New SFR 2- Story 3 bedroom 2.5 bath with attached 2-car garage covered front porch and covered rear patio

PUD","8818 MARMOSET WAY",30.144699,-97.714362
"1541","17114 RADIANT DR","*SMART Housing* *Green Building* New 1-story 3 bedroom 2 bathroom single family residence with covered front porch and rear covered patio.","17114 RADIANT DRIVE",30.287117,-97.552163
"1542","8603 COSMICO ST","ePlan: Residential Expedited Review - SITE PLAN APPROVED: PHASE A - Greystar Plan A577 
New 2 story SFR with 4 Bedrooms 3.5 Bath and an attached 2 car garage.

FOR RECORD SET SEE: 8002 PONCHO PASS 2025-070719 PR (INCLUDES 23 ADDRESSES.)","8603 COSMICO STREET",30.234469,-97.902855
"1543","1301 WEBBERVILLE RD BLDG 1","ePlan: Residential Expedited Review - New construction of a 2-Story Single Family Res. [2bed 2.5bath] Bldg 3","1301 WEBBERVILLE ROAD BLDG 1",30.278609,-97.68371
"1544","2609 CARNARVON LN UNIT B","ePlan: Residential Expedited Review - New Two Story Duplex Unit B 1-story [1bath] with attached garage","2609 CARNARVON LANE UNIT B",30.234928,-97.75283
"1545","4907 STRASS DR","ePlan: Residential Expedited Review - New construction of a 2-Story Single Family Res. [4bed 3bath] with attached garage","4907 STRASS DRIVE",30.322546,-97.746013
"1546","1004 JUANITA ST BLDG 1","ePlan: Residential Expedited Review - New THREE UNIT RES.
Bldg1 New 2-story SF Res [3bed 3.5bath] with attached carport","1004 JUANITA STREET BLDG 1",30.242216,-97.765389
"1547","1004 JUANITA ST UNIT 2A","ePlan: Residential Expedited Review - New THREE UNIT RES.
Bldg 2a New 2-story Duplex [2bed 2.5bath] with attached carport","1004 JUANITA STREET UNIT 2A",30.242216,-97.765389
"1548","1004 JUANITA ST UNIT 2B","ePlan: Residential Expedited Review - New THREE UNIT RES.
Bldg 2b New 2-story Duplex [1bed 1bath]","1004 JUANITA STREET UNIT 2B",30.242216,-97.765389
"1549","2006 GARDEN ST--UNIT 1","ePlan: Residential Expedited Review - New TWO UNIT RES.
BLDG 1: New 2-story residence with 3 bedroom 3 bathroom.","2006 GARDEN STREET UNIT 1",30.253926,-97.723932
"1550","913 CAPITOL CT BLDG 1","ePlan: Residential Expedited Review - New TWO UNIT RES.  Bldg 1 New construction of a 2-Story Single Family Res. [3bed 2.5bath] with Attached Garage","913 CAPITOL CT BLDG 1",30.319024,-97.733447
"1551","1127 ELEANOR ST BLDG 2","Building 2 New 2 Story SFR with attached garage rear of main house covered porch and covered rear patio 3/2.5","1127 ELEANOR STREET BLDG 2",30.272465,-97.679617
"1552","5013 STOCKTON LN","Reynolds 890-M-L Is a New two-story family residence with (5) bedrooms (3) bathrooms an attached two-car garage and a covered entry porch & patio.","5013 STOCKTON LANE",30.179223,-97.619864
"1553","5000 FINLEY DR","Expedited Plan Review - New construction of a 1-Story Single Family Res. [6bed 6.5bath] with Attached Garage.","5000 FINLEY DRIVE",30.326203,-97.748603
"1554","5017 STOCKTON LN","Winedale 880-N-L Is a New two-story single family residence with (5) bedrooms (3) bathrooms an attached two-car garage and a covered entry porch & patio.","5017 STOCKTON LANE",30.179219,-97.620022
"1555","3011 WESTLAKE DR","ePlan: Residential Expedited Review - New construction of a 2-Story Single Family Res. [9bed 13.5bath] with Attached Garages","3011 WESTLAKE DRIVE",30.31419,-97.779243
"1556","10212 CURB STRAP DR","New construction of 1 story SFR with 3 beds and 2 baths attached garage covered porch and patio

PUD

Revision: Plan revision to change the house plan from an X35KN to a T35AM","10212 CURB STRAP DRIVE",30.326058,-97.595298
"1557","2104 S L DAVIS AVE--UNIT B","Unit B New construction of 3 story Duplex with roof top uncovered patio 3/2.5.  Part of 3-unit use.","2104 SOUTH L DAVIS AVE UNIT 1B",30.271284,-97.716863
"1558","2109 OAK MOTTE LN","New manufactured home","2109 OAK MOTTE LANE",30.182439,-97.764523
"1559","2104 S L DAVIS AVE--UNIT A","Unit A New construction of 3 story Duplex with roof top uncovered patio 3/2.5.  Part of 3-unit use.","2104 SOUTH L DAVIS AVE UNIT 1A",30.271284,-97.716863
"1560","9803 RIBELIN RANCH CT BLDG 13","New construction of single building based on Volume Builder Approved (2024-067871 VB) Plan 11-DB-L. This is a 3 Story building with height of 38-6 and 3405 square feet.","9803 RIBELIN RANCH CT BLDG 13",30.391205,-97.828986
"1561","10208 CURB STRAP DR","New construction single-family residential 1-story 4 bedroom 2 bath with attached 2-car garage covered front porch and covered rear patio.","10208 CURB STRAP DRIVE",30.326033,-97.595442
"1562","8102 LEROI DR","*Green Building* New 2 Story Condominium Single Family Residence 2 Bdrm 2.5 Bath Porch w/ 2-Car Garage

PUD UNIT 276","8102 LEROI DRIVE",30.155039,-97.713076
"1563","1012 W MILTON ST UNIT 2A","ePlan: Residential Expedited Review - Unit 2A  Bldg 2.  New construction of a 2-Story Duplex unit [3 bed 3 bath].  Part of 3-unit use w/ existing residence to remain.","1012 WEST MILTON STREET UNIT 2A",30.251184,-97.761536
"1564","2605 W 10TH ST","ePlan: Residential Expedited Review:  New construction of a 2-Story Single Family Res. [5 bed 4bath] with Attached Carport.","2605 WEST 10TH STREET",30.28475,-97.774197
"1565","1217 HARVEY ST BLDG 3","Bldg 3: New construction of a 2-Story residence [3 bed 2.5 bath] with Attached Carport.  Part of three-unit use.","1217 HARVEY STREET BLDG 3",30.277051,-97.704311
"1566","2404 ARPDALE ST","ePlan: Residential Expedited Review - New construction of a 2-Story Single-Family Res. [4bed 4.5bath]  with attached Garage and attached Carport","2404 ARPDALE STREET",30.250745,-97.782227
"1567","1709 VALERIA ST","ePlan: Residential Expedited Review - New construction of a 2-Story Single Family Res. [5bed 4.5bath] with Habitable Attic Attached Garage Attached Carport","1709 VALERIA STREET",30.250173,-97.771724
"1568","1217 HARVEY ST BLDG 1","ePlan: Residential Expedited Review -Bldg 1: New construction of a 2-Story residence [3 bed 2.5 bath] with Attached Carport.  Part of three-unit use.","1217 HARVEY STREET BLDG 1",30.277051,-97.704311
"1569","1217 HARVEY ST BLDG 2","Bldg 2: New construction of a 2-Story residence [3 bed 2.5 bath] with Attached Carport.  Part of three-unit use.","1217 HARVEY STREET BLDG 2",30.277051,-97.704311
"1570","10412 CURB STRAP DR","PB: New construction of 2 story SFR 4 bed 3 bath with attached garage","10412 CURB STRAP DRIVE",30.326512,-97.593703
"1571","13611 LONG ISLAND DR","New two-story SFR (4br/3ba) with attached garage and covered patio","13611 LONG ISLAND DRIVE",30.396199,-97.622048
"1572","10416 CURB STRAP DR","New construction of 1 story SFR with attached garage covered porch and patio

PUD","10416 CURB STRAP DRIVE",30.326578,-97.593564
"1573","3616 PENNSYLVANIA AVE BLDG 1","Bldg #1: New 2-story dwelling unit 2 Bed/1.5 bath with attached carport uncovered wood deck and driveway","3616 PENNSYLVANIA AVE BLDG 1",30.276085,-97.693498
"1574","2006 GARDEN ST--UNIT 2","ePlan: Residential Expedited Review: New TWO UNIT RES: 
BLDG 2: New 2-story residence with 2 bedroom 2.5 bathroom.","2006 GARDEN STREET UNIT 2",30.253926,-97.723932
"1575","806 E 31ST ST BLDG 3","ePlan: Residential Expedited Review : New three unit residential
Building 3: New construction of a 3-Story Single Family Res. [4bed 4bath] with Attached Carport


4/15 CM
Plan review (Elliot Bucknall)  has approved for bathroom on 3rd floor to be finished out. Plans only show it to be roughed in.","806 EAST 31ST STREET BLDG 3",30.291174,-97.729118
"1576","3616 PENNSYLVANIA AVE BLDG 3","Bldg #3: New 2-story dwelling unit 1 bath casita studio storage with attached wood deck and screened in porch","3616 PENNSYLVANIA AVE BLDG 3",30.276085,-97.693498
"1577","10200 CURB STRAP DR","New construction single-family residential 1-story 4 bedroom 2 bath with attached 2-car garage covered front porch and covered rear patio.","10200 CURB STRAP DRIVE",30.325978,-97.595711
"1578","8709 PEAFOWL ST","New two-story SFR (4br/3ba) with attached garage covered porch and covered patio *PRODUCTION BUILDER- GREEN BUILDING*","8709 PEAFOWL STREET",30.145599,-97.710368
"1579","7524 SHERWOOD RD BLDG 2","ePlan: Residential Expedited Review - New construction of a TWO-UNIT RES. UNIT 2 1-Story [2bed 2bath] with attached Carport","7524 SHERWOOD ROAD BLDG 2",30.193035,-97.803179
"1580","9404 LILT DR BLDG 4","*SMART Housing* *Green Building* New 1-story 3 bedroom 1.5 bathroom single family residence with covered front porch and rear covered patio.","9404 LILT DRIVE BLDG 4",30.285738,-97.549608
"1581","3616 PENNSYLVANIA AVE BLDG 2","Bldg #2: New 2-story dwelling unit 2 Bed/2.5 bath with attached wood deck","3616 PENNSYLVANIA AVE BLDG 2",30.276085,-97.693498
"1582","5519 JACKIE ROBINSON ST BLDG 11","Unit 11 - New three-story detached single family residence. (3) bedroom (2.5) bathrooms attached 1 car garage. Floor plan type: The Roosevelt D-L-Elevation Option 1. Building Height 31ft-4 7/8in. Maximum Height 40ft. Site Plan #: SP-2020-0393CSH. Expiration Date: 04-13-2025","5519 JACKIE ROBINSON STREET BLDG 11",30.2762,-97.677362
"1583","10420 CURB STRAP DR","New single-story SFR (4br/2ba) with attached garage covered porch and covered patio *PRODUCTION BUILDER- GREEN BUILDING*","10420 CURB STRAP DRIVE",30.326628,-97.593416
"1584","8705 PEAFOWL ST","New 2-story single family residence 3 bed/2.5 bath attached garage covered porch and covered rear patio green building 

PUD","8705 PEAFOWL STREET",30.145714,-97.710276
"1585","9404 LILT DR BLDG 5","*Green Building* *SMART Housing* New 1-story 3 bedroom 2 bathroom single family residence with covered front porch and rear covered patio.","9404 LILT DRIVE BLDG 5",30.285738,-97.549608
"1586","806 E 31ST ST BLDG 2","ePlan: Residential Expedited Review : New three unit residential
Building 2: New construction of a 2-Story Single Family Res. [3bed 3.5bath] with Attached Carport 

4/15 CM
Plan review (Elliot Bucknall)  has approved for bathroom on 3rd floor to be finished out. Plans only show it to be roughed in.","806 EAST 31ST STREET BLDG 2",30.291174,-97.729118
"1587","4707 DEPEW AVE UNIT A","ePlan: Residential Expedited Review - New construction of a 2-Story Duplex [3bed 2.5bath] Unit A
MODULAR CONSTRUCTION","4707 DEPEW AVE UNIT A",30.307601,-97.716504
"1588","10400 CURB STRAP DR","New construction of 1 story SFR with attached garage covered porch and patio

PUD","10400 CURB STRAP DRIVE",30.326353,-97.59414
"1589","10408 CURB STRAP DR","New construction of 2 story SFR with attached garage covered porch and patio

PUD

Revision: Plan revision to change the house plan from the X35KM to an X35HN.","10408 CURB STRAP DRIVE",30.326457,-97.59385
"1590","10112 CURB STRAP DR","*Green Building* New 1-story 4 bedroom 2 bathroom single family residence with attached garage covered front porch and rear covered patio.
Revision 1: Revise house plan from an X35FM to a T35DM. *Green Building* New 2-story 5 bedroom 3 bathroom single family residence with attached garage and covered front porch. 
Revision 2: Revise house plan back to a X35FM from a T35DM. *Green Building* New 1-story 4 bedroom 2 bathroom single family residence with attached garage covered front porch and rear covered patio.","10112 CURB STRAP DRIVE",30.325883,-97.596273
"1591","4012 WALNUT CLAY DR","ePlan: Residential Expedited Review - Addition and Remodel to Existing 3-Story Single Family Res. [3bed 3bath] Work to include: Third floor addition Interior remodel.","4012 WALNUT CLAY DRIVE",30.351634,-97.767139
"1592","412 W LIVE OAK ST BLDG 1","Bldg 1:  New construction of 3-story residence 3 bedroom 2.5 bath w/ balcony.  Part of 2-unit use.","412 WEST LIVE OAK STREET BLDG 1",30.243893,-97.756342
"1593","412 W LIVE OAK ST BLDG 2","Bldg 2: New construction of 3-story residence 3 bedroom 2.5 bath w/ balcony.  Part of 2-unit use.","412 WEST LIVE OAK STREET BLDG 2",30.243893,-97.756342
"1594","9404 LILT DR BLDG 3","*Green Building* New 1-story 3 bedroom 2 bathroom single family residence with covered front porch and rear covered patio.","9404 LILT DRIVE BLDG 3",30.285738,-97.549608
"1595","10320 CURB STRAP DR","*Green Building* New 1-story 4 bedroom 2 bathroom single family residence with attached garage covered front porch and rear covered patio.","10320 CURB STRAP DRIVE",30.326292,-97.594324
"1596","10308 CURB STRAP DR","*Green Building* New 1-story 3 bedroom 2 bathroom single family residence with attached garage covered front porch and rear covered patio.
Revision 1: Revise house plan from an X35CN to T35AN. *Green Building* New 1-story 3 bedroom 2 bathroom single family residence with attached garage and covered front porch.","10308 CURB STRAP DRIVE",30.326213,-97.594748
"1597","9310 OLD LAMPASAS TRL","New 2 Story SFR with attached garage and carport detached pool cabana detached 2 story garage/office","9310 OLD LAMPASAS TRAIL",30.419982,-97.803781
"1598","8113 LEROI DR","*Green Building* New 2 Story Condominium Single Family Residence 3 Bdrm 2.5 Bath Porch w/ 2-Car Garage

PUD UNIT 261","8113 LEROI DRIVE",30.154608,-97.712625
"1599","3905 CONFERENCE CV","New single-family residence with attached garage","3905 CONFERENCE CV",30.366035,-97.862501
"1600","806 E 31ST ST BLDG 1","ePlan: Residential Expedited Review : New three unit residential
Building 1: New construction of a 3-Story Single Family Res. [3bed 3.5bath] with Attached Garage

4/15 CM
Plan review (Elliot Bucknall)  has approved for bathroom on 3rd floor to be finished out. Plans only show it to be roughed in.","806 EAST 31ST STREET BLDG 1",30.291174,-97.729118
"1601","9408 OXBOW STRAP DR","*Green Building* New 1-story 3 bedroom 2 bathroom single family residence with attached garage covered front porch and rear covered patio.","9408 OXBOW STRAP DRIVE",30.325456,-97.595201
"1602","10312 CURB STRAP DR","New construction single-family residential 1-story 4 bedroom 2.5 bath with attached 2-car garage covered front porch and covered rear patio.","10312 CURB STRAP DRIVE",30.326254,-97.594623
"1603","10108 CURB STRAP DR","New Construction - 2 Story Single-Family Residence attached garaged covered porch and patio 5/2.5

Revision: Plan revision to change the house plan from an X40LM to a T40DM","10108 CURB STRAP DRIVE",30.325838,-97.596513
"1604","9404 LILT DR BLDG 6","*SMART Housing* *Green Building* New 1-story 3 bedroom 2 bathroom single family residence with covered front porch and rear covered patio.","9404 LILT DRIVE BLDG 6",30.285738,-97.549608
"1605","9604 OXBOW STRAP DR","New 2-story single family residence 4 bed/3 bath attached garage covered porch and patio","9604 OXBOW STRAP DRIVE",30.32416,-97.594339
"1606","10316 CURB STRAP DR","*Green Building* New 2-story 4 bedroom 3 bathroom single family residence with attached garage covered front porch and rear covered patio.","10316 CURB STRAP DRIVE",30.326296,-97.594482
"1607","17240 RADIANT DR","*SMART Housing* *Green Building* New 1-story 3 bedroom 1.5 bathroom single family residence with covered front porch and rear covered patio.","17240 RADIANT DRIVE",30.286312,-97.549572
"1608","2101 PASADENA DR BLDG 1","New 2-story 4 bedroom 3.5 bathroom dwelling unit with attached garage covered front porch and rear covered patio.","2101 PASADENA DRIVE BLDG 1",30.348284,-97.732738
"1609","2101 PASADENA DR BLDG 2","New 1-story 1 bedroom 1 bathroom dwelling unit with covered porch.","2101 PASADENA DRIVE BLDG 2",30.348284,-97.732738
"1610","8509 DONGAN DR UNIT B","Duplex use:  New construction attached 2nd story above garage apartment 1 bedroom 1 bath.","8509 DONGAN DRIVE UNIT B",30.140852,-97.713918
"1611","2800 SALEK VW","New 3 Story SF detached condo with attached garage 3/3.5","2800 SALEK VW",30.221352,-97.722141
"1612","4907 STELLA LINK PATH","New 3 story condo - 3 bedrooms 3.5 bathrooms 2 car garage and balcony","4907 LINK PATH",30.221967,-97.721954
"1613","4909 STELLA LINK PATH","New construction single family residential 3-story condo 3 bedroom 3.5 bath with attached 2-car garage covered front porch and covered 2nd-floor balcony.","4909 LINK PATH",30.221887,-97.721915
"1614","303 Hackberry Ln","303 Hackberry Ln. 
New construction single-family residential 2-story 3 bedroom 2.5 bath with attached 1-car garage covered front porch and covered rear patio.","303 HACKBERRY LANE",30.359267,-97.692752
"1615","305 Hackberry Ln","305 Hackberry Ln
New construction single-family residential 2-story 3 bedroom 2.5 bath with attached 1-car garage covered front porch and covered rear patio.","305 HACKBERRY LANE",30.359232,-97.692666
"1616","5311 JOE SAYERS AVE BLDG 2","New construction 2-unit use single-family residential 3 bedroom 2.5 bath with covered front porch and 2nd story balcony.","5311 JOE SAYERS AVE BLDG 2",30.325542,-97.736287
"1617","2802 SALEK VW","new SF detached condo 3 bed 3.5 bath with attached garage and covered patio","2802 SALEK VW",30.221265,-97.722192
"1618","4918 MELLER GDNS","New construction of 3 story SFR Condo with 3 beds 3.5 baths 2 car garage","4918 MELLER GDNS",30.222053,-97.722425
"1619","9404 LILT DR BLDG 2","*Green Building* New 1-story 3 bedroom 2 bathroom single family residence with covered front porch and rear covered patio.","9404 LILT DRIVE BLDG 2",30.285738,-97.549608
"1620","8504 ENDALE ARCH DR","New two-story SFR (4br/3ba) with attach garage and covered porch/patio *PRODUCTION BUILDER- GREEN BUILDING*","8504 ENDALE ARCH DRIVE",30.144462,-97.70437
"1621","1002 W JOHANNA ST BLDG 3","ePlan: Residential Expedited Review - New construction of a 3-Story Single Family Res. [3bed 3.5bath] with attached Carport. Bldg 3","1002 WEST JOHANNA STREET BLDG 3",30.247787,-97.762862
"1622","1002 W JOHANNA ST BLDG 2","ePlan: Residential Expedited Review - New construction of a 3-Story Single Family Res. [3bed 3.5bath] with attached Carport. Bldg 2","1002 WEST JOHANNA STREET BLDG 2",30.247787,-97.762862
"1623","1002 W JOHANNA ST BLDG 1","ePlan: Residential Expedited Review - New construction of a 3-Story Single Family Res. [3bed 3.5bath] with attached Carport. Bldg 1","1002 WEST JOHANNA STREET BLDG 1",30.247787,-97.762862
"1624","6500 PORTER ST","6500 Porter St (front unit): New 3-story residence w/ 3 bedroom 3 bathroom covered balcony carport.  Part of 3-unit use.","6500 PORTER STREET",30.230126,-97.697848
"1625","6502 PORTER ST BLDG 3","6502 Porter St Bldg 3: New construction of a 2-Story Single Family Res. [3 bed 3 bath]  with Attached carport.  Part of 3-unit use.   5 dwelling units on two properties share driveway on join-use-access-easement.","6502 PORTER STREET BLDG 3",30.230053,-97.697652
"1626","2603 RICHCREEK RD","New 2-story 5 bedroom 4 bathroom single family residence with attached garage covered front porch covered side porch and rear covered patio.","2603 RICHCREEK ROAD",30.351461,-97.736825
"1627","6502 PORTER ST BLDG 1","6502 Porter St Bldg 1: New construction of a 3-Story Single Family Res. [3 bed 3 bath] second floor baclony with Attached carport.  Part of 3-unit use.   5 dwelling units on two properties share driveway on join-use-access-easement.","6502 PORTER STREET BLDG 1",30.230053,-97.697652
"1628","6502 PORTER ST BLDG 2","6502 Porter St Bldg 2: New construction of a 3-Story Single Family Res. [3 bed 3 bath] with Attached carport.  Part of 3-unit use.   5 dwelling units on two properties share driveway on join-use-access-easement.","6502 PORTER STREET BLDG 2",30.230053,-97.697652
"1629","6502 PORTER ST BLDG 4","6502 Porter St: Bldg 4 (middle unit accessed via 6502 Porter driveway):  New 3-story residence w/ 3 bedroom 3 bathroom. Carport. Part of 3-unit use.","6502 PORTER STREET BLDG 4",30.230053,-97.697652
"1630","17224 RADIANT DR","*SMART Housing* *Green Building* New 1-story 3 bedroom 2 bathroom single family residence with covered front porch and rear covered patio.","17224 RADIANT DRIVE",30.286294,-97.550087
"1631","17236 RADIANT DR","*SMART Housing* *Green Building* New 1-story 3 bedroom 2 bathroom single family residence with covered front porch and rear covered patio.","17236 RADIANT DRIVE",30.286308,-97.549707
"1632","6502 PORTER ST BLDG 5","6502 Porter St Bldg 5 (rear unit accessed via 6502 Porter driveway): New 2-story residence w/  2 bedroom 2.5 bathroom. Part of 3-unit use.","6502 PORTER STREET BLDG 5",30.230053,-97.697652
"1633","4206 BAMFORD DR","ePlan: Residential Expedited Review - New construction of a 2-Story Single Family Res. [4bed 4bath] Attached Garage.","4206 BAMFORD DRIVE",30.367526,-97.765087
"1634","6607 BREEZY PASS","New 2-story SFR w/ pool","6607 BREEZY PASS",30.228486,-97.874193
"1635","7524 SHERWOOD RD BLDG 1","ePlan: Residential Expedited Review - New construction of a TWO-UNIT RES. UNIT 1 1-Story [5bed 3.5bath] with attached Garage/Carport","7524 SHERWOOD ROAD BLDG 1",30.193035,-97.803179
"1636","10121 CURB STRAP DR","PB: New construction of 1 story SFR","10121 CURB STRAP DRIVE",30.325575,-97.595896
"1637","5 SCOTT CRES","ePlan: Residential Expedited Review - New construction of a 2-Story Single Family Res. [5bed 4.5bath] with attached Garage.","5 SCOTT CRES",30.297719,-97.760376
"1638","3101 1/2 NEAL ST","ePlan: Residential Expedited Review - New construction of a 3-Story Single Family Res. [4bed 3bath] with Attached Carport. 3101 1/2 Neal St","3101 1/2 NEAL STREET",30.265219,-97.703387
"1639","1119 TILLERY ST","Bldg 1: New 3-Story [3 bed 3.5 bath] detached residence with attached Garage. Part of 3-unit residential use.","1119 TILLERY STREET",30.26697,-97.701471
"1640","2836 MARY HELEN LOPEZ ST","*SMART HOUSING-CONDO*Construction of a detached single family residence - two story with 4 bedrooms and 2.5 bathrooms and covered patio","2836 MARY HELEN LOPEZ STREET",30.27027,-97.704321
"1641","1703 E 21ST ST","New 2-Story Duplex 4 Bed/5 Bath with attached porches","1703 EAST 21ST STREET",30.281348,-97.723221
"1642","17232 RADIANT DR","*SMART Housing* *Green Building* New 1-story 3 bedroom 2 bathroom single family residence with covered front porch and rear covered patio.","17232 RADIANT DRIVE",30.286301,-97.549828
"1643","1807 W 30TH ST","1807 W 30th St New 2 Story SFR with Covered porch and patio","1807 WEST 30TH STREET",30.303494,-97.756951
"1644","17228 RADIANT DR","*SMART Housing* *Green Building* New 1-story 3 bedroom 1.5 bathroom single family residence with covered front porch and rear covered patio.","17228 RADIANT DRIVE",30.286299,-97.549966
"1645","7312 WOODROW AVE","New 3 Story 2nd unit (main house under 1501 pasadena dr) with attached garage and covered front porch.","7312 WOODROW AVE",30.34493,-97.725479
"1646","2816 MARY HELEN LOPEZ ST","New 2-Story condo with 4 bedrooms and 2.5 baths covered front and rear porch","2816 MARY HELEN LOPEZ STREET",30.270392,-97.704676
"1647","1201 IGNACIO TREVINO ST","New 2-story SFR *CONDO / SMART HOUSING / GREEN BUILDING* - 4 bedrooms 2.5 bathrooms with covered patio","1201 IGNACIO TREVINO STREET",30.269642,-97.704276
"1648","2321 W 9TH ST BLDG 2","Two-unit use: New construction single-family residential 1-story 1 bedroom 1 bath with uncovered wood deck.","2321 WEST 9TH STREET BLDG 2",30.282852,-97.771745
"1649","2846 MARY HELEN LOPEZ ST","Single Family Condo - Two story with 4 bedrooms 2.5 bathrooms and covered patio","2846 MARY HELEN LOPEZ STREET",30.27015,-97.703982
"1650","8009 PONCHO PASS","ePlan: Residential Expedited Review - [SITE PLAN APPROVED: PHASE A - Greystar Plan C ] New Construction of a 8 Single Family Residences

 REV 1 TO WAIVE VISITABILITY - Rise 22.8  / Run  144  Slope: 16%","8009 PONCHO PASS",30.235179,-97.905353
"1651","7510 MADONNA DR","*Green Building* New 2 Story Condominium Single Family Residence 3 Bdrm 3 Bath Porch w/ 2-Car Garage

PUD","7510 MADONNA DRIVE",30.154935,-97.713618
"1652","7508 MADONNA DR","*Green Building* New 2 Story Condominium Single Family Residence 3 Bdrm 2.5 Bath Porch w/ 2-Car Garage

PUD","7508 MADONNA DRIVE",30.155033,-97.713599
"1653","8103 PONCHO PASS","ePlan: Residential Expedited Review - [SITE PLAN APPROVED: PHASE A - Greystar Plan C ] New Construction of a 8 Single Family Residences

 REV 1 TO WAIVE VISITABILITY - Rise 38.28  / Run  144  Slope: 27%","8103 PONCHO PASS",30.234954,-97.905474
"1654","1201 FINCH NEST PL","*SmartHousing**Green Building*: New construction of 2 story sfr condo - 2 bedrooms 2.5 baths attached garage w/ covered porch","1201 FINCH NEST PLACE",30.276095,-97.682678
"1655","8005 WILDER RD","ePlan: Residential Expedited Review - [SITE PLAN APPROVED: PHASE A - Greystar Plan C ] New Construction of a 8 Single Family Residences
 REV 1 TO WAIVE VISITABILITY - Rise 21  / Run  144  Slope: 15%","8005 WILDER ROAD",30.234944,-97.904598
"1656","1209 IGNACIO TREVINO ST","New 2-story detached singly family residence 4 bedrooms 2.5 baths front and rear covered porch  *CONDO / SMART HOUSING / GREEN BUILDING*","1209 IGNACIO TREVINO STREET",30.269893,-97.704142
"1657","8014 WILDER RD","ePlan: Residential Expedited Review - [SITE PLAN APPROVED: PHASE A - Greystar Plan C ] New Construction of a 8 Single Family Residences

 REV 1 TO WAIVE VISITABILITY - Rise 24.72  / Run  144  Slope: 17%","8014 WILDER ROAD",30.234883,-97.905317
"1658","1202 FINCH NEST PL","Smart Housing/Green Building: New construction of 2 story duplex condo each with 3 beds 2.5 baths and covered patios/porches (Unit B)","1202 FINCH NEST PLACE",30.276272,-97.682831
"1659","1507 JULIET ST","ePlan: Residential Expedited Review - New construction of a 2-Story Single Family Res. [3bed 3.5bath] with Attached Carport.","1507 JULIET STREET",30.258627,-97.762668
"1660","4029 PEARCE RD","1 Story Single Family House.  New Septic system. No additional dwelling units.

(ETJ and full purpose jurisdictions-work being done on full purpose side of lot)","4029 PEARCE ROAD",30.34936,-97.813946
"1661","3309 GOODWIN AVE--BLDG 2","Bldg 2: new two-story SFRs (3br/2.5ba) with attached garages and covered patios","3309 GOODWIN AVE BLDG 2",30.26879,-97.698899
"1662","1204 MARCY ST BLDG 1A","ePlan: Residential Expedited Review - New construction of a 3-Story Duplex [3bed 3.5bath] with attached Carport. 1A","1204 MARCY STREET BLDG 1A",30.226642,-97.77913
"1663","2108 E 9TH ST--BLDG 2--UNIT A (RIGHT)","ePlan: Residential Expedited Review - New THREE UNIT RES.
Bldg 2A New construction of a 3-Story Duplex [2bed 2.5bath] with attached Carport","2108 EAST 9TH STREET BLDG 2 UNIT A",30.263653,-97.718117
"1664","2108 E 9TH ST--BLDG 2--UNIT B (LEFT)","ePlan: Residential Expedited Review - New THREE UNIT RES.
Bldg 2B New construction of a 3-Story Duplex [2bed 2.5bath] with attached Carport","2108 EAST 9TH STREET BLDG 2 UNIT B",30.263653,-97.718117
"1665","5302 WOODROW AVE","New construction 3-unit use single-family residential 2-story 3 bedroom 2.5 bath with covered front porch.","5302 WOODROW AVE",30.324589,-97.735841
"1666","2108 E 9TH ST--BLDG 1","ePlan: Residential Expedited Review - New THREE UNIT RES.
Bldg 1 New construction of a 2-Story Single Family Res. [4bed 3bath] with Attached Carport","2108 EAST 9TH STREET BLDG 1",30.263653,-97.718117
"1667","3309 GOODWIN AVE--BLDG 1","Bldg 1: new two-story SFRs (3br/2.5ba) with attached garages and covered patios","3309 GOODWIN AVE BLDG 1",30.26879,-97.698899
"1668","1202 MARCY ST BLDG 2","ePlan: Residential Expedited Review - THREE UNIT RES.
Bldg 2 New construction of a 3-Story Single Family Res. [1bed 1.5bath] with Attached Garage","1202 MARCY STREET BLDG 2",30.226398,-97.779262
"1669","1119 TILLERY ST","Bldg 3: New 3-Story [3 bed 3.5 bath] detached residence with attached Garage & carport. Part of 3-unit residential use.","1119 TILLERY STREET",30.26697,-97.701471
"1670","1119 TILLERY ST","Bldg 2: New 3-Story [3 bed 3.5 bath] detached residence with attached Garage & carport. Part of 3-unit residential use.","1119 TILLERY STREET",30.26697,-97.701471
"1671","7504 MADONNA DR","*Green Building* New 2 Story Condominium Single Family Residence 2 Bdrm 2.5 Bath Porch w/ 2-Car Garage

PUD","7504 MADONNA DRIVE",30.155205,-97.713581
"1672","7506 MADONNA DR","*Green Building* New 2 Story Condominium Single Family Residence 2 Bdrm 2.5 Bath Porch w/ 2-Car Garage

PUD","7506 MADONNA DRIVE",30.155119,-97.713583
"1673","3419 NEAL ST UNIT 301","UNIT 103. New 3-Story [3 bed 2.5 bath] home with balcony.  Part of 3-unit use.  Original property was subdivided front-to-back into 4 flag lots each with 2-3 units.","3419 NEAL STREET UNIT 301",30.263726,-97.700045
"1674","2604 ST ANTHONY ST UNIT B","Unit 2 - New construction of a 2-Story Duplex Unit [1 bed 2 bath].  Secondary small residence in duplex use. Fire rated door was approved connecting both units.","2604 STREET ANTHONY ST UNIT B",30.299522,-97.763236
"1675","8107 LEROI DR","*Green Building* New 2 Story Condominium Single Family Residence 2 Bdrm 2 Bath Porch w/ 2-Car Garage

PUD UNIT 258","8107 LEROI DRIVE",30.154731,-97.712944
"1676","3419 NEAL ST UNIT 201","UNIT 102.  New 3-Story [3 bed 2.5 bath] home with balcony.  Part of 3-unit use.  Original property was subdivided front-to-back into 4 flag lots each with 2-3 units.","3419 NEAL STREET UNIT 201",30.263726,-97.700045
"1677","10113 CURB STRAP DR","New Construction - 1 Story Single-Family Residence attached garage covered porch and patio 4/2

Revision:
Plan revision to change the house plan from an X35MN to a T35BM

Revision 2: Changed back to original X35MN","10113 CURB STRAP DRIVE",30.325469,-97.596147
"1678","2703 WHITE HORSE TRL","ePlan: Residential Expedited Review - New TWO UNIT RES. Bldg 1 New construction of a 2-Story Single Family Res. [5bed 5.5bath] with Attached Garage","2703 WHITE HORSE TRAIL",30.340571,-97.745584
"1679","8103 LEROI DR","New construction single-family residential 2-story 2 bedroom 2.5 bath with attached 2-car garage and covered front porch.","8103 LEROI DRIVE",30.154788,-97.713148
"1680","1021 BRICKELL LOOP","*Green Building* New Construction - New Single-family residence with 3 bedrooms 2.5 bathrooms and an attached 2-car garage.","1021 BRICKELL LOOP",30.150046,-97.704606
"1681","8109 LEROI DR","*Green Building* New 2 Story Condominium Single Family Residence 3 Bdrm 2.5 Bath Porch w/ 2-Car Garage

PUD UNIT 259","8109 LEROI DRIVE",30.154696,-97.712844
"1682","2703 WHITE HORSE TRL BLDG 2","ePlan: Residential Expedited Review - New TWO UNIT RES.
Bldg 2 New construction of a 2-Story Single Family Res. [1bed 1.5bath]","2703 WHITE HORSE TRAIL BLDG 2",30.340571,-97.745584
"1683","3419 NEAL ST UNIT 101","UNIT 101.  New 2-Story [3 bed 2 bath] home with balcony.  Part of 3-unit use.  Original property was subdivided front-to-back into 4 flag lots each with 2-3 units.","3419 NEAL STREET UNIT 101",30.263726,-97.700045
"1684","8105 LEROI DR","*Green Building* New 2 Story Condominium Single Family Residence 2 Bdrm 2.5 Bath Porch w/ 2-Car Garage","8105 LEROI DRIVE",30.154758,-97.713034
"1685","2604 ST ANTHONY ST UNIT A","Unit 1 - New construction of a 2-Story Duplex Unit [5 bed 4.5 bath] with attached Garage.  Primary larger residence in duplex use.  Fire rated door was approved connecting both units.","2604 STREET ANTHONY ST UNIT A",30.299522,-97.763236
"1686","8101 LEROI DR","New construction single-family residential 2-story 2 bedroom 2.5 bath with attached 2-car garage covered front porch and covered rear patio.","8101 LEROI DRIVE",30.154809,-97.713264
"1687","7808 ELLA LEE LN","TERRACE Q52150 ELEVATION B LEFT SWING 1 STORY SINGLE FAMLY HOME / 3 BED AND 3.5 BATH WITH OPT CAITA OPT SITTING ROOM   OPT FLEX ROOM ILO GRILLING PATIO","7808 ELLA LEE LANE",30.150315,-97.713448
"1688","1023 BRICKELL LOOP","New Construction single-family residential 2-story 3 bedroom 2.5 bath with attached 2-car garage covered front porch and covered rear patio.","1023 BRICKELL LOOP",30.150112,-97.704521
"1689","10300 CURB STRAP DR","New construction of 1 story SFR with 5 beds 2 baths attached garage covered porch and patio

PUD
Revision: Plan revision to change the house plan from an X35GM to a T35CN","10300 CURB STRAP DRIVE",30.326141,-97.595033
"1690","10201 CURB STRAP DR","New -1story SFR attached garage covered porch and patio 4/2

Revision: Plan revision to change the house plan from an X35KN to a T35BN

Revision 2: Plan revision to change the house plan from the T35DN to an X35HN.","10201 CURB STRAP DRIVE",30.325641,-97.595612
"1691","10216 CURB STRAP DR","New construction of 2 story SFR with 4 beds 3 baths attached garage covered porch and patio

PUD

Revision: Plan revision to change the house plan from an X35MM to a T35DN

Revision 2: Plan revision to change the house plan back to an X35MM from the T35DN. X35MM Plans were originally approved on 06/03/2025","10216 CURB STRAP DRIVE",30.326103,-97.59517
"1692","2818 E 22ND ST--BLDG 1","Bldg 1: 3-Unit use: New construction single family residential 3-story 3 bedroom 2.5 bath with attached 1-car carport uncovered wood deck and 3rd floor balcony.","2818 EAST 22ND STREET BLDG 1",30.284475,-97.710682
"1693","9412 OXBOW STRAP DR","New two-story SFR (4br/3ba) with attached garage covered porch and covered patio *PRODUCTION BUILDER- GREEN BUILDING*","9412 OXBOW STRAP DRIVE",30.325337,-97.595147
"1694","2818 E 22ND ST--BLDG 2","Bldg 2: 3-Unit use: New construction single family residential 3-story 3 bedroom 2.5 bath with attached 1-car carport uncovered wood deck and 3rd floor balcony.","2818 EAST 22ND STREET BLDG 2",30.284475,-97.710682
"1695","2818 E 22ND ST--BLDG 3","Bldg 3: 3-Unit use: New construction single family residential 3-story 3 bedroom 2.5 bath with attached 1-car carport uncovered wood deck and 3rd floor balcony.","2818 EAST 22ND STREET BLDG 3",30.284475,-97.710682
"1696","5116 HEFLIN LN BLDG 3","Building 3 (rear):  New Two-Story detached Residence 4 bed 2.5 bath attached 1-car garage covered patio.","5116 HEFLIN LANE BLDG 3",30.282898,-97.676843
"1697","5116 HEFLIN LN BLDG 2","Building 2 (middle):  New Two-Story detached Residence 4 bed 2.5 bath attached 1-car garage covered patio.","5116 HEFLIN LANE BLDG 2",30.282898,-97.676843
"1698","1005 W JOHANNA ST","New 2 Story SFR with Attic :3 Bed 3.5 Bath SFR With Pool","1005 WEST JOHANNA STREET",30.247538,-97.763325
"1699","2102 PALO PINTO DR","ePlan: Residential Expedited Review - New construction of a TWO UNIT RES. Bldg 1 New construction of a 2-Story Single Family Res. [3bed 3bath] with attached Garage 

Revision 10/7/2025- changes to primary suite entrance and bath layout","2102 PALO PINTO DRIVE",30.28528,-97.701378
"1700","8810 MARMOSET WAY","New Construction - PUD New SFR 2- Story 3 bedroom 3 bath with attached 2-car garage covered front porch and covered rear patio","8810 MARMOSET WAY",30.145036,-97.714373
"1701","1509 E 14TH ST","ePlan: Residential Expedited Review - SMALL LOT SINGLE FAMILY
New 2-Story Single Family Res. [2bed 2bath]","1509 EAST 14TH STREET",30.275138,-97.723502
"1702","2102 PALO PINTO DR","ePlan: Residential Expedited Review - New construction of a TWO UNIT RES.
Bldg 2 New construction of a 2-Story Single Family Res. [4bed 3.5bath] with attached Garage

Revision 10/7/2025- Revised first floor entry second floor layout to include additional bed/bath window changes front elevation changes","2102 PALO PINTO DRIVE",30.28528,-97.701378
"1703","8104 LEROI DR","New 2 Story Condominium Single Family Residence 3 Bdrm 2.5 Bath Porch w/ 2-Car Garage

PUD UNIT 277","8104 LEROI DRIVE",30.155009,-97.712966
"1704","1205 FINCH NEST PL","*Smart Housing**Green Building*: New construction of 3 story duplex condo each with 2 beds 2.5 baths attached garage covered patio and balcony (Unit B)","1205 FINCH NEST PLACE",30.276323,-97.682581
"1705","1203 FINCH NEST PL","*Smart Housing*Green Building*: New construction of 3 story sfr condo 3 beds 3.5 bath attached garage covered patio w/ 2nd floor balcony","1203 FINCH NEST PLACE",30.27618,-97.682626
"1706","1207 FINCH NEST PL","*Smart Housing**Green Building*: New construction of 3 story duplex condo each with 2 beds 2.5 baths attached garage covered patio and balcony (Unit B)","1207 FINCH NEST PLACE",30.276391,-97.682543
"1707","8100 LEROI DR","*Smart Housing**Green Building*: New 2 Story Condominium Single Family Residence 3 Bdrm 2.5 Bath Porch w/ 2-Car Garage

PUD UNIT 275","8100 LEROI DRIVE",30.155063,-97.713193
"1708","8111 LEROI DR","New 2 Story Condominium Single Family Residence 3 Bdrm 3 Bath Porch and 2nd floor balcony w/ 2-Car Garage
PUD UNIT 260","8111 LEROI DRIVE",30.15465,-97.71273
"1709","932 E 53RD ST","New construction of a 2-Story Single Family Res. [4bed 3.5bath] with attached 2-car carport.","932 EAST 53RD STREET",30.313471,-97.710925
"1710","8106 LEROI DR","PB: New construction of 2 story SFR condo - 2 bedrooms 2.5 baths with attached garage covered rear patio","8106 LEROI DRIVE",30.154979,-97.712855
"1711","4801 FAIRVIEW DR BLDG 1","New 2-story 4 bedroom 5 bathroom dwelling unit with covered front porch rear covered patio and covered breezeway providing connection to Building 2.","4801 FAIRVIEW DRIVE BLDG 1",30.329183,-97.760156
"1712","8601 ARACARI CV","New single-story SFR (4br/2.5ba) with attached garage and covered porch/patio *PRODUCTION BUILDER- GREEN BUILDING*","8601 ARACARI CV",30.147174,-97.711318
"1713","7701 MULLEN DR","New construction of 2 story SFR with 5 beds 4 baths with attached 2 car garage","7701 MULLEN DRIVE",30.35067,-97.727771
"1714","4801 FAIRVIEW DR BLDG 2","New 2-story 1 bedroom 1 bathroom dwelling unit with attached garage.","4801 FAIRVIEW DRIVE BLDG 2",30.329183,-97.760156
"1715","4906 ENCHANTED LN","ePlan: Residential Expedited Review : Addition & remodel for single family residence.  Addition to include new mater bedroom suite and new bedroom new uncovered patio.  Remodel includes reconfiguration of entire floor plan including the kitchen/living area  conversion of porch to garage.  4 bed 3 bath.","4906 ENCHANTED LANE",30.22179,-97.790796
"1716","8814 MARMOSET WAY","New 2-story single family dwelling unit 3 bed/3 bath attached garage covered patio and porch","8814 MARMOSET WAY",30.144852,-97.714115
"1717","6210 CAMINO REAL UNIT A","ePlan: Residential Expedited Review - New THREE UNIT RES.
Bldg 3 (6210 Camino A).  New construction of a 2-Story Duplex [2bed 2bath] with attached Garage.","6210 CAMINO REAL UNIT A",30.335965,-97.735334
"1718","1307 CRESTWOOD RD--PRIMARY","New two-story SFR (3br/3.5ba) with attached garage covered patio screened porch and detached single-story accessory structure. Existing pool to remain.","1307 CRESTWOOD ROAD",30.299311,-97.713539
"1719","1914 S 3RD ST","1914 S 3rd St (middle unit): New construction of a 2-Story detached Res. [3bed 2.5bath] with attached Carport. Part of 3-unit use.","1914 SOUTH 3RD STREET",30.246815,-97.759839
"1720","1916 S 3RD ST","1916 S 3RD ST (front unit): New construction of a 2-Story detached Res. [3bed 2.5bath] with attached carport.  Part of 3-unit use.","1916 SOUTH 3RD STREET",30.246693,-97.759919
"1721","4100 WATERSEDGE DR","ePlan: Residential Expedited Review - New construction of a 2-Story Single Family Res. [5bed 7bath] Attached Garage","4100 WATERSEDGE DRIVE",30.323295,-97.775264
"1722","8112 LEROI DR","*Green Building* New 2-story 2 bedroom 2 bathroom single family condo residence with attached garage covered front porch and 2nd floor covered balcony.","8112 LEROI DRIVE",30.154854,-97.712564
"1723","7812 HARDY DR BLDG 2","ePlan: Residential Expedited Review - New TWO/THREE UNIT RES.
BLDG 2 New construction of a 2-Story Single Family Res. [3bed 2.5bath]","7812 HARDY DRIVE BLDG 2",30.353434,-97.727774
"1724","2708 SALEK VW","new SF detached condo - 3 beds. 3.5 baths 2 car garage 2nd floor balcony","2708 SALEK VW",30.221542,-97.722052
"1725","8108 LEROI DR","New 2 Story Condominium Single Family Residence 2 Bdrm 2.5 Bath Porch w/ 2-Car Garage

PUD","8108 LEROI DRIVE",30.15494,-97.712765
"1726","7812 HARDY DR BLDG 3","ePlan: Residential Expedited Review - New TWO/THREE UNIT RES.
BLDG 3 New construction of a 2-Story Single Family Res. [4bed 3.5bath] with Attached Garage/Carport","7812 HARDY DRIVE BLDG 3",30.353434,-97.727774
"1727","1625 FOREST TRL","ePlan: Residential Expedited Review - New construction of a 2-Story Single Family Res. [4bed 4.5bath] with attached Garage","1625 FOREST TRAIL",30.291396,-97.767118
"1728","8110 LEROI DR","New 2 Story Condominium Single Family Residence 3 Bdrm 3 Bath Porch w/ 2-Car Garage

PUD","8110 LEROI DRIVE",30.154902,-97.712665
"1729","1912 S 3RD ST","1912 S 3rd St (rear unit)- New construction of a 2-Story detached Res. [3bed 2.5bath]. Part of 3-unit use.","1912 SOUTH 3RD STREET",30.246932,-97.759763
"1730","8114 LEROI DR","*Green Building* New 2-story 2 bedroom 2.5 bathroom single family condo residence with attached garage and covered front porch.","8114 LEROI DRIVE",30.154823,-97.712476
"1731","4920 MELLER GDNS","New 3 story SFR Condo with 3 beds 3.5 baths 2 car garage","4920 MELLER GDNS",30.221971,-97.722462
"1732","6210 CAMINO REAL UNIT B","ePlan: Residential Expedited Review - New THREE UNIT RES.
Bldg 2 (6210 Camino B).  New construction of a 2-Story Duplex [3bed 4bath]","6210 CAMINO REAL UNIT B",30.335965,-97.735334
"1733","1308 MASON AVE","New construction two-unit use duplex 3-story 2 bedroom 2.5 bath with attached 2-car carport 1st floor storage covered front porch covered rear patio and 2nd floor covered balcony.","1308 MASON AVE",30.276611,-97.682652
"1734","4916 MELLER GDNS","New 3 story SFR Condo with 3 beds 3.5 baths 2 car garage","4916 MELLER GDNS",30.222128,-97.722404
"1735","1204 FINCH NEST PL","*Green Building/*Smart Housing* New construction of 3 story duplex condo - each with 3 beds 3.5 baths attached garage and balcony (Unit A)","1204 FINCH NEST PLACE",30.276379,-97.682743
"1736","1310 MASON AVE","New construction two-unit use duplex 3-story 2 bedroom 2.5 bath with attached 2-car carport 1st floor storage covered front porch covered rear patio and 2nd floor covered balcony.","1310 MASON AVE",30.276565,-97.682563
"1737","1206 FINCH NEST PL","*Green Building/*Smart Housing* New construction of 3 story duplex condo - each with 3 beds 3.5 baths attached garage and balcony (Unit B)","1206 FINCH NEST PLACE",30.276426,-97.68271
"1738","9104 THE RAVINE WAY","New Construction - 2 story single family residence w/ 4 bedrooms 4 1/2 bathrooms attached 3 car garage covered entry porch and patio","9104 THE RAVINE WAY",30.146548,-97.708688
"1739","6840 LA CONCHA PASS BLDG 2","New construction of second residential unit. One bath one bedroom single story structure.","6840 LA CONCHA PASS BLDG 2",30.22696,-97.877593
"1740","13214 STABLER DR","Braford 3315 B Right New - 2 Story SFR CONDOMINUM w/ 3 bedrooms 2.5 bathrooms attached 2 car garage covered entry porch and patio FFE: 681.70 Site Plan: SP-2021-0328C Site Plan Exp.: 01/09/27 Max Bld height: 29 Actual Bld height: 28-3 required parking: 2.","13214 STABLER DRIVE",30.11447,-97.814756
"1741","502 IRMA DR UNIT B","Two-unit use duplex; Unit B: New construction 3-story 4 bedroom 3.5 bath with attached 1-car garage covered porch and 2nd floor uncovered balcony.","502 IRMA DRIVE UNIT B",30.33114,-97.718589
"1742","9204 THE RAVINE WAY","New construction of 2 story SFR with 4 beds 2.5 baths attached 2 car garage covered entry porch and patio

PUD","9204 THE RAVINE WAY",30.146155,-97.707891
"1743","502 IRMA DR UNIT A","Two-unit use duplex; Unit A: New construction 3-story 4 bedroom 3.5 bath with attached 1-car garage covered porch uncovered wood deck and 2nd floor uncovered balcony.","502 IRMA DRIVE UNIT A",30.33114,-97.718589
"1744","1809 ALEGRIA RD","ePlan: Residential Expedited Review - New THREE UNIT RES.
Bldg 1 (1809 Alegria). New construction of a 2-Story Single Family Res. [5bed 5bath] with Attached Carport","1809 ALEGRIA ROAD",30.336059,-97.735193
"1745","6411 BRADSHER DR BLDG 2","ePlan: Residential Expedited Review - New construction of a THREE-UNIT RES. UNIT 2 2-Story [3bed 2.5bath] with attached Garage.","6411 BRADSHER DRIVE BLDG 2",30.198126,-97.783319
"1746","6411 BRADSHER DR BLDG 1","ePlan: Residential Expedited Review - New construction of a THREE-UNIT RES. UNIT 1 2-Story [3bed 2.5bath] with attached Garage.","6411 BRADSHER DRIVE BLDG 1",30.198126,-97.783319
"1747","1904 GREENWOOD AVE--BLDG 2","New 2-story dwelling unit 1 bed/1.5 bath with attached covered patio balcony wood deck","1904 GREENWOOD AVE BLDG 2",30.28412,-97.698723
"1748","13215 STABLER DR","Brahman 3318 C Left New - 2 Story SFR CONDOMINUM w/ 4 bedrooms 2.5 bathrooms attached 2 car garage covered entry porch and patio FFE: 682.00 Site Plan: SP-2021-0328C Site Plan Exp.: 01/09/27 Max Bld height: 29-10 Actual Bld height: 29-10 required parking: 2.","13215 STABLER DRIVE",30.114454,-97.81425
"1749","13217 STABLER DR","Estonian 3316 C Left New - 2 Story SFR CONDOMINUM w/ 4 bedrooms 3 bathrooms attached 2 car garage covered entry porch and patio FFE: 681.66 Site Plan: SP-2021-0328C Site Plan Exp.: 01/09/27 Max Bld height: 27 Actual Bld height: 26-11 required parking: 2.","13217 STABLER DRIVE",30.114353,-97.814257
"1750","6411 BRADSHER DR BLDG 3","ePlan: Residential Expedited Review - New construction of a THREE-UNIT RES. UNIT 3 2-Story [4bed 3bath] with attached Garage.","6411 BRADSHER DRIVE BLDG 3",30.198126,-97.783319
"1751","1200 FINCH NEST PL","Smart Housing/Green Building: New construction of 2 story duplex condo each with 3 beds 2.5 baths and covered patios/porches (Unit A)","1200 FINCH NEST PLACE",30.276212,-97.682866
"1752","10508 LARK CT BLDG 2","New Construction of a 2nd dwelling unit with 1 bedroom and 1 bathroom","10508 LARK CT BLDG 2",30.377879,-97.698005
"1753","1306 MASON AVE","New construction single-family residential 2-story 2 bedroom 2.5 bath with attached 1-car garage covered front porch and covered rear patio.","1306 MASON AVE",30.276654,-97.682703
"1754","1403 BARTON HILLS DR BLDG 3","ePlan: Residential Expedited Review - New construction of a 3-Story Single Family Res. [3bed 3.5bath] with attached Carport. Bldg 3","1403 BARTON HILLS DRIVE BLDG 3",30.261019,-97.776618
"1755","2510 GREAT OAKS PKWY","New 2-story 5 bedroom 4 bathroom single family residence with attached garage covered front porch and rear covered patio.","2510 GREAT OAKS PKWY",30.31976,-97.746577
"1756","1403 BARTON HILLS DR BLDG 1","ePlan: Residential Expedited Review - New construction of a 3-Story Single Family Res. [5bed 4.5bath] with attached Carport. Bldg 1","1403 BARTON HILLS DRIVE BLDG 1",30.261019,-97.776618
"1757","2103 DORIS DR","New 2-story 3 bedroom 2.5 bathroom dwelling unit with attached garage and covered porch.","2103 DORIS DRIVE",30.363283,-97.726113
"1758","1403 BARTON HILLS DR BLDG 2","ePlan: Residential Expedited Review - New construction of a 3-Story Single Family Res. [3bed 3bath]  with attached Carport. Bldg 2","1403 BARTON HILLS DRIVE BLDG 2",30.261019,-97.776618
"1759","7506 EASTCREST DR","ADU separate 2-story bldg with interior stairs 850 sf cond. space 46 sf porch 2x6 framing conc slab fdn all electric 1st floor: open living/kitchen WH utility cl under stairs 2nd fl: hall bedroom closet bath washer/dryer cl","7506 EASTCREST DRIVE",30.338637,-97.707963
"1760","3204 GREENLEE DR","Expedited Review - New Construction of a 2-Story Single Family Res. [5bed 5.5bath] with attached Garage.","3204 GREENLEE DRIVE",30.302652,-97.769559
"1761","6806 ESTHER DR","New 2-story SFR with attached garage. 4 bedroom 4.5 bath w/ covered front porch rear patio.","6806 ESTHER DRIVE",30.33199,-97.712128
"1762","5600 FORKS RD","New 2 story SFR Condo with 3 beds 2.5 baths attached 2 car garage

PUD","5600 FORKS ROAD",30.149042,-97.753801
"1763","2902 CHERRY LN","ePlan: Residential Expedited Review - New Construction of a 2-Story Single Family Res. with Habitable Attic [5bed 5.5baths] with attached garage. Work to include outdoor sauna and connecting patio.","2902 CHERRY LANE",30.294252,-97.772152
"1764","2409 FOREST AVE BLDG 2","New 2-story 2 bedroom 2 bathroom secondary dwelling unit with attached carport covered porch and uncovered roof terrace.","2409 FOREST AVE BLDG 2",30.239558,-97.756848
"1765","2409 FOREST AVE BLDG 1","New 2-story 4 bedroom 3.5 bathroom principal residence with attached garage covered porch uncovered roof terraces and habitable basement.","2409 FOREST AVE BLDG 1",30.239558,-97.756848
"1766","8500 ENDALE ARCH DR","New 2-story SFR 4 bedrooms 3 bath with attached 2 car garage covered front porch and covered rear patio","8500 ENDALE ARCH DRIVE",30.144501,-97.70421
"1767","2409 LA CASA DR BLDG 3","BLDG 3: New 3 story SFR construction with 2 bedrooms 3.5 bath and attached carport.","2409 LA CASA DRIVE BLDG 3",30.249822,-97.783349
"1768","9417 OXBOW STRAP DR","*Green Building* New 1-story 3 bedroom 2 bathroom single family residence with attached garage covered front porch and rear covered patio.","9417 OXBOW STRAP DRIVE",30.325347,-97.594578
"1769","2409 LA CASA DR BLDG 2","BLDG 2: New 3 story SFR construction with 2 bedrooms 3.5 bath and attached carport.","2409 LA CASA DRIVE BLDG 2",30.249822,-97.783349
"1770","2409 LA CASA DR BLDG 1","BLDG 1: New 3 story SFR construction with 2 bedrooms 3.5 bath and attached carport.","2409 LA CASA DRIVE BLDG 1",30.249822,-97.783349
"1771","404 W 55TH HALF ST","New 2-story SFR 4 bedrooms 3.5 bath","404 WEST 55TH HALF STREET",30.322747,-97.723388
"1772","11005 BELL FARM RD UNIT B","NEW CONDO REGIME - DUPLEX UNIT #B TYPE 4 (C1)  3 BED 2 BATH","11005 BELL FARM ROAD UNIT B",30.364486,-97.644914
"1773","11005 BELL FARM RD UNIT A","NEW CONDO REGIME - DUPLEX UNIT #A TYPE 4 (C1.1)  3 BED 2 BATH )","11005 BELL FARM ROAD UNIT A",30.364486,-97.644914
"1774","2710 THRESH RD UNIT 2A","NEW CONDO REGIME - BLDG#2  DUPLEX UNIT #2A TYPE 3 (B0.1) 2 BED 2 BATH UNIT #2B TYPE 3  (B0) 2 BED 2 BATH","2710 THRESH ROAD UNIT 2A",30.365539,-97.645767
"1775","2710 THRESH RD UNIT 2B","NEW CONDO REGIME - BLDG#2  DUPLEX UNIT #2A TYPE 3 (B0.1) 2 BED 2 BATH UNIT #2B TYPE 3  (B0) 2 BED 2 BATH","2710 THRESH ROAD UNIT 2B",30.365539,-97.645767
"1776","5104 DUVAL ST BLDG 3","ePlan: Residential Expedited Review - New construction of a 3-Story Single Family Res. [3bed 3.5bath] with attached Carport. Bldg 3","5104 DUVAL STREET BLDG 3",30.314739,-97.719926
"1777","5104 STONE GATE DR BLDG 3","ePlan: Residential Expedited Review - New construction of a THREE-UNIT RES. UNIT 3 3-Story [3bed 3.5bath] with attached Carport.","5104 STONE GATE DRIVE BLDG 3",30.284606,-97.676731
"1778","5104 STONE GATE DR BLDG 2","ePlan: Residential Expedited Review - New construction of a THREE-UNIT RES. UNIT 2 3-Story [3bed 3.5bath] with attached Carport","5104 STONE GATE DRIVE BLDG 2",30.284606,-97.676731
"1779","5104 DUVAL ST BLDG 2","ePlan: Residential Expedited Review - New construction of a 3-Story Single Family Res. [3bed 3.5bath] with attached Garage. Bldg 2","5104 DUVAL STREET BLDG 2",30.314739,-97.719926
"1780","5104 STONE GATE DR BLDG 1","ePlan: Residential Expedited Review - New construction of a THREE-UNIT RES. UNIT 1 3-Story [5bed 4bath] with attached Carport","5104 STONE GATE DRIVE BLDG 1",30.284606,-97.676731
"1781","2603 HILLVIEW RD","New 2-story single family home with basement 1st & 2nd floor  elevator 6 bathroom  4 bedroom wet bar 2-car carport covered patio.","2603 HILLVIEW ROAD",30.301525,-97.768047
"1782","9112 HAMADRYAS DR","New two-story SFR (4br/3ba) with attached garage and covered porch/patio *PRODUCTION BUILDER- GREEN BUILDING*","9112 HAMADRYAS DRIVE",30.144933,-97.709348
"1783","2503 BRIDLE PATH","ePlan: Residential Expedited Review - New 2-Story Single Family Residences (5 Beds/5.5 Baths)","2503 BRIDLE PATH",30.290202,-97.769431
"1784","1008 SPENCE ST BLDG 2","BLDG #2 New 2-Story dwelling unit 2 Bed/2 Bath with attached carports covered patio and balcony new alley driveway (Two Unit Use)","1008 SPENCE STREET BLDG 2",30.258812,-97.734596
"1785","1302 MORGAN LN BLDG 2","ePlan: Residential Expedited Review - New construction of a 2-Story Single Family Res. [2bed 2.5bath]. Bldg 2","1302 MORGAN LANE BLDG 2",30.228936,-97.779073
"1786","2803 PALOMINO TRL BLDG 2","*Home* New construction of manufactured home.","2803 PALOMINO TRAIL BLDG 2",30.210656,-97.690876
"1787","13212 STABLER DR","Estonian 3316 B Right New - 2 Story SFR CONDOMINUM w/ 4 bedrooms 3 bathrooms attached 2 car garage covered entry porch and patio FFE: 681.93 Site Plan: SP-2021-0328C Site Plan Exp.: 01/09/27 Max Bld height: 31 Actual Bld height: 30-4 required parking: 2.","13212 STABLER DRIVE",30.114586,-97.814744
"1788","2710 THRESH RD UNIT 1B","NEW CONDO REGIME - BLDG #1 DUPLEX UNIT #1B TYPE 3 (B0.1) 2 BED 2 BATH","2710 THRESH ROAD UNIT 1B",30.365539,-97.645767
"1789","2710 THRESH RD UNIT 1A","NEW CONDO REGIME - BLDG #1 DUPLEX UNIT #1A TYPE 3 (B0) 2 BED 2 BATH","2710 THRESH ROAD UNIT 1A",30.365539,-97.645767
"1790","3308 STONERIDGE ROAD Bldg 1","New two-story SFR (4br/4.5ba) with attached garage pool and covered patio; and new two-story accessory structure (.5ba)","3308 STONERIDGE ROAD BLDG 1",30.266241,-97.809883
"1791","1302 MORGAN LN BLDG 3","ePlan: Residential Expedited Review - New construction of a 2-Story Single Family Res. [3bed 3bath] with attached Garage/Carport. Bldg 3","1302 MORGAN LANE BLDG 3",30.228936,-97.779073
"1792","503 E ANNIE ST BLDG 2","Building 2 New two-story SFRs (2br/2.5ba) with  uncovered wood deck and pool *HOME AMENDMENT*","503 EAST ANNIE STREET BLDG 2",30.244766,-97.74685
"1793","2012 E M FRANKLIN AVE--BLDG 2","Construction of 2 story additional dwelling unit at the back of the primary home","2012 EAST M FRANKLIN AVE BLDG 2",30.285714,-97.697355
"1794","503 E ANNIE ST","New 2 Story SFR Main House","503 EAST ANNIE STREET",30.244766,-97.74685
"1795","14116 FLAT TOP RANCH RD","ePlan: Residential Expedited Review - New construction of an 2-Story Single-Family Res. [5bed 4.5bath]  with attached Garage","14116 FLAT TOP RANCH ROAD",30.379362,-97.913068
"1796","2202 E 13TH ST--BLDG 1","ePlan: Residential Expedited Review -  New construction of a 2-Story Single Family Res. [3bed 2.5bath] with Attached Carport. Bldg 1","2202 EAST 13TH STREET BLDG 1",30.275452,-97.716905
"1797","10117 CURB STRAP DR","PB: New construction of 1 story SFR","10117 CURB STRAP DRIVE",30.325529,-97.596023
"1798","2202 E 13TH ST--BLDG 2","ePlan: Residential Expedited Review - New construction of a 3-Story Single Family Res. [3bed 3.5bath] with Attached Carport. Bldg 2","2202 EAST 13TH STREET BLDG 2",30.275452,-97.716905
"1799","2202 E 13TH ST--BLDG 3","ePlan: Residential Expedited Review - New construction of a 2-Story Single Family Res. [3bed 2.5bath] with Attached Carport. Bldg 3","2202 EAST 13TH STREET BLDG 3",30.275452,-97.716905
"1800","1904 HILL OAKS CT","New two-story SFR (5br/6.5ba) with attached garage and pool house","1904 HILL OAKS CT",30.295115,-97.770726
"1801","5313 AVENUE F BLDG 3","ePlan: Residential Expedited Review - New construction of a 3-Story Single Family Res. [3bed 3.5bath] with attached Carport Bldg 3","5313 AVENUE F BLDG 3",30.31846,-97.720459
"1802","2506 E 2ND ST--BLDG 2","ePlan: Residential Expedited Review - New construction of a TWO UNIT RES.
Bldg 2 New construction of a 2-Story SF Res [4bed 4.5bath] with attached Garage.","2506 EAST 2ND STREET BLDG 2",30.25523,-97.715656
"1803","10125 CURB STRAP DR","PB: New construction of 1 story SFR 3 bedroom and 2 bath with attached garage covere porch and patio","10125 CURB STRAP DRIVE",30.325604,-97.595758
"1804","5313 AVENUE F BLDG 2","ePlan: Residential Expedited Review - New construction of a 3-Story Single Family Res. [3bed 3.5bath] with attached Carport Bldg 2","5313 AVENUE F BLDG 2",30.31846,-97.720459
"1805","511 SOUTH PARK DR BLDG 2","New two-story dwelling unit *HOME Amendment- PRESERVATION BONUS*","511 SOUTH PARK DRIVE BLDG 2",30.232635,-97.764767
"1806","511 SOUTH PARK DR BLDG 3","new three-story dwelling unit *HOME Amendment- PRESERVATION BONUS*","511 SOUTH PARK DRIVE BLDG 3",30.232635,-97.764767
"1807","9803 RIBELIN RANCH CT BLDG 21","New construction of single building based on Volume Builder Approved (2024-067871 VB) Plan 8-CA-R. This is a 2 Story building with height of 31-7 and 3138 square feet.","9803 RIBELIN RANCH CT BLDG 21",30.391205,-97.828986
"1808","1402 MASON AVE","*SMART Housing-Green Building* New construction of 3 story Duplex Condo - 3 beds 3.5 baths attached garage balcony covered patio (1402 Mason Ave - Unit B)","1402 MASON AVE",30.276481,-97.682359
"1809","5912 HAROLD CT Units 301-302","Building 3 Units 301-302
See SP-2020-0109C for SP
New 3-story duplex condominium residential building with two units. Unit 301 with (3) bedrooms (3.5) bathrooms attached garage loft and covered patios. Unit 302 with (2) bedrooms (2.5) bathrooms attached garage and covered patios.","5912 HAROLD CT BLDG 3",30.269257,-97.674937
"1810","1400 MASON AVE","*SMART Housing-Green Building* New construction of 3 story Duplex Condo - 3 beds 3.5 baths attached garage balcony covered patio (1400 Mason Ave - Unit A)","1400 MASON AVE",30.276524,-97.68244
"1811","5912 HAROLD CT Units 201-202","Building 2 Units 201-202
See SP-2020-0109C for SP
New 3-story duplex condominium residential building with two units. Unit 201 with (3) bedrooms (3.5) bathrooms attached garage loft and covered patios. Unit 202 with (3) bedrooms (3.5) bathrooms attached garage loft and covered patios.

Approved revision 1 to change fire separation.","5912 HAROLD CT",30.269257,-97.674937
"1812","3213 CHERRY LN UNIT B","ePlan: Residential Expedited Review - NEW DUPLEX USE - Unit 2 Includes new kitchen and bath AND include accessory Office bath and gym.","3213 CHERRY LANE UNIT B",30.29506,-97.775399
"1813","8710 OAKMOUNTAIN CIR","New 1-story 4 bedroom 3.5 bathroom single family residence with attached garage and covered porches/decks.","8710 OAKMOUNTAIN CIR",30.378753,-97.744993
"1814","1204 BIANCA BREEZE PL","New construction 2-unit use duplex: 1204 - New construction single-family residential 3-story 3 bedroom 3.5 bath with attached 2-car garage covered front porch covered rear patio and 2nd floor balcony.","1204 BIANCA BREEZE PLACE",30.276238,-97.682425
"1815","1203 BIANCA BREEZE PL","New construction 2-unit use duplex: 1203 - New construction single-family residential 3-story 2 bedroom 2.5 bath with attached 2-car carport covered front porch covered rear patio and 2nd floor balcony.","1203 BIANCA BREEZE PLACE",30.276085,-97.682344
"1816","1202 BIANCA BREEZE PL","New construction 2-unit use duplex: 1202 - New construction single-family residential 3-story 3 bedroom 3.5 bath with attached 2-car garage covered front porch covered rear patio and 2nd floor balcony.","1202 BIANCA BREEZE PLACE",30.276168,-97.682473
"1817","3104 PLEASANT RUN PL","ePlan: Residential Expedited Review - Addition and Remodel to Existing 2-Story Single Family Res. [4 bed 5.5 bath].  Remodel includes new windows cabnetry fire place and conversion of closet to full bathroom.  Addition includes 3 new dormers in attic level.","3104 PLEASANT RUN PLACE",30.309423,-97.766489
"1818","1205 BIANCA BREEZE PL","New construction 2-unit use duplex: 1205 - New construction single-family residential 3-story 2 bedroom 2.5 bath with attached 2-car carport covered front porch covered rear patio and 2nd floor balcony.","1205 BIANCA BREEZE PLACE",30.276154,-97.682288
"1819","1201 BIANCA BREEZE PL","*SMART Housing* *Green Building* New 2-story 2 bedroom 2.5 bathroom single family condo residence with attached garage covered front porch and rear covered patio.","1201 BIANCA BREEZE PLACE",30.275976,-97.682385
"1820","1404 MASON AVE","New construction of 2 story SFR Condo 3 beds 3.5 bathrooms attached garage covered patio","1404 MASON AVE",30.276434,-97.682286
"1821","1200 BIANCA BREEZE PL","*SMART Housing* *Green Building* New 2-story 2 bedroom 2.5 bathroom single family condo residence with attached garage covered front porch and rear covered patio.","1200 BIANCA BREEZE PLACE",30.276052,-97.682523
"1822","3501 NEAL ST","3501 Neal St:  New 3-story residence with 3 bedroom 2.5 bathroom .  Part of 3 unit use.  (with driveway permit no sidewalk)","3501 NEAL STREET",30.263941,-97.699831
"1823","2908 GLEN RAE ST--BLDG 1","ePlan: Residential Expedited Review - New construction of a THREE UNIT RES.
Bldg 1 New construction of a 3-Story Single Family Res. [3bed 3.5bath] with attached Carport","2908 GLEN RAE STREET BLDG 1",30.266806,-97.709555
"1824","2908 GLEN RAE ST--BLDG 2","ePlan: Residential Expedited Review - New construction of a THREE UNIT RES.
Bldg 2 New construction of a 3-Story Single Family Res. [4bed 3.5bath] with attached Carport.","2908 GLEN RAE STREET BLDG 2",30.266806,-97.709555
"1825","3421 NEAL ST UNIT 101","3421 Neal St Unit 101:  New 2-story detached residence with 3 bedroom 2 bathroom. Part of 3-unit use.","3421 NEAL STREET UNIT 101",30.264049,-97.70001
"1826","1213 IGNACIO TREVINO ST","Construction of a detached single family residence of approx. 1593 s.f. two-story with 3 bedrooms and 2.5 bathrooms.","1213 IGNACIO TREVINO STREET",30.270026,-97.704069
"1827","3421 NEAL ST UNIT 201","3421 Neal St Unit 201: New 2-story detached residence with 3 bedroom 2 bathroom 1-car garage. Part of 3-unit use.","3421 NEAL STREET UNIT 201",30.264049,-97.70001
"1828","2908 GLEN RAE ST--BLDG 3","ePlan: Residential Expedited Review - New construction of a THREE UNIT RES.
Bldg 3 New construction of a 3-Story Single Family Res. [4bed 3.5bath] with attached Carport","2908 GLEN RAE STREET BLDG 3",30.266806,-97.709555
"1829","2842 MARY HELEN LOPEZ ST","New 2 story SFR Condo with 3 beds and 2.5 baths and front/rear covered porch","2842 MARY HELEN LOPEZ STREET",30.270223,-97.704141
"1830","2832 MARY HELEN LOPEZ ST","new detached 2-story condo","2832 MARY HELEN LOPEZ STREET",30.270354,-97.704512
"1831","908 E 13TH ST--BLDG 3 (ALLEY)","Relocate 900 sq. ft. 1-story 1 bedroom 1 bathroom dwelling from Uhland TX to 908 E 13th St Austin. Addition to side of structure for total of 2 bed 2 bath. Scope of work will result in a 3 unit use.","908 EAST 13TH STREET BLDG 3",30.273701,-97.729522
"1832","1313 CASEY ST","Expedited Review - New construction of 2-story duplex [6bed 7bath] with habitable attic attached garage and carport.","1313 CASEY STREET",30.225837,-97.781993
"1833","5619 REYNOLDS RD","ePlan: Residential Expedited Review - New construction of a 1-Story Single Family Res. [4bed 4.5bath] with Attached Garage.","5619 REYNOLDS ROAD",30.227176,-97.858403
"1834","5305 RIDGE OAK DR","A new single family 4075 sq ft residence built on a steeply sloping site in the Highland Park neighborhood. The project will maintain much of the existing concrete foundation and retaining walls and demo wood framed walls and roof of existing home. New 2-story home is 4 bedroom / 4 bath with lower pool level.","5305 RIDGE OAK DRIVE",30.336504,-97.760918
"1835","4616 CRESTWAY DR BLDG 2","ePlan: Residential Expedited Review - New construction of a TWO-UNIT RES. UNIT 2 2-Story with basement [5bed 5.5bath] with attached Garage/Carport","4616 CRESTWAY DRIVE BLDG 2",30.330543,-97.767205
"1836","4616 CRESTWAY DR BLDG 1","ePlan: Residential Expedited Review - New construction of a TWO-UNIT RES. UNIT 1 2-Story [5bed 4.5bath] with attached Garage","4616 CRESTWAY DRIVE BLDG 1",30.330543,-97.767205
"1837","2808 THRESH RD UNIT 1B","NEW CONDO REGIME - BLDG #1 DUPLEX. UNIT #1A:TYPE 2 (A1) 1 BED 1 BATH. UNIT #1B: TYPE 2 (B0) 2 BED 2 BATH.","2808 THRESH ROAD UNIT 1B",30.365253,-97.644944
"1838","2420 DREW LN BLDG 1","Bldg 1: New construction of a 2-story detached residence  with 2 bedroom 2.5 bathroom 1 car garage Part of 3 unit use.","2420 DREW LANE BLDG 1",30.170592,-97.832332
"1839","1208 BRENTWOOD ST BLDG 2","2-Story [4bed 4bath] with attached Garage and Autofill Pool.","1208 BRENTWOOD STREET BLDG 2",30.336801,-97.726748
"1840","2420 DREW LN BLDG 2","Bldg 2: New construction of a 2-story detached residence  with 2 bedroom 2.5 bathroom. Part of 3 unit use.","2420 DREW LANE BLDG 2",30.170592,-97.832332
"1841","2420 DREW LN BLDG 3","Bldg 3: New construction of a 2-story detached residence  with 2 bedroom 2.5 bathroom 1 car garage Part of 3 unit use.","2420 DREW LANE BLDG 3",30.170592,-97.832332
"1842","1208 BRENTWOOD ST BLDG 1","Bldg 1 (west building) : New 2-Story [4 bed 4 bath] detached residence with attached 1-car Garage.  Part of two-unit use. driveway & sidewalk permit included","1208 BRENTWOOD STREET BLDG 1",30.336801,-97.726748
"1843","10905 BELL FARM RD UNIT B","NEW CONDO REGIME - DUPLEX UNIT #B TYPE 3 (B0) 2 BED 2 BATH","10905 BELL FARM ROAD UNIT B",30.363935,-97.645543
"1844","10905 BELL FARM RD UNIT A","NEW CONDO REGIME - DUPLEX UNIT #A TYPE 3 (B0.1) 2 BED 2 BATH","10905 BELL FARM ROAD UNIT A",30.363935,-97.645543
"1845","2807 RANCHERO RD UNIT B","NEW CONDO REGIME -  DUPLEX UNIT #B TYPE 1 (A1) 1 BED 1 BATH","2807 RANCHERO ROAD UNIT B",30.364482,-97.645321
"1846","2807 RANCHERO RD UNIT A","NEW CONDO REGIME -  DUPLEX UNIT #A TYPE 1 (A1.1) 1 BED 1 BATH","2807 RANCHERO ROAD UNIT A",30.364482,-97.645321
"1847","1205 IGNACIO TREVINO ST","new detached 2-story condo","1205 IGNACIO TREVINO STREET",30.269773,-97.704216
"1848","13209 STABLER DR","Galloway 3312 B Left New - 2 Story SFR CONDOMINUM w/ 3 bedrooms 2 bathrooms attached 2 car garage covered entry porch and patio FFE: 682.56 Site Plan: SP-2021-0328C Site Plan Exp.: 01/09/27 Max Bld height: 21-10 Actual Bld height: 21-10 required parking: 2.","13209 STABLER DRIVE",30.114836,-97.814418
"1849","13208 STABLER DR","Dexter 3317 B Right New - 2 Story SFR CONDOMINUM w/ 4 bedrooms 3 bathrooms attached 2 car garage covered entry porch and patio FFE: 682.38 Site Plan: SP-2021-0328C Site Plan Exp.: 01/09/27 Max Bld height: 28 Actual Bld height: 27-6 required parking: 2.","13208 STABLER DRIVE",30.114844,-97.814746
"1850","13211 STABLER DR","Brahman 3318 A Left New - 2 Story SFR CONDOMINUM w/ 4 bedrooms 2.5 bathrooms attached 2 car garage covered entry porch and patio FFE: 682.34 Site Plan: SP-2021-0328C Site Plan Exp.: 01/09/27 Max Bld height: 28-10 Actual Bld height: 28-10 required parking: 2.","13211 STABLER DRIVE",30.114717,-97.814408
"1851","13206 STABLER DR","Highland 3313 C Right New - 1 Story SFR CONDOMINUM w/ 4 bedrooms 2 bathrooms attached 2 car garage covered entry porch and patio FFE: 682.61 Site Plan: SP-2021-0328C Site Plan Exp.: 01/09/27 Max Bld height: 26 Actual Bld height: 25-5 required parking: 2.","13206 STABLER DRIVE",30.114969,-97.814912
"1852","13210 STABLER DR","Highland 3313 A Right New - 1 Story CONDOMINIUM w/ 3 bedrooms 2 bathrooms attached 2 car garage covered entry porch and patio FFE: 682.06 Site Plan: SP-2021-0328C Site Plan Exp.: 01/09/27 Max Bldg height: 21 - 10 required parking: 2.","13210 STABLER DRIVE",30.114711,-97.814765
"1853","13205 STABLER DR","Estonian 3316 C Left New - 2 Story SFR CONDOMINUM w/ 4 bedrooms 3 bathrooms attached 2 car garage covered entry porch and patio FFE: 683.02 Site Plan: SP-2021-0328C Site Plan Exp.: 01/09/27 Max Bld height: 27 Actual Bld height: 26-11 required parking: 2.","13205 STABLER DRIVE",30.115101,-97.814424
"1854","1102 CHARLOTTE ST","Expedited Review: New Construction of a 2-Story Single Family Res [4bed 4bath] with attached 1-Car Garage and habitable basement

EDIT LS 11/7/25 HABITABLE ATTIC NO BASEMENT","1102 CHARLOTTE STREET",30.281058,-97.761141
"1855","914 NORTHWESTERN AVE","914 Northwester Ave : New 2 story residence with covered porch 1 car garage 3 bedroom 2.5 bath.  Part of 3 unit use.","914 NORTHWESTERN AVE",30.26581,-97.71406
"1856","1310 HASKELL ST","ePlan: Residential Expedited Review - New construction of a THREE UNIT RES.
New construction of a 3-Story Single Family Res. [3bed 2.5bath] with attached Carport. 1310 Haskell St","1310 HASKELL STREET",30.254874,-97.73271
"1857","52 NAVASOTA ST--BLDG 1","ePlan: Residential Expedited Review - New construction of a 3-Story Single Family Res. [3bed 2.5bath] with attached Carport. 52 Navasota Bldg 1","52 NAVASOTA STREET BLDG 1",30.254964,-97.732678
"1858","52 NAVASOTA ST--BLDG 2","ePlan: Residential Expedited Review - New construction of a 3-Story Single Family Res. [3bed 2.5bath] with attached Carport. 52 Navasota Bldg 2","52 NAVASOTA STREET BLDG 2",30.254964,-97.732678
"1859","79 ST STEPHENS SCHOOL RD","ePlan: Residential Expedited Review - New 2-story Single Family Residential [4bed 6bath] with attached garage and basement.","79 STREET SCHOOL ROAD",30.321545,-97.825232
"1860","6008 ADHARA PASS","New Condo - with 5 bedrooms 6 bathrooms covered patio on 1st and 2nd floor covered porch with 3 car garage. Building height 24 1-1/8. Maximum height 30. Required FFE: 1073.15-above MSL. Site Plan# SP-202-167086 Site Plan# SP-2020-0388C. Expiration Date: N/A","6008 ADHARA PASS",30.384654,-97.844794
"1861","6002 SILENT NOVA VW","New construction of SFR Condo with 5 beds 6ths covered rear porch patio and deck 3 car garage","6002 SILENT NOVA VW",30.383371,-97.842551
"1862","13202 STABLER DR","Dexter 3317 C left New - 2 Story SFR CONDOMINUM w/ 4 bedrooms 3 bathrooms attached 2 car garage covered entry porch and patio FFE: 683.84 Site Plan: SP-2021-0328C Site Plan Exp.: 01/09/27 Max Bld height: 30 Actual Bld height: 30-0 required parking: 2.","13202 STABLER DRIVE",30.11524,-97.814779
"1863","3310 BOWMAN AVE","ePlan: Residential Expedited Review - New construction of a 2-StorySingle Family Res. [5bed 5.5bath] with attached Garage and Carport.","3310 BOWMAN AVE",30.30115,-97.77394
"1864","2409 E 11TH ST--BLDG 1","ePlan: Residential Expedited Review - New construction of a TWO-UNIT RES. UNIT 1 2-Story [3bed 2.5bath] with attached Garage","2409 EAST 11TH STREET BLDG 1",30.265919,-97.715969
"1865","13204 STABLER DR","Randall. 3314 C Right New - SFR CONDOMINIUM w/ 3 bedrooms 2.5 bathrooms attached 2 car garage covered entry porch and patio FFE: 683.84 Site Plan: SP-2021-0328C Site Plan EXP.: 01/09/27 Max Bld height: 30 -9 Actual Bld height: 30-9 required parking: 2.","13204 STABLER DRIVE",30.1151,-97.814741
"1866","2409 E 11TH ST--BLDG 2","ePlan: Residential Expedited Review - New construction of a TWO-UNIT RES. UNIT 2 2-Story [2bed 2.5bath] with attached Carport","2409 EAST 11TH STREET BLDG 2",30.265919,-97.715969
"1867","4422 HANK AVE","BLDG 1: Front residence New 2 story detached residence with 3 bedroom 2.5 bathroom 1-car garage covered porch. Part of 3-unit use","4422 HANK AVE",30.223547,-97.780822
"1868","1303 SNOWY FOX CT","Building 1303 Snowy Fox Ct New 2 unit 3 story  2/2.5","1303 SNOWY FOX CT",30.276389,-97.682027
"1869","3309 LARRY LN BLDG 1","New 2-story 3 bedroom 2.5 bathroom dwelling unit with attached carport covered front porch and rear covered patio.","3309 LARRY LANE BLDG 1",30.287633,-97.713248
"1870","3309 LARRY LN BLDG 2","New 2-story 3 bedroom 2.5 bathroom dwelling unit with covered porches.","3309 LARRY LANE BLDG 2",30.287633,-97.713248
"1871","4422 HANK AVE","BLDG 2: middle residence New 2 story detached residence with 2 bedroom 2.5 bathroom. Part of 3-unit use.","4422 HANK AVE",30.223547,-97.780822
"1872","2805 RANCHERO RD UNIT 2B","NEW CONDO REGIME - BLDG #2 DUPLEX. UNIT #2B: TYPE 2 (B0) 2 BED 2 BATH.","2805 RANCHERO ROAD UNIT 2B",30.364476,-97.645502
"1873","11102 CROSSBEAM DR UNIT 2B","NEW CONDO REGIME - BLDG #2 DUPLEX. UNIT #2A: TYPE 2 (B0) 2 BED 2 BATH. UNIT #2B: TYPE 2 (A1) 1 BED 1 BATH","11102 CROSSBEAM DRIVE UNIT 2B",30.365008,-97.646022
"1874","202 W 55TH ST","New construction of detached 2-story accessory structure 1.5 bath","202 WEST 55TH STREET",30.321772,-97.721399
"1875","2609 CARNARVON LN UNIT A","ePlan: Residential Expedited Review - New Two Story Duplex Unit A 2-story [4bed 2.5bath]","2609 CARNARVON LANE UNIT A",30.234928,-97.75283
"1876","11104 CROSSBEAM DRIVE Unit 3B","NEW CONDO REGIME - BLDG #3  DUPLEX UNIT #3A  TYPE 3 (B0.1) 2 BED 2 BATH UNIT #3B TYPE 3 (B0) 2 BED 2 BATH","11104 CROSSBEAM DRIVE UNIT 3B",30.36521,-97.645986
"1877","11104 CROSSBEAM DR UNIT 3A","NEW CONDO REGIME - BLDG #3  DUPLEX UNIT #3A  TYPE 3 (B0.1) 2 BED 2 BATH UNIT #3B TYPE 3 (B0) 2 BED 2 BATH","11104 CROSSBEAM DRIVE UNIT 3A",30.36521,-97.645986
"1878","11102 CROSSBEAM DR UNIT 2A","NEW CONDO REGIME - BLDG #2 DUPLEX. UNIT #2A: TYPE 2 (B0) 2 BED 2 BATH. UNIT #2B: TYPE 2 (A1) 1 BED 1 BATH","11102 CROSSBEAM DRIVE UNIT 2A",30.365008,-97.646022
"1879","1804 WEBBERVILLE RD UNIT B","ePlan: Residential Expedited Review - New construction of a THREE-UNIT RES. UNIT B 1-Story [3bed 3bath]","1804 WEBBERVILLE ROAD UNIT B",30.28225,-97.677431
"1880","1704 E 18TH ST","New 1-story 1 bedroom 1 bathroom secondary dwelling unit with covered front porch screened porch and storage loft.","1704 EAST 18TH STREET",30.278741,-97.722588
"1881","1804 WEBBERVILLE RD UNIT C","ePlan: Residential Expedited Review - New construction of a THREE-UNIT RES. UNIT C 1-Story [4bed 3bath]","1804 WEBBERVILLE ROAD UNIT C",30.28225,-97.677431
"1882","1104 FIESTA ST--BLDG 1","Bldg #1 New 2-Story dwelling unit 4 Bed/3 Bath attached garage covered porch (Two-Unit property use)","1104 FIESTA STREET BLDG 1",30.265988,-97.705877
"1883","1804 WEBBERVILLE RD UNIT A","ePlan: Residential Expedited Review - New construction of a THREE-UNIT RES. UNIT A 2-Story [3bed 1.5bath]","1804 WEBBERVILLE ROAD UNIT A",30.28225,-97.677431
"1884","9608 OXBOW STRAP DR","New single-story SFR (3br/2ba) with attached garage and covered porch/patio *PRODUCTION BUILDER- GREEN BUILDING*","9608 OXBOW STRAP DRIVE",30.324072,-97.594242
"1885","4412 S 1ST ST BLDG 3","Building 3:  New Construction of detached 2-story residence 3 bedroom 3.5 bath 1-car carport. Part of 3-unit use.","4412 SOUTH 1ST STREET BLDG 3",30.220308,-97.773694
"1886","4412 S 1ST ST BLDG 2","Building 2:  New Construction of detached 2-story residence 3 bedroom 3.5 bath 1-car carport. Part of 3-unit use.","4412 SOUTH 1ST STREET BLDG 2",30.220308,-97.773694
"1887","7813 TEXAS PLUME RD","New construction of 2 story SFR","7813 TEXAS PLUME ROAD",30.422279,-97.779393
"1888","4412 S 1ST ST BLDG 1","Building 1:  New Construction of detached 2-story residence 3 bedroom 3.5 bath covered porch. Part of 3-unit use.","4412 SOUTH 1ST STREET BLDG 1",30.220308,-97.773694
"1889","4308 HANK AVE BLDG 1","Plan: Residential Expedited Review - New construction of a 3-Story Single Family Res. [3bed 3.5bath] with attached 
Carport. Bldg 1","4308 HANK AVE BLDG 1",30.225616,-97.779775
"1890","6006 MOONDUST LN","New SFR condo w/ 5 bedrooms 5.5 bathrooms covered patio and attached garage.","6006 MOONDUST LANE",30.384098,-97.843128
"1891","4308 HANK AVE BLDG 2","ePlan: Residential Expedited Review - New construction of a 2-Story Single Family Res. [2bed 2.5bath] with attached 
Carport. Bldg 2","4308 HANK AVE BLDG 2",30.225616,-97.779775
"1892","4308 HANK AVE BLDG 3","ePlan: Residential Expedited Review - New construction of a 2-Story Single Family Res. [2bed 2.5bath] with attached 
Carport. Bldg 3","4308 HANK AVE BLDG 3",30.225616,-97.779775
"1893","11102 CROSSBEAM DR UNIT 1B","NEW CONDO REGIME - BLDG #1 DUPLEX. UNIT #1A: TYPE 2 (A1) 1 BED 1 BATH. UNIT #1B: TYPE 2 (B0) 2 BED 2 BATH","11102 CROSSBEAM DRIVE UNIT 1B",30.365008,-97.646022
"1894","3201 MAYWOOD AVE","ePlan: Residential Expedited Review - New construction of a 2-Story Single Family Res. [2bed 2.5bath]  Attached Garage.","3201 MAYWOOD AVE",30.309532,-97.766881
"1895","2808 THRESH RD UNIT 2B","NEW CONDO REGIME - BLDG #2 DUPLEX. UNIT #2A: TYPE 2 (B0) HAS 2 BED 2 BATH. UNIT#B: TYPE 2 (A1) 1 BED 1 BATH.","2808 THRESH ROAD UNIT 2B",30.365253,-97.644944
"1896","2708 RANCHERO RD UNIT 3A","NEW CONDO REGIME - BLDG #3 DUPLEX UNIT #3A TYPE 2 (A1) 1 BED 1 BATH.","2708 RANCHERO ROAD UNIT 3A",30.364685,-97.646245
"1897","2704 RANCHERO RD UNIT 2A","NEW CONDO REGIME - BLDG #2 DUPLEX UNIT #2ATYPE 2 (A1)1 BED 1 BATH","2704 RANCHERO ROAD UNIT 2A",30.364673,-97.646682
"1898","2704 THRESH RD UNIT B","NEW CONDO REGIME - DUPLEX UNIT #A TYPE 1 (A1) 1 BED 1 BATH  UNIT #B TYPE 1 (A1.1) 1 BED 1 BATH","2704 THRESH ROAD UNIT B",30.365753,-97.64628
"1899","2706 RANCHERO RD UNIT 3A","NEW CONDO REGIME - BLDG #3  DUPLEX UNIT #3A : TYPE 2 (BO) 2 BED 2 BATH","2706 RANCHERO ROAD UNIT 3A",30.364688,-97.646495
"1900","2708 RANCHERO RD UNIT 3B","NEW CONDO REGIME -BLDG #3 DUPLEX UNIT #3B TYPE 2 (B0) 2 BED 2 BATH.","2708 RANCHERO ROAD UNIT 3B",30.364685,-97.646245
"1901","2708 THRESH RD UNIT B","NEW CONDO REGIME - DUPLEX UNIT #A TYPE 4 (C1)3 BED 3 BATH  UNIT #B TYPE 4 (C1.1) 3 BED 2 BATH","2708 THRESH ROAD UNIT B",30.365648,-97.645966
"1902","11105 BELL FARM RD UNIT B","NEW CONDO REGIME - DUPLEX. UNIT #A: TYPE 3 (B0.1) 2 BED 2 BATH. UNIT #B: TYPE 3 (B0) 2 BED 2 BATH.","11105 BELL FARM ROAD UNIT B",30.365064,-97.644661
"1903","11107 BELL FARM RD UNIT B","NEW CONDO REGIME -  DUPLEX UNIT #A TYPE 1 (A1.1) 1 BED 1 BATH UNIT#B TYPE 2 (A1) 1 BED 1 BATH","11107 BELL FARM ROAD UNIT B",30.365253,-97.644568
"1904","2706 THRESH RD UNIT B","NEW CONDO REGIME -  DUPLEX UNIT #A TYPE 4 (C1.1) 2 BED 2 BATH  UNIT #B TYPE 4 (C1) 3 BED 2 BATH","2706 THRESH ROAD UNIT B",30.365698,-97.646116
"1905","11103 BELL FARM RD UNIT B","NEW CONDO REGIME -  UNIT #702 DUPLEX UNIT #A TYPE 1 (A1.1) 1 BED 1 BATH UNIT #B TYPE 1 (A1) 1 BED 1 BATH","11103 BELL FARM ROAD UNIT B",30.364873,-97.644749
"1906","11101 BARNWOOD RD UNIT B","NEW CONDO REGIME - DUPLEX UNIT #A TYPE 1 (A1.1) 1 BED 1 BATH  UNIT #B TYPE 2 (A1)  1 BED 1 BATH","11101 BARNWOOD ROAD UNIT B",30.36594,-97.646711
"1907","2706 RANCHERO RD UNIT 3B","NEW CONDO REGIME - BLDG #3  DUPLEX UNIT #3B TYPE 2 (A1) 1 BED 1 BATH","2706 RANCHERO ROAD UNIT 3B",30.364688,-97.646495
"1908","11104 CROSSBEAM DR UNIT 1B","NEW CONDO REGIME - BLDG #1 DUPLEX. UNIT #1A: TYPE 2 (B0) 2 BED 2 BATH. UNIT #1B: TYPE 2 (A1) 1 BED 1 BATH.","11104 CROSSBEAM DRIVE UNIT 1B",30.36521,-97.645986
"1909","2702 THRESH RD UNIT B","NEW CONDO REGIME - DUPLEX UNIT #A TYPE 1 (A1.1) 1 BED 1 BATH  UNIT #B TYPE 1 (A1) 1 BED 1 BATH","2702 THRESH ROAD UNIT B",30.365801,-97.646403
"1910","2704 RANCHERO RD UNIT 2B","NEW CONDO REGIME - BLDG #2 DUPLEX UNIT #2B: TYPE 2 (B0) 2 BED 2 BATH","2704 RANCHERO ROAD UNIT 2B",30.364673,-97.646682
"1911","2700 THRESH RD UNIT B","NEW CONDO REGIME - DUPLEX UNIT #A  TYPE 1 (A1) 1 BED 1 BATH  UNIT #B TYPE 1 9 (A1.1)1 BED 1 BATH","2700 THRESH ROAD UNIT B",30.365858,-97.646564
"1912","3102 FONTANA DR BLDG 2","Build 2 New 3 Story Dwelling with covered porch 3/3.5","3102 FONTANA DRIVE BLDG 2",30.232841,-97.761865
"1913","3102 FONTANA DR BLDG 1 UNIT 1B","Duplex Unit B Two Story Dwelling with carport","3102 FONTANA DRIVE BLDG 1 UNIT 1B",30.232841,-97.761865
"1914","3102 FONTANA DR BLDG 1 UNIT 1A","Unit A1 New two-story duplex and new three-story SFR with covered parking/patios *HOME AMENDMENT* 3/2.5 Carport","3102 FONTANA DRIVE BLDG 1 UNIT 1A",30.232841,-97.761865
"1915","4808 RICHMOND AVE BLDG 1","ePlan: Residential Expedited Review - Expedited Review: New construction of a 2-Story [4bed 3.5bath] with attached Garage. Bldg 1","4808 RICHMOND AVE BLDG 1",30.218726,-97.784292
"1916","4706 CLARKSON AVE UNIT A","ePlan: Residential Expedited Review - New construction of a 3-Story Single Family Res. [3bed 2.5bath] with Attached Carport. 4706 Clarkson Ave Unit A","4706 CLARKSON AVE UNIT A",30.307332,-97.7163
"1917","2808 THRESH RD Unit 2A *VOLUME BUILDER- CONDO DUPLEX*","NEW CONDO REGIME - BLDG #2 DUPLEX. UNIT #2A: TYPE 2 (B0) HAS 2 BED 2 BATH. UNIT#B: TYPE 2 (A1) 1 BED 1 BATH.","2808 THRESH ROAD UNIT 2A",30.365253,-97.644944
"1918","2414 DREW LN BLDG 6","Building 6   New construction of 2 story residence with  3 bedroom 2.5 bath 1-car garage.  Part of 3 unit use.  Four properties sharing a driveway each w/ three units.","2414 DREW LANE BLDG 6",30.17036,-97.832
"1919","2708 THRESH ROAD Unit A *VOLUME BUILDER- CONDO DUPLEX*","NEW CONDO REGIME - DUPLEX UNIT #A TYPE 4 (C1)3 BED 3 BATH  UNIT #B TYPE 4 (C1.1) 3 BED 2 BATH","2708 THRESH ROAD UNIT A",30.365648,-97.645966
"1920","11101 BARNWOOD RD Unit A *VOLUME BUILDER- CONDO DUPLEX*","NEW CONDO REGIME - DUPLEX UNIT #A TYPE 1 (A1.1) 1 BED 1 BATH  UNIT #B TYPE 2 (A1)  1 BED 1 BATH","11101 BARNWOOD ROAD UNIT A",30.36594,-97.646711
"1921","2702 THRESH RD Unit A *VOLUME BUILDER- CONDO DUPLEX*","NEW CONDO REGIME - DUPLEX UNIT #A TYPE 1 (A1.1) 1 BED 1 BATH  UNIT #B TYPE 1 (A1) 1 BED 1 BATH","2702 THRESH ROAD UNIT A",30.365801,-97.646403
"1922","11105 BELL FARM RD Unit A *VOLUME BUILDER- CONDO DUPLEX*","NEW CONDO REGIME - DUPLEX. UNIT #A: TYPE 3 (B0.1) 2 BED 2 BATH. UNIT #B: TYPE 3 (B0) 2 BED 2 BATH.","11105 BELL FARM ROAD UNIT A",30.365064,-97.644661
"1923","4705 DEPEW AVE","ePlan: Residential Expedited Review - New construction of a 3-Story Single Family Res. [3bed 2.5bath] with Attached Carport. 4705 Depew Ave","4705 DEPEW AVE",30.307493,-97.716567
"1924","4706 CLARKSON AVE UNIT B","ePlan: Residential Expedited Review - New construction of a 2-Story Single Family Res. [3bed 2bath] with Attached Carport. 4706 Clarkson Unit B","4706 CLARKSON AVE UNIT B",30.307332,-97.7163
"1925","11104 CROSSBEAM DR Unit 1A *VOLUME BUILDER- CONDO DUPLEX*","NEW CONDO REGIME - BLDG #1 DUPLEX. UNIT #1A: TYPE 2 (B0) 2 BED 2 BATH. UNIT #1B: TYPE 2 (A1) 1 BED 1 BATH.","11104 CROSSBEAM DRIVE UNIT 1A",30.36521,-97.645986
"1926","2808 THRESH RD Unit 1A *VOLUME BUILDER- CONDO DUPLEX*","NEW CONDO REGIME - BLDG #1 DUPLEX. UNIT #1A:TYPE 2 (A1) 1 BED 1 BATH. UNIT #1B: TYPE 2 (B0) 2 BED 2 BATH.","2808 THRESH ROAD UNIT 1A",30.365253,-97.644944
"1927","11107 BELL FARM RD Unit A *VOLUME BUILDER- CONDO DUPLEX*","NEW CONDO REGIME -  DUPLEX UNIT #A TYPE 1 (A1.1) 1 BED 1 BATH UNIT#B TYPE 2 (A1) 1 BED 1 BATH","11107 BELL FARM ROAD UNIT A",30.365253,-97.644568
"1928","2706 THRESH RD Unit A *VOLUME BUILDER- CONDO DUPLEX*","NEW CONDO REGIME -  DUPLEX UNIT #A TYPE 4 (C1.1) 2 BED 2 BATH  UNIT #B TYPE 4 (C1) 3 BED 2 BATH","2706 THRESH ROAD UNIT A",30.365698,-97.646116
"1929","2414 DREW LN BLDG 4","Building 4   New construction of 2 story residence with  3 bedroom 2.5 bath.  Part of 3 unit use.  Four properties sharing a driveway each w/ three units.","2414 DREW LANE BLDG 4",30.17036,-97.832
"1930","11103 BELL FARM RD Unit A *VOLUME BUILDER- CONDO DUPLEX*","NEW CONDO REGIME -  UNIT #702 DUPLEX UNIT #A TYPE 1 (A1.1) 1 BED 1 BATH UNIT #B TYPE 1 (A1) 1 BED 1 BATH","11103 BELL FARM ROAD UNIT A",30.364873,-97.644749
"1931","2700 THRESH RD Unit A *VOLUME BUILDER- CONDO DUPLEX*","NEW CONDO REGIME - DUPLEX UNIT #A  TYPE 1 (A1) 1 BED 1 BATH  UNIT #B TYPE 1 9 (A1.1)1 BED 1 BATH","2700 THRESH ROAD UNIT A",30.365858,-97.646564
"1932","2704 THRESH RD Unit A *VOLUME BUILDER- CONDO DUPLEX*","NEW CONDO REGIME - DUPLEX UNIT #A TYPE 1 (A1) 1 BED 1 BATH  UNIT #B TYPE 1 (A1.1) 1 BED 1 BATH","2704 THRESH ROAD UNIT A",30.365753,-97.64628
"1933","2414 DREW LN BLDG 2","Building 2  frontmost west building New construction of 2 story residence with 1-car garage 3 bedroom 2.5 bath.  Part of 3 unit use.  Four properties each w/ three units sharing a driveway.","2414 DREW LANE BLDG 2",30.17036,-97.832
"1934","11102 CROSSBEAM DR Unit 1A *VOLUME BUILDER- CONDO DUPLEX*","NEW CONDO REGIME - BLDG #1 DUPLEX. UNIT #1A: TYPE 2 (A1) 1 BED 1 BATH. UNIT #1B: TYPE 2 (B0) 2 BED 2 BATH","11102 CROSSBEAM DRIVE UNIT 1A",30.365008,-97.646022
"1935","3701 STEVENSON AVE Unit A","ePlan: Residential Expedited Review - New construction of a Duplex. 
New construction of a 2-Story Duplex [3bed 3bath] and Autofill Pool w/SPA. Unit A 
New construction of a 2-Story Duplex [1bed 2bath] with attached Garage. Unit B)","3701 AVE",30.300053,-97.779456
"1936","10101 MILKY WAY DR","New two-story SFR (5br/6ba) with attached garage covered patio and covered deck *PRODUCTION BUILDER- CONDO*","10101 MILKY WAY DRIVE",30.384259,-97.8435
"1937","4406 EILERS AVE","New 2-story 4 bedroom 3.5 bathroom single family residence with covered front porch and trelliss.","4406 EILERS AVE",30.305037,-97.722968
"1938","3701 STEVENSON AVE UNIT B","ePlan: Residential Expedited Review - New construction of a Duplex. 
New construction of a 2-Story Duplex [3bed 3bath] and Autofill Pool w/SPA. Unit A 
New construction of a 2-Story Duplex [1bed 2bath] with attached Garage. Unit B)","3701 AVE UNIT B",30.300053,-97.779456
"1939","1109 VARGAS RD","New 2-story 2 bedroom two bathroom dwelling unit with covered porch.","1109 VARGAS ROAD",30.230838,-97.695832
"1940","2804 THRESH RD UNIT A","NEW CONDO REGIME -  DUPLEX. UNIT #A :TYPE 2 (B0) 2 BED 2 BATH","2804 THRESH ROAD UNIT A",30.365394,-97.64524
"1941","2806 THRESH RD UNIT B","NEW CONDO REGIME -  DUPLEX. UNIT #B: TYPE 2 (B0) 2 BED 2 BATH.","2806 THRESH ROAD UNIT B",30.365348,-97.645112
"1942","2014 KIT CIR","2385 (Silverton) I - Right - 4 Bedrooms 3.5 Bathrooms Opt Study Cov Patio Cov Upper Patio & Entry with a 2 Car attached Garage.","2014 KIT CIR",30.405962,-97.686347
"1943","5109 BROOKDALE LN","New single-story SFR (4br/2.5ba) with attached garage covered patio and screened porch","5109 BROOKDALE LANE",30.302026,-97.688906
"1944","11101 BELL FARM RD UNIT A","NEW CONDO REGIME - DUPLEX UNIT #A TYPE 3 (B0.1) 2 BED 2 BATH","11101 BELL FARM ROAD UNIT A",30.364674,-97.644829
"1945","2804 THRESH RD UNIT B","NEW CONDO REGIME -  DUPLEX. UNIT #B: TYPE 2 (A1) 1 BED 1 BATH.","2804 THRESH ROAD UNIT B",30.365394,-97.64524
"1946","2800 THRESH RD UNIT A","NEW CONDO REGIME - DUPLEX UNIT #A TYPE 4 (C1.1)3 BED 2 BATH","2800 THRESH ROAD UNIT A",30.365505,-97.645554
"1947","2802 THRESH RD UNIT A","NEW CONDO REGIME - DUPLEX UNIT #A TYPE 4 (C1) 3 BED 2 BATH","2802 THRESH ROAD UNIT A",30.365448,-97.645385
"1948","2802 THRESH RD UNIT B","NEW CONDO REGIME - DUPLEX UNIT #B TYPE 4 (C1.1) 3 BED 2 BATH","2802 THRESH ROAD UNIT B",30.365448,-97.645385
"1949","4903 HILLDALE DR","New construction of 1 story SFR","4903 HILLDALE DRIVE",30.288274,-97.670313
"1950","2800 THRESH RD UNIT B","NEW CONDO REGIME - DUPLEX UNIT #B TYPE 4 (C1) 3 BED 2 BATH","2800 THRESH ROAD UNIT B",30.365505,-97.645554
"1951","10907 BELL FARM RD UNIT A","NEW CONDO REGIME - DUPLEX UNIT #A TYPE 4 (C1.1) 3 BED 2 BATH","10907 BELL FARM ROAD UNIT A",30.363955,-97.645292
"1952","11101 BELL FARM RD UNIT B","NEW CONDO REGIME - DUPLEX UNIT #B TYPE 3 (B0) 2 BED 2 BATH","11101 BELL FARM ROAD UNIT B",30.364674,-97.644829
"1953","10907 BELL FARM RD UNIT B","NEW CONDO REGIME - DUPLEX UNIT #B TYPE 4 (C1) 3 BED 2 BATH","10907 BELL FARM ROAD UNIT B",30.363955,-97.645292
"1954","2806 THRESH RD UNIT A","NEW CONDO REGIME -  DUPLEX. UNIT #A: TYPE 2 (A1) 1 BED 1 BATH","2806 THRESH ROAD UNIT A",30.365348,-97.645112
"1955","2705 STRATFORD DR","New construction of an 2-story single family residence with 4 bedroom  3.5 bathroom   wetbar screened porch. 3-car garage is attached via covered outdoor stairwell & breezway.","2705 STRATFORD DRIVE",30.278623,-97.782102
"1956","1103 KINNEY AVE","New 2-story 1 bedroom 1 bathroom dwelling unit w/ attached accessory structure.","1103 KINNEY AVE",30.25661,-97.765189
"1957","1176 OAK GROVE AVE","Expedited Review - New Construction of a 2-Story Single Family Res. [3bed 2.5bath] with attached 1-car Garage","1176 OAK GROVE AVE",30.27446,-97.703107
"1958","2103 S L DAVIS AVE--UNIT 2A (LEFT)","ePlan: Residential Expedited Review - New construction of a 3-Story Duplex [3bed 3bath] with attached Carport. Unit 2A","2103 SOUTH L DAVIS AVE UNIT 2A",30.270876,-97.716955
"1959","2103 S L DAVIS AVE--UNIT 2B (RIGHT)","ePlan: Residential Expedited Review - New construction of a 3-Story Duplex [3bed 3bath] with attached Carport. Unit 2B","2103 SOUTH L DAVIS AVE UNIT 2B",30.270876,-97.716955
"1960","5519 JACKIE ROBINSON ST BLDG 2","Unit 02 - New three-story detached single family residence. (3) bedroom (2.5) bathrooms attached 1 car garage. Floor plan type: The Roosevelt D-L-Elevation Option 2. Building Height 32ft-9 3/4in. Maximum Height 40ft. Site Plan #: SP-2020-0393CSH. Expiration Date: 04-13-2025","5519 JACKIE ROBINSON STREET BLDG 2",30.2762,-97.677362
"1961","1609 CANTERBURY ST--UNIT 2B","ePlan: Residential Expedited Review - New construction of a 3-Story Duplex [2bed 2.5bath] with attached Carport. Unit 2B","1609 CANTERBURY STREET UNIT 2B",30.256159,-97.728693
"1962","1609 CANTERBURY ST--BLDG 1","ePlan: Residential Expedited Review - New construction of a 3-Story Single Family Res. [3bed 5.5bath] with attached Carport. Bldg 1","1609 CANTERBURY STREET BLDG 1",30.256159,-97.728693
"1963","1609 CANTERBURY ST--UNIT 2A","ePlan: Residential Expedited Review - New construction of a 3-Story Duplex [1bed 2.5bath] with attached Carport. Unit 2A","1609 CANTERBURY STREET UNIT 2A",30.256159,-97.728693
"1964","2513 E 10TH ST","2513 E 10th St : New 2 story residence with covered porch 1 car garage 3 bedroom 2.5 bath.  Part of 3 unit use.","2513 EAST 10TH STREET",30.265885,-97.714166
"1965","2807 THRESH RD UNIT B","NEW CONDO REGIME  DUPLEX. UNIT #B: TYPE 2 (A1) 1 BED 1 BATH.","2807 THRESH ROAD UNIT B",30.365035,-97.645018
"1966","11102 BELL FARM RD UNIT B","NEW CONDO REGIME -DUPLEX. UNIT #B: TYPE 2 (A1) 1 BED 1 BATH","11102 BELL FARM ROAD UNIT B",30.364856,-97.645021
"1967","1301 SNOWY FOX CT","Building 1301 Snowy Fox Ct New 2 unit 3 story  2/2.5","1301 SNOWY FOX CT",30.276324,-97.682072
"1968","2805 RANCHERO RD UNIT 1B","NEW CONDO REGIME - BLDG#1 DUPLEX. UNIT #1B: TYPE 2 (A1) 1 BED 1 BATH","2805 RANCHERO ROAD UNIT 1B",30.364476,-97.645502
"1969","10906 BELL FARM RD UNIT A","NEW CONDO REGIME - DUPLEX UNIT #A TYPE 3 (B0) 2 BED 2 BATH","10906 BELL FARM ROAD UNIT A",30.364168,-97.645539
"1970","2802 RANCHERO RD UNIT A","NEW CONDO REGIME - DUPLEX UNIT #A TYPE 4 (C1) 3 BED 2 BATH","2802 RANCHERO ROAD UNIT A",30.364759,-97.645747
"1971","2703 THRESH RD UNIT A","NEW CONDO REGIME - DUPLEX UNIT #A  TYPE 3 (B0.1)  2 BED 2 BATH","2703 THRESH ROAD UNIT A",30.365521,-97.646413
"1972","11104 CROSSBEAM DR UNIT 2B","NEW CONDO REGIME - BLDG #2  DUPLEX UNIT #2B TYPE 4 (C1) 3 BED 2 BATH","11104 CROSSBEAM DRIVE UNIT 2B",30.36521,-97.645986
"1973","11104 CROSSBEAM DR UNIT 2A","NEW CONDO REGIME - BLDG #2  DUPLEX UNIT #2A  TYPE 4 (C1.1) 3 ED 2 BATH","11104 CROSSBEAM DRIVE UNIT 2A",30.36521,-97.645986
"1974","2707 THRESH RD UNIT A","NEW CONDO REGIME -  DUPLEX UNIT #A TYPE 4 (C1.1)3 BED 2 BATH","2707 THRESH ROAD UNIT A",30.365431,-97.646183
"1975","11102 BELL FARM RD UNIT A","NEW CONDO REGIME -DUPLEX. UNIT #A: TYPE 2 (B0) 2 BED 2 BATH.","11102 BELL FARM ROAD UNIT A",30.364856,-97.645021
"1976","11002 BELL FARM RD UNIT B","NEW CONDO REGIME -  DUPLEX UNIT #B TYPE 1 (A1) 1 BED 1 BATH","11002 BELL FARM ROAD UNIT B",30.364345,-97.645259
"1977","2709 THRESH RD UNIT A","NEW CONDO REGIME - DUPLEX. UNIT #A :TYPE 2 (B0) 2 BED 2 BATH","2709 THRESH ROAD UNIT A",30.365357,-97.645961
"1978","11103 CROSSBEAM DR UNIT B","NEW CONDO REGIME -DUPLEX UNIT #B TYPE 4 (C1) 3 BED 2 BATH","11103 CROSSBEAM DRIVE UNIT B",30.364924,-97.645726
"1979","2804 RANCHERO RD UNIT A","NEW CONDO REGIME - DUPLEX UNIT #A TYPE 3 (B0) 2 BED 2 BATH","2804 RANCHERO ROAD UNIT A",30.364737,-97.645484
"1980","2804 RANCHERO RD UNIT B","NEW CONDO REGIME - DUPLEX UNIT #B TYPE 3 (B0.1) 2 BED 2 BATH","2804 RANCHERO ROAD UNIT B",30.364737,-97.645484
"1981","2706 RANCHERO RD UNIT 1B","NEW CONDO REGIME - BLDG #1 DUPLEX UNIT # 1B TYPE 3 (B0.1) 2 BED 2 BATH","2706 RANCHERO ROAD UNIT 1B",30.364688,-97.646495
"1982","2709 THRESH RD UNIT B","NEW CONDO REGIME - DUPLEX. UNIT#B:  TYPE 2 (A1) 1 BED 1 BATH.","2709 THRESH ROAD UNIT B",30.365357,-97.645961
"1983","2806 RANCHERO RD UNIT B","NEW CONDO REGIME - DUPLEX UNIT #B TYPE 3 (B0.1) 2 BED 2 BATH","2806 RANCHERO ROAD UNIT B",30.364741,-97.64523
"1984","10906 BELL FARM RD UNIT B","NEW CONDO REGIME - DUPLEX UNIT #B TYPE 3 (B0.1) 2 BED 2 BATH","10906 BELL FARM ROAD UNIT B",30.364168,-97.645539
"1985","11002 BELL FARM RD UNIT A","NEW CONDO REGIME -  DUPLEX UNIT #A  TYPE 1 (A1.1) 1 BED 1 BATH","11002 BELL FARM ROAD UNIT A",30.364345,-97.645259
"1986","11103 CROSSBEAM DR UNIT A","NEW CONDO REGIME -DUPLEX UNIT #A TYPE 4 (C1.1) 3 BED 2 BATH","11103 CROSSBEAM DRIVE UNIT A",30.364924,-97.645726
"1987","2807 THRESH RD UNIT A","NEW CONDO REGIME  DUPLEX. UNIT #A: TYPE 2 (B0) 2 BED 2 BATH.","2807 THRESH ROAD UNIT A",30.365035,-97.645018
"1988","2703 THRESH RD UNIT B","NEW CONDO REGIME - DUPLEX Unit #B TYPE 3 (B0) 2 BED 2 BATH","2703 THRESH ROAD UNIT B",30.365521,-97.646413
"1989","2805 THRESH RD UNIT A","NEW CONDO REGIME - DUPLEX UNIT #A TYPE 3 (B0.1) 2 BED 2 BATH","2805 THRESH ROAD UNIT A",30.365102,-97.645222
"1990","2707 THRESH RD UNIT B","NEW CONDO REGIME -  DUPLEX  UNIT #B TYPE 4 (C1)  3 BED 2 BATH","2707 THRESH ROAD UNIT B",30.365431,-97.646183
"1991","2805 THRESH RD UNIT B","NEW CONDO REGIME - DUPLEX UNIT #B TYPE 3 (B0) 2 BED 2 BATH","2805 THRESH ROAD UNIT B",30.365102,-97.645222
"1992","2806 RANCHERO RD UNIT A","NEW CONDO REGIME - DUPLEX UNIT #A TYPE 3 (B0) 2 BED 2 BATH","2806 RANCHERO ROAD UNIT A",30.364741,-97.64523
"1993","2802 RANCHERO RD UNIT B","NEW CONDO REGIME - DUPLEX  UNIT #B TYPE 4  (C1.1) 3 BED 2 BATH","2802 RANCHERO ROAD UNIT B",30.364759,-97.645747
"1994","2805 RANCHERO RD UNIT 2A","NEW CONDO REGIME - BLDG #2 DUPLEX. UNIT #2A: TYPE 2 (A1) 1 BED 1 BATH","2805 RANCHERO ROAD UNIT 2A",30.364476,-97.645502
"1995","2805 RANCHERO RD UNIT 1A","NEW CONDO REGIME - BLDG#1 DUPLEX. UNIT #1A: TYPE 2 (B0) 2 BED 2 BATH","2805 RANCHERO ROAD UNIT 1A",30.364476,-97.645502
"1996","2803 THRESH RD UNIT B","NEW CONDO REGIME - DUPLEX UNIT #B TYPE 3 (B0.1) 2 BED 2 BATH","2803 THRESH ROAD UNIT B",30.365148,-97.645358
"1997","2803 THRESH RD UNIT A","NEW CONDO REGIME - DUPLEX UNIT #A TYPE 3 (B0) 2 BED 2 BATH","2803 THRESH ROAD UNIT A",30.365148,-97.645358
"1998","2801 THRESH RD UNIT B","NEW CONDO REGIME - DUPLEX  UNIT #B TYPE 1 (A1) 1 BED 1 BATH","2801 THRESH ROAD UNIT B",30.365231,-97.645577
"1999","2801 THRESH RD UNIT A","NEW CONDO REGIME - DUPLEX UNIT #A  TYPE 1 (A1.1) 1 BED 1 BATH","2801 THRESH ROAD UNIT A",30.365231,-97.645577
"2000","11105 CROSSBEAM DR UNIT A","NEW CONDO REGIME -DUPLEX UNIT #A TYPE 1 (A1) 1 BED 1 BATH","11105 CROSSBEAM DRIVE UNIT A",30.365099,-97.645652
"2001","11105 CROSSBEAM DR UNIT B","NEW CONDO REGIME -DUPLEX UNIT #B TYPE (A1.1) 1 BED 1 BATH","11105 CROSSBEAM DRIVE UNIT B",30.365099,-97.645652
"2002","1802 RALEIGH AVE","New construction of a 3-Story Single Family Res. [5bed 5.5bath] with Habitable Attic attached Garage/Carport.","1802 RALEIGH AVE",30.297501,-97.779602
"2003","711 W MONROE ST","Residential Expedited Review - New construction of a 2-Story Single-Family Res. [3bed 3.5bath] with attached/detached Garage/Carport and (Autofill/Heated) Pool.","711 WEST MONROE STREET",30.249952,-97.757313
"2004","3401 LARRY LN UNIT A","New 3-story duplex; Unit A: 3-story 3 bedroom 4 bath with attached 1-car carport covered front porch and uncovered rear wood deck.","3401 LARRY LANE UNIT A",30.28799,-97.713261
"2005","11100 FM 2244 RD BLDG 4","New construction single-family residential 2-story 3 bedroom 3 bath.","11100 FM 2244 ROAD BLDG 4",30.311513,-97.908781
"2006","105 ELKHART ST BLDG 2","Bldg #2 New three story dwelling unit 3 bed/3.5 bath with attached covered carport (three unit use)","105 ELKHART STREET BLDG 2",30.256879,-97.722377
"2007","513 W O DELL ST UNIT 2","Residential Expedited Review: New construction UNIT 2 2-Story [3bed 2.5bath] with Garage.","513 WEST O DELL STREET UNIT 2",30.33826,-97.713724
"2008","513 W O DELL ST UNIT 1","ePlan: Residential Expedited Review: New construction UNIT 1 2-Story [3bed 3bath] with attached Garage.","513 WEST O DELL STREET UNIT 1",30.33826,-97.713724
"2009","2710 SALEK VW","New 3-story single family dwelling (condo) 3 bed/3.5 bath attached garage covered patio and balcony","2710 SALEK VW",30.221477,-97.722085
"2010","9220 SIMMONS RD","New 3-story single family home 6 bed/7.5 bath with basement attached garage covered balconies covered porch and outdoor kitchen","9220 SIMMONS ROAD",30.395168,-97.765961
"2011","1707 DARTMOUTH AVE BLDG 2","New 1-story 1 bedroom 1 bathroom secondary dwelling unit with covered front porch and attached storage room.","1707 DARTMOUTH AVE BLDG 2",30.349305,-97.725588
"2012","1508 DARTMOUTH AVE","ePlan: Residential Expedited Review - New construction of a Secondary Single-Family Res. [1bed 1bath]","1508 DARTMOUTH AVE",30.349021,-97.724041
"2013","307 W ELIZABETH ST BLDG 3","ePlan: Residential Expedited Review - New construction MODULAR THREE UNIT RES.
BLDG 3 New construction of a 3-Story Single Family Res. [3bed 2.5bath] with attached Garage.","307 WEST ELIZABETH STREET BLDG 3",30.249528,-97.753119
"2014","3308 ROSEFINCH TRL","ePlan: Residential Expedited Review - New construction of a 2-Story Single-Family Res. [6bed 7.5bath] with attached Garage.","3308 ROSEFINCH TRAIL",30.273054,-97.804196
"2015","4807 SINCLAIR AVE UNIT A","UNIT A:  New 2-story duplex unit taking up the majority of structure  includes 3.5 bathroom 3 bedroom outdoor patio w/ fireplace & grill.  Part of duplex use.

Revision #1 -  Changed garage and apartment dimensions.  Rear edge of house moved forward.","4807 SINCLAIR AVE UNIT A",30.320594,-97.741567
"2016","3002 LOVELAND CV BLDG 2","ePlan: Residential Expedited Review - New Second Unit to existing SF Res:  New Construction of 1-Story SF Res w/ covd porch and uncovd deck 
Existing 2-Story Single Family Res to Remain as is.","3002 LOVELAND CV BLDG 2",30.264716,-97.798558
"2017","4807 SINCLAIR AVE UNIT B","UNIT B:  New 2-story duplex unit includes garage & small studio garage apartment w/ 1 bathroom.

Revision #1 -  Changed garage and apartment dimensions.  Rear edge of house moved forward.","4807 SINCLAIR AVE UNIT B",30.320594,-97.741567
"2018","2420 DREW LN BLDG 5","Building 5 -  New two story detached dwelling  with 2 bedroom 2.5 bathroom.  Rear building on property fifth building along driveway for 2420 Drew Ln (three properties under one address number with 8 building numbers).","2420 DREW LANE BLDG 5",30.170592,-97.832332
"2019","307 W ELIZABETH ST BLDG 2","ePlan: Residential Expedited Review - New construction MODULAR THREE UNIT RES.
BLDG 2 New construction of a 3-Story Single Family Res. [3bed 2.5bath] with attached Garage.","307 WEST ELIZABETH STREET BLDG 2",30.249528,-97.753119
"2020","307 W ELIZABETH ST BLDG 1","ePlan: Residential Expedited Review - New construction MODULAR THREE UNIT RES.
BLDG 1 New construction of a 3-Story Single Family Res. [3bed 2.5bath] with attached Garage.","307 WEST ELIZABETH STREET BLDG 1",30.249528,-97.753119
"2021","13800 IDA RIDGE DR UNIT 302","Duplex Unit 302 3-Story condo with view area 2 Bed/3.5 Bath attached garage covered porch and balconies","13800 IDA RIDGE DRIVE UNIT 302",30.437912,-97.695489
"2022","2502 PARK VIEW DR","New 2-story 4 bedroom 4.5 bathroom single family residence with attached garage covered front porch rear covered patio and 2nd floor covered balcony.","2502 PARK VIEW DRIVE",30.343794,-97.740099
"2023","13800 IDA RIDGE DR UNIT 301","Duplex Unit 301 3-Story condo with view area 2 Bed/3.5 Bath attached garage covered porch and balconies","13800 IDA RIDGE DRIVE UNIT 301",30.437912,-97.695489
"2024","906 LUND ST","JP-10/09/2025- Inspections will be done in phases. it is the responsibility of the GCPCMC.EC to request a phased inspection.
New two-story SFR (1br/2ba) with pool and spa

Revision:
Lund St Conversion of area approved as crawl space to walk out roofed mechanical area detailed on A203. Removal of driveway apron detailed on sheet A202. Remove driveway inspection requirement attached to this PR. The former driveway area will remain as paved patio area. Please find the updated application and Calculation Aid included with this update.","906 LUND STREET",30.26097,-97.769529
"2025","1000 LUND ST","New two-story SFR (4br/4.5ba) with basement and attached covered parking","1000 LUND STREET",30.260775,-97.769799
"2026","3207 OVERCUP OAK DR Bldg. 2","New 1-story 1 bedroom 1 bathroom dwelling unit with covered landing.","3207 OVERCUP OAK DRIVE BLDG 2",30.237271,-97.775033
"2027","13800 IDA RIDGE DR BLDG 2 UNIT 202","New construction of 3 story duplex condo
Unit 201 : 2 bedroom 2.5 bathroom with an attached garage.
Unit 202:2 bedroom 2.5 bathroom with an attached garage.","13800 IDA RIDGE DRIVE UNIT 202",30.437912,-97.695489
"2028","13800 IDA RIDGE DR BLDG 1 UNIT 101","New construction of 3 story duplex condo","13800 IDA RIDGE DRIVE UNIT 101",30.437912,-97.695489
"2029","13800 IDA RIDGE DR BLDG 1 UNIT 102","New construction of 3 story duplex condo","13800 IDA RIDGE DRIVE UNIT 102",30.437912,-97.695489
"2030","13800 IDA RIDGE DR BLDG 2 UNIT 201","New construction of 3 story duplex condo
Unit 201 : 2 bedroom 2.5 bathroom with an attached garage.
Unit 202:2 bedroom 2.5 bathroom with an attached garage.","13800 IDA RIDGE DRIVE UNIT 201",30.437912,-97.695489
"2031","2315 TOWNES LN UNIT B","Building 2 Dwelling over detached garage","2315 TOWNES LANE UNIT B",30.296929,-97.763951
"2032","2315 TOWNES LN Unit A","New construction of 2 story house with attached garage with secondary dwelling above garage backyard has poos house and pool","2315 TOWNES LANE",30.296929,-97.763951
"2033","9803 RIBELIN RANCH CT BLDG 12","New construction of single building based on Volume Builder Approved (2024-067871 VB) Plan 9-CB-L. This is a 2 Story building with height of 31-7 and 2377 square feet.","9803 RIBELIN RANCH CT BLDG 12",30.391205,-97.828986
"2034","3809 DUVAL ST","New 2-story 3 bedroom 3.5 bathroom dwelling unit with covered porch.","3809 DUVAL STREET",30.299316,-97.729164
"2035","14016 SKYLINE DR","New 2-story 5 bedroom 4.5 bathroom single family residence with attached garages attached carport covered wood deck and uncovered terraces.","14016 SKYLINE DRIVE",30.417093,-97.892316
"2036","9803 RIBELIN RANCH CT BLDG 19","New construction of single building based on Volume Builder Approved (2024-067871 VB) Plan 6-BA-R. This is a 2 Story building with height of 33-4 and 3144 square feet.","9803 RIBELIN RANCH CT BLDG 19",30.391205,-97.828986
"2037","1712 S 5TH ST BLDG 2","Bldg 2:  New two story residence with 2-car carport living space is above carport 1.5 bath 1 bedroom. Part of 2-unit use.","1712 SOUTH 5TH STREET BLDG 2",30.249749,-97.761435
"2038","1407 DELONEY ST--PRIMARY","ePlan: Residential Expedited Review - New construction of a 2-Story Single Family Res. [3bed 2.5bath] with Habitable Attic Attached Garage.","1407 DELONEY STREET",30.280572,-97.69314
"2039","1712 S 5TH ST BLDG 1","New TWO-UNIT RES: BLDG1: 2-Story [4bed 3bath] with attached Basement-Carport  BLDG1: 2-Story [1bed 1.5bath].  Autofill/Heated) Pool.","1712 SOUTH 5TH STREET BLDG 1",30.249749,-97.761435
"2040","4803 SANTA ANNA ST BLDG 3","ePlan: Residential Expedited Review - New construction of a THREE-UNIT RES. UNIT 3 2-Story [4bed 4bath] with attached Carport","4803 SANTA ANNA STREET BLDG 3",30.274579,-97.686872
"2041","2420 DREW LN BLDG 7","ePlan: Residential Expedited Review - New construction of a THREE-UNIT RES. UNIT 2 2-Story [2bed 2.5bath]","2420 DREW LANE BLDG 7",30.170592,-97.832332
"2042","4803 SANTA ANNA ST BLDG 1","ePlan: Residential Expedited Review - New construction of a THREE-UNIT RES. UNIT 1 2-Story [5bed 4.5 bath] with attached Carport","4803 SANTA ANNA STREET BLDG 1",30.274579,-97.686872
"2043","2420 DREW LN BLDG 6","ePlan: Residential Expedited Review - New construction of a THREE-UNIT RES. UNIT 3 2-Story [2bed 2.5bath]","2420 DREW LANE BLDG 6",30.170592,-97.832332
"2044","4803 SANTA ANNA ST BLDG 2","ePlan: Residential Expedited Review - New construction of a THREE-UNIT RES. UNIT 2 2-Story [4bed 4bath] with attached Carport","4803 SANTA ANNA STREET BLDG 2",30.274579,-97.686872
"2045","5811 S 1ST ST UNIT B","3 story Townhouse 2 bed 2.5 bath with attached garage and balcony","5811 SOUTH 1ST STREET UNIT B",30.204787,-97.783018
"2046","2203 OHLEN RD UNIT B","ePlan: Residential Expedited Review - New construction of a THREE-UNIT RES. UNIT B 3-Story [3bed 3.5bath] with attached Garage","2203 OHLEN ROAD UNIT B",30.362139,-97.727755
"2047","5811 S 1ST ST UNIT C","3 story Townhouse 2 bed 2.5 bath with attached garage and balcony","5811 SOUTH 1ST STREET UNIT C",30.204787,-97.783018
"2048","2404 BIG HORN DR","Expedited Review - New Construction of a 2-Story Single Family Res. [4bed 3.5bath] with Habitable Basement and attached 2-car Garage.","2404 BIG HORN DRIVE",30.374395,-97.916346
"2049","5811 S 1ST ST UNIT A","3 story Townhouse 2 bed 2.5 bath with attached garage and balcony","5811 SOUTH 1ST STREET UNIT A",30.204787,-97.783018
"2050","2203 OHLEN RD UNIT C","ePlan: Residential Expedited Review - New construction of a THREE-UNIT RES. UNIT C 3-Story [3bed 3.5bath] with attached Garage","2203 OHLEN ROAD UNIT C",30.362139,-97.727755
"2051","2203 OHLEN RD UNIT A","ePlan: Residential Expedited Review - New construction of a THREE-UNIT RES. UNIT A 3-Story [3bed 3.5bath] with attached Garage","2203 OHLEN ROAD UNIT A",30.362139,-97.727755
"2052","826 MORROW ST BLDG 3","NEW TWO STORY SF CONDO - 3 bedroom 2.5 baths covered porch and attached 1-car garage","826 MORROW STREET BLDG 3",30.344686,-97.715935
"2053","3207 DANCY ST--BLDG 2","New 2-story 1 bedroom 1.5 bathroom dwelling unit with covered porch.","3207 DANCY STREET BLDG 2",30.288997,-97.720135
"2054","826 MORROW ST BLDG 2","NEW TWO STORY SF CONDO RESIDENCE - 3 bedrooms 2.5 baths covered porch and attached 1 car garage","826 MORROW STREET BLDG 2",30.344686,-97.715935
"2055","826 MORROW ST BLDG 4","NEW TWO STORY SF CONDO RESIDENCE - 3 bedrooms 2.5 baths covered porch and attached 1 car garage","826 MORROW STREET BLDG 4",30.344686,-97.715935
"2056","3708 LIBERTY ST","New 2.5 Story 4 Bed 3.5 Bath SFR with attached single car garage","3708 LIBERTY STREET",30.298006,-97.72938
"2057","1709 MAPLE AVE BLDG 2 UNIT B","ePlan: Residential Expedited Review - New construction of a THREE-UNIT RES. New construction of a 2-Story Duplex Bldg 2 Unit B [bed 3bath]","1709 MAPLE AVE BLDG 2 UNIT B",30.279188,-97.715735
"2058","1709 MAPLE AVE BLDG 2 UNIT A","ePlan: Residential Expedited Review - New construction of a THREE-UNIT RES. New construction of a 2-Story Duplex Bldg 2 Unit A [bed 3bath]","1709 MAPLE AVE BLDG 2 UNIT A",30.279188,-97.715735
"2059","2414 DREW LN BLDG 10","ePlan: Residential Expedited Review - New construction of a THREE-UNIT RES. BLDG 10 2-Story [1bed 1.5bath] 
Revision 1: Relocate and reorientate residences and revise floor plans. Building 10 will consist of a 3-story 2 bedroom 2.5 bathroom dwelling unit with covered front porch and rear covered patio.","2414 DREW LANE BLDG 10",30.17036,-97.832
"2060","2414 DREW LN BLDG 8","ePlan: Residential Expedited Review - New construction of a TWO-UNIT RES. BLDG 8 2-Story [2bed 2.5bath]","2414 DREW LANE BLDG 8",30.17036,-97.832
"2061","2414 DREW LN BLDG 11","ePlan: Residential Expedited Review - New construction of a THREE-UNIT RES. BLDG 11 2-Story [2bed 2.5bath]
Revision 1: Relocate and reorientate residences and revise floor plans. Building 11 will consist of a 3-story 2 bedroom 2.5 bathroom dwelling unit with covered front porch and rear covered patio.","2414 DREW LANE BLDG 11",30.17036,-97.832
"2062","2414 DREW LN BLDG 7","ePlan: Residential Expedited Review - New construction of a TWO-UNIT RES. BLDG 7 2-Story [2bed 2.5bath] with attached Garage","2414 DREW LANE BLDG 7",30.17036,-97.832
"2063","2414 DREW LN BLDG 9","ePlan: Residential Expedited Review - New construction of a THREE-UNIT RES. BLDG 9 2-Story [1bed 1.5bath] 
Revision 1: Relocate and reorientate residences and revise floor plans. Building 9 will consist of a 2-story 2 bedroom 2.5 bathroom dwelling unit with attached garage covered front porch and rear covered patio.","2414 DREW LANE BLDG 9",30.17036,-97.832
"2064","809 W MARY ST BLDG 2","Retroactively permitting detached 2nd unit: 1-story 1 bedroom 1 bath with attached storage.","809 WEST MARY STREET BLDG 2",30.247472,-97.760191
"2065","900 S 2ND ST BLDG 2","SUBCHPTR F 3 story SFR detached Condo","900 SOUTH 2ND STREET BLDG 2",30.255069,-97.753469
"2066","1417 PRESTON AVE","Building 1 New two story SFR and semi-attached garage with residential unit on second story with pool *HOME Amendment* 4/3.5

12/17/25 SM - REVISED: The garage will be a shared accessory space for Unit A and Unit B.","1417 PRESTON AVE",30.296413,-97.753296
"2067","900 S 2ND ST BLDG 1","New 2 story Condominium Residence with attached garage.","900 SOUTH 2ND STREET BLDG 1",30.255069,-97.753469
"2068","900 S 2ND ST BLDG 4","SUBCHPTR F 3 story SFR detached Condo 3/3.5","900 SOUTH 2ND STREET BLDG 4",30.255069,-97.753469
"2069","2414 DREW LN BLDG 1","ePlan: Residential Expedited Review - New construction of a 2-Story Single Family Res. [2bed 2.5bath] attached Garage/Carport. Bldg 1","2414 DREW LANE BLDG 1",30.17036,-97.832
"2070","1417 PRESTON AVE UNIT B","Building 2 New 2 Story SFR with attached garage.

REVISION: Revised site plan with clarification of the exact location of pool as requested by Austin Energy.

12/17/25 SM - REVISED: The garage will be a shared accessory space for Unit A and Unit B.","1417 PRESTON AVE UNIT B",30.296413,-97.753296
"2071","900 S 2ND ST BLDG 3","SUBCHPTR F 3 story SFR detached Condo 3/3.5","900 SOUTH 2ND STREET BLDG 3",30.255069,-97.753469
"2072","5609 BULL CREEK RD","ePlan: Residential Expedited Review - New construction of a 2-Story Single-Family Res. [4bed 4.5bath] with attached Garage.","5609 BULL CREEK ROAD",30.332528,-97.745687
"2073","1105 RUTH AVE BLDG 1","New 2-story 4 bedroom 3.5 bathroom single family residence w/ attached garage covered front porch rear covered patio and 2nd floor uncovered roof deck. 
Revision 1: Opt into HOME. Revise scope of work to create Three-Unit Residential Use. Revise FFEs. New 2-story 4 bedroom 3 bathroom dwelling unit with attached garage covered front porch rear covered patio and 2nd floor covered terrace.","1105 RUTH AVE BLDG 1",30.336522,-97.724681
"2074","1105 RUTH AVE BLDG 2","New 2-story 2 bedroom 2.5 bathroom secondary dwelling unit w/ attached garage screened porch rear uncovered wood deck and uncovered 2nd floor balcony. 
Revision 1: Opt into HOME. Revise scope of work to create Three-Unit Residential Use. Revise FFEs. New 2-story 3 bedroom 3.5 bathroom dwelling unit with attached garage covered front porch rear covered patio and 2nd floor covered terrace.","1105 RUTH AVE BLDG 2",30.336522,-97.724681
"2075","1105 RUTH AVE BLDG 3","New 1-story accessory structure consisting of a studio with full bathroom.
Revision 1: Opt into HOME. Revise scope of work to create Three-Unit Residential Use. Revise FFEs. New 2-story 1 bedroom 1.5 bathroom dwelling unit with covered porch.","1105 RUTH AVE BLDG 3",30.336522,-97.724681
"2076","10202 EPSILON WAY","4642  (Berkley) G - Right - New Condo - With 5 or 6 bedroom option 5.5 bathrooms Covered Patio and Covered Porch with a 3rd car attached Garage. Building Height: 27 - 8 29/128. Maximum Height: 30. Required FFE: 1052.09 - above MSL. Site Plan#: SP-2020-167086 Site Plan# Pending: SP-2020-0388C. Expiration Date: N/A","10202 EPSILON WAY",30.384629,-97.843068
"2077","2204 IVA LN BLDG 2","New 2-story 2 bedroom 1 bathroom dwelling unit with attached garage and exterior uncovered wood stairwell with balcony.","2204 IVA LANE BLDG 2",30.246626,-97.77396
"2078","1004 MORROW ST BLDG 3","New 3-story 3 bedroom 3.5 bathroom single family residence with attached garage and covered porch. With Sprinkler System","1004 MORROW STREET BLDG 3",30.345485,-97.717611
"2079","1302 SNOWY FOX CT","New 3-story SFR
Smart Housing","1302 SNOWY FOX CT",30.276445,-97.682141
"2080","803 BOULDIN AVE","Expedited Review: New Construction of a 2-Story Single Family Res [5bed 5.5bath] with attached 2-Car Garage and Work shop.","803 BOULDIN AVE",30.256598,-97.754735
"2081","5633 TOSCANA AVE","New 2-Story SFR with 3 bedrooms and 2.5 baths study 2 car garage 90 sf uncovered patio","5633 TOSCANA AVE",30.287407,-97.644475
"2082","9912 PETRICHOR BLVD","PB: New construction of 1 story SFR","9912 PETRICHOR BOULEVARD",30.293462,-97.548416
"2083","9608 MIRTHFUL LN","Antone 1519-A-R New 2-story single-family residence with (3) bedrooms (2.5) bathrooms detached carport covered entry porch.","9608 MIRTHFUL LANE",30.2942,-97.550029
"2084","1406 MASON AVE","New 3-story SFR
Smart Housing","1406 MASON AVE",30.27633,-97.682254
"2085","1408 MASON AVE","New 2-story SFR
SMART HOUSING","1408 MASON AVE",30.276163,-97.682034
"2086","1180 LOTT AVE","New construction single-family residential condo 2-story 2 bedroom 2.5 bath with covered front porch covered rear patio and exterior storage.","1180 LOTT AVE",30.276012,-97.682196
"2087","9612 MIRTHFUL LN","Arc 1148-A-L New 1-story single-family residence with (2) bedrooms (2) bathrooms covered entry porch.","9612 MIRTHFUL LANE",30.294304,-97.550026
"2088","12892 PARK DR","Expedited Review - New Construction of a 2-Story Single Family Res. [5bed 7bath] with Habitable Basement and attached 1-car Garage and attached 2-car Garage.","12892 PARK DRIVE",30.39482,-97.884619
"2089","1178 LOTT AVE","New construction single-family residential 2-story condo 3 bedroom 2.5 bath with covered front porch covered rear patio and exterior storage.","1178 LOTT AVE",30.275959,-97.682222
"2090","9604 MIRTHFUL LN","Burnett 1864-A-L New 2-story single-family residence with (3) bedrooms (2.5) bathrooms detached 2 car carport covered entry porch.","9604 MIRTHFUL LANE",30.294088,-97.55001
"2091","1402 CORSAC WAY","1910 (Lamplight) - H Right - 3 Bedroom 2.5 Bath Cov Patio & Entry - 2 or 3 Car Att Garage and Storage opt.","1402 CORSAC WAY",30.405253,-97.688125
"2092","5111 MAUFRAIS LN BLDG 1","Expedited Review - New Construction of a 2-Story Single Family Res. [4bed 3.5bath]","5111 MAUFRAIS LANE BLDG 1",30.198717,-97.736221
"2093","5111 MAUFRAIS LN BLDG 3","Expedited Review - New Construction of a 2-Story Third Apartment [4bed 3.5bath].","5111 MAUFRAIS LANE BLDG 3",30.198717,-97.736221
"2094","1032 SPRINGDALE RD UNIT 105","New construction of a two-story townhouse with attached garage and balcony.
Note: expiration date extended to Dec. 31 2021 in compliance with mayors COVID-19 orders.","1032 SPRINGDALE ROAD UNIT 105",30.269361,-97.693366
"2095","6203 LANDSCAPE DR","New single-story manufactured home. 2 bedroom and 2 bathrooms","6203 LANDSCAPE DRIVE",30.246952,-97.880393
"2096","5111 MAUFRAIS LN BLDG 2","Expedited Review - New Construction of a 2-Story Secondary Apartment [4bed 3.5bath]","5111 MAUFRAIS LANE BLDG 2",30.198717,-97.736221
"2097","12009 FENNEC WAY","2116 (Lincoln) - N Right - 3/4 Beds 2.5/3.5 Baths Game Rm Opt Ext Cov Patio & Balcony 2/3 Car Att Garage & Opt Storage","12009 FENNEC WAY",30.405848,-97.688208
"2098","3900 PEBBLE PATH","ePlan: Residential Expedited Review - New construction of a 2-Story Single-Family Res. [4bed 5bath] with attached Garage.","3900 PEBBLE PATH",30.364758,-97.756656
"2099","6715 JESTER BLVD","New 2 story single family residence with 4 bedrooms 4 bathrooms covered patios and attached garage.","6715 JESTER BOULEVARD",30.372536,-97.79859
"2100","4301 BELLVUE AVE BLDG 2","New construction of 2-story secondary unit with 2 new driveways.","4301 BELLVUE AVE BLDG 2",30.311996,-97.741018
"2101","2141 BARTON HILLS DR","New Construction of a 2-Story Single Family Res. with Basement [4bed 4.5bath] with attached 2-car Garage.","2141 BARTON HILLS DRIVE",30.252543,-97.787034
"2102","7300 DANWOOD DR","New detached 1 story dwelling unit 1 bed 1 bath with to rear of existing SFR","7300 DANWOOD DRIVE",30.425865,-97.769005
"2103","1004 ROMERIA DR","Bldg 3:  New 3-story residence attached garage covered porches 3 bedroom 2.5 bath. Part of 3 unit use.","1004 ROMERIA DRIVE",30.331364,-97.725822
"2104","1004 ROMERIA DR BLDG 1","Bldg 1:  New 3-story residence attached garage covered porches 3 bedroom 2.5 bath. Part of 3 unit use.","1004 ROMERIA DRIVE BLDG 1",30.331364,-97.725822
"2105","3601 CHALKSTONE CV","New construction of single family home with 6 beds 6.5 baths attached two car garage and additional detached garage. Area labeled mini master cannot add any other fixtures like a cooktop or dishwasher without a new permit submittal. B.O. approved the 2nd sink in this area and it is NOT considered a separate dwelling unit as proposed currently.","3601 CHALKSTONE CV",30.353812,-97.843836
"2106","1004 ROMERIA DR BLDG 2","Bldg 2:  New 3-story residence attached garage covered porches 3 bedroom 2.5 bath. Part of 3 unit use.","1004 ROMERIA DRIVE BLDG 2",30.331364,-97.725822
"2107","302 BROADWAY---UNIT C","New Triplex 3 bed 2.5 bath","302 BROADWAY UNIT C",30.254828,-97.710992
"2108","6000 MOONDUST LN","4323 - (Antonio) G Right - 6 or 7 Beds 6.5 Baths Rear Cov Porch Ext Cov Patio Opt Cov Upper Deck 3 Car Att Gar - Building Height: 24-1 1/8. Maximum Height: 30. Required FFE: 1067.60 - above MSL. Site Plan#: SP-202-167086 Site Plan# Pending: SP-2020-0388C. Expiration Date: N/A.","6000 MOONDUST LANE",30.38359,-97.843456
"2109","302 BROADWAY---UNIT B","New Triplex 3 bed 2.5 bath","302 BROADWAY UNIT B",30.254828,-97.710992
"2110","302 BROADWAY---UNIT A","New Triplex","302 BROADWAY",30.254828,-97.710992
"2111","3703 LAWTON AVE BLDG 2","2 Story 2 Bath 1 Bed with Kitchen Garage Conversion to ADU.","3703 LAWTON AVE BLDG 2",30.310207,-97.751734
"2112","1907 ARTHUR LN","ePlan: Residential Expedited Review - New construction of an 2-Story Single-Family Res. [4bed 4.5bath] with attached Garage and Carport","1907 ARTHUR LANE",30.254257,-97.777767
"2113","4912 LAKEVIEW DR","Expedited Review: New Construction of 3-Story Single Family Res [1bed 1.5bath] with attached 2-Car Garage below grade. REVISION 1: Changed exterior building materials for WUI compliance.","4912 LAKEVIEW DRIVE",30.39304,-97.88922
"2114","9803 RIBELIN RANCH CT BLDG 10","New construction of single building Plan 5-BA-L. This is a 2 Story building with height of 33-4 and 3144 square feet. It has 3 bedroom 3.5 bathrooms a garage covered area.","9803 RIBELIN RANCH CT BLDG 10",30.391205,-97.828986
"2115","3401 LARRY LN UNIT B","New 3-story duplex; Unit B: 3-story 3 bedroom 4 bath with attached 1-car garage covered front porch and uncovered rear wood deck.","3401 LARRY LANE UNIT B",30.28799,-97.713261
"2116","1900 BISSEL LN Bldg 2","New 1 story 1 bedroom 1 bathroom tiny home with covered porch.","1900 BISSEL LANE",30.203631,-97.8038
"2117","1001 MANSELL AVE--BLDG 2","New 1-story 1 bedroom 1 bathroom secondary dwelling unit with attached workshop. 

***APPROVED FOR TCO 11/21/2025***SLC 512-552-8540","1001 MANSELL AVE BLDG 2",30.26066,-97.696123
"2118","3000 BRYKER DR","New two-story SFR (4br/3.5ba) with attached covered porch","3000 BRYKER DRIVE",30.303448,-97.755474
"2119","1209 AZIE MORTON RD BLDG 2","ePlan: Residential Expedited Review - New construction of a 3-Story Single-Family Res. [4bed 4.5bath] with attached Garage. Bldg 2","1209 AZIE MORTON ROAD BLDG 2",30.258948,-97.772217
"2120","1209 AZIE MORTON RD BLDG 3","ePlan: Residential Expedited Review - New construction of a 3-Story Single-Family Res. [4bed 4.5bath] with attached Garage. Bldg 3","1209 AZIE MORTON ROAD BLDG 3",30.258948,-97.772217
"2121","9803 RIBELIN RANCH CT BLDG 11","New construction of single building based on Volume Builder Approved (2024-067871 VB) Plan 11-DB-L. This is a 3 Story building with height of 38-6 and 2720 square feet.","9803 RIBELIN RANCH CT BLDG 11",30.391205,-97.828986
"2122","9803 RIBELIN RANCH CT BLDG 14","New construction of single building based on Volume Builder Approved (2024-067871 VB) Plan 3-AB-L. This is a 2 Story building with height of 30-9 and 2924 square feet.","9803 RIBELIN RANCH CT BLDG 14",30.391205,-97.828986
"2123","9803 RIBELIN RANCH CT BLDG 15","New construction of single building based on Volume Builder Approved (2024-067871 VB) Plan 1-AA-L. This is a 2 Story building with height of 30-9 and 2924 square feet.","9803 RIBELIN RANCH CT BLDG 15",30.391205,-97.828986
"2124","10105 MILKY WAY DR","3827 (Asheville) A Right - 5 Beds 5.5 Baths Cov Porch 1st & 2nd Fl Cov Patio &  Opt Elevator 3 Car Att Garage. - Building Height: 26`4-3/4. Maximum Height: 30. Required FFE: 1069.85 - above MSL. Site Plan#: SP-202-167086 Site Plan# Pending: SP-2020-0388C. Expiration Date: N/A.","10105 MILKY WAY DRIVE",30.383929,-97.843708
"2125","2607 STRATFORD DR","Expedited Review:  New 2-Story single family residence [5bed 5.5bath] with attached Garage .","2607 STRATFORD DRIVE",30.277427,-97.780479
"2126","1411 RABB RD","New two-story SFR (3br/3.5ba) with attached covered parking covered porch roof deck","1411 RABB ROAD",30.257239,-97.773667
"2127","1504 PALO DURO RD BLDG 2","New construction single-family residential two-unit use 1-story 2 bedroom 2 bath.","1504 PALO DURO ROAD BLDG 2",30.332783,-97.732984
"2128","2908 TARRY TRL","New 2-story SFR 3 bedrooms 4.5 bathrooms attached garage covered porch and patio","2908 TARRY TRAIL",30.307132,-97.764015
"2129","3504 PICKLE DR UNIT B","Bldg 2 includes: 2-story SFR  [1bed 1bath] on top of (2-car) Carport.","3504 PICKLE DRIVE UNIT B",30.267213,-97.698249
"2130","8608 GUADALUPE ST BLDG 2","new 2 story dwelling 3 bedroom 2.5 bathroom with new driveway.","8608 GUADALUPE STREET BLDG 2",30.353814,-97.701552
"2131","2602 LITTLE JOHN LN BLDG 3","ePlan: Residential Expedited Review - New MODULAR three-unit Res. UNIT 3 2-Story [3bed 2.5bath]","2602 LITTLE JOHN LANE BLDG 3",30.233438,-97.749451
"2132","2602 LITTLE JOHN LN BLDG 1","ePlan: Residential Expedited Review - New MODULAR three-unit Res. UNIT 1 3-Story [3bed 2.5bath]","2602 LITTLE JOHN LANE BLDG 1",30.233438,-97.749451
"2133","2602 LITTLE JOHN LN BLDG 2","ePlan: Residential Expedited Review - New MODULAR three-unit Res. UNIT 2 3-Story [3bed 2.5bath]","2602 LITTLE JOHN LANE BLDG 2",30.233438,-97.749451
"2134","3504 PICKLE DR","New 2-UNIT RES. Bldg 1 includes: 2-story SFR [3bed 4bath] with attached 2-car Garage and Pool. Bldg 2 includes: SFR  [1bed 1bath]on top of detached Carport.","3504 PICKLE DRIVE",30.267213,-97.698249
"2135","4324 AIRPORT BLVD UNIT B","ePlan: Residential Expedited Review - New construction of an 2-Story Duplex [3bed 2.5bath] with attached Garage","4324 AIRPORT BOULEVARD UNIT B",30.29959,-97.711812
"2136","3605 STONERIDGE RD","New Construction of a 2-Story Single Family Res [5bed 6.5bath] with attached 4-Car Garage w/ pool house attached via 2nd story walkway to roof deck of primary.

REVISION Includes: REMOVE ROOFTOP DECK ON PATIO AND REMOVE ITS POWDER BATH. 
SHRINK SIZE OF MAIN BUILDING.","3605 STONERIDGE ROAD",30.265204,-97.812561
"2137","4324 AIRPORT BLVD UNIT A","ePlan: Residential Expedited Review - New construction of an 2-Story Duplex [3 bed 2.5bath] with attached Garage","4324 AIRPORT BOULEVARD UNIT A",30.29959,-97.711812
"2138","1107 W RUNDBERG LN BLDG 1","New construction 2-unit use single family residential 2-story 4 bedroom 4 bath.","1107 WEST RUNDBERG LANE BLDG 1",30.365365,-97.702451
"2139","1107 W RUNDBERG LN BLDG 2","New construction 2-unit use single family residential 2-story 4 bedroom 4 bath.","1107 WEST RUNDBERG LANE BLDG 2",30.365365,-97.702451
"2140","2806 PECOS ST UNIT B","Two-Unit use: New construction studio space with attached 3-car garage and full bath.","2806 PECOS STREET UNIT B",30.308455,-97.768435
"2141","3415 WINDSOR RD UNIT B","ePlan: Residential Expedited Review - New construction of a 2-Story Duplex [1bed 1bath] Unit B","3415 WINDSOR ROAD UNIT B",30.299217,-97.773374
"2142","3415 WINDSOR RD UNIT A","ePlan: Residential Expedited Review - New construction of a 2-Story Duplex [4bed 4.5bath] with attached Garage Unit A","3415 WINDSOR ROAD UNIT A",30.299217,-97.773374
"2143","101 LAGO VERDE DR","New construction single family residential 2-story 3 bedroom 3 bath with attached 2-car garage covered front porch 2nd story covered balcony and uncovered deck.","101 LAGO VERDE DRIVE",30.353102,-97.921826
"2144","1501 ASTOR PL","New 1 Story Secondary Dwelling with covered porch 2/2","1501 ASTOR PLACE",30.28203,-97.688077
"2145","6004 SILENT NOVA VW","New Condo - with 6 or 7 bedrooms and 3.5 bathrooms covered patio/porch with 2 car or 3 car garage opt attached. 3515 (Lantana) G Left.","6004 SILENT NOVA VW",30.383538,-97.84244
"2146","10702 SPICEWOOD PKWY - BLDG 2","Addition to single-family structure.","10702 SPICEWOOD PKWY BLDG 2",30.431739,-97.801814
"2147","1101 CLERMONT AVE","ePlan: Residential Expedited Review - New construction of a 3-Story Single-Family Res. [3bed 2.5bath]","1101 CLERMONT AVE",30.254454,-97.736144
"2148","2502 E 9TH ST--BLDG 2","New 3-story 4 bedroom 3 bathroom dwelling unit with screened porch covered landing and 2nd floor covered balcony. 
Revision 1: Revise scope of work for new dwelling unit to consist of a 3-story 3 bedroom 3 bathroom dwelling unit with screened porch and 2nd floor covered balcony. 
Revision 2: Revise layout of kitchen for new dwelling unit including relocating the refrigerator range microwave and minor cabinet adjustments. Swap two windows (third floor stair landing window with living room window) and remove one window above master bedroom. Convert tub to a shower in master bedroom. Remove closet walls/doors at master bathroom.","2502 EAST 9TH STREET BLDG 2",30.265028,-97.714478
"2149","4015 CLAWSON RD","Expedited Review - New Construction of a 2-Story Single Family Res. [3bed 3.5bath] with Habitable Attic and attached 1-car Garage","4015 CLAWSON ROAD",30.230789,-97.782588
"2150","4015 CLAWSON RD","Expedited Review - New Construction of a 2-Story Secondary Apartment [2bed 2bath]","4015 CLAWSON ROAD",30.230789,-97.782588
"2151","1811 PARKER LN","New construction single family residential 2-story 3-bedroom 2.5 bath with attached 2-car garage covered front porch and habitable attic with balcony.","1811 PARKER LANE",30.237249,-97.733173
"2152","4705 SARA DR","duplex","4705 SARA DRIVE",30.271033,-97.690161
"2153","2805 MOUNTAIN LAUREL DR","new single-story home w/ walkout basement new pool","2805 MOUNTAIN LAUREL DRIVE",30.307036,-97.767324
"2154","4709 DEPEW AVE BLDG 2","ePlan: Residential Expedited Review - New construction of a 2-Story Single Family Res. [3bed 2bath] Bldg 2
MODULAR CONSTRUCTION","4709 DEPEW AVE BLDG 2",30.307719,-97.716356
"2155","4710 CLARKSON AVE","ePlan: Residential Expedited Review - New construction of a 3-Story Single Family Res. [3bed 2.5bath] 4710 Clarkson Ave","4710 CLARKSON AVE",30.307481,-97.7163
"2156","4709 DEPEW AVE UNIT A","ePlan: Residential Expedited Review - New construction of a 3-Story Duplex [3bed 2.5bath] Unit A
MODULAR CONSTRUCTION","4709 DEPEW AVE UNIT A",30.307719,-97.716356
"2157","3506 BONNIE RD","New construction single-family residential 1-story 3 bedroom 2.5 bath with attached 2-car carport covered front porch covered rear patio and uncovered wood deck.","3506 BONNIE ROAD",30.295552,-97.779801
"2158","4707 DEPEW AVE UNIT B","ePlan: Residential Expedited Review - New construction of a 3-Story Duplex [3bed 2bath] Unit B
MODULAR CONSTRUCTION","4707 DEPEW AVE UNIT B",30.307601,-97.716504
"2159","3400 RANDOLPH RD--GARAGE/ADU","New construction 2-unit residential 2-story studio space w/ storage full bath covered balcony and covered front deck above 1-car garage and storage area; exterior spiral staircase.","3400 RANDOLPH ROAD",30.286807,-97.711592
"2160","801 WINFLO DR","Expedited Review: New construction of a 2-Story Single Family Res [6bed 6.5bath] with attached 2-Car Garage","801 WINFLO DRIVE",30.275126,-97.758011
"2161","4506 FINLEY DR","New construction single family residential 2-story 4 bedroom 3 bath with habitable attic attached 1-car carport attached 1-car garage covered front wood deck/ porch and covered rear patio.","4506 FINLEY DRIVE",30.321044,-97.752418
"2162","3306 LARRY LN UNIT A","Expedited Review - New Construction of a 2-Story Single Family Res. [4bed 4bath] with attached Garage","3306 LARRY LANE UNIT A",30.28731,-97.71377
"2163","7901 PERSIMMON TRL","New 2-Story SFR 2 Bed/2 Bath with covered porch/balcony","7901 PERSIMMON TRAIL",30.188059,-97.800257
"2164","4601 SARA DR BLDG 2","New construction of a 2-story ADU with 1 bed 1 bath and porch.","4601 SARA DRIVE BLDG 2",30.27174,-97.691236
"2165","611 BRENTWOOD ST BLDG 2","New construction of a 3-Story Single-Family Res.  Part of 2 unit use [6bed 7bath].","611 BRENTWOOD STREET BLDG 2",30.332311,-97.719585
"2166","5711 CARRY BACK LN","New Construction of a single-family residence. w 4 bedroom and 4 bathrooms. covered porch and attached garage","5711 CARRY BACK LANE",30.331092,-97.801991
"2167","1505 SANTAL PASS","UNIT C TRIPLEX - UNITS 1055 - EACH UNIT WILL HAVE A 2 CAR GARAGE 3 BEDROOMS 3 FULL BATHROOMS 1 HALF BATH AND A BALCONY.","1505 SANTAL PASS",30.382136,-97.703007
"2168","1503 SANTAL PASS","UNIT C TRIPLEX - UNITS 1054 - EACH UNIT WILL HAVE A 2 CAR GARAGE 3 BEDROOMS 3 FULL BATHROOMS 1 HALF BATH AND A BALCONY.","1503 SANTAL PASS",30.382113,-97.702949
"2169","1501 SANTAL PASS","BLDG 39 - UNIT C TRIPLEX (UNIT 1053) EACH UNIT WILL HAVE A 2 CAR GARAGE 3 BEDROOMS 3 FULL BATHROOMS 1 HALF BATH AND A BALCONY.","1501 SANTAL PASS",30.382088,-97.702886
"2170","4700 BANISTER LN","ePlan: Residential Expedited Review - New construction of a 2-Story Single-Family Res. [4bed 4.5bath] with attached/detached Garage/Carport and (Autofill) Pool.","4700 BANISTER LANE",30.219801,-97.783188
"2171","906 CHRISTOPHER ST","*Greater than 50% demo* Addition/remodel. Demolish existing exterior walls of 1-story single family residence and preserve existing slab. Comprehensive remodel and addition resulting in a 2-story 3 bedroom 2.5 bathroom single  family residence with attached carport covered front porch and uncovered 2nd floor balcony. 
Revision 1: Revise scope of work to demolish existing foundation. New 2-story 3 bedroom 2.5 bathroom single family residence with attached carport covered front porch and uncovered 2nd floor balcony. Separate total demolition permit approved.","906 CHRISTOPHER STREET",30.255702,-97.756689
"2172","3004 MORELOS CV","Mobile home on individual lot 2 bedrooms1 bathroom","3004 MORELOS CV",30.205071,-97.635701
"2173","9717 PETRICHOR BLVD","GREEN BUILDING new 2-story SFR 3 bedroom 2.5 bathrooms attached garage and covered patio
ROW is Travis County permitted","9717 PETRICHOR BOULEVARD",30.293034,-97.549947
"2174","4620 CRESTWAY DR","New 1-story 4 bedroom 5 bathroom single family residence with attached garage and covered porches. 

10-14-25 JM - Sprinkler was added to structure. AFD inspections required.","4620 CRESTWAY DRIVE",30.330799,-97.766541
"2175","10804 HERMOSILLO DR","BLDG 11 - UNIT C (UNIT 1011 - 1021 1047 - 1052) WILL HAVE A 2 CAR GARAGE 3 BEDROOMS 3 FULL BATHROOMS 1 HALF BATH AND A BALCONY.","10804 HERMOSILLO DRIVE",30.383719,-97.702005
"2176","10802 HERMOSILLO DR","BLDG 10 - UNIT C (UNIT 1011 - 1021 1047 - 1052) WILL HAVE A 2 CAR GARAGE 3 BEDROOMS 3 FULL BATHROOMS 1 HALF BATH AND A BALCONY.","10802 HERMOSILLO DRIVE",30.383649,-97.702049
"2177","10809 HERMOSILLO DR","BLDG 7 - UNIT A (UNIT 1001 - 1007) WILL HAVE A 2 CAR GARAGE 3 BEDROOMS 3 FULL BATHROOMS AND A ROOF TOP PATIO.","10809 HERMOSILLO DRIVE",30.383763,-97.701742
"2178","10805 HERMOSILLO DR","BLDG 8 - UNIT A TRIPLEX (UNIT 1008-10101044-1046) EACH UNIT WILL HAVE A 2 CAR GARAGE 3 BEDROOMS 3 FULL BATHROOMS AND A ROOF TOP PATIO.","10805 HERMOSILLO DRIVE",30.383626,-97.701832
"2179","10713 DESERT TRL","BLDG 32 - UNIT A TRIPLEX (UNIT 1008-10101044-1046) EACH UNIT WILL HAVE A 2 CAR GARAGE 3 BEDROOMS 3 FULL BATHROOMS AND A ROOF TOP PATIO.","10713 DESERT TRAIL",30.3827,-97.702657
"2180","10800 HERMOSILLO DR","BLDG 9 - UNIT C (UNIT 1011 - 1021 1047 - 1052) WILL HAVE A 2 CAR GARAGE 3 BEDROOMS 3 FULL BATHROOMS 1 HALF BATH AND A BALCONY.","10800 HERMOSILLO DRIVE",30.383582,-97.702088
"2181","10807 HERMOSILLO DR","BLDG 8 - UNIT A TRIPLEX (UNIT 1008-10101044-1046) EACH UNIT WILL HAVE A 2 CAR GARAGE 3 BEDROOMS 3 FULL BATHROOMS AND A ROOF TOP PATIO.","10807 HERMOSILLO DRIVE",30.383681,-97.701792
"2182","10715 DESERT TRL","BLDG 32 - UNIT A TRIPLEX (UNIT 1008-10101044-1046) EACH UNIT WILL HAVE A 2 CAR GARAGE 3 BEDROOMS 3 FULL BATHROOMS AND A ROOF TOP PATIO.","10715 DESERT TRAIL",30.382757,-97.702628
"2183","5033 E MARTIN LUTHER KING JR BLVD","New construction single-family residential 2-story 2 bedroom 2.5 bath with attached 1-car carport covered front porch and uncovered 2nd-floor roof deck.","5033 EAST MARTIN LUTHER KING JR BOULEVARD",30.286146,-97.67738
"2184","10811 HERMOSILLO DR","BLDG 6 - UNIT A (UNIT 1001 - 1007) WILL HAVE A 2 CAR GARAGE 3 BEDROOMS 3 FULL BATHROOMS AND A ROOF TOP PATIO.","10811 HERMOSILLO DRIVE",30.383836,-97.701695
"2185","10711 DESERT TRL","BLDG 32 - UNIT A TRIPLEX (UNIT 1008-10101044-1046) EACH UNIT WILL HAVE A 2 CAR GARAGE 3 BEDROOMS 3 FULL BATHROOMS AND A ROOF TOP PATIO.","10711 DESERT TRAIL",30.38264,-97.702684
"2186","10816 HERMOSILLO DR","BLDG 14 - UNIT C (UNIT 1011 - 1021 1047 - 1052) WILL HAVE A 2 CAR GARAGE 3 BEDROOMS 3 FULL BATHROOMS 1 HALF BATH AND A BALCONY.","10816 HERMOSILLO DRIVE",30.384121,-97.701754
"2187","10814 HERMOSILLO DR","BLDG 13 - UNIT C (UNIT 1011 - 1021 1047 - 1052) WILL HAVE A 2 CAR GARAGE 3 BEDROOMS 3 FULL BATHROOMS 1 HALF BATH AND A BALCONY.","10814 HERMOSILLO DRIVE",30.384056,-97.701793
"2188","1504 ARID WAY","BLDG 18 - UNIT C (UNIT 1011 - 1021 1047 - 1052) WILL HAVE A 2-CAR GARAGE 3 BEDROOMS 3 FULL BATHROOMS 1 HALF BATH AND A BALCONY.","1504 ARID WAY",30.383981,-97.702078
"2189","1500 OBREGON ST","BLDG 33 - UNIT C (UNIT 1011 - 1021 1047 - 1052) WILL HAVE A 2 CAR GARAGE 3 BEDROOMS 3 FULL BATHROOMS 1 HALF BATH AND A BALCONY.","1500 OBREGON STREET",30.382555,-97.702688
"2190","10803 HERMOSILLO DR","BLDG 8 - UNIT A TRIPLEX (UNIT 1008-10101044-1046) EACH UNIT WILL HAVE A 2 CAR GARAGE 3 BEDROOMS 3 FULL BATHROOMS AND A ROOF TOP PATIO.","10803 HERMOSILLO DRIVE",30.383568,-97.701862
"2191","10821 DESERT TRL","BLDG 16 - UNIT C (UNIT 1011 - 1021 1047 - 1052) WILL HAVE A 2 CAR GARAGE 3 BEDROOMS 3 FULL BATHROOMS 1 HALF BATH AND A BALCONY.","10821 DESERT TRAIL",30.384151,-97.70199
"2192","1502 OBREGON ST","BLDG 34 - UNIT C (UNIT 1011 - 1021 1047 - 1052) WILL HAVE A 2 CAR GARAGE 3 BEDROOMS 3 FULL BATHROOMS 1 HALF BATH AND A BALCONY.","1502 OBREGON STREET",30.38258,-97.702771
"2193","1502 ARID WAY","BLDG 19 - UNIT C (UNIT 1011 - 1021 1047 - 1052) WILL HAVE A 2 CAR GARAGE 3 BEDROOMS 3 FULL BATHROOMS 1 HALF BATH AND A BALCONY.","1502 ARID WAY",30.383935,-97.702013
"2194","1500 ARID WAY","BLDG 12 - UNIT C (UNIT 1011 - 1021 1047 - 1052) WILL HAVE A 2 CAR GARAGE 3 BEDROOMS 3 FULL BATHROOMS 1 HALF BATH AND A BALCONY.","1500 ARID WAY",30.383896,-97.701918
"2195","1602 WEBBERVILLE RD","New 2-story Duplex with covered porches 8/8","1602 WEBBERVILLE ROAD",30.280527,-97.679644
"2196","200 W 56TH ST UNIT 8104","Bldg #8 Unit 8104 2-Story townhome 3 bed/3 bath with attached garage","200 WEST 56TH STREET UNIT 8104",30.322371,-97.721158
"2197","4209 PREVAIL LN","New Construction of Multi Family 2 units with Attached Garage","4209 PREVAIL LANE",30.315992,-97.753626
"2198","200 W 56TH ST UNIT 8101","Bldg #8 Unit 8101 2-Story townhome 3 bed/3 bath with attached garage","200 WEST 56TH STREET UNIT 8101",30.322371,-97.721158
"2199","200 W 56TH ST UNIT 8103","Bldg #8 Unit 8103 2-Story townhome 3 bed/3 bath with attached garage","200 WEST 56TH STREET UNIT 8103",30.322371,-97.721158
"2200","200 W 56TH ST UNIT 8102","Bldg #8 Unit 8102 2-Story townhome 3 bed/3 bath with attached garage","200 WEST 56TH STREET UNIT 8102",30.322371,-97.721158
"2201","10717 DESERT TRL","BLDG 31 - UNIT B (UNIT 1043) WILL HAVE A 1 CAR GARAGE 1 CARPORT 3 BEDROOMS 2 FULL BATHROOMS AND A HALF BATH.","10717 DESERT TRAIL",30.382904,-97.702621
"2202","10810 DESERT TRL","BLDG 24 - Sonora UNIT D (UNIT 1031) WILL HAVE A 2 CAR GARAGE 3 BEDROOMS 3.5BATHROOMS AND A BALCONY.","10810 DESERT TRAIL",30.383912,-97.702334
"2203","10804 DESERT TRL","BLDG 23 - Sonora UNIT D (UNIT 1028) WILL HAVE A 2 CAR GARAGE 3 BEDROOMS 3.5BATHROOMS AND A BALCONY.","10804 DESERT TRAIL",30.383765,-97.702429
"2204","10812 DESERT TRL","BLDG 25 - Sonora UNIT D (UNIT 1032) WILL HAVE A 2 CAR GARAGE 3 BEDROOMS 3.5BATHROOMS AND A BALCONY.","10812 DESERT TRAIL",30.383978,-97.702292
"2205","10807 DESERT TRL","UNIT C DUPLEX - UNIT 1023 - EACH UNIT WILL HAVE A 2 CAR GARAGE 3 BEDROOMS 3 FULL BATHROOMS 1 HALF BATH AND A BALCONY.","10807 DESERT TRAIL",30.383743,-97.702211
"2206","10816 DESERT TRL","BLDG 26 - Sonora UNIT D (UNIT 1034) WILL HAVE A 2 CAR GARAGE 3 BEDROOMS 3.5BATHROOMS AND A BALCONY.","10816 DESERT TRAIL",30.384086,-97.702228
"2207","10822 DESERT TRL","BLDG 27 - Sonora UNIT D (UNIT 1036) WILL HAVE A 2 CAR GARAGE 3 BEDROOMS 3.5BATHROOMS AND A BALCONY","10822 DESERT TRAIL",30.384237,-97.702132
"2208","10814 DESERT TRL","BLDG 25 - Sonora UNIT D (UNIT 1033) WILL HAVE A 2 CAR GARAGE 3 BEDROOMS 3.5BATHROOMS AND A BALCONY.","10814 DESERT TRAIL",30.384026,-97.70227
"2209","10808 DESERT TRL","BLDG 24 - Sonora UNIT D (UNIT 1030) WILL HAVE A 2 CAR GARAGE 3 BEDROOMS 3.5BATHROOMS AND A BALCONY.","10808 DESERT TRAIL",30.383872,-97.702365
"2210","1501 OBREGON ST","BLDG 35 - UNIT C (UNIT 1049) WILL HAVE A 2 CAR GARAGE 3 BEDROOMS 3 FULL BATHROOMS 1 HALF BATH AND A BALCONY.","1501 OBREGON STREET",30.382366,-97.702802
"2211","10824 DESERT TRL","BLDG 28 - UNIT D (UNIT 1038) WILL HAVE A 2 CAR GARAGE 3 BEDROOMS 3.5BATHROOMS AND A BALCONY.","10824 DESERT TRAIL",30.384299,-97.702092
"2212","10809 DESERT TRL","BLDG 20 - UNIT C DUPLEX (UNIT 1022) WILL HAVE A 2 CAR GARAGE 3 BEDROOMS 3 FULL BATHROOMS 1 HALF BATH AND A BALCONY.","10809 DESERT TRAIL",30.383805,-97.70218
"2213","10818 DESERT TRL","BLDG 26 - Sonora UNIT D (UNIT 1035) WILL HAVE A 2 CAR GARAGE 3 BEDROOMS 3.5BATHROOMS AND A BALCONY.","10818 DESERT TRAIL",30.384125,-97.702199
"2214","10830 DESERT TRL","UNIT D - 1041 - WILL HAVE A 2 CAR GARAGE 3 BEDROOMS 3.5BATHROOMS AND A BALCONY.","10830 DESERT TRAIL",30.384453,-97.701997
"2215","1503 OBREGON ST","BLDG 36 - UNIT C (UNIT 1050) WILL HAVE A 2 CAR GARAGE 3 BEDROOMS 3 FULL BATHROOMS 1 HALF BATH AND A BALCONY.","1503 OBREGON STREET",30.382402,-97.702888
"2216","10803 DESERT TRL","UNIT C DUPLEX - UNITS 1025 - WILL HAVE A 2 CAR GARAGE 3 BEDROOMS 3 FULL BATHROOMS 1 HALF BATH AND A BALCONY.","10803 DESERT TRAIL",30.383623,-97.702287
"2217","10805 DESERT TRL","BLDG 21 - UNIT C DUPLEX (UNIT 1024) WILL HAVE A 2 CAR GARAGE 3 BEDROOMS 3 FULL BATHROOMS 1 HALF BATH AND A BALCONY.","10805 DESERT TRAIL",30.383688,-97.702259
"2218","10828 DESERT TRL","BLDG 29 - UNIT D 1040 WILL HAVE A 2 CAR GARAGE 3 BEDROOMS 3.5BATHROOMS AND A BALCONY.","10828 DESERT TRAIL",30.384409,-97.702025
"2219","10800 DESERT TRL","BLDG 22 - UNIT D (UNIT 1026) WILL HAVE A 2 CAR GARAGE 3 BEDROOMS 3.5BATHROOMS AND A BALCONY.","10800 DESERT TRAIL",30.383656,-97.702493
"2220","10826 DESERT TRL","UNIT D - 1039 - WILL HAVE A 2 CAR GARAGE 3 BEDROOMS 3.5BATHROOMS AND A BALCONY.","10826 DESERT TRAIL",30.384355,-97.702072
"2221","1500 SANTAL PASS","BLDG 38 - UNIT C (UNIT 1011 - 1021 1047 - 1052) WILL HAVE A 2 CAR GARAGE 3 BEDROOMS 3 FULL BATHROOMS 1 HALF BATH AND A BALCONY.","1500 SANTAL PASS",30.382301,-97.702814
"2222","10820 DESERT TRL","BLDG 27 - Sonora UNIT D (UNIT 1036) WILL HAVE A 2 CAR GARAGE 3 BEDROOMS 3.5BATHROOMS AND A BALCONY.","10820 DESERT TRAIL",30.384198,-97.702166
"2223","10802 DESERT TRL","BLDG 22 - UNIT D (UNIT 1027) WILL HAVE A 2 CAR GARAGE 3 BEDROOMS 3.5BATHROOMS AND A BALCONY.","10802 DESERT TRAIL",30.383705,-97.702467
"2224","1504 SANTAL PASS","BLDG 37 - UNIT C (UNIT 1011 - 1021 1047 - 1052) WILL HAVE A 2 CAR GARAGE 3 BEDROOMS 3 FULL BATHROOMS 1 HALF BATH AND A BALCONY.","1504 SANTAL PASS",30.382336,-97.702912
"2225","10806 DESERT TRL","BLDG 23 - Sonora UNIT D (UNIT 1029) WILL HAVE A 2 CAR GARAGE 3 BEDROOMS 3.5BATHROOMS AND A BALCONY.","10806 DESERT TRAIL",30.383807,-97.7024
"2226","2816 SAN PEDRO ST","ePlan: Commercial Expedited Review - New Construction 4 Plex. (4 units - 9807 sf.).","2816 SAN PEDRO STREET",30.294788,-97.745956
"2227","2800 PEARL STREET","ePlan: Commercial Expedited Review - New Construction 4 plex (4 units - 2071.4).","2800 PEARL STREET",30.294873,-97.746195
"2228","10721 DESERT TRL","BLDG 30 - UNIT B (UNIT 1042) WILL HAVE A 1 CAR GARAGE 1 CARPORT 3 BEDROOMS 2 FULL BATHROOMS AND A HALF BATH.","10721 DESERT TRAIL",30.383068,-97.702544
"2229","1308 E M FRANKLIN AVE","New 1 Story Manufactured home with 2/2

REVISION Applicant has opted to place a Manufactured Home on the lot as opposed to construction the 2-story home.","1308 EAST M FRANKLIN AVE",30.279416,-97.695111
"2230","1706 REDD ST","ePlan: Residential Expedited Review - New construction of a Secondary 2-Story Single-Family Res. [3bed 2bath]","1706 REDD STREET",30.22707,-97.786438
"2231","2704 ESTONIA PATH","New 3-story condo SFR (4br/4.5ba) with attached garage","2704 ESTONIA PATH",30.222302,-97.723038
"2232","4901 MELLER GDNS","New 3-story condo SFR (3br/3.5ba) with attached garage","4901 MELLER GDNS",30.222553,-97.722929
"2233","4903 MELLER GDNS","New 3-story condo SFR (3br/3.5ba) with attached garage *PRODUCTION BUILDER- CONDO*","4903 MELLER GDNS",30.2225,-97.722871
"2234","1819 TILLERY ST","ePlan: Residential Expedited Review - New construction of a 3-Story Single Family Res. [3bed 3.5bath] with attached garage. 1819 Tillery St.","1819 TILLERY STREET",30.28236,-97.701514
"2235","1817 TILLERY ST","ePlan: Residential Expedited Review - New construction of a 3-Story Single Family Res. [3bed 3.5bath] with attached garage.
1817 Tillery St.","1817 TILLERY STREET",30.282292,-97.701491
"2236","1304 DUSKY THRUSH TRL","New 2 Story SFR 5 bed 4 bath with attached garage front covered porch and rear covered patio. Existing driveway to remain","1304 DUSKY THRUSH TRAIL",30.271754,-97.806479
"2237","2300 ENFIELD RD UNIT 306","Unit #306 New 3-story Condominium Residence with attached garage covered porch and patio.  *CONDOMINIUM RESIDENCE","2300 ENFIELD ROAD UNIT 306",30.28799,-97.767294
"2238","85 LLANO ST","New 2 story Residence with attached carport. 3/2.5","85 LLANO STREET",30.252114,-97.714573
"2239","16612 WIND CHIME DR","16612 Wind Chime Drive - Crockett 1489-S-L New 1-story single-family residence with (3) bedrooms (2) bathrooms attached 2 car garage covered entry porch and patio","16612 WIND CHIME DRIVE",30.294593,-97.551813
"2240","17000 WIND CHIME DR","17000 Wind Chime Drive - Kendall 1841-S-L New 1-story single-family residence with (4) bedrooms (2) bathrooms attached 2 car garage covered entry porch and patio","17000 WIND CHIME DRIVE",30.295045,-97.548923
"2241","16916 WIND CHIME DR","16916 Wind Chime Drive - Bowie 1403-S-R New 1-story single-family residence with (3) bedrooms (2) bathrooms attached 2 car garage covered entry porch and patio","16916 WIND CHIME DRIVE",30.295039,-97.549097
"2242","409 KREBS LN","Expedited Review: New Construction of a 2-Story Single Family Res [4bed 3.5bath] with attached Garage.","409 KREBS LANE",30.22673,-97.766713
"2243","5306 GROVER AVE","New construction of 2 story SFR 4 bed 3 bath with attached carport and garage rear covered patio and rear covered wood deck","5306 GROVER AVE",30.323868,-97.73389
"2244","200 W 56TH ST BLDG 5 UNIT 5104","Unit 5104. New 2-story 3 bedroom 3 bathroom townhome residence w/ attached garage.","200 WEST 56TH STREET UNIT 5104",30.322371,-97.721158
"2245","200 W 56TH ST BLDG 5 UNIT 5103","Unit 5103. New 2-story 3 bedroom 3 bathroom townhome residence w/ attached garage.","200 WEST 56TH STREET UNIT 5103",30.322371,-97.721158
"2246","200 W 56TH ST BLDG 5 UNIT 5102","Unit 5102. New 2-story 3 bedroom 3 bathroom townhome residence w/ attached garage.","200 WEST 56TH STREET UNIT 5102",30.322371,-97.721158
"2247","200 W 56TH ST BLDG 5 UNIT 5101","Unit 5101. New 2-story 3 bedroom 3 bathroom townhome residence w/ attached garage.","200 WEST 56TH STREET UNIT 5101",30.322371,-97.721158
"2248","1170 1/2 SAN BERNARD ST--UNIT 1B","ePlan: Residential Expedited Review - New construction of a 2-Story Duplex [3bed 2.5bath] with attached Carport Bldg 1 Unit 1B","1170 1/2 SAN BERNARD STREET UNIT 1B",30.270337,-97.726362
"2249","1170 1/2 SAN BERNARD ST--BLDG 2","ePlan: Residential Expedited Review - New construction of a 2-Story Single Family Res. [3bed 2.5bath] with attached Carport Bldg 2","1170 1/2 SAN BERNARD STREET BLDG 2",30.270337,-97.726362
"2250","1170 1/2 SAN BERNARD ST--UNIT 1A","ePlan: Residential Expedited Review - New construction of a 3-Story Duplex [3bed 3bath] with attached Carport Bldg 1 Unit 1A","1170 1/2 SAN BERNARD STREET UNIT 1A",30.270337,-97.726362
"2251","7516 NORTHCREST BLVD BLDG 2","Expedited Review - New Construction of a 2-Story Secondary Apartment [2bed 2bath]","7516 NORTHCREST BOULEVARD BLDG 2",30.340222,-97.709321
"2252","3607 ROBBINS RD","ePlan: Residential Expedited Review - New construction of an 2-Story Single-Family Res. [5bed 5.5bath]  with attached/detached Garage/Carport.","3607 ROBBINS ROAD",30.340741,-97.816881
"2253","3900 BONNELL DR","ePlan: Residential Expedited Review - New construction of a 3-Story Single-Family Res. [6bed 6bath] with attached Garage.","3900 BONNELL DRIVE",30.321363,-97.772338
"2254","2601 LANSBURY DR BLDG 2","New 1-story dwelling unit 1 bed/1 bath craft room and screened in porch","2601 LANSBURY DRIVE BLDG 2",30.307121,-97.683246
"2255","10910 HILLSIDE OAK LN BLDG 2","Retroactively permit 1-story 1 bedroom 1 bathroom dwelling unit.","10910 HILLSIDE OAK LANE BLDG 2",30.461553,-97.807095
"2256","3604 TOM MILLER ST","2-Unit use: New construction single-family residential 2-story 4 bedroom 3.5 bath with attached 2-car garage covered front porch covered rear patio and 2nd story balcony.","3604 TOM MILLER STREET",30.291437,-97.691231
"2257","3604 TOM MILLER ST UNIT B","2 Unit use: New construction single family residential 2-story 1 bedroom 1 bath with attached 1-car carport and covered patio.","3604 TOM MILLER STREET UNIT B",30.291437,-97.691231
"2258","6311 WALNUT HILLS DR BLDG 2","Res. Expedited Review: New construction of UNIT 2 as MODULAR 3-Story [3bed 2.5bath] on a THREE-UNIT RES. LOT.","6311 WALNUT HILLS DRIVE BLDG 2",30.310661,-97.676225
"2259","1311 CASEY ST","Expedited Review - New construction of a 2-story duplex [6bed 7bath] with habitable attic 1-car attached garage and 1-car carport.","1311 CASEY STREET",30.225728,-97.781796
"2260","1009 KAREN AVE","New 2-Story SFR 4 Bed/3.5 Bath attached garage covered porches and deck","1009 KAREN AVE",30.334386,-97.724712
"2261","1201 AZIE MORTON RD BLDG 3","ePlan: Residential Expedited Review - New construction of a 3-Story Single Family Res. [4bed 3.5bath] with attached Garage. Bldg 3.","1201 AZIE MORTON ROAD BLDG 3",30.259151,-97.77174
"2262","6311 WALNUT HILLS DR BLDG 1","Res. Expedited Review: New construction of UNIT 1 as MODULAR 3-Story [3bed 2.5bath] on a THREE-UNIT RES. LOT.","6311 WALNUT HILLS DRIVE BLDG 1",30.310661,-97.676225
"2263","1201 AZIE MORTON RD BLDG 1","ePlan: Residential Expedited Review - New construction of a 3-Story Single Family Res. [4bed 3.5bath] with attached Garage. Bldg 1.

New 85sqft Pool 1. Bldg 1. (Unit A)
New 54sqft Pool 2. Bldg 2. (Unit B)
New 131sqft Pool 3. Bldg 3. (Unit C)","1201 AZIE MORTON ROAD BLDG 1",30.259151,-97.77174
"2264","6311 WALNUT HILLS DR BLDG 3","Res. Expedited Review: New construction of UNIT 3 as MODULAR 3-Story [3bed 2.5bath] on a THREE-UNIT RES. LOT.","6311 WALNUT HILLS DRIVE BLDG 3",30.310661,-97.676225
"2265","1201 AZIE MORTON RD BLDG 2","ePlan: Residential Expedited Review - New construction of a 3-Story Single Family Res. [4bed 3.5bath] with attached Garage. Bldg 2.","1201 AZIE MORTON ROAD BLDG 2",30.259151,-97.77174
"2266","6309 WALNUT HILLS DR BLDG 2","UNIT 2 3-Story [3bed 2.5bath]","6309 WALNUT HILLS DRIVE BLDG 2",30.310501,-97.676234
"2267","6309 WALNUT HILLS DR BLDG 3","UNIT 3 3-Story [3bed 2.5bath]","6309 WALNUT HILLS DRIVE BLDG 3",30.310501,-97.676234
"2268","2904 OAK PARK DR","Expedited Review - New Construction of a 2-Story Single Family Res. [4bed 3bath] with attached 2-car Garage.","2904 OAK PARK DRIVE",30.248061,-97.786241
"2269","6309 WALNUT HILLS DR BLDG 1","ePlan: Residential Expedited Review - New construction of a UNIT 1 3-Story [3bed 2.5bath]","6309 WALNUT HILLS DRIVE BLDG 1",30.310501,-97.676234
"2270","1136 POQUITO ST--UNIT B","New construction of two family building duplex - Unit B","1136 POQUITO STREET UNIT B",30.268215,-97.717474
"2271","1138 POQUITO ST--UNIT B","*SMART Housing* *Green Building* New 2-story 6 bedroom 4 bathroom duplex condo residence with covered porches. Unit B of duplex will consist of 3 bedrooms and 2 bathrooms.","1138 POQUITO STREET UNIT B",30.268372,-97.717544
"2272","1138 POQUITO ST--UNIT A","*SMART Housing* *Green Building* New 2-story 6 bedroom 4 bathroom duplex condo residence with covered porches. Unit A of duplex will consist of 3 bedrooms and 2 bathrooms.","1138 POQUITO STREET UNIT A",30.268372,-97.717544
"2273","1144 POQUITO ST UNIT B","Smart Housing Duplex Unit B New 2-Story 3 Bed/2 Bath with covered porch","1144 POQUITO STREET UNIT B",30.268814,-97.717582
"2274","1146 POQUITO ST--UNIT A","*SMART Housing* *Green Building* New 2-story 6 bedroom 4 bathroom duplex condo residence with covered porches. Unit A of duplex will consist of 3 bedrooms and 2 bathrooms.","1146 POQUITO STREET UNIT A",30.268985,-97.717624
"2275","1136 POQUITO ST--UNIT A","New construction of two family building duplex. Unit A","1136 POQUITO STREET UNIT A",30.268215,-97.717474
"2276","8507 WALHILL CV","Expedited Review - New construction of an 2-Story Single-Family Res. [5bed 4bath] with attached Garage.","8507 WALHILL CV",30.382048,-97.755507
"2277","1144 POQUITO ST--UNIT A","Smart Housing Duplex Unit A New 2-Story 3 Bed/2 Bath with covered porch","1144 POQUITO STREET UNIT A",30.268814,-97.717582
"2278","1142 POQUITO ST--UNIT A","*SMART Housing* *Green Building* New 2-story 6 bedroom 4 bathroom duplex condo residence with covered porches. Unit A of duplex will consist of 3 bedrooms and 2 bathrooms.","1142 POQUITO STREET UNIT A",30.268667,-97.717525
"2279","1140 POQUITO ST--UNIT A","*SMART Housing* *Green Building* New 2-story 6 bedroom 4 bathroom duplex condo residence with covered porches. Unit A of duplex will consist of 3 bedrooms and 2 bathrooms.","1140 POQUITO STREET UNIT A",30.26852,-97.717515
"2280","1140 POQUITO ST--UNIT B","*SMART Housing* *Green Building* New 2-story 6 bedroom 4 bathroom duplex condo residence with covered porches. Unit B of duplex will consist of 3 bedrooms and 2 bathrooms.","1140 POQUITO STREET UNIT B",30.26852,-97.717515
"2281","1142 POQUITO ST--UNIT B","*SMART Housing* *Green Building* New 2-story 6 bedroom 4 bathroom duplex condo residence with covered porches. Unit B of duplex will consist of 3 bedrooms and 2 bathrooms.","1142 POQUITO STREET UNIT B",30.268667,-97.717525
"2282","1146 POQUITO ST--UNIT B","*SMART Housing* *Green Building* New 2-story 6 bedroom 4 bathroom duplex condo residence with covered porches. Unit B of duplex will consist of 3 bedrooms and 2 bathrooms.","1146 POQUITO STREET UNIT B",30.268985,-97.717624
"2283","2319 CYPRESS POINT EAST","Expedited Review - New Construction of a 2-Story Single Family Res. [5bed 7bath] with basement and attached Garage.-Permit voided as a result of disannexation effective September 9 2024. See Ordinance No. 20240829-163.","2319 CYPRESS POINT EAST",30.277301,-97.843265
"2284","6300 MOUNTAIN PARK CV BLDG 2","New dwelling with deck","6300 MOUNTAIN PARK CV BLDG 2",30.35861,-97.785802
"2285","5717 LOST HORIZON DR BLDG 7","New condo 3 bed 2.5 bath with attached garage","5717 LOST HORIZON DRIVE BLDG 7",30.401326,-97.763411
"2286","8111 BRETTONWOODS LN UNIT B","*Change of Use* Attaching existing detached structure to rear/side of existing 2-story single family residence to create a duplex. New attached duplex unit will contain a family room kitchen bedroom bathroom and loft.","8111 BRETTONWOODS LANE UNIT B",30.341611,-97.691636
"2287","1502 HILLMONT ST UNIT B","New construction attached 2-unit use single family residential 2-Story garage apartment to include: 1 bedroom 1 bath with covered front porch and stairs (1st floor) and balcony.","1502 HILLMONT STREET UNIT B",30.260589,-97.760649
"2288","81 WALLER ST","New construction single family residential 1-story 2 bedroom 2 bath with covered front porch.","81 WALLER STREET",30.258431,-97.733047
"2289","1502 HILLMONT ST UNIT A","New construction two-unit residential 3-story 3 bedroom w/ office 2.5 bath with attached 2-car garage rear covered patio uncovered wood deck 2nd floor covered deck and 3rd floor uncovered deck;","1502 HILLMONT STREET UNIT A",30.260589,-97.760649
"2290","200 W 56TH ST UNIT 2104","Unit 2104: New construction single family residential 2-story 3 bedroom 3 bath with attached 2-car garage.","200 WEST 56TH STREET UNIT 2104",30.322371,-97.721158
"2291","200 W 56TH ST UNIT 2102","Unit 2102: New construction single family residential 2-story 3 bedroom 3 bath with attached 2-car garage.","200 WEST 56TH STREET UNIT 2102",30.322371,-97.721158
"2292","200 W 56TH ST UNIT 2103","Unit 2103: New construction single family residential 2-story 3 bedroom 3 bath with attached 2-car garage.","200 WEST 56TH STREET UNIT 2103",30.322371,-97.721158
"2293","200 W 56TH ST UNIT 2101","Unit 2101: New construction single family residential 2-story 3 bedroom 3 bath with attached 2-car garage.","200 WEST 56TH STREET UNIT 2101",30.322371,-97.721158
"2294","200 W 56TH ST UNIT 1104","Unit 1104: New construction single family residential 2-story 3 bedroom 3 bath with attached 2-car garage.","200 WEST 56TH STREET UNIT 1104",30.322371,-97.721158
"2295","200 W 56TH ST UNIT 1103","Unit 1103: New construction single family residential 2-story 3 bedroom 3 bath with attached 2-car garage.","200 WEST 56TH STREET UNIT 1103",30.322371,-97.721158
"2296","200 W 56TH ST UNIT 1102","Unit 1102: New construction single family residential 2-story 3 bedroom 3 bath with attached 2-car garage.","200 WEST 56TH STREET UNIT 1102",30.322371,-97.721158
"2297","5519 JACKIE ROBINSON ST","Unit 01 - New two-story detached single family residence. (2) bedroom (2.5) bathrooms attached 1 car garage. Floor plan type: The Roosevelt A-L-Elevation Option 1. Building Height 25ft-1/4in. Maximum Height 30ft. Required Parking: 2.","5519 JACKIE ROBINSON STREET",30.2762,-97.677362
"2298","200 W 56TH ST UNIT 1101","Unit 1101: New construction single family residential 2-story 3 bedroom 3 bath with attached 2-car garage.","200 WEST 56TH STREET UNIT 1101",30.322371,-97.721158
"2299","204 PECAN DR BLDG 1","Bldg 1(front building): New 2-Story [3bed 2.5bath] with attached Garage. Part of 3-unit use.","204 PECAN DRIVE BLDG 1",30.352514,-97.698475
"2300","12615 LYNDON DR","ePlan: Residential Expedited Review - New construction of a 3-Story Single-Family Res. [7bed 7.5bath] with attached Garage.","12615 LYNDON DRIVE",30.391129,-97.882482
"2301","4806 CARSONHILL DR BLDG 2","New 1-story 1 bedroom 2 bathroom dwelling unit.","4806 CARSONHILL DRIVE BLDG 2",30.289584,-97.675797
"2302","3401 BURLESON RD BLDG 2","New 1-story 3 bedroom 2 bathroom manufactured home.","3401 BURLESON ROAD BLDG 2",30.217402,-97.733499
"2303","107 LITTLE WALNUT DR UNIT B","107 Little Walnut Dr Unit B (east unit). New 3-story modular duplex unit  2.5 bathroom  covered porch attached 1-car garage.  Part of 3-unit residential use.","107 LITTLE WALNUT DRIVE UNIT B",30.352743,-97.698528
"2304","107 LITTLE WALNUT DR UNIT A","107 Little Walnut Dr Unit A (west unit) new 3-story modular duplex unit .  Part of 3-unit residential use.","107 LITTLE WALNUT DRIVE UNIT A",30.352743,-97.698528
"2305","200 PECAN DR","200 Pecan Dr  New 2 story detached modular residence 4 bedroom 3 bathroom attached garage.  Part of 3- unit use.","200 PECAN DRIVE",30.352648,-97.698715
"2306","3805 ROCKLEDGE DR BLDG 2","ePlan: Residential Expedited Review - New construction of a TWO RES. UNIT 2  2-Story [5bed 4.5bath] with attached Garage","3805 ROCKLEDGE DRIVE BLDG 2",30.353737,-97.761854
"2307","3805 ROCKLEDGE DR BLDG 1","ePlan: Residential Expedited Review - New construction of a TWO RES. UNIT 1 2-Story [5bed 4.5bath] with attached Garage","3805 ROCKLEDGE DRIVE BLDG 1",30.353737,-97.761854
"2308","613 E 50TH ST BLDG 1","Permitting of addition to main house","613 EAST 50TH STREET BLDG 1",30.312083,-97.718883
"2309","1708 CORONA DR","new 1-story single-family res with 2 bedroom 3 bathrooms attached garage covered patio","1708 CORONA DRIVE",30.308144,-97.694831
"2310","613 E 50TH ST BLDG 2","Building 2 New Two Story Single Family House to the rear of Main house","613 EAST 50TH STREET BLDG 2",30.312083,-97.718883
"2311","1315 W ST JOHNS AVE","Expedited Review - New Construction of a 2-Story Single Family Res. [3bed 4.5bath]","1315 WEST STREET JOHNS AVE",30.341931,-97.725303
"2312","400 BRADY LN","ePlan: Residential Expedited Review - New construction of an 2-Story Single-Family Res. [4bed 5.5bath]  with attached Garage and Pool.","400 BRADY LANE",30.280926,-97.789911
"2313","3606 FALL TRL BLDG 2","New semi-attached garage & garage apartment (1 bedroom balcony 1 bath & sink outside bathroom)","3606 FALL TRAIL BLDG 2",30.318696,-97.772795
"2314","3606 FALL TRL","ePlan: Residential Expedited Review - New construction of an 2-Story Single-Family Res. [bed bath] with Accessary Structure above detached Garage and (Autofill/Heated) Pool.","3606 FALL TRAIL",30.318696,-97.772795
"2315","2611 OAK CREST AVE","*HOME* New construction two-unit residential 2-story duplex 3 bedroom (both units) 2.5 bath (both units) with attached 1-car garage (both units) covered front porch (both units) and uncovered rear wood deck (both units).","2611 OAK CREST AVE",30.239421,-97.764145
"2316","1001 JEWELL ST","New 2 story unit with 4 bedrooms 3.5 bathrooms. 


REVISION: Remove the basement from the application and update the calculation aids along with the final Building/ Impervious coverage precents.","1001 JEWELL STREET",30.252024,-97.759965
"2317","803 RIVER RD","New 2-story SFR w/crawspace with attached garage and covered porch 5/5.5","803 RIVER ROAD",30.342033,-97.930919
"2318","3705 LAGOOD DR","New 2-story SFR 4 bed 4.5 bath with attached garage with rear covered patio and rear balcony","3705 LAGOOD DRIVE",30.36074,-97.855269
"2319","2001 S 1ST ST","ePlan: Expedited Review -  New Construction Single (1) Apartment in Garage (Below podium) 853 sf. Contians Maintenance and Bike Storage.","2001 SOUTH 1ST STREET",30.245596,-97.756923
"2320","4311 SHADOW OAK LN","Expedited Review: Existing Guest Res to remain; no work to be done. New construction of a 2-Story Res [3bed 5.5bath] with attached 3-Car Garage.","4311 SHADOW OAK LANE",30.334742,-97.78631
"2321","5401 MC CANDLESS ST","New garage with apartment and a pre-manufactured pool inside the building","5401 MC CANDLESS STREET",30.323076,-97.730165
"2322","1007 E 15TH ST BLDG 3","Expedited Review :  Bldg 3 ; southeast building.  New construction of 3-Story [3bed 4bath] with attached Carport.   Property to become 3-unit residential per 2024 phase 1 Home ordinance.","1007 EAST 15TH STREET BLDG 3",30.275226,-97.72892
"2323","1719 CHANNEL RD","New 2-Story SFR with attached garage and covered porch 5/8","1719 CHANNEL ROAD",30.342417,-97.79078
"2324","2000 RIVERSIDE FARMS RD","Building 22 Unit 22101  Unit 22102  2 story duplex   4/5","2000 RIVERSIDE FARMS ROAD",30.230072,-97.71493
"2325","2000 RIVERSIDE FARMS RD BLDG 18","Bldg 18: Unit 18101 & 12102; New construction two family residential duplex 2-story 2 bedroom (both units) 2.5 bath (both units) with attached 1-car garage (both units) and 2nd story balcony (both units).","2000 RIVERSIDE FARMS ROAD BLDG 18",30.230072,-97.71493
"2326","5304 PALO BLANCO LN","New 1-story 3 bedroom 2 bathroom secondary dwelling unit.","5304 PALO BLANCO LANE",30.197164,-97.748582
"2327","9300 BLUEGRASS DR BLDG 2","new 2-story guest house w/ 2 car garage and 2 story deck at rear of home","9300 BLUEGRASS DRIVE BLDG 2",30.396951,-97.767815
"2328","13911 LAKE VIEW DR","New Construction 2 story residential with 3 bedrooms and 3.5 bathrooms.","13911 LAKE VIEW DRIVE",30.416151,-97.889966
"2329","1120 WALTON LN BLDG 1","New 2-story 3 bedroom 3 bathroom dwelling unit with covered porches and uncovered wood deck.","1120 WALTON LANE BLDG 1",30.259187,-97.688011
"2330","1120 WALTON LN BLDG 2","New 1-story 2 bedroom 2 bathroom dwelling unit with covered porch and uncovered wood deck.","1120 WALTON LANE BLDG 2",30.259187,-97.688011
"2331","919 E 37TH ST BLDG 1","BLDG #1 New 2-Story SFR 4 Bed/5 Bath with habitable attic covered porch covered patio rooftop deck attached 2-Story Garage/Studio","919 EAST 37TH STREET BLDG 1",30.29406,-97.72259
"2332","919 E 37TH ST BLDG 2","BLDG #2 New 2-Story ADU 2 Bed/2.5 Bath with attached garage covered porch balcony and roof deck","919 EAST 37TH STREET BLDG 2",30.29406,-97.72259
"2333","4811 PARK LN","New single-story SFR w/ attached garage. 4 bedrooms 3 bathrooms. covered patio","4811 PARK LANE",30.392218,-97.890164
"2334","1505 GARNER AVE","Expedited Review - New construction of 2-story single family home w/ breezeway attached  2-car carport","1505 GARNER AVE",30.254674,-97.768769
"2335","2004 MEADOWBROOK DR","New 2-story 2 bedroom 3 bathroom single family residence with attached carport. front uncovered wood deck and rear covered porch.","2004 MEADOWBROOK DRIVE",30.296026,-97.771433
"2336","2300 BLUEBONNET LN","Expedited Review: New Construction of a 2-Story Single Family Res [3bed 4.5bath] with attached 1-Car Garage","2300 BLUEBONNET LANE",30.248393,-97.7766
"2337","3817 WESTLAKE DR","Expedited Review: New Construction of a 2-Story Single Family Res [5bed/9bath] with attached 3-Car Garage.  (No D/S Permit)

REVISION 1 Includes: Change of architect to Cornerstone Architects: Change of construction type from steel/metal  framing to traditional wood construction with steel components.","3817 WESTLAKE DRIVE",30.326445,-97.779599
"2338","3718 MENCHACA RD","UNIT 203 -  New 3 story with attached garage office and roof top. 2/2.5","3718 MENCHACA ROAD",30.235958,-97.784887
"2339","3718 MENCHACA RD","UNIT 201 -  New 3 story with attached garage office and roof top. 2/2.5","3718 MENCHACA ROAD",30.235958,-97.784887
"2340","3718 MENCHACA RD","UNIT 202 -  New 3 story with attached garage office and roof top. 2/2.5","3718 MENCHACA ROAD",30.235958,-97.784887
"2341","704 E 49TH ST UNIT 2","Expedited Review - New Construction of a 2-Story Secondary Apartment [2bed 2.5bath] with attached 1-car Garage","704 EAST 49TH STREET UNIT 2",30.310875,-97.718185
"2342","8800 FELIX SPARKE DR","New 2-story 5-unit Townhouse building - Lantana 5 Plexb â Elevation C â Prairie.
 8800 Felix spare drive. Units 1-4 will have 3 bedrooms and 2.5 baths unit 5 will have 4 bedrooms and 2.5 baths.","8800 FELIX SPARKE DRIVE",30.151987,-97.708243
"2343","3100 GARWOOD ST","Expedited Review - New Construction of a 2-Story Single Family Res. [3bed 3.5bath] with attached 1-car Garage","3100 GARWOOD STREET",30.260227,-97.705952
"2344","1514 NEWTON ST","Expedited Review: New Construction of a 2-Story Single Family Res [4bed 3.5bath]","1514 NEWTON STREET",30.248757,-97.7527
"2345","5509 WILLIAM HOLLAND AVE","New 2 Story Duplex
Unit A: 5 bedrooms 4.5 bathrooms attached garage covered porch and patio
Unit B: 1 bedrooms 1 bathrooms above attached garage","5509 WILLIAM HOLLAND AVE",30.328838,-97.7373
"2346","1301 MINNIE DR","Expedited Review: New Construction of a 2-Story Single Family Res [3bed 3bath] with attached Garage.","1301 MINNIE DRIVE",30.331947,-97.925916
"2347","1506 KIT CIR","2699 AL (The Walnut) - New 2-story SF Home with 4 Bedrooms 3 .5 Bathrooms Game Room Study Cov Patio & Cov Porch with a 2-car attached Garage.","1506 KIT CIR",30.406441,-97.689791
"2348","17001 WIND CHIME DR","Antone 1519-A-L New 2-story single-family residence with (3) bedrooms (2.5) bathrooms  covered entry porch.","17001 WIND CHIME DRIVE",30.294623,-97.548811
"2349","17005 WIND CHIME DR","Arc 1148-A-R New 1-story single-family residence with (2) bedrooms (2) bathrooms covered entry porch.","17005 WIND CHIME DRIVE",30.294624,-97.548683
"2350","9608 DEMURE DR","Burnet 1864-A-R New 2-story single-family residence with (3) bedrooms (2.5) bathrooms covered entry porch.","9608 DEMURE DRIVE",30.2943,-97.548288
"2351","5800 CARY DR","Expedited Review - New Construction of a 2-Story Single Family Res. [5bed 4bath] with attached Garage.

General contractor is responsible to verify the scope of work on 2023 122794  TP completes the proper mitigation to clear out the 2022 102244 ECV Enterprise Violation. See conditions.","5800 CARY DRIVE",30.335572,-97.747439
"2352","2308 LA CASA DR","Expedited Review: New Construction of a 2-Story single Family Res [4bed 5bath] with attached 2-Car Garage and Habitable Attic.","2308 LA CASA DRIVE",30.248971,-97.782069
"2353","6002 SHOALWOOD AVE","New 2-story SFR 5 bedrooms 4 bathrooms attached garage covered porch and patio","6002 SHOALWOOD AVE",30.336692,-97.74282
"2354","4409 BANISTER LN BLDG 2","Expedited Review - New Construction of a 2-Story Secondary Apartment [2bed 2bath] with attached 1-car Garage.","4409 BANISTER LANE BLDG 2",30.224931,-97.781008
"2355","4409 BANISTER LN BLDG 1","Expedited Review - New Construction of a 2-Story Single Family Res. [3bed 3.5bath]","4409 BANISTER LANE BLDG 1",30.224931,-97.781008
"2356","1800 KENWOOD AVE","Expedited Review - New Construction of a 2-Story Single Family Res. [4bed 3bath] with detached Carport.","1800 KENWOOD AVE",30.242153,-97.741774
"2357","2206 TOWER DR","New construction of 2 story SFR 5 bed 6 bath with attached garage front covered porch rear covered patio","2206 TOWER DRIVE",30.29749,-97.76185
"2358","2300 ENFIELD RD UNIT 104","New 3-story Condominium Residence with attached garage covered entry porch.  *CONDOMINIUM RESIDENCE*","2300 ENFIELD ROAD UNIT 104",30.28799,-97.767294
"2359","12111 FENNEC WAY","2991 BL - (The Palmer) - 3-story SF Home with 5 Bedroom 4 Bath Recreation Rm Cov Patio 1st & 2nd Floor & Cov Entry  and Balcony with a 2-Car attached Garage","12111 FENNEC WAY",30.406062,-97.689121
"2360","2007 KIT CIR","2678 BR (The Verde) - 2-story SF Home with 3 or 4 Bedrooms ilo Flex room 3.5 Bathrooms Cov Patio & Cov Entry wiht 2-car attached Garage","2007 KIT CIR",30.40579,-97.686954
"2361","811 W LIVE OAK ST BLDG F","Relocation of 1-story house w/ interior remodel demo shed addition

8/26/24 SM - Full gut interior remodel and new siding.  Main Panel to remain locked out tagged out until Electrical Final inspection is performed.","811 WEST LIVE OAK STREET BLDG F",30.244922,-97.76237
"2362","4000 CLAWSON RD","New Townhomes Building 3 Unit A-D","4000 CLAWSON ROAD",30.232061,-97.782295
"2363","4000 CLAWSON RD BLDG 2","New Townhomes Building 2 Unit C","4000 CLAWSON ROAD BLDG 2",30.232061,-97.782295
"2364","4000 CLAWSON RD","New Townhomes Building 3 Unit A-D","4000 CLAWSON ROAD",30.232061,-97.782295
"2365","4000 CLAWSON RD","New Townhomes Building 3 Unit A-D","4000 CLAWSON ROAD",30.232061,-97.782295
"2366","4000 CLAWSON RD BLDG 4","Unit 4A: New construction single family 3-story 3 bedroom 3 bath with attached 2-car garage covered front porch and uncovered wood deck/stairs.","4000 CLAWSON ROAD BLDG 4",30.232061,-97.782295
"2367","4000 CLAWSON RD BLDG 4","Unit 4F: New construction single family 3-story 3 bedroom 3 bath with attached 2-car garage covered front porch and uncovered wood deck/stairs.","4000 CLAWSON ROAD BLDG 4",30.232061,-97.782295
"2368","4000 CLAWSON RD","New Townhomes Building 3 Unit A-D","4000 CLAWSON ROAD",30.232061,-97.782295
"2369","4000 CLAWSON RD BLDG 2","New Townhomes Building 2 Unit A","4000 CLAWSON ROAD BLDG 2",30.232061,-97.782295
"2370","4000 CLAWSON RD BLDG 2","New Townhomes Building 2 Unit B","4000 CLAWSON ROAD BLDG 2",30.232061,-97.782295
"2371","4000 CLAWSON RD BLDG 4","Unit 4C: New construction single family 3-story 3 bedroom 2.5 bath with attached 2-car garage covered front porch and uncovered wood deck/stairs.","4000 CLAWSON ROAD BLDG 4",30.232061,-97.782295
"2372","4000 CLAWSON RD BLDG 4","Unit 4E: New construction single family 3-story 3 bedroom 2.5 bath with attached 2-car garage covered front porch and uncovered wood deck/stairs.","4000 CLAWSON ROAD BLDG 4",30.232061,-97.782295
"2373","4000 CLAWSON RD BLDG 4","Unit 4B: New construction single family 3-story 3 bedroom 2.5 bath with attached 2-car garage covered front porch and uncovered wood deck/stairs.","4000 CLAWSON ROAD BLDG 4",30.232061,-97.782295
"2374","4000 CLAWSON RD BLDG 1","New 3-Story Townhome 3 Bed/3 bath attached garage covered patio and uncovered wood deck BLDG #1 Unit C","4000 CLAWSON ROAD BLDG 1",30.232061,-97.782295
"2375","4000 CLAWSON RD BLDG 1","New 3-Story Townhome 3 Bed/3 bath attached garage covered patio and uncovered wood deck BLDG #1 Unit A","4000 CLAWSON ROAD BLDG 1",30.232061,-97.782295
"2376","2211 WESTLAKE PASS BLDG 6","New 2-story SFR with attached garage w/studio  5/5.5","2211 WESTLAKE PASS BLDG 6",30.307757,-97.785085
"2377","4000 CLAWSON RD BLDG 1","New 3-Story Townhome 3 Bed/3 bath attached garage covered patio and uncovered wood deck BLDG #1 Unit B","4000 CLAWSON ROAD BLDG 1",30.232061,-97.782295
"2378","4000 CLAWSON RD BLDG 1","New 3-Story Townhome 3 Bed/3 bath attached garage covered patio and uncovered wood deck BLDG #1 Unit D","4000 CLAWSON ROAD BLDG 1",30.232061,-97.782295
"2379","4000 CLAWSON RD BLDG 1","New 3-Story Townhome 3 Bed/3 bath attached garage covered patio and uncovered wood deck BLDG #1 Unit E","4000 CLAWSON ROAD BLDG 1",30.232061,-97.782295
"2380","4000 CLAWSON RD BLDG 1","New 3-Story Townhome 3 Bed/3 bath attached garage covered patio and uncovered wood deck BLDG #1 Unit F","4000 CLAWSON ROAD BLDG 1",30.232061,-97.782295
"2381","3400 RIVER RD","New construction of 2 story SFR with attached garage attic and covered porch. 4/5","3400 RIVER ROAD",30.30655,-97.771897
"2382","9509 EPHEMERAL DR","Arc 1148-A-L New 1-story single-family residence with (2) bedrooms (2) bathrooms covered entry porch.","9509 EPHEMERAL DRIVE",30.293771,-97.550417
"2383","9517 EPHEMERAL DR","Rainey 2198-A-L New 2-story single-family residence with (4) bedrooms (2.5) bathrooms detatched 2 car
carport covered entry porch and uncovered patio","9517 EPHEMERAL DRIVE",30.293964,-97.550379
"2384","9513 EPHEMERAL DR","Burnett 1864-A-R New 2-story single-family residence with (3) bedrooms (2.5) bathrooms detached 2 car carport
covered entry porch.","9513 EPHEMERAL DRIVE",30.293872,-97.55041
"2385","9513 EPHEMERAL DR","Detached garage","9513 EPHEMERAL DRIVE",30.293872,-97.55041
"2386","2303 TRAILSIDE DR","New construction single family residential 2-story w/ habitable attic 4 bedroom 5 bath with attached 2-car carport covered front porch covered rear patio and 2nd & 3rd story balconies.","2303 TRAILSIDE DRIVE",30.259141,-97.774203
"2387","4401 GILLIS ST","2-Story Secondary Apartment [2bed 2.5bath] with attached 1-car Garage.","4401 GILLIS STREET",30.225919,-97.782128
"2388","2000 RIVERSIDE FARMS RD","Building 6 Unit 6101 & Unit 6102. New 2-story 4 bedroom 5 bathroom condo duplex. Each unit contains 2 bedrooms 2.5 bathrooms with an attached garage and 2nd story covered balcony.","2000 RIVERSIDE FARMS ROAD",30.230072,-97.71493
"2389","2000 RIVERSIDE FARMS RD BLDG 16","Bldg 16: Unit 16101 & 16102; New construction two family residential duplex 2-story 2 bedroom (both units) 2.5 bath (both units) with attached 1-car garage (both units) and 2nd story balcony (both units).","2000 RIVERSIDE FARMS ROAD BLDG 16",30.230072,-97.71493
"2390","2000 RIVERSIDE FARMS RD","Building 9 Unit 9101 & Unit 9102. New 2-story duplex w/ attached garage and covered balcony. 2/2.5 each","2000 RIVERSIDE FARMS ROAD",30.230072,-97.71493
"2391","2000 RIVERSIDE FARMS RD","Building 2 Unit 2101 & Unit 2102. New 3-story 6 bedroom 6 bathroom condo duplex. Each unit contains 3 bedrooms 3 bathrooms with an attached garage and 3rd story covered balcony.","2000 RIVERSIDE FARMS ROAD",30.230072,-97.71493
"2392","2000 RIVERSIDE FARMS RD","Building 1 Unit 1101 & Unit 1102. New 3-story 6 bedroom 6 bathroom condo duplex. Each unit contains 3 bedrooms 3 bathrooms with an attached garage and 3rd story covered balcony.","2000 RIVERSIDE FARMS ROAD",30.230072,-97.71493
"2393","2000 RIVERSIDE FARMS RD BLDG 14","Bldg 14; Unit 14101 & 14102: New construction two family residential duplex 2-story 2 bedroom (both units) 2.5 bath (both units) with attached 1-car garage (both units) covered front porch (both units) and 2nd floor balcony (both units).","2000 RIVERSIDE FARMS ROAD BLDG 14",30.230072,-97.71493
"2394","2000 RIVERSIDE FARMS RD","Building 4 Unit 4101 & Unit 4102. New 2-story 4 bedroom 5 bathroom condo duplex. Each unit contains 2 bedrooms 2.5 bathrooms with an attached garage and 2nd story covered balcony.","2000 RIVERSIDE FARMS ROAD",30.230072,-97.71493
"2395","2000 RIVERSIDE FARMS RD","Building 8 New 2 Story Two Story Two Family Dwelling Unit 8101  Unit 8102      4/4","2000 RIVERSIDE FARMS ROAD",30.230072,-97.71493
"2396","5908 BULL CREEK RD","New 2-story 5 bedroom 5 bathroom single family residence with attached garage covered front porch and rear covered patio.","5908 BULL CREEK ROAD",30.336803,-97.744881
"2397","1906 KIT CIR","2512 IR - (Conchos)  - New 2-story SF Home with 3 or 4 Bedrooms 2 Bathrooms Game Rm Media Rm Cov Patio Cov Entry and a 2 Car Attached Garage.","1906 KIT CIR",30.404701,-97.68712
"2398","4101 MENCHACA RD UNIT 205","ePlan: Expedited Review - New Construction of 3-Story Condominiums with attached Garages/Carports (2295 SF)","4101 MENCHACA ROAD UNIT 205",30.231754,-97.786694
"2399","4101 MENCHACA RD UNIT 105","ePlan: Expedited Review - New Construction of 3-Story Condominiums with attached Garages/Carports (2166 SF)","4101 MENCHACA ROAD UNIT 105",30.231754,-97.786694
"2400","4101 MENCHACA RD UNIT 201","ePlan: Expedited Review - New Construction of 3-Story Condominiums with attached Garages/Carports (2295 SF)","4101 MENCHACA ROAD UNIT 201",30.231754,-97.786694
"2401","5905 ROTUNDA VW","New Residential - Plan 1680 Elev A and Plan 1696 Elev C Detached Garage 6 beds 5 bath 5903 and 5905","5905 ROTUNDA VW",30.14658,-97.754232
"2402","5903 ROTUNDA VW","New Residential - Plan 1680 Elev A and Plan 1696 Elev C Detached Garage 6 beds 5 bath 5903 and 5905","5903 ROTUNDA VW",30.146639,-97.754349
"2403","2309 MONTOPOLIS DR BLDG 1","Unit # 1- New 3-story single family residence to have (4) bedrooms (3.5) bathrooms attached garage and carport.","2309 MONTOPOLIS DRIVE BLDG 1",30.221038,-97.705613
"2404","2309 MONTOPOLIS DR BLDG 3","Unit #3- New 3-story single family residence to have (4) bedrooms (3.5) bathrooms attached garage and carport.","2309 MONTOPOLIS DRIVE BLDG 3",30.221038,-97.705613
"2405","2309 MONTOPOLIS DR","Building 6.  New 3 story single family condominium residence 1 car garage & 1 car carport 3 bedroom 3.5 bath.","2309 MONTOPOLIS DRIVE",30.221038,-97.705613
"2406","2309 MONTOPOLIS DR BLDG 2","Unit #2- New 3-story single family residence to have (4) bedrooms (3.5) bathrooms attached garage and carport.","2309 MONTOPOLIS DRIVE BLDG 2",30.221038,-97.705613
"2407","3311 ROSEFINCH TRL","Expedited Review - New Construction of a 2-Story SFR [6bed 5.5bath]

demo permit 2022-019072 BP must be closed before final","3311 ROSEFINCH TRAIL",30.272741,-97.803943
"2408","2309 MONTOPOLIS DR BLDG 4","Building 4 New 2-story condo. New 3 story single family condominium residence 1 car garage & 1 car carport 3 bedroom 3.5 bath uncovered roof deck cantilevered roof deck.","2309 MONTOPOLIS DRIVE BLDG 4",30.221038,-97.705613
"2409","2309 MONTOPOLIS DR BLDG 5","Building 5. New 3 story single family condominium residence 1 car garage & 1 car carport 3 bedroom 3.5 bath uncovered roof deck cantilevered roof deck.","2309 MONTOPOLIS DRIVE BLDG 5",30.221038,-97.705613
"2410","2309 MONTOPOLIS DR BLDG 7","Unit 7. New 3 story single family condominium residence 1 car garage & 1 car carport 3 bedroom 3.5 bath uncovered roof deck cantilevered roof deck.","2309 MONTOPOLIS DRIVE BLDG 7",30.221038,-97.705613
"2411","6010 BLUEBELL CIR","Expedited Review: New Construction of a 2-Story Single Family Res 3bed 3bath] with attached garage","6010 BLUEBELL CIR",30.230294,-97.704048
"2412","12203 CULPEO TRCE","New 2-story SFR - Condominium","12203 CULPEO TRCE",30.407458,-97.689132
"2413","6010 BLUEBELL CIR BLDG 2","Expedited Review: New Construction of a 2-Story Secondary Apartment [2bed 2.5 bath] with attached carport","6010 BLUEBELL CIR BLDG 2",30.230294,-97.704048
"2414","13701 MONTVIEW DR","New 2-story SFR with 4 beds 4 baths garage covered patio and covered porch. Also balcony on second floor.","13701 MONTVIEW DRIVE",30.382312,-97.908307
"2415","13900 PANORAMA DR","Expedited Review - New Construction of a 2-Story Single Family Res. [5bed 6bath] with basement and attached 2-car Garage.","13900 PANORAMA DRIVE",30.41845,-97.887859
"2416","2113 BITTER CREEK DR","New Manufactured Home Installing Skirting and New A/c on home","2113 BITTER CREEK DRIVE",30.184357,-97.762927
"2417","1402 CANOE BROOK DR","Expedited Review - New Construction of a 2-Story Single Family Res. [5bed 5.5bath] with attached Garage and detached Pool bathroom [1bath].-Permit voided as a result of disannexation effective September 9 2024. See Ordinance No. 20240829-163.","1402 CANOE BROOK DRIVE",30.283597,-97.835939
"2418","5201 E MARTIN LUTHER KING JR BLVD UNIT 7101","New 3-story Townhome Unit 7101. (4) units (3) bedrooms (2.5) bathrooms attached 2 car garage/carport entry. (4) units floor plan type G-C-A Revision 04-21-2023. Building Height 29ft-11in. Maximum Height 40 ft. Required Parking: 2. Site Plan#: SP-2021-0149C. Expiration Date: 09-26-2025.","5201 EAST MARTIN LUTHER KING JR BOULEVARD UNIT 7101",30.285981,-97.676038
"2419","5201 E MARTIN LUTHER KING JR BLVD UNIT 2102","Unit 2102- Townhome building 2 of 7 on common lot. (4) Floor Plan Type G-C units 3 story 3 bed 2.5 bath.","5201 EAST MARTIN LUTHER KING JR BOULEVARD UNIT 2102",30.285981,-97.676038
"2420","5201 E MARTIN LUTHER KING JR BLVD UNIT 7103","new 3-story Townhome Unit 7103. (4) units (3) bedrooms (2.5) bathrooms attached 2 car garage/carport entry. (4) units floor plan type G-C-A Revision 04-21-2023. Building Height 29ft-11in. Maximum Height 40 ft. Required Parking: 2. Site Plan#: SP-2021-0149C. Expiration Date: 09-26-2025.","5201 EAST MARTIN LUTHER KING JR BOULEVARD UNIT 7103",30.285981,-97.676038
"2421","5201 E MARTIN LUTHER KING JR BLVD UNIT 1103","Unit 1103-Townhome Building 1 of 7 on Common Lot  (3) Floor Plan Type B-R units 2 story 3 bed 2.5 bath.","5201 EAST MARTIN LUTHER KING JR BOULEVARD UNIT 1103",30.285981,-97.676038
"2422","5201 E MARTIN LUTHER KING JR BLVD UNIT 3103","Unit 3103- Townhome building 3 of 7 on common lot. (4) Floor Plan Type B-R units 2 story 3 bed 2.5 bath.","5201 EAST MARTIN LUTHER KING JR BOULEVARD UNIT 3103",30.285981,-97.676038
"2423","5201 E MARTIN LUTHER KING JR BLVD UNIT 7102","New 3-story Townhome Unit 7102. (4) units (3) bedrooms (2.5) bathrooms attached 2 car garage/carport entry. (4) units floor plan type G-C-A Revision 04-21-2023. Building Height 29ft-11in. Maximum Height 40 ft. Required Parking: 2. Site Plan#: SP-2021-0149C. Expiration Date: 09-26-2025.","5201 EAST MARTIN LUTHER KING JR BOULEVARD UNIT 7102",30.285981,-97.676038
"2424","5201 E MARTIN LUTHER KING JR BLVD UNIT 2103","Unit 2103- Townhome building 2 of 7 on common lot. (4) Floor Plan Type G-C units 3 story 3 bed 2.5 bath.","5201 EAST MARTIN LUTHER KING JR BOULEVARD UNIT 2103",30.285981,-97.676038
"2425","5201 E MARTIN LUTHER KING JR BLVD UNIT 4104","Unit 4104- Townhome building 4 of 7 on common lot. (4) Floor Plan Type B-R units 2 story 3 bed 2.5 bath.","5201 EAST MARTIN LUTHER KING JR BOULEVARD UNIT 4104",30.285981,-97.676038
"2426","5201 E MARTIN LUTHER KING JR BLVD UNIT 3104","Unit 3104- Townhome building 3 of 7 on common lot. (4) Floor Plan Type B-R units 2 story 3 bed 2.5 bath.","5201 EAST MARTIN LUTHER KING JR BOULEVARD UNIT 3104",30.285981,-97.676038
"2427","5201 E MARTIN LUTHER KING JR BLVD UNIT 2101","Unit 2101- Townhome building 2 of 7 on common lot. (4) Floor Plan Type G-C units 3 story 3 bed 2.5 bath.","5201 EAST MARTIN LUTHER KING JR BOULEVARD UNIT 2101",30.285981,-97.676038
"2428","5201 E MARTIN LUTHER KING JR BLVD UNIT 6102","Unit 6102-Townhome Building 6 of 7 on Common Lot  (8) Floor Plan Type B-R units 2 story 3 bed 2.5 bath.","5201 EAST MARTIN LUTHER KING JR BOULEVARD UNIT 6102",30.285981,-97.676038
"2429","5201 E MARTIN LUTHER KING JR BLVD UNIT 6104","Unit 6104-Townhome Building 6 of 7 on Common Lot  (8) Floor Plan Type B-R units 2 story 3 bed 2.5 bath.","5201 EAST MARTIN LUTHER KING JR BOULEVARD UNIT 6104",30.285981,-97.676038
"2430","5201 E MARTIN LUTHER KING JR BLVD UNIT 4105","Unit 4105- Townhome building 4 of 7 on common lot. (4) Floor Plan Type B-R units 2 story 3 bed 2.5 bath.","5201 EAST MARTIN LUTHER KING JR BOULEVARD UNIT 4105",30.285981,-97.676038
"2431","5201 E MARTIN LUTHER KING JR BLVD UNIT 3102","Unit 3102- Townhome building 3 of 7 on common lot. (4) Floor Plan Type B-R units 2 story 3 bed 2.5 bath.","5201 EAST MARTIN LUTHER KING JR BOULEVARD UNIT 3102",30.285981,-97.676038
"2432","5201 E MARTIN LUTHER KING JR BLVD UNIT 1101","Unit 1101-Townhome Building 1 of 7 on Common Lot  (3) Floor Plan Type B-R units 2 story 3 bed 2.5 bath.","5201 EAST MARTIN LUTHER KING JR BOULEVARD UNIT 1101",30.285981,-97.676038
"2433","5201 E MARTIN LUTHER KING JR BLVD UNIT 4102","Unit 4102- Townhome building 4 of 7 on common lot. (4) Floor Plan Type B-R units 2 story 3 bed 2.5 bath.","5201 EAST MARTIN LUTHER KING JR BOULEVARD UNIT 4102",30.285981,-97.676038
"2434","5201 E MARTIN LUTHER KING JR BLVD UNIT 6108","Unit 6108-Townhome Building 6 of 7 on Common Lot  (8) Floor Plan Type B-R units 2 story 3 bed 2.5 bath.","5201 EAST MARTIN LUTHER KING JR BOULEVARD UNIT 6108",30.285981,-97.676038
"2435","5201 E MARTIN LUTHER KING JR BLVD UNIT 6105","Unit 6105-Townhome Building 6 of 7 on Common Lot  (8) Floor Plan Type B-R units 2 story 3 bed 2.5 bath.","5201 EAST MARTIN LUTHER KING JR BOULEVARD UNIT 6105",30.285981,-97.676038
"2436","5201 E MARTIN LUTHER KING JR BLVD UNIT 1104","Unit 1104-Townhome Building 1 of 7 on Common Lot  (3) Floor Plan Type B-R units 2 story 3 bed 2.5 bath.","5201 EAST MARTIN LUTHER KING JR BOULEVARD UNIT 1104",30.285981,-97.676038
"2437","5201 E MARTIN LUTHER KING JR BLVD UNIT 4101","Unit 4101- Townhome building 4 of 7 on common lot. (4) Floor Plan Type B-R units 2 story 3 bed 2.5 bath.","5201 EAST MARTIN LUTHER KING JR BOULEVARD UNIT 4101",30.285981,-97.676038
"2438","5201 E MARTIN LUTHER KING JR BLVD UNIT 1102","Unit 1102-Townhome Building 1 of 7 on Common Lot  (3) Floor Plan Type B-R units 2 story 3 bed 2.5 bath.","5201 EAST MARTIN LUTHER KING JR BOULEVARD UNIT 1102",30.285981,-97.676038
"2439","5201 E MARTIN LUTHER KING JR BLVD UNIT 6107","Unit 6107-Townhome Building 6 of 7 on Common Lot  (8) Floor Plan Type B-R units 2 story 3 bed 2.5 bath.","5201 EAST MARTIN LUTHER KING JR BOULEVARD UNIT 6107",30.285981,-97.676038
"2440","5201 E MARTIN LUTHER KING JR BLVD UNIT 4103","Unit 4103- Townhome building 4 of 7 on common lot. (4) Floor Plan Type B-R units 2 story 3 bed 2.5 bath.","5201 EAST MARTIN LUTHER KING JR BOULEVARD UNIT 4103",30.285981,-97.676038
"2441","5201 E MARTIN LUTHER KING JR BLVD UNIT 7104","New 3-story Townhome Unit 7104 (4) units (3) bedrooms (2.5) bathrooms attached 2 car garage/carport entry. (4) units floor plan type G-C-A Revision 04-21-2023. Building Height 29ft-11in. Maximum Height 40 ft. Required Parking: 2. Site Plan#: SP-2021-0149C. Expiration Date: 09-26-2025.","5201 EAST MARTIN LUTHER KING JR BOULEVARD UNIT 7104",30.285981,-97.676038
"2442","5201 E MARTIN LUTHER KING JR BLVD UNIT 3101","Unit 3101- Townhome building 3 of 7 on common lot. (4) Floor Plan Type B-R units 2 story 3 bed 2.5 bath.","5201 EAST MARTIN LUTHER KING JR BOULEVARD UNIT 3101",30.285981,-97.676038
"2443","5201 E MARTIN LUTHER KING JR BLVD UNIT 6106","Unit 6106-Townhome Building 6 of 7 on Common Lot  (8) Floor Plan Type B-R units 2 story 3 bed 2.5 bath.","5201 EAST MARTIN LUTHER KING JR BOULEVARD UNIT 6106",30.285981,-97.676038
"2444","5201 E MARTIN LUTHER KING JR BLVD UNIT 6103","Unit 6103-Townhome Building 6 of 7 on Common Lot  (8) Floor Plan Type B-R units 2 story 3 bed 2.5 bath.","5201 EAST MARTIN LUTHER KING JR BOULEVARD UNIT 6103",30.285981,-97.676038
"2445","5201 E MARTIN LUTHER KING JR BLVD UNIT 6101","Unit 6101-Townhome Building 6 of 7 on Common Lot  (8) Floor Plan Type B-R units 2 story 3 bed 2.5 bath.","5201 EAST MARTIN LUTHER KING JR BOULEVARD UNIT 6101",30.285981,-97.676038
"2446","5201 E MARTIN LUTHER KING JR BLVD UNIT 2104","Unit 2104- Townhome building 2 of 7 on common lot. (4) Floor Plan Type G-C units 3 story 3 bed 2.5 bath.","5201 EAST MARTIN LUTHER KING JR BOULEVARD UNIT 2104",30.285981,-97.676038
"2447","4315 GILLIS ST","new construction of 3 story 2 unit townhome
Bldg 2 Unit D (3365.3 sqft)","4315 GILLIS STREET",30.226326,-97.781709
"2448","4315 GILLIS ST","new construction of 3 story 2 unit townhome
Bldg 2 Unit C (3365.3 sqft)","4315 GILLIS STREET",30.226326,-97.781709
"2449","4315 GILLIS ST","Unit A: New 2-story 3 bedroom 2.5 bathroom townhome residence with attached garage covered porches and balconies.","4315 GILLIS STREET",30.226326,-97.781709
"2450","4315 GILLIS ST","Unit B: New 2-story 3 bedroom 2.5 bathroom townhome residence with attached garage covered porches and balconies.","4315 GILLIS STREET",30.226326,-97.781709
"2451","1707 KAREN AVE","Expedited Review: New Construction of a 2-Story Single Family Res [4bed 3.5bath] with attached 2-Car Garage and Detached Garage with accessory structure above [1bed 1bath] and Pool.","1707 KAREN AVE",30.338029,-97.732779
"2452","1806 GLENCLIFF DR","New construction single-family residential 4 bedroom 4 bath with attached 3-car garage covered front porch  and covered rear patio.","1806 GLENCLIFF DRIVE",30.2587,-97.783114
"2453","1312 CASEY ST","new 3 story construction of a townhome with attached garage and covered porch & pool
Bldg 5               4/4.5","1312 CASEY STREET",30.226141,-97.781831
"2454","4315 GILLIS ST","Unit A: New 3-story 3 bedroom 3.5 bathroom townhome residence with attached garage covered porches and balconies.","4315 GILLIS STREET",30.226326,-97.781709
"2455","4315 GILLIS ST","Unit B: New 3-story 3 bedroom 3.5 bathroom townhome residence with attached garage covered porches and balconies.","4315 GILLIS STREET",30.226326,-97.781709
"2456","1310 CASEY ST","Bldg 6: New 3 story SFR Townhouse 4 Bdr 4 Bath with covered patio and attached 2 car garage.","1310 CASEY STREET",30.226098,-97.781728
"2457","1308 CASEY ST","new 2 story construction of townhouse with attached garage and covered porch 3/3  & pool 
Building 7","1308 CASEY STREET",30.226062,-97.781609
"2458","3701 FAR VIEW DR","Expedited Review - New Construction of a 2-Story Single Family Res. [4bed 5bath] with attached 3-car Garage Covered Cabana","3701 FAR VIEW DRIVE",30.357834,-97.851686
"2459","2406 W 10TH ST","New MODULAR 2-Story Single Family Res. [4bed 4.5bath] with attached 1-car Garage.","2406 WEST 10TH STREET",30.284355,-97.77178
"2460","2509 RIDGEVIEW ST","New SFR: 2 Story 4 beds 3.5 bathrooms 2 car garage covered porch and patio.","2509 RIDGEVIEW STREET",30.257718,-97.779897
"2461","3608 MUNSON ST","Relocation of SFR to lot
(From 3711 Munson St to 3608 Munson St)","3608 MUNSON STREET",30.270751,-97.695292
"2462","1314 CASEY ST","New 3 Story SFR/Townhome 4 Bed/4.5 Bath attached garage covered porch and balcony","1314 CASEY STREET",30.226201,-97.782088
"2463","4311 CITY PARK RD","New 2-story 3 bedroom 3 bathroom single family residence with covered porches/decks.","4311 CITY PARK ROAD",30.355582,-97.830933
"2464","1602 WEST LYNN ST","Expedited Review - New Construction of a 3-Story Single Family Res. and basement  [6bed 8.5bath] with 2 attached Garages(one left and one right of bldg.)","1602 WEST LYNN STREET",30.28477,-97.757506
"2465","2309 MONTOPOLIS DR BLDG 9","Unit 9. New 3 story single family condominium residence 1 car garage & 1 car carport 3 bedroom 3.5 bath.","2309 MONTOPOLIS DRIVE BLDG 9",30.221038,-97.705613
"2466","12508 ORO VALLEY TRL","new 2-story SFR with attached garage and accessory apartment. 6 bed 5 bath.  Main home and accessory apartment identified as Units A (left) and Unit B (right).","12508 ORO VALLEY TRAIL",30.442791,-97.765025
"2467","2309 MONTOPOLIS DR BLDG 8","Unit 8. New 3 story single family condominium residence 1 car garage & 1 car carport 3 bedroom 3.5 bath uncovered roof deck cantilevered roof deck.","2309 MONTOPOLIS DRIVE BLDG 8",30.221038,-97.705613
"2468","510 DELMAR AVE","New 2 Story Duplex with attached garages and covered porches resubmission of 2017-103337 PR 6/5","510 DELMAR AVE",30.337388,-97.704166
"2469","12807 HUGHES ST","New construction single family residential 2-story 4 bedroom 4.5 bath with attached 2-car garage attached 1-car garage covered front porch 2nd story balcony covered rear patio and outdoor kitchen.","12807 HUGHES STREET",30.392252,-97.884531
"2470","3501 MOUNT BONNELL RD","New construction single family residential 2-story 5 bedrooms 6 baths with attached 2-car garage covered front porch covered rear (side) patio and covered balcony.","3501 MOUNT BONNELL ROAD",30.317361,-97.773842
"2471","4511 ROSEDALE AVE","New 2-story 4 bedroom 2 bathroom single family residence with covered front porch rear covered patio uncovered wood deck and 2nd floor covered deck.","4511 ROSEDALE AVE",30.316419,-97.74184
"2472","11507 SIERRA NEVADA","new 2-story SFR attached garage covered patio uncovered wood deck 4 beds/5.5 bath","11507 SIERRA NEVADA",30.419477,-97.756133
"2473","4903 SHADY GLADE CT","Expedited Review: New Construction of a 1-Story Single Family Res [6bed 4.5bath] with attached 2-Car Garage [GARAGE IS 2 STORY] includes accessory bedroom work to include Pool.","4903 SHADY GLADE CT",30.321906,-97.741968
"2474","501 IRMA DR BLDG 2","New 2-story 2 bedroom 2 bathroom secondary dwelling unit with attached garage covered front porch covered side patio and 2nd floor partially covered balcony.","501 IRMA DRIVE BLDG 2",30.330745,-97.718661
"2475","5309 WOODROW AVE BLDG 2","new single story adu with 2 bedrooms 1 bathroom attached wood walkway","5309 WOODROW AVE BLDG 2",30.324682,-97.735225
"2476","1800 W 36TH ST","New construction single family residential 2-story 4 bedroom 3.5 bath with covered front porch covered rear patio 2 uncovered front balconies and uncovered rear balcony.   Extended 180 days from expiration date so bp could be activated.  RB","1800 WEST 36TH STREET",30.309258,-97.752412
"2477","201 PARK LN","New 2-story SFR with attached garage and covered porch 4/4","201 PARK LANE",30.249292,-97.74828
"2478","3205 GARDEN VILLA LN","New 1-story Secondary Dwelling [1bed 1bath]","3205 GARDEN VILLA LANE",30.235348,-97.769498
"2479","3205 GARDEN VILLA LN","Expedited Review: New Construction of a 2-Story Single Family Res [5bed 5bath] w/ habitable attic and attached 2-car Carport","3205 GARDEN VILLA LANE",30.235348,-97.769498
"2480","702 W MONROE ST BLDG 2","New 1-story 1 bedroom 1 bathroom secondary dwelling unit with partially covered front deck and attached 1-car garage with half bathroom. Trellis connects garage and SDU.   Extended to 12/2/23 so permit could be activated.","702 WEST MONROE STREET BLDG 2",30.250194,-97.756758
"2481","2320 WESTOAK DR","Expedited Review: New Construction of a 2-Story Single Family Res [5bed 4.5bath] with attached 2-Car Garage.","2320 WESTOAK DRIVE",30.244018,-97.784723
"2482","4420 JESTER DR","Expedited Review: New Construction of a 2-Story Duplex. Unit A [3bed 2.5bath] with office and attached Carport Unit B [3bed 3bath] with office and attached 2-Car Garage.","4420 JESTER DRIVE",30.225831,-97.785452
"2483","702 W MONROE ST BLDG 1","New 3-story 3 bedroom 3 bathroom principal single family residence with partially covered front deck attached carport rear screen porch and rear partially covered wood deck. Extended to 12/2/23 so permit could be activated.","702 WEST MONROE STREET BLDG 1",30.250194,-97.756758
"2484","2602 LITTLE JOHN LN","Expedited Review: New Construction of a 2-Story Single Family Res [4bed 5.5bath] with attached Garage.","2602 LITTLE JOHN LANE",30.233438,-97.749451
"2485","2306 FOREST BEND DR","Expedited Review - New Construction of a 2-Story Single Family Res. [6bed 7.5bath] with attached 3-car Garage Pool House and Pool.","2306 FOREST BEND DRIVE",30.254449,-97.790889
"2486","3813 AVENUE H BLDG 2","New 2-story secondary dwelling unit consisting of a garage screened in porch half bathroom and internal stairwell on the 1st floor and a living room kitchen bedroom full bathroom and uncovered balcony on the 2nd floor. 
Revision 1: Revise garage into a storage room. Replace garage door with swinging door and window.","3813 AVENUE H BLDG 2",30.300114,-97.729864
"2487","6510 CYPRESS POINT NORTH","New construction single family residential 2-story 4 bedroom 5.5 bath with attached 2-car garage covered porch covered patio and uncovered rear wood deck.-Permit voided as a result of disannexation effective September 9 2024. See Ordinance No. 20240829-163.","6510 CYPRESS POINT NORTH",30.281919,-97.843967
"2488","1113 VARGAS RD BLDG 2","New 2-story 2 bedroom 2.5 bathroom secondary dwelling unit with attached carport covered front porch and rear covered patio.","1113 VARGAS ROAD BLDG 2",30.23061,-97.695984
"2489","7405 SKYFLOWER CV","New 1 Story ADU (Guest House)","7405 SKYFLOWER CV",30.413541,-97.777852
"2490","1113 VARGAS RD BLDG 1","New 2-story 3 bedroom 2.5 bathroom primary single family residence with attached garage and covered front porch.","1113 VARGAS ROAD BLDG 1",30.23061,-97.695984
"2491","2956 HIGGINS ST","New Construction of a 2-Story Single Family Res. [3bed 2.5bath] with attached 2-car Garage.","2956 HIGGINS STREET",30.283273,-97.704783
"2492","3411 BRIDLE PATH","New construction single family residential 2-story w/ basement 6 bedroom 5.5 bath with attached 1-car garage 1-car carport covered front porch covered rear patio and uncovered wood deck.","3411 BRIDLE PATH",30.295489,-97.778557
"2493","8516 BROOKFIELD DR BLDG 2","New 2-story 1 bedroom 1.5 bathroom secondary dwelling unit with covered front porch.   Extended 90 days to allow bp to be activated.  rb","8516 BROOKFIELD DRIVE BLDG 2",30.359229,-97.712802
"2494","5006 LYNNDALE DR","Expedited Review - New Construction of a 2-Story Single Family Res. [2bed 3bath] with attached Garage.","5006 LYNNDALE DRIVE",30.32097,-97.736943
"2495","6813 OASIS PASS","New 2-story 5 bedroom 7 bathroom (5 full 2 half) single family residence with attached garage covered porch covered patios and covered balcony.","6813 OASIS PASS",30.411655,-97.876313
"2496","3700 RIVER RD","New 2-Story SFR with 5 bedrooms 5.5 bathrooms garage library cabana outdoor kitchen outdoor shower covered patio","3700 RIVER ROAD",30.30704,-97.774827
"2497","1613 TAYLOR GAINES ST","New 2 story SFR with attached garage and covered porch  4/4.5","1613 TAYLOR GAINES STREET",30.240621,-97.734467
"2498","5201 E MARTIN LUTHER KING JR BLVD UNIT 5103","Unit 5103-Townhome building 5 of 7 on common lot. (3) Floor Plan Type B-R units 2 story 3 bed 2.5 bath.","5201 EAST MARTIN LUTHER KING JR BOULEVARD UNIT 5103",30.285981,-97.676038
"2499","5201 E MARTIN LUTHER KING JR BLVD UNIT 5102","Unit 5102- Townhome building 5 of 7 on common lot. (3) Floor Plan Type B-R units 2 story 3 bed 2.5 bath.","5201 EAST MARTIN LUTHER KING JR BOULEVARD UNIT 5102",30.285981,-97.676038
"2500","5201 E MARTIN LUTHER KING JR BLVD UNIT 5101","Unit 5101-Townhome building 5 of 7 on common lot. (3) Floor Plan Type B-R units 2 story 3 bed 2.5 bath.","5201 EAST MARTIN LUTHER KING JR BOULEVARD UNIT 5101",30.285981,-97.676038
"2501","4101 MENCHACA RD UNIT 203","ePlan: Expedited Review - New Construction of 3-Story Condominiums with attached Garages/Carports (2295 SF)","4101 MENCHACA ROAD UNIT 203",30.231754,-97.786694
"2502","4101 MENCHACA RD UNIT 204","ePlan: Expedited Review - New Construction of 3-Story Condominiums with attached Garages/Carports (2295 SF)","4101 MENCHACA ROAD UNIT 204",30.231754,-97.786694
"2503","4101 MENCHACA RD UNIT 104","ePlan: Expedited Review - New Construction of 3-Story Condominiums with attached Garages/Carports (2166 SF)","4101 MENCHACA ROAD UNIT 104",30.231754,-97.786694
"2504","4101 MENCHACA RD UNIT 101","ePlan: Expedited Review - New Construction of 3-Story Condominiums with attached Garages/Carports (2372 SF)","4101 MENCHACA ROAD UNIT 101",30.231754,-97.786694
"2505","4101 MENCHACA RD UNIT 103","ePlan: Expedited Review - New Construction of 3-Story Condominiums with attached Garages/Carports (2166 SF)","4101 MENCHACA ROAD UNIT 103",30.231754,-97.786694
"2506","4101 MENCHACA RD UNIT 102","ePlan: Expedited Review - New Construction of 3-Story Condominiums with attached Garages/Carports (2166 SF)","4101 MENCHACA ROAD UNIT 102",30.231754,-97.786694
"2507","4101 MENCHACA RD UNIT 202","ePlan: Expedited Review - New Construction of 3-Story Condominiums with attached Garages/Carports (2295 SF)","4101 MENCHACA ROAD UNIT 202",30.231754,-97.786694
"2508","1512 LARKWOOD DR BLDG 2","New construction two-family residential secondary apartment 2-story 1 bedroom 1.5 bath with covered front porch.","1512 LARKWOOD DRIVE BLDG 2",30.311536,-97.696066
"2509","1149 SHADY LN","New construction single family residential 3 story 8 bedroom 8 bath with attached carport covered front porch (2) covered rear patio (2) multiple balconies and uncovered roof top deck.  Extended to Oct 13 so bp could be activated.  PR was approved.","1149 SHADY LANE",30.263303,-97.690045
"2510","3307 DOLPHIN DR","New construction two-family residential 2-story 2 bedroom 1 bath (will change) with attached 1-car garage covered front porch and uncovered 2nd floor balcony. 
Natalya 512-470-5531","3307 DOLPHIN DRIVE",30.236331,-97.775231
"2511","2109 RIVERVIEW ST BLDG 2","New construction secondary apartment 1-story with basement 1 bedroom 1 bath with uncovered patio.","2109 RIVERVIEW STREET BLDG 2",30.250366,-97.723877
"2512","509 E 38TH HALF STREET Bldg 1","This project was initially approved as a second story addition to an existing SFR and new Secondary Apartment.  Due to the condition of the pier and beam foundation a revision was submitted to demolish the house and rebuild it over a new slab foundation on the same footprint.  The revision was approved.

Another revision will be filed to opt into HOME regulations.  The two units have been re-addressed as building 1 and building 2.  Work type has been updated to NEW and subtype has been updated to R101.","509 EAST 38TH HALF STREET BLDG 1",30.299062,-97.728664
"2513","1917 W 37TH STREET Bldg 2","Addition/remodel of existing garage expansion of garage door & addition of second floor ADU with exterior stair. 1 bathroom.","1917 WEST 37TH STREET BLDG 2",30.310577,-97.755472
"2514","4409 ISLAND CV","New Construction of a 2-Story Single Family Res [6bed 8bath] with attached 3 Car Garage. No driveway/sidewalk permit to private road.  The site plan (2022-162351 SP SP-2022-0521D) must be approved before construction of boat dock & shoreline improvements","4409 ISLAND CV",30.329976,-97.777787
"2515","1803 E 3RD ST","New 2-story 2 bedroom 1.5 bathroom secondary dwelling unit with attached carport covered porch uncovered wood deck and 2nd floor balcony.","1803 EAST 3RD STREET",30.25899,-97.724668
"2516","4413 MERLE DR BLDG 2","New 2 Story ADU with Attached Garage Covered Front Porch and 2nd Floor Balcony new Driveway and curb cut","4413 MERLE DRIVE BLDG 2",30.227919,-97.787841
"2517","206 E WONSLEY DR","New construction single family residential 2-story 4 bedroom 2.5 bath with attached 1-car garage and  covered front porch.","206 EAST WONSLEY DRIVE",30.345579,-97.702443
"2518","8119 TWO COVES DR","New 2-story SFR 5 bedrooms 4.5 bathrooms attached garage covered porch and patio","8119 TWO COVES DRIVE",30.36318,-97.819038
"2519","1200 BELMONT PKWY","New Two Story SFR with attached garage and covered porch 3 Bed 4 Bath SFR","1200 BELMONT PKWY",30.300477,-97.748471
"2520","1117 GILLESPIE PL","New ADU
complete app received 9/15","1117 GILLESPIE PLACE",30.239937,-97.740913
"2521","4511 VINSON DR BLDG 8","Lot 8 block A: New construction two family residential duplex 2-story 3/3 bedroom 2.5/ 2.5 bath with attached 1-car garage (both units) covered front porch (both units) and covered rear patio (both units).","4511 VINSON DRIVE BLDG 8",30.220085,-97.777538
"2522","4715 PROCK LN","new 2-story SFR with attached garage studio and covered porch 3/3.5","4715 PROCK LANE",30.269644,-97.69058
"2523","4715 PROCK LN","Building 2 New 2 Story Secondary Dwelling with attached garage and coverd porch   2/2","4715 PROCK LANE",30.269644,-97.69058
"2524","1101 KINNEY AVE","New Construction of a 2-Story Single Family Res. [3bed 4bath] with attached 2-car Garage - ( 2nd floor connected by Bridge).","1101 KINNEY AVE",30.256732,-97.765118
"2525","4511 VINSON DR BLDG 2","Lot 2 - New construction two-family residential duplex 2-story 3 bedroom (both units) 2.5 bath (both units) with attached 1-car garage (both units) covered front porch (both units) and covered rear patio (both units).","4511 VINSON DRIVE BLDG 2",30.220085,-97.777538
"2526","4511 VINSON DR BLDG 3","Lot 3 - New construction two-family residential duplex 2-story 3 bedroom (both units) 2.5 bath (both units) with covered front porch (both units) and covered rear patio (both units).","4511 VINSON DRIVE BLDG 3",30.220085,-97.777538
"2527","4511 VINSON DR BLDG 4","Lot 4 - New construction two-family residential duplex 2-story 3 bedroom (both units) 2.5 bath (both units) with attached 1-car garage (both units) covered front porch (both units) and covered rear patio (both units).","4511 VINSON DRIVE BLDG 4",30.220085,-97.777538
"2528","4511 VINSON DR BLDG 5","Lot 5 block A: New construction two family residential duplex 2- story 3/3 bedroom 2.5/2.5 bath with attached 1-car carport (Unit A) attached 1-car garage (Unit B) covered front porch (both units) covered rear patio (Unit A) and uncovered rear porch (Unit B).","4511 VINSON DRIVE BLDG 5",30.220085,-97.777538
"2529","4511 VINSON DR BLDG 6","Lot 6 block A: New construction two family residential duplex 2-story 3/3 bedroom 2.5./2.5 bath with attached 1-car garage (both units) covered front porch (both units) covered rear patio (Unit A) and uncovered rear patio (Unit B).","4511 VINSON DRIVE BLDG 6",30.220085,-97.777538
"2530","4511 VINSON DR BLDG 7","Lot 7 block A: New construction two family residential duplex 2-story 3/3 bedroom 2.5/2.5 bath with attached 1-car garage (both units) covered front porch (both units) and covered rear patio (both units).","4511 VINSON DRIVE BLDG 7",30.220085,-97.777538
"2531","1301 WEBBERVILLE RD","New 2 story Secondary Dwelling Unit [3bed 2bath.
Modular Home.","1301 WEBBERVILLE ROAD",30.278609,-97.68371
"2532","2004 PEQUENO ST","BUILD NEW TWO STORY sfr 3 BRM 3.5 BATH office W/NEW DRIVEWAY FRONT PORCHES & REAR PATIO
Expired relocation permit BP 3.33-018779 added into current scope of work.","2004 PEQUENO STREET",30.338261,-97.736746
"2533","7500 SPARKLING LIGHT DR","Paramount 2080- B Elevation - Left Swing - New 1-story single-family residence with (4) bedrooms (2) bathrooms attached 2 car garage covered entry porch and patio.","7500 SPARKLING LIGHT DRIVE",30.14674,-97.59585
"2534","4414 BANISTER LN","New 2-story 4 bedroom 3 bathroom single family residence w/ attached carport covered front porch covered side porch and 2nd floor uncovered balcony.","4414 BANISTER LANE",30.224633,-97.781711
"2535","401 NORTH BLUFF DR BLDG 12","New construction two-family residential 2-story Duplex Bldg. 12: Unit 12101 & 12102; 2 bedroom (both units) 2.5 bath (both units) with attached 1-car carport (both units). Revision #1: remove EV chargers; adding house panel to MC3; modify foundation design.","401 NORTH BLUFF DRIVE BLDG 12",30.196761,-97.774024
"2536","1402 RUTH AVE","Expedited Review: New Construction of a 2-Story Single Family Res [4bed 4.5bath] with attached Garage and Habitable Attic.","1402 RUTH AVE",30.33859,-97.728185
"2537","1300 PIEDMONT AVE","Expedited Review - New Construction of a 2-Story Single Family Res. [4bed 3bath] with Habitable Attic and attached Garage.","1300 PIEDMONT AVE",30.342527,-97.723499
"2538","9106 COUNTRY CANYON CV","New 2-story SFR w/ basement 5 bedrooms 7 bathrooms attached garage","9106 COUNTRY CANYON CV",30.392313,-97.762071
"2539","401 NORTH BLUFF DR","New construction Single family residential 2-story 2 bedroom (both units) 2.5 bath (both units) with attached 1-car carport. Units 4101 and 4102","401 NORTH BLUFF DRIVE",30.196761,-97.774024
"2540","12600 OXFORD VINEYARD LN","2898JL NEW 2 STORY 5 BEDROOM 3 1/2 BATH SINGLE FAMILY RESIDENTIAL HOME WITH ATTACHED GARAGE COVERED FRONT PORCH AND REAR PATIO","12600 OXFORD VINEYARD LANE",30.383577,-97.617222
"2541","401 NORTH BLUFF DR BLDG 19 UNIT 19101","New 2-story single family residential  BLDG 19 - Unit 19101 with 2  bedrooms 2.5 bathrooms and attached carport.

Revision: Rev 1: Deleted EV Chargers 
Revised calculations to reflect deleted EV chargers 

Revisions were made to sheet E601 

Rev 2: Adding house panel to MC3
The original electrical plan did not include a source of power for the lift station for the detention pond. We added a house panel to MC3 to run power to the lift station. 

Revisions were made to sheets MEP002 E601 E701 

Rev 3: Modify foundation design to utilitze conventional reinforcement 
The original structural plan called for post tension tendons but we would like to revise the plan to use rebar instead. 

Revisions were made to sheets S001 S111 S121 S301","401 NORTH BLUFF DRIVE BLDG 19",30.196761,-97.774024
"2542","401 NORTH BLUFF DR UNIT 2101","New 2-Story SFR Condo 2 bed/2.5 bath with attached carport","401 NORTH BLUFF DRIVE UNIT 2101",30.196761,-97.774024
"2543","401 NORTH BLUFF DR BLDG 13 *PRODUCTION BUILDER","New 2-story Duplex with attached garages Unit 13101 and 13102

Revision: 
 Rev 1: Deleted EV Chargers 
Revised calculations to reflect deleted EV chargers 

Revisions were made to sheet E601 

Rev 2: Adding house panel to MC3
The original electrical plan did not include a source of power for the lift station for the detention pond. We added a house panel to MC3 to run power to the lift station. 

Revisions were made to sheets MEP002 E601 E701 

Rev 3: Modify foundation design to utilitze conventional reinforcement 
The original structural plan called for post tension tendons but we would like to revise the plan to use rebar instead. 

Revisions were made to sheets S001 S111 S121 S301","401 NORTH BLUFF DRIVE BLDG 13",30.196761,-97.774024
"2544","401 NORTH BLUFF DR","New 2-story Duplex Unit 6101 2bdr 2.5 Bath
New 2-story Duplex Unit 6102 2 Bdr 2.5 Bath","401 NORTH BLUFF DRIVE",30.196761,-97.774024
"2545","401 NORTH BLUFF DR BLDG 7","New 2-story Duplex Unit 7101 & 7102 with 4 bedrooms 5 bathrooms attached carports","401 NORTH BLUFF DRIVE BLDG 7",30.196761,-97.774024
"2546","401 NORTH BLUFF DR BLDG 8","New 2-story Duplex Unit 8101 & 8102 with 4 bedrooms 5 bathrooms attached carports","401 NORTH BLUFF DRIVE BLDG 8",30.196761,-97.774024
"2547","401 NORTH BLUFF DR UNIT 16101","Unit 16101: New construction single family residential 2-Story 2 bedroom 2.5 bath with attached 1-car carport. Revision #1: remove EV chargers; adding house panel to MC3; modify foundation design.","401 NORTH BLUFF DRIVE UNIT 16101",30.196761,-97.774024
"2548","5607 WOODVIEW AVE","New 2-Story SFR 4 Bed/5 Bath attached garage covered porch covered patio and balcony","5607 WOODVIEW AVE",30.332495,-97.744183
"2549","401 NORTH BLUFF DR BLDG 17","Building 17 Units 17101 & 17102. New 2-story 4 bedroom 5 bathroom condo duplex. Each unit contains 2 bedrooms 2.5 bathrooms with an attached carport. 
Revision 1: Modify foundation design to utilize conventional reinforcement remove EV chargers and add a house panel.","401 NORTH BLUFF DRIVE BLDG 17",30.196761,-97.774024
"2550","401 NORTH BLUFF DR BLDG 14","Building 14 Units 14101 & 14102. New 2-story 4 bedroom 5 bathroom condo duplex. Each unit contains 2 bedrooms 2.5 bathrooms with an attached carport. 
Revision 1: Modify foundation design to utilize conventional reinforcement remove EV chargers and add a house panel.","401 NORTH BLUFF DRIVE BLDG 14",30.196761,-97.774024
"2551","401 NORTH BLUFF DR BLDG 10","Building 10 Units 10101 & 10102. New 2-story 4 bedroom 5 bathroom condo duplex. Each unit contains 2 bedrooms 2.5 bathrooms with an attached carport. 
Revision 1: Modify foundation design to utilize conventional reinforcement and remove EV chargers.","401 NORTH BLUFF DRIVE BLDG 10",30.196761,-97.774024
"2552","5202 HUISACHE ST","Expedited Review - New Construction of a 2-Story Single Family Res. [3bed 4.5bath] with attached 1-car Garage.","5202 HUISACHE STREET",30.319592,-97.729387
"2553","5202 HUISACHE ST","New 2-Story Secondary Apartment [1bed 1.5bath].","5202 HUISACHE STREET",30.319592,-97.729387
"2554","401 NORTH BLUFF DR","New 2-story Duplex Unit 5101 - 2Bdr 2.5 Bath
New 2-story Duplex Unit 5102 - 2Bdr 2.5 Bath","401 NORTH BLUFF DRIVE",30.196761,-97.774024
"2555","401 NORTH BLUFF DRIVE","New 2-story Duplex Unit 11101 and Unit 11102","401 NORTH BLUFF DRIVE",30.196761,-97.774024
"2556","3308 ROSEFINCH TRL","Expedited Review - New Construction of a 2-Story SF Res [5bed 6bath] with attached 3-Car Garage","3308 ROSEFINCH TRAIL",30.273054,-97.804196
"2557","2503 WESTLAKE DR BLDG 2","BLDG 2 UNIT 201 New 3-Story Condo 2 Bed 3.5 Bath attached parking covered patio with uncovered deck","2503 WESTLAKE DRIVE BLDG 2",30.305539,-97.782479
"2558","2503 WESTLAKE DR BLDG 1","New 3-story 2 Unit Condo w/ attached garage covered patio wood deck 2 beds 3.5 baths - Building 1 (Unit 101 and Unit 102)","2503 WESTLAKE DRIVE BLDG 1",30.305539,-97.782479
"2559","8408 BASIL HAYDEN LN","New construction single family residential 2-story 4 bedroom 2.5 bath with attached 2-car garage covered front porch and covered rear patio.","8408 BASIL HAYDEN LANE",30.149447,-97.730621
"2560","2503 WESTLAKE DR BLDG 3","BLDG 3 2 UNITS UNIT 301 and UNIT 302 New 3-Story Condo 4 Bed 7 Bath attached parking covered patio with uncovered decks.","2503 WESTLAKE DRIVE BLDG 3",30.305539,-97.782479
"2561","5702 LONG CT","Expedited Review - New Construction of a 3-Story Single Family Res. [3bed 3bath] with attached 2-car Garage and Pool.","5702 LONG CT",30.359206,-97.801346
"2562","401 NORTH BLUFF DR UNIT 1101","New 2-Story SFR 
Slope waiver approved by John Bowman on 1/30/26. No exterior visitability required due to protected tree limitations.","401 NORTH BLUFF DRIVE UNIT 1101",30.196761,-97.774024
"2563","401 NORTH BLUFF DR BLDG 15","BLDG 15: New 2-story Duplex Unit 15101 & 15102 with 4 bedrooms 5 bathrooms attached carports","401 NORTH BLUFF DRIVE BLDG 15",30.196761,-97.774024
"2564","401 NORTH BLUFF DR BLDG 9","New 2-story Duplex BLDG 9 - Unit 9101 & 9102 with 4 bedrooms 5 bathrooms and attached carports","401 NORTH BLUFF DRIVE BLDG 9",30.196761,-97.774024
"2565","3705 LAGOOD DR","New construction of 4/4.5 SFR w/ attached garage covered patio uncovered wood deck and roof terrace","3705 LAGOOD DRIVE",30.36074,-97.855269
"2566","4825 LAGUNA LN","New construction of  2 Story 5/5.5 SFR with attached garage covered porch and patio  outdoor living 
Complete app received 11/23","4825 LAGUNA LANE",30.342141,-97.79162
"2567","1004 EASON ST","New 2-story SFR 4 bedrooms 4.5 bathrooms attached garage covered porch and patio","1004 EASON STREET",30.279189,-97.759383
"2568","401 NORTH BLUFF DR","Unit 18101: New construction single family residential 2-story 2 bedroom 2.5 bath with attached 1-car carport.

Rev 1: Deleted EV Chargers 
Revised calculations to reflect deleted EV chargers 

Revisions were made to sheet E601 

Rev 2: Adding house panel to MC3
The original electrical plan did not include a source of power for the lift station for the detention pond. We added a house panel to MC3 to run power to the lift station. 

Revisions were made to sheets MEP002 E601 E701 

Rev 3: Modify foundation design to utilitze conventional reinforcement 
The original structural plan called for post tension tendons but we would like to revise the plan to use rebar instead. 

Revisions were made to sheets S001 S111 S121 S301 1","401 NORTH BLUFF DRIVE",30.196761,-97.774024
"2569","401 NORTH BLUFF DR","New 2-Story Duplex residential Unit 3101 & 3102 with attached garage
Application sent 1/7/22

Revision approved:

1Rev 1: Deleted EV Chargers 
Revised calculations to reflect deleted EV chargers 

Revisions were made to sheet E601 

Rev 2: Adding house panel to MC1
The original electrical plan did not include a source of power for the irrigation controller. We added a house panel to MC1 to power the irrigation controller. 

Revisions were made to sheets MEP002 E601 E701 

Rev 3: Modify foundation design to utilitze conventional reinforcement 
The original structural plan called for post tension tendons but we would like to revise the plan to use rebar instead. 

Revisions were made to sheets S001 S111 S121 S301","401 NORTH BLUFF DRIVE BLDG 3",30.196761,-97.774024
"2570","606 CLIFF DR","New construction single family residential 2-story 4 bedroom 4.5 bath with covered front porch and 2nd floor roof top deck.","606 CLIFF DRIVE",30.262061,-97.765081
"2571","709 W MILTON ST","Expedited Review: New Construction of a 2-Story single Family Res [3bed 2.5bath] with basement and attached 2-Car Garage Detached 1-story Cabana [1bath] New pool and spa","709 WEST MILTON STREET",30.248752,-97.757792
"2572","1605 CLIFFSIDE DR","New construction single family residential 2-story 4 bedroom 3.5 bath with attached carport covered front porch covered rear patio and uncovered wood deck.","1605 CLIFFSIDE DRIVE",30.258157,-97.77723
"2573","1006 EASON ST","New 3-story 3 bedroom 4.5 bathroom single family residence with habitable basement covered front porch and uncovered 2nd floor balcony.","1006 EASON STREET",30.279368,-97.759425
"2574","932 GARDNER RD UNIT 211","New 3 Story Duplex-BLDG 2   1/1.5
Units 211","932 GARDNER ROAD UNIT 211",30.255555,-97.685352
"2575","932 GARDNER RD UNIT 111","Unit #111 New 3-Story SFR 2 Bed/3 Bath with attached garage and balcony Bldg #1","932 GARDNER ROAD UNIT 111",30.255555,-97.685352
"2576","932 GARDNER RD UNIT 212","New 3 Story Duplex-BLDG 2   1/1.5
Units 212","932 GARDNER ROAD UNIT 212",30.255555,-97.685352
"2577","932 GARDNER RD UNIT 114","Unit #114 New 3-Story SFR 2 Bed/3 Bath with attached garage covered porch and balcony Bldg #1","932 GARDNER ROAD UNIT 114",30.255555,-97.685352
"2578","932 GARDNER RD UNIT 412","Unit 412: 3-story townhouse w/ porch balcony nd attached garage. 3/2.5","932 GARDNER ROAD UNIT 412",30.255555,-97.685352
"2579","932 GARDNER RD UNIT 411","Unit 411: 3-story townhouse w/ porch balcony and attached garage. 3/2.5","932 GARDNER ROAD UNIT 411",30.255555,-97.685352
"2580","932 GARDNER RD UNIT 112","Unit #112 New 3-Story SFR 2 Bed/2.5 Bath with attached garage and covered porch Bldg #1","932 GARDNER ROAD UNIT 112",30.255555,-97.685352
"2581","932 GARDNER RD UNIT 413","Unit 413: 3-story townhouse w/ porch balcony nd attached garage. 3/2.5","932 GARDNER ROAD UNIT 413",30.255555,-97.685352
"2582","932 GARDNER RD UNIT 113","Unit #113 New 3-Story SFR 2 Bed/2.5 Bath with attached garage and covered porch Bldg #1","932 GARDNER ROAD UNIT 113",30.255555,-97.685352
"2583","932 GARDNER RD UNIT 312","Unit 312: New construction single family residential 3-story 2 bedroom 3 bath (2 bath 2 half bath) with attached 2-car garage 2nd story balcony and covered front porch.","932 GARDNER ROAD UNIT 312",30.255555,-97.685352
"2584","7603 BENNETT AVE BLDG 2","New construction of detached 2 story ADU with attached garage and covered porch","7603 BENNETT AVE BLDG 2",30.335814,-97.697159
"2585","932 GARDNER RD UNIT 311","Unit 311: New construction single family residential 3-story 2 bedroom 2.5 bath with attached 2-car garage and covered front porch.","932 GARDNER ROAD UNIT 311",30.255555,-97.685352
"2586","932 GARDNER RD UNIT 313","Unit 313: New construction single family residential 3-story 2 bedroom 2.5 bath with attached 2-car garage and covered front porch.","932 GARDNER ROAD UNIT 313",30.255555,-97.685352
"2587","4812 BELVEDERE ST UNIT 4","New 2 Story Single Family Home with attached garage and covered porch   5/5.5","4812 BELVEDERE STREET UNIT 4",30.349824,-97.783253
"2588","6306 NASCO DR","New construction of 2 story SFR w/ 4 bedrooms 3 bathrooms attached garage and covered patio","6306 NASCO DRIVE",30.340817,-97.743589
"2589","1400 CEDAR AVE UNIT 104","1400 Cedar Ave Building 1 unit 104 New 2 Story Townhouse with attached garage 2/2.5","1400 CEDAR AVE UNIT 104",30.276924,-97.713726
"2590","1400 CEDAR AVE UNIT 105","1400 Cedar Ave Building 1 unit 105 New 2 Story Townhouse with attached garage 2/2.5","1400 CEDAR AVE UNIT 105",30.276924,-97.713726
"2591","1400 CEDAR AVE UNIT 102","1400 Cedar Ave Building 1 unit 102 New 3 Story Townhouse with attached garage 3/3.5","1400 CEDAR AVE UNIT 102",30.276924,-97.713726
"2592","1400 CEDAR AVE UNIT 103","1400 Cedar Ave Building 1 unit 103 New 3 Story Townhouse with attached garage 3/3.5","1400 CEDAR AVE UNIT 103",30.276924,-97.713726
"2593","2412 WILLOW ST--BLDG 2","New 2-story ADU 2 bedrooms 2.5 bathrooms attached garage covered porch and patio","2412 WILLOW STREET",30.253749,-97.717211
"2594","1400 CEDAR AVE UNIT 101","1400 Cedar Ave Building 1 unit 101 New 3 Story Townhouse with attached garage 3/3.5","1400 CEDAR AVE UNIT 101",30.276924,-97.713726
"2595","1401 ALLEN RD","New 2-story SFR 5 bedrooms 4 bathrooms attached garage covered porch and patio","1401 ALLEN ROAD",30.272557,-97.812978
"2596","1400 CEDAR AVE UNIT 202","Unit 202: New 2-story 2 bedroom 2 bathroom townhome residence with habitable attic attached garage covered porch and balcony.","1400 CEDAR AVE UNIT 202",30.276924,-97.713726
"2597","1400 CEDAR AVE UNIT 201","Unit 201: New 2-story 2 bedroom 2 bathroom townhome residence with habitable attic attached garage covered porch and balcony.","1400 CEDAR AVE UNIT 201",30.276924,-97.713726
"2598","2006 MOUNTAIN VIEW RD","New 2-story 6 bedroom 6 bathroom primary residence with habitable basement attached garage attached carport and covered front porch.","2006 MOUNTAIN VIEW ROAD",30.296576,-97.772242
"2599","1603 CHELSEA LN BLDG 3","New 3-story 4 bedroom 5 bathroom single family residence with attached carport and covered porch.","1603 CHELSEA LANE BLDG 3",30.242827,-97.738894
"2600","2308 ARPDALE ST","New Construction of a 2-Story SF Res [4bed 3.5bath] with Habitable Attic and attached 2-Car Garage

Prereq Cycle: 1 No sprinkler required. Both structures less than 3600SF. No WUI inspection required. 

**Using existing driveway approach 6/14 - Revision 1**","2308 ARPDALE STREET",30.250308,-97.781183
"2601","2308 ARPDALE ST","Expedited Review - New Construction of a 2-Story Secondary Apartment [2bed 2.5bath] with attached 2-Car Carport","2308 ARPDALE STREET",30.250308,-97.781183
"2602","7016 CIRCLE S RD","New Construction of a 1-Story Single Family Res.[3bed 2bath].","7016 CIRCLE SOUTH ROAD",30.187131,-97.779431
"2603","7016 CIRCLE S RD","New 2-Story Secondary Apartment [2bed 2.5bath].","7016 CIRCLE SOUTH ROAD",30.187131,-97.779431
"2604","12889 PARK DR","Expedited Review: New Construction of a 2-Story Single Family Res [4bed 4.5bath] with attached 3 Car Garage.","12889 PARK DRIVE",30.39449,-97.884208
"2605","910 MORROW ST Bldg 2","New 2-story Secondary Dwelling with attached garage and covered porch 2/2.5","910 MORROW STREET BLDG 2",30.345125,-97.716815
"2606","2504 SWEENEY LN","New 2-Story Secondary Apartment [2bed 2.5bath] with attached 1-car Garage.","2504 SWEENEY LANE",30.308665,-97.683004
"2607","5505 MANOR RD","New Construction of a 2-Story Duplex [6bed 5bath] each with attached 1-car Garage and  1-car Carport","5505 MANOR ROAD",30.302544,-97.683083
"2608","2504 SWEENEY LN","New Construction of a 2-Story Single Family Res. [3bed 2.5bath] with attached 1-car Garage.","2504 SWEENEY LANE",30.308665,-97.683004
"2609","1032 SPRINGDALE RD UNIT 102","New construction of a  three-story townhouse with attached garage and balcony.
Note: expiration date extended to Dec. 31 2021 in compliance with mayors COVID-19 orders.","1032 SPRINGDALE ROAD UNIT 102",30.269361,-97.693366
"2610","1032 SPRINGDALE RD UNIT 101","New construction of a  three-story townhouse with attached garage and balcony.
Note: expiration date extended to Dec. 31 2021 in compliance with mayors COVID-19 orders.","1032 SPRINGDALE ROAD UNIT 101",30.269361,-97.693366
"2611","3111 SCHUTZE ST","3111: New construction single family residential 2-story 3 bedroom 2.5 bath with attached 2-car garage covered front porch and 2nd story balcony.","3111 SCHUTZE STREET",30.293535,-97.692216
"2612","3115 SCHUTZE ST","3115: New construction single family residential 2-story 3 bedroom 2.5 bath with attached 2-car garage covered front porch covered patio and 2nd story balcony.","3115 SCHUTZE STREET",30.293541,-97.692078
"2613","5702 PENICK DR BLDG 2","New construction single family residential 2-story 5 bedroom 4.5 bath with attached 2-car garage covered front porch covered rear patio and 2nd story balcony.","5702 PENICK DRIVE BLDG 2",30.229316,-97.708946
"2614","2813 ROCK TERRACE DR","New construction single family residential 2-story w/ basement 5 bedroom 5.5 bath with attached 2-car garage covered front porch covered rear patio and 3 balconies. New construction accessory to primary use attached guest house 1 bedroom 1bath with kitchen and game room.","2813 ROCK TERRACE DRIVE",30.251653,-97.787403
"2615","5508 BLUE BIRD LN","Expedited Review - New Construction of a 2-Story Single Family Res. with Garage a 2-Story Secondary Apartment and (3) 2-Story Accessory Bldgs.","5508 BLUE BIRD LANE",30.207415,-97.776587
"2616","5508 BLUE BIRD LN","Secondary apartment","5508 BLUE BIRD LANE",30.207415,-97.776587
"2617","2801 WINSTON CT","Expedited Review - New Construction of a 3-Story Single Family Res.[4bed 3.5bath] with attached Garage","2801 WINSTON CT",30.324984,-97.751015
"2618","3808 BALCONES DR","New 2 Story Single Family House with attached garage and covered porch and patio 5 bed 9","3808 BALCONES DRIVE",30.317641,-97.766502
"2619","2203 SOUTHERN OAKS DR","Expedited Review - New Construction of a 1-Story Single Family Res. [4bed 3.5bath] with attached Garage","2203 SOUTHERN OAKS DRIVE",30.219937,-97.798321
"2620","4712 SOUTH FOREST DR","Expedited Review - New detached ADU","4712 SOUTH FOREST DRIVE",30.221215,-97.78742
"2621","1428 LAWRENCE ST UNIT B","New 2-story 2 bedroom 1.5 bathroom secondary dwelling unit with attached covered porch.","1428 LAWRENCE STREET UNIT B",30.226696,-97.69619
"2622","3400 HILLVIEW RD","New 2 Story SFR with attached garage and covered porch/patio  5/8 w pool
complete app received 4/27","3400 HILLVIEW ROAD",30.310331,-97.765022
"2623","3210 THOMPSON ST","Expedited Review - New Construction of a 2-Story Single Family Res. [4bed 3.5bath] with attached Garage.","3210 THOMPSON STREET",30.26724,-97.700547
"2624","2117 GREENWOOD AVE BLDG 2","new adu with bathroom","2117 GREENWOOD AVE BLDG 2",30.286441,-97.698892
"2625","2201 GREENWOOD AVE","New construction 3 bedroom. 3.5 bathroom. attached garage. covered patio of a SFR with an ADU w/ bathroom","2201 GREENWOOD AVE",30.286379,-97.69932
"2626","206 E WONSLEY DR","New construction two-family residential secondary apartment 2-story 2 bedroom  1.5 bath with covered front porch.","206 EAST WONSLEY DRIVE",30.345579,-97.702443
"2627","1822 TREADWELL ST","New 2 story SFR and pool   4/5.5","1822 TREADWELL STREET",30.259763,-97.768707
"2628","2000 RIVERSIDE FARMS RD","Building 11 Unit 11101 & Unit 11102. New 2-story duplex w/ attached garage and covered balcony. 2/2.5 each","2000 RIVERSIDE FARMS ROAD",30.230072,-97.71493
"2629","1180 HARVEY ST","New 2-story 2 bedroom 2.5 bathroom secondary dwelling unit with attached garage and covered front porch.","1180 HARVEY STREET",30.274612,-97.702152
"2630","1180 HARVEY ST","New 3-story 4 bedroom 3.5 bathroom single family residence with attached garage covered front porch 2nd floor uncovered balcony and 3rd floor covered balcony.","1180 HARVEY STREET",30.274612,-97.702152
"2631","2000 RIVERSIDE FARMS ROAD Bldg 17","Building 17 Unit 17101 & Unit 17102. New 2-story duplex w/ attached garage and covered balcony. 2/2.5 each","2000 RIVERSIDE FARMS ROAD BLDG 17",30.230072,-97.71493
"2632","2000 RIVERSIDE FARMS RD","Building 15 Unit 15101 & Unit 15102. New 2-story duplex w/ attached garage and covered balcony. 2/2.5 each","2000 RIVERSIDE FARMS ROAD",30.230072,-97.71493
"2633","2000 RIVERSIDE FARMS RD","Building 7 units 7101& 7102 New Two Story Two Family Dwelling with attached garages","2000 RIVERSIDE FARMS ROAD",30.230072,-97.71493
"2634","2603 ROCKINGHAM DR","Expedited Review: New Construction of a 2-Story Single Family Res [5bed 4.5bath] with attached 2-Car Garage","2603 ROCKINGHAM DRIVE",30.251041,-97.784098
"2635","1123 BLUEBONNET LN","New construction 2 story SFR with attached garage 4 bedrooms 4.5 bathrooms covered patios","1123 BLUEBONNET LANE",30.257125,-97.770893
"2636","2202 FOREST BEND DR","New 2 story construction of SFR with attached garage and covered porch    4/5.5","2202 FOREST BEND DRIVE",30.254039,-97.788969
"2637","6512 STOCKMAN DR BLDG 4  *SMART HOUSING**PRODUCTION BUILDER-CONDO*","Building #4 New 3 story SFR with 3 beds and 3 baths","6512 STOCKMAN DRIVE",30.145832,-97.751515
"2638","2922 BRONX DR","New 2 Story SFR  4 Bed/3 Bath with attached garage","2922 BRONX DRIVE",30.396963,-97.619914
"2639","6512 STOCKMAN DR BLD 2 *SMART HOUSING**PRODUCTION BUILDER-CONDO*","Building #2 New SFR with 3 beds and 3 baths","6512 STOCKMAN DRIVE",30.145832,-97.751515
"2640","1302 PALO DURO RD","Expedited Review- New construction of a 2-Story Single Family Res [4bed 4.5bath] with attached 2 Car Garage attached Carport guest suite [1bed 1bath] attached via a covered patio.","1302 PALO DURO ROAD",30.331383,-97.730002
"2641","4204 BELLVUE AVE","Expedited Review - New Construction of a 2-story 3 bedroom 2.5 bathroom single family residence with covered front porch covered patio and 2nd floor uncovered roof deck/balcony. 

REVISION #1: Primary building changes: Floor plan layout was was flipped and a basement level was added including one Bedroom for a total of 4 and one full bathroom for a total of 3.5. The revision encompasses new architectural and structural drawings.","4204 BELLVUE AVE",30.311332,-97.741903
"2642","3107 STARDUST DR","Expedited Review - New Construction of a 2-Story Single Family Res. [4bed 3bath] with attached Garage.","3107 STARDUST DRIVE",30.353241,-97.744191
"2643","9416 GLADSOME PATH","New 1-story SFR with covered porch  3/2","9416 GLADSOME PATH",30.293238,-97.546707
"2644","2902 GEM CIR","Expedited Review: New Construction of Accessory Dwelling Unit [1bath].","2902 GEM CIR",30.233887,-97.759577
"2645","4200 RIVERCREST DR","New construction single family residential 3-story w/ basement 5 bedroom 7.5 bath with attached 2-car garage multiple covered porches balconies uncovered wood deck.","4200 RIVERCREST DRIVE",30.343844,-97.811362
"2646","2114 HASKELL ST","Expedited Review - New Construction of a 2-Story Single Family Res [3bed 4bath]. Work to include Attached Garage and Carport.","2114 HASKELL STREET",30.251427,-97.722887
"2647","2300 ENFIELD RD UNIT 201","Unit #201 New 3-story Duplex Condominium Residence with attached garages covered balconies. *DUPLEX CONDOMINIUM RESIDENCE*

3/30/26 SM - Per Marvin Lewis a Fire suppression system is not required for this unit per the site plan.","2300 ENFIELD ROAD UNIT 201",30.28799,-97.767294
"2648","2300 ENFIELD RD UNIT 103","New 3-story Condominium Residence with attached garage covered entry porch.  *CONDOMINIUM RESIDENCE*","2300 ENFIELD ROAD UNIT 103",30.28799,-97.767294
"2649","1704 INTERVAIL DR","Expedited Review - New Construction of a 2-Story Single Family Res. [4bed 4.5bath] with attached 2-car Garage (sidewalk inspection no driveway)

REVISION INCLUDES: Plan modification for U.G. powerline separation. 811 incorrectly marked utility.
First floor and porch revised to get 5 separation. No overhangs in separation.","1704 INTERVAIL DRIVE",30.263543,-97.801272
"2650","1704 REDD ST","Expedited Review - New Construction of a 2-Story SF Res [3bed 2.5bath] with attached 2-car carport","1704 REDD STREET",30.226829,-97.786542
"2651","1802 RINGTAIL RIDGE","Expedited Review - New Construction of a 2-Story Single Family Res. [4bed 5.5bath] with Basement and attached 2-car Garage-Permit voided as a result of disannexation effective September 9 2024. See Ordinance No. 20240829-163.","1802 RINGTAIL RIDGE",30.277907,-97.833419
"2652","2917 CHERRYWOOD RD","New 2-story 2 bedroom 1.5 bathroom secondary dwelling unit with covered porches and balcony.","2917 CHERRYWOOD ROAD",30.285159,-97.717622
"2653","2917 CHERRYWOOD RD","New 3-story 3 bedroom 3 bathroom primary residence with attached garage covered front porch covered patios 2nd floor covered balcony and rooftop deck.","2917 CHERRYWOOD ROAD",30.285159,-97.717622
"2654","800 BAKERSFIELD PL","Estonian 3316 B Right New - 2 Story SFR CONDOMINUM w/ 3 bedrooms 2.5 bathrooms attached 2 car garage covered entry porch and patio loft. FFE: 715.27 Site Plan: SP-2018-0326C Site Plan Exp.: 12/02/22 Max Bld height: 31 Actual Bld height:30-4 required parking: 2.","800 BAKERSFIELD PLACE",30.115808,-97.811112
"2655","2907 SEBRING CIR","Highland 3313 C Left New - 1 Story SFR CONDOMINUM w/ 3 bedrooms 2 bathrooms attached 2 car garage covered entry porch and extended patio loft FFE: 605.49 Site Plan: SP-2018-0390C Site Plan Exp.: 01/03/23 Max Bld height: 26 Actual Bld height: 25-5 required parking: 2.","2907 SEBRING CIR",30.130134,-97.792213
"2656","4514 SPANISH OAK TRL","Expedited Review - New Construction of a 2-Story Single Family Res. [4bed 4bath] with Basement and attached 2-car Garage.","4514 SPANISH OAK TRAIL",30.328124,-97.767935
"2657","707 W MONROE ST","Expedited Review - New Construction of a 2-Story Single Family Res. [3bed 3bath] with Habitable Attic","707 WEST MONROE STREET",30.249872,-97.757028
"2658","1906 E 2ND ST","New 2 Story Secondary Dwelling with attached garage and covered porch 2/1.5","1906 EAST 2ND STREET",30.258013,-97.723759
"2659","1906 E 2ND ST","New 2 story sfr with covered  porch   3/3 (2 half baths)","1906 EAST 2ND STREET",30.258013,-97.723759
"2660","1212 TAYLOR ST","Expedited Review - New construction of a 3-story single family home on a vacant lot with 2-car carport and pool.","1212 TAYLOR STREET",30.256523,-97.732867
"2661","6525 ED BLUESTEIN BLVD NB BLDG 10","ePlan: Expedited Review - New Construction of (12) Multi-Family Bldgs (Bldg 10) (5830 SF)","6525 ED BLUESTEIN BOULEVARD NB BLDG 10",30.304482,-97.659615
"2662","6525 ED BLUESTEIN BLVD NB BLDG 11","ePlan: Expedited Review - New Construction of (12) Multi-Family Bldgs (Bldg 11) (5830 SF)","6525 ED BLUESTEIN BOULEVARD NB BLDG 11",30.304482,-97.659615
"2663","6525 ED BLUESTEIN BLVD NB BLDG 12","ePlan: Expedited Review - New Construction of (12) Multi-Family Bldgs (Bldg 12) (5830 SF)","6525 ED BLUESTEIN BOULEVARD NB BLDG 12",30.304482,-97.659615
"2664","2301 TRAILSIDE DR","new 2-story SFR w/ pool & habitable attic and attached garage and covered porch 4/5","2301 TRAILSIDE DRIVE",30.259216,-97.773962
"2665","2300 ENFIELD RD UNIT 101","New 3-story Condominium Residence with attached garage covered entry porch.  *CONDOMINIUM RESIDENCE*","2300 ENFIELD ROAD UNIT 101",30.28799,-97.767294
"2666","3005 WADSWORTH WAY","new 1-story SFR with attached garage and covered porch 4/2","3005 WADSWORTH WAY",30.175442,-97.843831
"2667","5717 LOST HORIZON DR BLDG 1","New 3-story SFR *PRODUCTION BUILDER - CONDO*","5717 LOST HORIZON DRIVE BLDG 1",30.401326,-97.763411
"2668","4600 SECLUDED HOLW","ePlan-Expedited Review: New Construction of a 2-Story Single Family Res [5bed 6.5bath] with basement and attached 4-Car Garage.","4600 SECLUDED HOLW",30.435015,-97.715236
"2669","4401 GILLIS ST","New Construction of a 2-Story Single Family Res.[3bed 3.5bath] with Habitable Attic and attached 1-car Garage","4401 GILLIS STREET",30.225919,-97.782128
"2670","603 E 49TH ST","New construction single family residential 2-story 3 bedroom 3.5 bath with attached 1-car garage covered front porch covered rear patio uncovered rear wood deck and uncovered roof deck.","603 EAST 49TH STREET",30.311232,-97.719892
"2671","603 E 49TH ST","New construction two-family residential secondary apartment 1-story 1 bedroom 1 bath with covered front porch.","603 EAST 49TH STREET",30.311232,-97.719892
"2672","4416 BANISTER LN","Single family residential 2-story 3 bedroom 2.5 bath with attached 2-car garage covered front porch covered rear patio and covered 2nd story balcony.","4416 BANISTER LANE",30.224504,-97.781768
"2673","4601 ISLAND CV","New 2 story single family residence with 6 bedrooms 6.5 bathrooms playroom office covered porches and attached garage.","4601 ISLAND CV",30.331429,-97.778513
"2674","1002 W JOHANNA ST","Expedited Review - New Construction of a 2-Story Single Family Res. [4bed 4.5bath] with Habitable Basement and detached 2-car Carport.","1002 WEST JOHANNA STREET",30.247787,-97.762862
"2675","5717 LOST HORIZON DR BLDG 5","New 3-story SFR *CONDO - PRODUCTION BUILDER*","5717 LOST HORIZON DRIVE BLDG 5",30.401326,-97.763411
"2676","705 E 50TH ST","Expedited Review: New construction of a 2-Story single Family Res [4bed 3.5bath] with attached 1 Car Garage.","705 EAST 50TH STREET",30.311847,-97.718496
"2677","5717 LOST HORIZON DR","unit 6 New 2-story 4 bedroom 3.5 bathroom single family condominium residence with attached garage covered entry porch covered reach porch terrace and basement.","5717 LOST HORIZON DRIVE",30.401326,-97.763411
"2678","7204 GRENADINE BLOOM BND","7204 A&B Grenadine Bloom Bend-T02A- Acadia TH Elev: 2E with (3) Bdrms (2.5) Baths Attached 2-Car Garage Patio","7204 GRENADINE BLOOM BND",30.149898,-97.594887
"2679","5717 LOST HORIZON DR BLDG 4","New 2-story SFR with basement *CONDO - PRODUCTION BUILDER*","5717 LOST HORIZON DRIVE BLDG 4",30.401326,-97.763411
"2680","5717 LOST HORIZON DR BLDG 3","New 3 Story Condo 4 Bed/3.5 Bath attached garage terrace porch uncovered wood deck.","5717 LOST HORIZON DRIVE BLDG 3",30.401326,-97.763411
"2681","2612 BRIDLE PATH","Expedited Review - New Construction of a 2-Story Single Family Res. [4bed 5.5bath] with Habitable Attic and attached Garage","2612 BRIDLE PATH",30.291695,-97.771083
"2682","9209 SLAYTON DR","New 2-story 2 bedroom 2.5 bathroom secondary dwelling unit with covered patio.","9209 SLAYTON DRIVE",30.360359,-97.694786
"2683","2708 SCENIC DR","Expedited Review: New Construction of a 2-Story Single Family Res including lower level basement [5bed 6bath] with attached 2 Car Garage","2708 SCENIC DRIVE",30.308088,-97.774972
"2684","4529 S 1ST ST","New Two-Story Secondary Dwelling rear of main house","4529 SOUTH 1ST STREET",30.218145,-97.774465
"2685","4529 S 1ST ST","New 2-story SFR w/ 2-story ADU and detached accessory structure","4529 SOUTH 1ST STREET",30.218145,-97.774465
"2686","1710 ALTA VISTA AVE","Expedited Review: New Construction of a 2-Story single Family Res [4bed 4.5bath] with attached 2 Car Garage.

*** Revised *** 12/11/23 SM - Basement and a 2 story structure Fire sprinkler system installed adding 609","1710 ALTA VISTA AVE",30.243416,-97.74367
"2687","2108 ROSEWOOD AVE","ePlan: Expedited Review - New Construction of a Multi-Family Four-Plex Bldg. (3150 SF) This includes units 3456.","2108 ROSEWOOD AVE",30.270358,-97.716505
"2688","4419 SHOALWOOD AVE","Expedited Review: New Construction of a 2-Story single Family Res [4bed 3.5bath] with playroom and study.","4419 SHOALWOOD AVE",30.316876,-97.745002
"2689","607 E 38TH ST","New 2-story duplex with detached garage  4/4","607 EAST 38TH STREET",30.297828,-97.728508
"2690","6403 FELIX AVE","New 2-story urban home SFR 4br/2.5bath w/carport and covered porch patio and balcony","6403 FELIX AVE",30.234534,-97.695571
"2691","4315 CITY PARK RD","Expedited Review - New Construction of a 2-Story Single Family Res. [6bed 6bath] with attached 3-car Garage Media Room Exercise Room","4315 CITY PARK ROAD",30.355646,-97.831904
"2692","410 SWANEE DR","New construction single family residential 2-story 4 bedroom 3.5 bath with attached 1-car garage covered front porch  covered rear patio and two 2nd floor balconies.","410 SWANEE DRIVE",30.335178,-97.714461
"2693","410 SWANEE DR","New construction two family residential secondary apartment 2-story 2 bedroom 2.5 bath with attached 1-car carport and covered front porch.","410 SWANEE DRIVE",30.335178,-97.714461
"2694","2000 RIVERSIDE FARMS RD BLDG 13","Bldg 13; Units 13101 & 13102: New construction two-family residential duplex 2-story 2 bedroom (both units) 2.5 bath (both units) with attached 1-car garage (both units) and 2nd story balcony (both units).","2000 RIVERSIDE FARMS ROAD BLDG 13",30.230072,-97.71493
"2695","1510 FAIRFIELD DR","New construction two-family residential secondary apartment 2-story 2 bedroom 2 bath.","1510 FAIRFIELD DRIVE",30.361077,-97.718715
"2696","2000 RIVERSIDE FARMS RD BLDG 19","Bldg 19; Units 19101 & 19102: New construction two-family residential duplex 2-story 2 bedroom (both units) 2.5 bath (both units) with attached 1-car garage (both units) and 2nd floor balcony (both units).","2000 RIVERSIDE FARMS ROAD BLDG 19",30.230072,-97.71493
"2697","2000 RIVERSIDE FARMS RD","Building 12 Unit 12101 & Unit 12102. New 2-story duplex w/ attached garage and covered balcony. 2/2.5 each","2000 RIVERSIDE FARMS ROAD",30.230072,-97.71493
"2698","2000 RIVERSIDE FARMS RD","Building 3 Unit 3101 & Unit 3102. New 2-story 4 bedroom 5 bathroom condo duplex. Each unit contains 2 bedrooms 2.5 bathrooms with an attached garage and 2nd story covered balcony.","2000 RIVERSIDE FARMS ROAD",30.230072,-97.71493
"2699","2000 RIVERSIDE FARMS ROAD Bldg 20","Building 20 New 2 Story Duplex with attached garages Unit 20101 and Unit 20102
 
Revision:
Electrical plan revision- Add house panel
The original plan did not have any house panels so we added a house panel to MC4 to power the irrigation system.

Revisions were made to sheets MEP002 E601A E601B E601C E701","2000 RIVERSIDE FARMS ROAD BLDG 20",30.230072,-97.71493
"2700","2000 RIVERSIDE FARMS RD","Building 21 New 2 Story Duplex with attached garage Unit 21101  Unit 21102  2 story duplex

REVISION:
Electrical plan revision- Add house panel
The original plan did not have any house panels so we added a house panel to MC4 to power the irrigation system.

Revisions were made to sheets MEP002 E601A E601B E601C E701","2000 RIVERSIDE FARMS ROAD",30.230072,-97.71493
"2701","2000 RIVERSIDE FARMS RD","Building 10 Unit 10101 & Unit 10102. New 2-story duplex w/ attached garage and covered balcony. 2/2.5 each","2000 RIVERSIDE FARMS ROAD",30.230072,-97.71493
"2702","2000 RIVERSIDE FARMS RD","Building 5 Unit 5101 & Unit 5102. New 2-story 4 bedroom 5 bathroom condo duplex. Each unit contains 2 bedrooms 2.5 bathrooms with an attached garage and 2nd story covered balcony.","2000 RIVERSIDE FARMS ROAD",30.230072,-97.71493
"2703","4200 ENDURANCE WAY","New construction of SMART HOUSING multifamily and attached garages - 4200 4202 4204 4206 and riser room 4206 1/2)

**DS permit NOT NEEDED - AP 11/7/22**","4200 ENDURANCE WAY",30.315681,-97.754082
"2704","4204 ENDURANCE WAY","New construction of SMART HOUSING multifamily and attached garages - 4200 4202 4204 4206 and riser room 4206 1/2)","4204 ENDURANCE WAY",30.315798,-97.754137
"2705","4206 ENDURANCE WAY","New construction of SMART HOUSING multifamily and attached garages - 4200 4202 4204 4206 and riser room 4206 1/2)","4206 ENDURANCE WAY",30.31588,-97.75405
"2706","4202 ENDURANCE WAY","New construction of SMART HOUSING multifamily and attached garages - 4200 4202 4204 4206 and riser room 4206 1/2)","4202 ENDURANCE WAY",30.315783,-97.754004
"2707","1300 SWEET BARK ST","New 2-story condominium Stevie 1643-B-R 3 bedrooms 2.5 bathrooms attached 2 car garage covered patio & porch. Jimmie 1496-B-R 3 bedrooms 2.5 bathrooms attached 2 car garage covered patio & porch.","1300 SWEET BARK STREET",30.186834,-97.807499
"2708","1203 VIOLA LEE LN","New 2-story condominium Unit 45 Stevie 1643-A-R 3 bedrooms 2.5 bathrooms attached 2 car garage covered patio & porch. Unit 44 Jimmie 1496-A-R 3 bedrooms 2.5 bathrooms attached 2 car garage covered patio & porch.","1203 VIOLA LEE LANE",30.186706,-97.807347
"2709","1304 SWEET BARK ST","New 2-story condominium Stevie 1643-C-R 3 bedrooms 2.5 bathrooms attached 2 car garage covered patio & porch. Jimmie 1496-C-R 3 bedrooms 2.5 bathrooms attached 2 car garage covered patio & porch.","1304 SWEET BARK STREET",30.186844,-97.807661
"2710","1188 HARVEY ST BLDG 1","New two-story residence with attached one-car garage 3.5 bathrooms 3 bedrooms.","1188 HARVEY STREET BLDG 1",30.275149,-97.702656
"2711","1188 HARVEY ST BLDG 2","2 story ADU with garage 2 bedrooms and 2.5 bathrooms","1188 HARVEY STREET BLDG 2",30.275149,-97.702656
"2712","5301 CHRISTINA CT","New construction single family residential 2-story 5 bedroom 3 bathroom with attached 1-car garage covered front porch and covered rear patio.","5301 CHRISTINA CT",30.303161,-97.664442
"2713","1411 FAIRFIELD DR","New 1-story ADU rear of main house","1411 FAIRFIELD DRIVE",30.360739,-97.713177
"2714","2304 E 14TH ST","New 2-story 2 bedroom 1.5 bathroom secondary dwelling unit with attached garage covered porch uncovered wood deck and 2nd floor uncovered roof deck/balcony.","2304 EAST 14TH STREET",30.276893,-97.715695
"2715","12508 ORCHARD GROVE LN","2509BR NEW 2 STORY 4 BEDROOM 2 1/2 BATH SINGLE FAMILY RESIDENTIAL HOME WITH ATTACHED GARAGE COVERED FRONT PORCH AND REAR PATIO","12508 ORCHARD GROVE LANE",30.383564,-97.618122
"2716","1305 PALO DURO RD","New 2 Two-Story Single-Family House with attached garage and covered porch","1305 PALO DURO ROAD",30.331147,-97.730424
"2717","1305 PALO DURO RD","New 2 Story Secondary Dwelling rear of main house with attached garage and covered porch","1305 PALO DURO ROAD",30.331147,-97.730424
"2718","5613 TOSCANA AVE","New 2-story SFR 3 Bed/2.5 Bath with attached garage","5613 TOSCANA AVE",30.287073,-97.645188
"2719","8708 ARACARI CV","New 1 Story  SFR with attached garage and covered porch
PUD","8708 ARACARI CV",30.146488,-97.712397
"2720","809 LIMON LN","2-Story Secondary Apartment [2bed 2bath] with attached 1-car Carport.","809 LIMON LANE",30.234902,-97.767428
"2721","2602 CEDARVIEW DR BLDG 2","New construction two family residential secondary apartment 2-story 1 bedroom 1 bath with uncovered wood deck.","2602 CEDARVIEW DRIVE BLDG 2",30.250311,-97.784733
"2722","6106 BULL CREEK RD","Expedited Review: New Construction of a 2-Story Single Family Res 5bed 4.5bath] with attached 2 Car Garage.","6106 BULL CREEK ROAD",30.339056,-97.74382
"2723","1184 HARVEY ST BLDG 2","New construction two-family residential secondary apartment 2-story 1 bedroom 1.5 bath with covered front porch screened porch and 2nd story roof deck.","1184 HARVEY STREET BLDG 2",30.274895,-97.702427
"2724","5609 TOSCANA AVE","New 2-story SFR 3 bed 2.5 bath with attached garage","5609 TOSCANA AVE",30.287012,-97.645315
"2725","1184 HARVEY ST BLDG 1","Two-family residential: New construction single family residential 2-story 2 bedroom 2.5 bath with attached 1-car garage covered front porch and two 2nd story balconies; habitable attic w/ roof deck.","1184 HARVEY STREET BLDG 1",30.274895,-97.702427
"2726","7505 POPPY PETAL LOOP","GANNES 3424 C-R NEW 1-STORY RESIDENCE WITH 3 BEDROOMS 2 BATHROOMS COVERED ENTRY WAY AND PORCH.","7505 POPPY PETAL LOOP",30.145246,-97.595843
"2727","816 W ELIZABETH ST","Expedited Review - New Construction of a 2-Story Single Family Res. [3bed 2.5bath]","816 WEST ELIZABETH STREET",30.252292,-97.757658
"2728","1707 W 42ND ST","Expedited Review - New single 2 story family residence with basement  5 bedroom 5.5 bathroom","1707 WEST 42ND STREET",30.313299,-97.747228
"2729","12605 HALLSTATT DR","3475CL NEW 2 STORY 5 BEDROOM 3 BATH SINGLE FAMILY RESIDENTIAL HOME WITH ATTACHED GARAGE COVERED FRONT PORCH AND REAR PATIO","12605 HALLSTATT DRIVE",30.386534,-97.62307
"2730","2208 THORNTON RD","2208 THORNTON RD: New 2-story SFR w/ porch covered patio and attached garage. 4/3 
2206 THORNTON RD: Change of Use from existing SFR to secondary dwelling unit (maxed). No work perform","2208 THORNTON ROAD",30.245957,-97.771186
"2731","4009 MARGARITA ST","4009 MARGARITA ST: New 3-story w/ front porch balcony and attached 2-car garage. 4/3.5","4009 MARGARITA STREET",30.292791,-97.692439
"2732","2111 PRATHER LN","Bldg. 3. New 2-story single family condominium residence attached 1 car garage covered 2nd floor patio  uncovered patio 2 bedroom 2.5  bathroom.","2111 PRATHER LANE",30.234489,-97.788219
"2733","2111 PRATHER LN","Bldg. 4. New 2-story single family condominium residence attached 1 car garage covered 2nd floor patio  uncovered patio 2 bedroom 2.5 bathroom.","2111 PRATHER LANE",30.234489,-97.788219
"2734","2111 PRATHER LN","Bldg. 2. New 2-story single family condominium residence attached 1 car garage covered 2nd floor patio uncovered patio 2 bedroom 2.5 bathroom.","2111 PRATHER LANE",30.234489,-97.788219
"2735","5509 TOSCANA AVE","New 2-story SFR *PRODUCTION BUILDER*","5509 TOSCANA AVE",30.286376,-97.646561
"2736","2111 PRATHER LN","Bldg. 1. New 2-story single family condominium residence attached 1 car garage covered 2nd floor patio 2 bedroom 2.5 bathroom.","2111 PRATHER LANE",30.234489,-97.788219
"2737","2111 PRATHER LN","Bldg. 5. New 2-story single family condominium residence attached 1 car garage covered 2nd floor patio  uncovered patio 2 bedroom 2.5  bathroom.","2111 PRATHER LANE",30.234489,-97.788219
"2738","1802 ROMERIA DR","Expedited Review - New Construction of  2-story SF Res [3bed 2.5bath]","1802 ROMERIA DRIVE",30.335472,-97.734844
"2739","8713 PEAFOWL ST","*Green Building* New 2-story 4 bedroom 3 bathroom single family residence with attached garage covered front porch and rear covered patio.","8713 PEAFOWL STREET",30.14548,-97.710461
"2740","6205 CADDIE ST BLDG 2","New one-story secondary apartment with covered porch","6205 CADDIE STREET BLDG 2",30.227565,-97.703048
"2741","219 LESSIN LN BLDG 9","New 2-Story Condominium.
Unit to have (3) Bedrooms (3.5) Bathrooms (1) Attached Garage(1) Covered Carport (1) Uncovered Parking Covered Entry Porch (1) Uncovered Balcony Uncovered Patio Uncovered Deck 
Plan Type A: 219 Lessin Lane Building # 9. Building Height 23ft-8Â¿ Maximum Height: 35ft. Required Parking 3. Required FFE: 639.50- above MSL. Site Plan#: SP-2020-0364C. Expiration Date:10/24/2024","219 LESSIN LANE BLDG 9",30.2267,-97.764468
"2742","219 LESSIN LN BLDG 8","New 3-Story Duplex Condominium.
Unit 8A to have (2) Bedrooms (2.5) Bathrooms (1) Attached Garage (1) Uncovered Parking Space Covered Entry Porch (1) Covered Balcony. 
Unit 8B to have (2) Bedrooms (2.5) Bathrooms (1) Attached Garage (1) Attached Covered Carport Covered Entry Porch (2) Covered Balcony. Plan Type C Units 8A & 8B: 219 Lessin Lane Building #8A +8B Building Height 34ft-4 Maximum Height: 35ft. Required Parking 2. Required FFE: 640.5- above MSL. Site Plan#: SP-2020-0364C. Expiration Date:10/24/2024","219 LESSIN LANE BLDG 8",30.2267,-97.764468
"2743","219 LESSIN LN BLDG 1","New 3-Story Condominium Unit to have (2) Bedrooms (2.5) Bathrooms (1) Detached Carport (1) Uncovered Parking Covered Entry Porch (2) Covered Balconies. 
Plan Type J: 219 Lessin Lane Building #1 Building Height 34ft-4 1/2 Maximum Height: 35ft. Required Parking 2. Required FFE: 642.5- above MSL. Site Plan#: SP-2020-0364C. Expiration Date: 10/24/2024","219 LESSIN LANE BLDG 1",30.2267,-97.764468
"2744","219 LESSIN LN BLDG 7","New 2-Story Duplex Condominium.
Unit 7A to have (2) Bedrooms (2.5) Bathrooms (1) Attached Garage (1) Attached Covered Carport Covered Entry Porch Uncovered Balcony. Plan Type E Units 7A & 7B: 219 Lessin Lane Building #7A +7B Building Height 25ft-5 Maximum Height: 35ft. Required Parking 2. Required FFE: 640.5- above MSL. Site Plan#: SP-2020-0364C. Expiration Date:10/24/2024","219 LESSIN LANE BLDG 7",30.2267,-97.764468
"2745","1186 HARVEY ST","BLDG 2: New 2-story 925sqft ADU w/ front porch roof deck and attached garage. 2/2.5","1186 HARVEY STREET",30.275046,-97.702517
"2746","219 LESSIN LANE Bldg 3","UNIT 3A & 3B
New 2-Story Duplex Condominium.
Unit 3A to have (2) Bedrooms (2.5) Bathrooms (1) Attached Garage (1) Uncovered Parking Covered Entry Porch. 
Unit 3B to have (2) Bedrooms (2.5) Bathrooms (1) Attached Garage (1) Covered Carport Covered Entry Porch Uncovered Balcony. Plan Type D Units A & B: 219 Lessin Lane Building #3A+3B Building Height 23ft-8 Maximum Height: 35ft. Required Parking 2. Required FFE: 642.5- above MSL. Site Plan#: SP-2020-0364C. Expiration Date:10/24/2024","219 LESSIN LANE BLDG 3",30.2267,-97.764468
"2747","219 LESSIN LN BLDG 5","New 2-Story Condominium.
Unit to have (2) Bedrooms (2.5) Bathrooms (1) Attached Garage (1) Uncovered Parking Covered Entry Porch (1) Covered Balcony. Plan Type F: 219 Lessin Lane Building # 5 Elevation R. Building Height 23ft-8 Maximum Height: 35ft. Required Parking 2. Required FFE: 640.50- above MSL. Site Plan#: SP-2020-0364C. Expiration Date:10/24/2024","219 LESSIN LANE BLDG 5",30.2267,-97.764468
"2748","1186 HARVEY ST","BLDG 1: New 2-story SFR w/ front porch balcony attic roof deck and attached garage. 3/3.5","1186 HARVEY STREET",30.275046,-97.702517
"2749","1300 MC KIE DR BLDG 1 Unit 14","Building 1 Unit 14 New Construction of a 2 Story 4 unit condo with attached garage 2/2.5","1300 MC KIE DRIVE BLDG 1",30.330707,-97.692469
"2750","1300 MC KIE DR BLDG 1 Unit 12","Building 1 Unit 12 New Construction of a 2 Story 4 unit condo with attached garage  2/2.5","1300 MC KIE DRIVE BLDG 1",30.330707,-97.692469
"2751","1300 MC KIE DR BLDG 1 Unit 13","Building 1 Unit 13 New Construction of a 2 Story 4 unit condo w/ attached garage         2/2.5","1300 MC KIE DRIVE BLDG 1",30.330707,-97.692469
"2752","4100 SANDY ACRES RD Bldg #1","New construction single-family residential 2-story 3 bedroom 4 bath (1 outdoors) with covered front porch covered rear patio and uncovered wood decks.

5/29/26 SM - REVISED** Address was disannexed on 4/5/2026 to a 2 mile ETJ: 20260326-062","4100 SANDY ACRES ROAD",30.341322,-97.789458
"2753","6304 MANOR RD","*Affordability Unlocked* BLDG 2: New 2-story two-family residential. 9/5 
*Affordability Unlocked* Revision 1: New 3-story two-family residential. 9/6","6304 MANOR ROAD",30.308467,-97.671993
"2754","3009 NORTHEAST DR BLDG 1","New 2 story primary residence with 2 bedrooms 2.5 bathrooms and attached carport.","3009 NORTHEAST DRIVE BLDG 1",30.310506,-97.674131
"2755","4100 SANDY ACRES RD Bldg 2","New construction 2-unit use 2-story detached 2-car garage with studio space kitchen and full bath; exterior stairs.

5/29/26 SM - REVISED** Address was disannexed on 4/5/2026 to a 2 mile ETJ: 20260326-062","4100 SANDY ACRES ROAD",30.341322,-97.789458
"2756","6304 MANOR RD","*Affordability Unlocked* BLDG 1: New 2-story two-family residential. 9/5 
*Affordability Unlocked* Revision 1: New 3-story two-family residential. 9/6","6304 MANOR ROAD",30.308467,-97.671993
"2757","3009 NORTHEAST DR BLDG 2","New 2 story secondary dwelling unit with 2 bedrooms 1.5 bathrooms and attached carport.","3009 NORTHEAST DRIVE BLDG 2",30.310506,-97.674131
"2758","6509 SANTOS ST","New construction secondary apartment 1-story 1 bedroom 1 bath.","6509 SANTOS STREET",30.227556,-97.699016
"2759","6509 SANTOS ST","New construction single family residential 2-story 2 bedroom 2 bath with attached 1-car garage covered wood deck and roof top deck.","6509 SANTOS STREET",30.227556,-97.699016
"2760","5313 LENA DR","New 2-story SFR 5 Bed/3 Bath with attached garage covered porch and patio","5313 LENA DRIVE",30.301962,-97.664569
"2761","1610 WALNUT AVE","New 2-Story SFR w/ covered porch surrounding the house and accessibility ramp. 3/2.5","1610 WALNUT AVE",30.278672,-97.71311
"2762","5629 TOSCANA AVE","New 2-Story SFR with 3 bedrooms and 2.5 baths","5629 TOSCANA AVE",30.287342,-97.64462
"2763","1118 W 7TH ST BLDG 2 (Unit A and B)","*partial demo*site plan* New duplex. Unit A of duplex to include 5 bedrooms 3.5 bathrooms play room utility room office attached garage covered entry porch and partially covered roof deck. Unit B of duplex to include 3 bedrooms 2.5 bathrooms and attached garage.","1118 WEST 7TH STREET BLDG 2",30.274064,-97.755657
"2764","1408 E APPLEGATE DR","New 2-story SFR w/ 4 beds 3.5 bath attached garage  Complete submittal received: 8/13/21","1408 EAST APPLEGATE DRIVE",30.363307,-97.669389
"2765","1407 RAMBLING ROSE RD","New 2-story condominium Nelson-2022-B-R 3 bedrooms 2.5 bathrooms Game room attached 2 car garage covered patio & porch.","1407 RAMBLING ROSE ROAD",30.185935,-97.80876
"2766","2300 HARTFORD RD","New 2 story SFR w/ front and rear porch wood deck carport. 4/5 and attached guest house (no internal access) w/ garage. 1/1","2300 HARTFORD ROAD",30.289582,-97.759766
"2767","2513 ARION CIR","Expedited Review - New Construction of a 3-Story Single Family Res [4bed 4.5bath] with attached garage and a pool.

WUI INSPECTIONS NOT REQUIRED AS PER CONDITIONS SEE ATTACHED EMAIL FROM AFD

THIS HOUSE WILL HAVE 3 UNFINIISHED AREAS EASILY CONVERTED TO HABITABLE AS ALL FRAMING COMPLETE WILL NEED FULL PERMIT TO FINISH THESE 3 AREAS","2513 ARION CIR",30.334638,-97.828449
"2768","1002 GLEN OAKS CT","New ADU 1 Story 1/1","1002 GLEN OAKS CT",30.268288,-97.711056
"2769","3209 BREEZE TER","2 STRY ADD. TO EXISTING  SF HOME WITH 1.5 BATH ATCHD COVERED WALKWAY GARAGE/STORAGE; PARTIAL DEMO OF PORCH;Retroactive wood deck at front of property.","3209 BREEZE TER",30.287682,-97.716996
"2770","5805 MOJAVE DR Building 2","New two story Secondary Dwelling Unit [3bed 2bath] state approved modular home","5805 MOJAVE DRIVE",30.209314,-97.790351
"2771","5805 MOJAVE DR Bldg 1","Expedited Review: New Construction of a 2-Story Primary Single Family Res (State Approved Modular Homes) [4bed 4.5bath]","5805 MOJAVE DRIVE",30.209314,-97.790351
"2772","1309 RAMBLING ROSE RD","New 2-Story home  3 bed/2.5 bath with attached garage and covered porch/patio","1309 RAMBLING ROSE ROAD",30.185907,-97.808019
"2773","1205 VIOLA LEE LN","ew 2-story condominium Nelson-2022-A-L 3 bedrooms 2.5 bathrooms attached 2 car garage covered patio & porch.","1205 VIOLA LEE LANE",30.185972,-97.807385
"2774","1304 RAMBLING ROSE RD","New 2-story condominium Watson-1892-A-L 3 bedrooms 2.5 bathrooms attached 2 car garage covered patio & porch.","1304 RAMBLING ROSE ROAD",30.186215,-97.807802
"2775","1305 SWEET BARK ST","New 2-story condominium Nelson-2022-B-R 3 bedrooms 2.5 bathrooms Game room attached 2 car garage covered patio & porch.","1305 SWEET BARK STREET",30.186527,-97.807791
"2776","1104 MAUFRAIS ST","Expedited Review: New Construction of a 2-Story Single Family Res [4bed 4bath]","1104 MAUFRAIS STREET",30.27888,-97.757411
"2777","1303 SWEET BARK ST","New 2-story condominium Nelson-2022-A-R 3 bedrooms 2.5 bathrooms Game room attached 2 car garage covered patio & porch.","1303 SWEET BARK STREET",30.186527,-97.80767
"2778","1301 SWEET BARK ST","New 2-story condominium Nelson-2022-C-R 3 bedrooms 2.5 bathrooms Game room attached 2 car garage covered patio & porch.","1301 SWEET BARK STREET",30.186512,-97.807538
"2779","6630 LOST HORIZON DR","New 2 story sfr 4 bed 3 bath with attached garage uncovered deck and pool","6630 LOST HORIZON DRIVE",30.414555,-97.766928
"2780","1309 SWEET BARK ST","New 2-story condominium Joplin-2151-B-R 3 bedrooms 2.5 bathrooms attached 2 car garage covered patio & porch.","1309 SWEET BARK STREET",30.186511,-97.808044
"2781","1402 RAMBLING ROSE RD","New 2-story condominium Clark-1823-C-L 3 bedrooms 2.5 bathrooms attached 2 car garage covered patio & porch.","1402 RAMBLING ROSE ROAD",30.186201,-97.808402
"2782","1306 RAMBLING ROSE RD","New 2-story condominium Clark-1823-B-L 3 bedrooms 2.5 bathrooms attached 2 car garage covered patio & porch.","1306 RAMBLING ROSE ROAD",30.186211,-97.807931
"2783","2009 RIVER HILLS RD","Expedited Review: New Construction of a Guest House [3bed 2bath]","2009 RIVER HILLS ROAD",30.33619,-97.846151
"2784","3336 MOUNT BONNELL RD","New 2-story 5 bedroom 6 bathroom single family residence with attached garage and covered porches.","3336 MOUNT BONNELL ROAD",30.315033,-97.773662
"2785","3718 MENCHACA RD","UNIT 302 - New 3 story with attached garage office and roof top. 3/3.5 
Revision 1: Revisions to exterior building materials.","3718 MENCHACA ROAD",30.235958,-97.784887
"2786","3718 MENCHACA RD","UNIT 402 - New 3 story with attached garage office and roof top. 2/2.5","3718 MENCHACA ROAD",30.235958,-97.784887
"2787","3718 MENCHACA RD","UNIT 403 - New 3 story with attached garage office and roof top. 2/2.5","3718 MENCHACA ROAD",30.235958,-97.784887
"2788","3718 MENCHACA RD","UNIT 303 - New 3 story with attached garage office and roof top. 3/3.5 
Revision 1: Revisions to exterior building materials.","3718 MENCHACA ROAD",30.235958,-97.784887
"2789","7920 MULLEN DR","Building #2  Unit 6 New 3 Story Single Family House with attached garage  3/3","7920 MULLEN DRIVE",30.354644,-97.725873
"2790","7920 MULLEN DR","Building 1 Unit 1 new 3-story townhouses  with attached garage 3/3","7920 MULLEN DRIVE",30.354644,-97.725873
"2791","7920 MULLEN DR","Building 1 Unit 9 new 3-story townhouses  with attached garage 3/3","7920 MULLEN DRIVE",30.354644,-97.725873
"2792","7920 MULLEN DR","Building #2  Unit 2 New 3 Story Single Family House with attached garage  3/3","7920 MULLEN DRIVE",30.354644,-97.725873
"2793","3718 MENCHACA RD","UNIT 503 - New 3 story with attached garage office and roof top. 3/3.5 
Revision 1: Revisions to exterior building materials.","3718 MENCHACA ROAD",30.235958,-97.784887
"2794","3718 MENCHACA RD","UNIT 501 - New 3 story with attached garage office and roof top. 3/2.5 
Revision 1: Revisions to exterior building materials.","3718 MENCHACA ROAD",30.235958,-97.784887
"2795","7920 MULLEN DR","Building 1 Unit 3 new 3-story townhouses  with attached garage 3/3","7920 MULLEN DRIVE",30.354644,-97.725873
"2796","3718 MENCHACA RD","UNIT 502 - New 3 story with attached garage office and roof top. 3/3.5 
Revision 1: Revisions to exterior building materials.","3718 MENCHACA ROAD",30.235958,-97.784887
"2797","7920 MULLEN DR","Building 1 Unit 5 new 3-story townhouses  with attached garage 3/3","7920 MULLEN DRIVE",30.354644,-97.725873
"2798","7920 MULLEN DR","Building #2  Unit 8 New 3 Story Single Family House with attached garage  3/3","7920 MULLEN DRIVE",30.354644,-97.725873
"2799","7920 MULLEN DR","Building #2  Unit 4 New 3 Story Single Family House with attached garage  3/3","7920 MULLEN DRIVE",30.354644,-97.725873
"2800","3718 MENCHACA RD","UNIT 401 - New 3 story with attached garage office and roof top. 2/2.5","3718 MENCHACA ROAD",30.235958,-97.784887
"2801","7920 MULLEN DR","Building 1 Unit 7 new 3-story townhouses  with attached garage 3/3","7920 MULLEN DRIVE",30.354644,-97.725873
"2802","930 CASLANO COVE Bldg 2","Expedited Review - New Construction of a 1-story guest house [1bed 2.5baths] with attached 2-car carport","930 CASLANO CV BLDG 2",30.338894,-97.92956
"2803","1106 S MEADOWS DR","Expedited Review - New detached accessory dwelling unit 2 bathroom 3 bedroom.","1106 SOUTH MEADOWS DRIVE",30.376591,-97.696879
"2804","1300 MC KIE DR UNIT 42","Unit 42 Building 4.  New 2 story townhome residence attached 2 car garage  covered porch and patio 2 bedroom 2.5 bathroom.","1300 MC KIE DRIVE UNIT 42",30.330707,-97.692469
"2805","1300 RAMBLING ROSE RD","New 2-story condominium Nelson-2022-B-L 3 bedrooms 2.5 bathrooms Game room attached 2 car garage covered patio & porch.","1300 RAMBLING ROSE ROAD",30.186216,-97.807542
"2806","1704 REDD ST","Expedited Review - New Construction of a Secondary Apartment [1bed 1bath] above 2-car Carport","1704 REDD STREET",30.226829,-97.786542
"2807","1301 RAMBLING ROSE RD","New 2-story condominium Clark-1823-C-R 3 bedrooms 2.5 bathrooms attached 2 car garage covered patio & porch.","1301 RAMBLING ROSE ROAD",30.185925,-97.807521
"2808","1305 RAMBLING ROSE RD","New 2-story condominium Joplin-2151-A-R 4 bedrooms 3 bathrooms attached 2 car garage covered patio & porch.","1305 RAMBLING ROSE ROAD",30.185912,-97.807761
"2809","1303 RAMBLING ROSE RD","New 2-story condominium Nelson-2022-A-R 3 bedrooms 2.5 bathrooms attached 2 car garage covered patio & porch.","1303 RAMBLING ROSE ROAD",30.185922,-97.807642
"2810","1302 RAMBLING ROSE RD","New 2-story condominium Van Zandt-1607-C-L 3 bedrooms 2.5 bathrooms attached 2 car garage covered patio & porch.","1302 RAMBLING ROSE ROAD",30.186214,-97.807664
"2811","2513 WINSTED LN","Expedited Review - New Construction of a 2-Story S  Res [3 bed 3.5 bath] w/ attached Garage","2513 WINSTED LANE",30.295905,-97.759537
"2812","11718 BELL AVE","New construction single family residential 2-story 5 bedroom 6.5 bath with covered front porch.","11718 BELL AVE",30.42016,-97.751432
"2813","11204 SENTINEL DR","Tenor-1900BR-New 2-Story Single Family Residence w/ 3 bedrooms 2.5 bathrooms attached 2 car garage covered entry porch & patio","11204 SENTINEL DRIVE",30.130159,-97.764458
"2814","11008 SENTINEL DR","Lamar-2273BR-New 2-Story Single Family Residence w/ 4 bedroom 2.5 bathrooms attached 2 car garage covered entry porch & patio","11008 SENTINEL DRIVE",30.130955,-97.764005
"2815","1811 WEBBERVILLE RD","Townhouse *Smart Housing* Unit 3104: 2-Story attached garage covered porch 3 bed/2.5 bath","1811 WEBBERVILLE ROAD",30.282123,-97.676607
"2816","11006 SENTINEL DR","Guadalupe-1888AR-New 2-Story Single Family Residence w/ 3 bedrooms 2.5 bathrooms attached 2 car garage covered entry porch & patio","11006 SENTINEL DRIVE",30.131064,-97.763959
"2817","11005 SENTINEL DR","Gibson-1667DL-New 2-Story Single Family Residence w/ 3 bedrooms 2.5 bathrooms attached 2 car garage covered entry porch & patio","11005 SENTINEL DRIVE",30.131015,-97.763538
"2818","11007 SENTINEL DR","Tenor-1900AR-New 2-Story Single Family Residence w/ 3 bedrooms 2.5 bathrooms attached 2 car garage covered entry porch & patio","11007 SENTINEL DRIVE",30.130919,-97.763588
"2819","1928 MILES AVE Secondary","Expedited Review - New construction of 2-story Secondary apartment [2bed 2bath]","1928 MILES AVE",30.206635,-97.804495
"2820","7603 CRESTON LN","New detached 2 story accessory dwelling unit 2 bedroom 2.5 bathroom.","7603 CRESTON LANE",30.342234,-97.710867
"2821","5516 AGATHA CIR","New 2-Story SFR 3 Bed/2.5 Bath attached 2 car garage with covered porch patio and balcony","5516 AGATHA CIR",30.286217,-97.646081
"2822","11004 SENTINEL DR","Lyric-2013DL-New 2-Story Single Family Residence w/ 4 bedrooms 2.5 bathrooms attached 2 car garage covered entry porch & patio","11004 SENTINEL DRIVE",30.131175,-97.763921
"2823","1811 WEBBERVILLE RD","Townhouse *Smart Housing* Unit 3102: 2-Story attached garage covered porch 3 bed/2.5 bath","1811 WEBBERVILLE ROAD",30.282123,-97.676607
"2824","1811 WEBBERVILLE RD","Townhouse *Smart Housing* Unit 3101: 2-Story attached garage covered porch 3 bed/2.5 bath","1811 WEBBERVILLE ROAD",30.282123,-97.676607
"2825","1811 WEBBERVILLE RD","Townhouse *Smart Housing* Unit 3103: 2-Story attached garage covered porch 3 bed/2.5 bath","1811 WEBBERVILLE ROAD",30.282123,-97.676607
"2826","2109 DORIS DR","New 2 Story Secondary Dwelling with covered porch 1/1","2109 DORIS DRIVE",30.363464,-97.726512
"2827","11102 EL CAPITAN DR","Lambert-2023ER-New 2-Story Single Family Residence w/ 3 bedrooms 2.5 bathrooms attached 2 car garage covered entry porch","11102 EL CAPITAN DRIVE",30.131271,-97.764927
"2828","8015 LAZY LN","2-Story Secondary Apartment [2bed 2.5bath] with Attached Carport","8015 LAZY LANE",30.353904,-97.71816
"2829","3315 ROSEFINCH TRL","Expedited Review - New construction of a 2-story single family home with 2-car garage.","3315 ROSEFINCH TRAIL",30.272515,-97.804347
"2830","1411 RABB RD","New 1-story 3 bedroom 2.5 bathroom single family residence with covered front porch and covered patio.","1411 RABB ROAD",30.257239,-97.773667
"2831","1415 W 10TH ST","New 2-story SFR w/ basement front porch rear patio outdoor kitchen and attached garage. 4/4.5","1415 WEST 10TH STREET",30.277655,-97.758892
"2832","1004 KAREN AVE","New 2-story SFR w/ front porch uncovered rear deck and attached garage. 5/3","1004 KAREN AVE",30.334568,-97.724187
"2833","6206 KASPER ST","new manufactured home 902 sq ft","6206 KASPER STREET",30.226257,-97.703636
"2834","6101 SENDERO HILLS PKWY","New 2-Story SFR with 4 bedrooms 4.5 baths attached garage","6101 SENDERO HILLS PKWY",30.292243,-97.644994
"2835","1203 DELONEY ST","Expedited Review - New Construction of a 2-Story SF Res. [3 bed 3.5 bath] w/ attached 2-Car Garage and Roof Deck","1203 DELONEY STREET",30.278408,-97.692544
"2836","7208 SUMMER TANAGER DR","New 2-Story SFR Unit 26  3 bed 2.5 bath attached garage and covered front porch and rear patio","7208 SUMMER TANAGER DRIVE",30.157565,-97.726875
"2837","2904 REGENTS PARK","Expedited Review - New construction of a 2-story SF [4bed 8bath] Res with attached multiple car garage attached 2-car carport","2904 REGENTS PARK",30.264375,-97.79591
"2838","4802 GLADEVIEW DR","Expedited Review - New Construction of a 2-Story Secondary Apartment [2bed 2bath]","4802 GLADEVIEW DRIVE",30.220869,-97.787495
"2839","1300 MC KIE DR UNIT 103","Unit 103 Building 10. New 2 story townhome residence in a 3 unit structure.  Covered porch attached garage 3 bedroom 2.5 bedroom.","1300 MC KIE DRIVE UNIT 103",30.330707,-97.692469
"2840","1300 MC KIE DR UNIT 101","Unit 101. New 2 story townhome residence in a 3 unit structure.  Covered porch attached garage 2 bedroom 2.5 bedroom.","1300 MC KIE DRIVE UNIT 101",30.330707,-97.692469
"2841","1300 MC KIE DR UNIT 113","Unit 113 Building 11.  New 2 story townhome in 4-unit structure.  Covered porch attached garage 2 bedroom 2.5 bathroom.","1300 MC KIE DRIVE UNIT 113",30.330707,-97.692469
"2842","1300 MC KIE DR UNIT 111","Unit 111 Building 11.  New 2 story townhome in 4-unit structure.  Covered porch attached garage 3 bedroom 2.5 bathroom.","1300 MC KIE DRIVE UNIT 111",30.330707,-97.692469
"2843","1300 MC KIE DR BLDG 10","Unit 102 Building 10. New 2 story townhome residence in a 3 unit structure.  Covered porch attached garage 2 bedroom 2.5 bedroom.","1300 MC KIE DRIVE BLDG 10",30.330707,-97.692469
"2844","1300 MC KIE DR UNIT 114","Unit 114 Building 11.  New 2 story townhome in 4-unit structure.  Covered porch attached garage 3 bedroom 2.5 bathroom.","1300 MC KIE DRIVE UNIT 114",30.330707,-97.692469
"2845","9508 MORNING IRIS DR","Titus 31310 Elev A Left Swing New 2 Story Single Family Home w/ 3 bedrooms and 2.5 bathrooms","9508 MORNING IRIS DRIVE",30.289681,-97.551785
"2846","906 E 53RD HALF ST","New construction two family residential secondary apartment 2-story 1 bedroom 1 bath with loft 2nd floor balcony and covered front porch.","906 EAST 53RD HALF STREET",30.314189,-97.712405
"2847","612 HIGHLAND AVE","New 3 level Single Family House with detached garage and covered porch

REVISION: This permit did not have two features that need a PP attached. This pool is adding a gas heater and autofill. We will need to get a PP activated to continue. Thanks!

The permit was created by a home builder and no scope for the pool had been completed. It has since grown and the features have been added.","612 HIGHLAND AVE",30.275533,-97.761123
"2848","5709 TOSCANA AVE","New Two SFR 3 Bed 2.5 Bath","5709 TOSCANA AVE",30.287588,-97.644062
"2849","5701 TOSCANA AVE","New Two Story SFR 3 Bed 2.5 Bath","5701 TOSCANA AVE",30.287468,-97.644338
"2850","5705 TOSCANA AVE","New 2-story SFR 4 bedrooms 3 bathrooms attached garage and patio","5705 TOSCANA AVE",30.287531,-97.644189
"2851","6820 BLUE DAWN TRL BLDG 3","UNIT A NEW 2 STORY SINGLE FAMILY TOWNHOME 4 UNIT PER BUILDING UNIT 3A COVERED ENTRY COVERED PATIO PLAN TYPE 1-1216 L BUILDING HEIGHT 30 MAXIMAM HEIGHT 35FT PARKING: 2 FFE: 649.85 SITE DEVELOPMENT IS APPROVED # SP-2018-0160C EXPIRE 11/21/2022.","6820 BLUE DAWN TRAIL BLDG 3",30.183892,-97.763172
"2852","6820 BLUE DAWN TRL BLDG 3","UNIT B NEW 2 STORY SINGLE FAMILY TOWNHOME 4 UNIT PER BUILDING UNIT 3B COVERED ENTRY COVERED PATIO PLAN TYPE 1-1210 L BUILDING HEIGHT 30 MAXIMAM HEIGHT 35FT PARKING: 2 FFE: 649.85 SITE DEVELOPMENT IS APPROVED # SP-2018-0160C EXPIRE 11/21/2022.","6820 BLUE DAWN TRAIL BLDG 3",30.183892,-97.763172
"2853","6820 BLUE DAWN TRL BLDG 3","UNIT D NEW 2 STORY SINGLE FAMILY TOWNHOME 4 UNIT PER BUILDING UNIT 3D COVERED ENTRY COVERED PATIO PLAN TYPE 1-1216 R BUILDING HEIGHT 30 MAXIMAM HEIGHT 35FT PARKING: 2 FFE: 
649.85 SITE DEVELOPMENT IS APPROVED # SP-2018-0160C EXPAIR 11/21/2022.","6820 BLUE DAWN TRAIL BLDG 3",30.183892,-97.763172
"2854","6820 BLUE DAWN TRL BLDG 3","UNIT C NEW 2 STORY SINGLE FAMILY TOWNHOME 4 UNIT PER BUILDING UNIT 3C COVERED ENTRY COVERED PATIO PLAN TYPE 1-1210 R BUILDING HEIGHT 30 MAXIMAM HEIGHT 35FT PARKING: 2 FFE: 649.85 SITE DEVELOPMENT IS APPROVED # SP-2018-0160C EXPAIR 11/21/2022.","6820 BLUE DAWN TRAIL BLDG 3",30.183892,-97.763172
"2855","4505 COOL GRAY CV","Estonian 3316 C Right New - 2 Story SFR w/ 4 bedrooms 3 bathrooms attached 2 car garage covered entry porch and patio loft required parking: 2.","4505 COOL GRAY CV",30.128245,-97.79116
"2856","4414 BANISTER LN Secondary","New 2-story 1 bedroom 2 bathroom secondary dwelling unit w/ attached carport covered front porch and 2nd floor uncovered balcony.","4414 BANISTER LANE",30.224633,-97.781711
"2857","2412 VISTA LN","Building 1 New Two Story Single Family House","2412 VISTA LANE",30.294882,-97.765141
"2858","2409 Keating Lane","Building 2 New 2 Story Secondary Apartment over detached Garage/Carport","2409 KEATING LANE",30.294919,-97.765259
"2859","5801 TOSCANA AVE","New SFR 2 Story 3 Bed and 3.5 Baths","5801 TOSCANA AVE",30.288069,-97.643233
"2860","8408 BELL MOUNTAIN DR","New 1-story guest house  with attached garage 1/1.5","8408 BELL MOUNTAIN DRIVE",30.375645,-97.816318
"2861","602 HIGHLAND AVE","New construction secondary apartment 2-story 2 bedroom 2 bath with covered deck.","602 HIGHLAND AVE",30.27477,-97.761491
"2862","5305 SENDERO HILLS PKWY","New 2-story SFR with 4 bedrooms X bathrooms","5305 SENDERO HILLS PKWY",30.282383,-97.646874
"2863","5520 AGATHA CIR","New SFR 4 bedrooms 3 baths 
Completed application sent 11/12/21.","5520 AGATHA CIR",30.286272,-97.645971
"2864","6000 PERLITA DR","New 2-story SFR with 3 bedrooms 2.5 bathrooms","6000 PERLITA DRIVE",30.291992,-97.644736
"2865","5512 AGATHA CIR","New SFR 2-story","5512 AGATHA CIR",30.286169,-97.646275
"2866","6224 SENDERO HILLS PKWY","New 1 story SFR with 3 bedrooms 3.5 bathrooms Game room","6224 SENDERO HILLS PKWY",30.294433,-97.643942
"2867","5721 TOSCANA AVE","New 2-Story SFH with porch/patio","5721 TOSCANA AVE",30.287731,-97.643776
"2868","1209 AZIE MORTON RD","New 3 story single family residence with 4 bedrooms 3 full bathrooms 2 half bathrooms attached garage covered porches and covered roof terrace.","1209 AZIE MORTON ROAD",30.258948,-97.772217
"2869","5729 TOSCANA AVE","New SFR 3 bed 2.5 bath 2 car garage Completed application sent 11/8/21.","5729 TOSCANA AVE",30.287882,-97.643485
"2870","107 W O DELL ST","New 2-story 2 bedroom 2 bathroom secondary dwelling unit with attached garage and covered patio.","107 WEST O DELL STREET",30.336623,-97.710335
"2871","510 SUNNY LN","Expedited Review - New Construction of a 2-Story Duplex [6bed 7bath] with Habitable Attics and 2 Detached 1-car Garages","510 SUNNY LANE",30.252046,-97.742485
"2872","3807 E 51ST ST BLDG 9","Plan Type: BARTON - 1569-L - New two (2) Story Single Family Condominium - single family residence with (2) bedrooms (2.5) bathrooms attached 2 car covered carport covered entry porch and patio","3807 EAST 51ST STREET BLDG 9",30.294169,-97.679322
"2873","3807 E 51ST ST BLDG 4","Plan Type: TRAVIS 2190-L - New Three (3) Story Single Family Detached Condominium - Single Family Residence with (3) Bedrooms Attached 2 car garage Covered Entry Porch and Patio.  Building Height: 38 4-3/4 Max Height: 60 Req Parking 2  FFE 550.50","3807 EAST 51ST STREET BLDG 4",30.294169,-97.679322
"2874","3807 E 51ST ST BLDG 14","Plan Type: DOMAIN - 1960-L - New two (2) Story Single Family Condominium - single family residence with (2) bedrooms (2.5) bathrooms attached 2 car garage covered entry porch and patio","3807 EAST 51ST STREET BLDG 14",30.294169,-97.679322
"2875","3807 E 51ST ST BLDG 12","Plan Type: Llano - 2214-L - New Three (3) Story Single Family Condominium -  single family residence with (3) bedrooms (3) bathrooms attached 2 car covered carport covered entry porch and patio","3807 EAST 51ST STREET BLDG 12",30.294169,-97.679322
"2876","3807 E 51ST ST BLDG 10","Plan Type: TRAVIS - 2190-L - New Three (3) Story Single Family Condominium  - single family residence with (3) bedrooms (3) bathrooms attached 2 car garage covered entry porch and patio","3807 EAST 51ST STREET BLDG 10",30.294169,-97.679322
"2877","3807 E 51ST ST BLDG 15","Plan Type: FRANKLIN - 1770-L - New two (2) Story Single Family Condominium - single family residence with (2) bedrooms (2.5) bathrooms attached 2 car covered carport covered entry porch and patio","3807 EAST 51ST STREET BLDG 15",30.294169,-97.679322
"2878","3807 E 51ST ST BLDG 8","Plan Type: SOCO - 1398-L New two (2) Story Single Family Condominium - single family residence with (2) bedrooms (2.5) bathrooms attached 2 car covered carport covered entry porch and patio","3807 EAST 51ST STREET BLDG 8",30.294169,-97.679322
"2879","3807 E 51ST ST BLDG 16","Plan Type: BONNELL - 1666-L - New two (2) Story Single Family Condominium - single family residence with (3) bedrooms (2.5) bathrooms attached 2 car covered carport covered entry porch and patio","3807 EAST 51ST STREET BLDG 16",30.294169,-97.679322
"2880","3807 E 51ST ST BLDG 17","Plan Type: SIXTH - 1920-L - New two (2) Story Single Family Condominium - single family residence with (2) bedrooms (2.5) bathrooms attached 2 car covered carport covered entry porch and patio","3807 EAST 51ST STREET BLDG 17",30.294169,-97.679322
"2881","5713 TOSCANA AVE","New 2-story SFR","5713 TOSCANA AVE",30.287659,-97.643898
"2882","12911 STANFORD DR","Randall 3314 C Left New - 2 Story SFR CONDOMINUM w/ 3 bedrooms 2.5 bathrooms attached 2 car garage covered entry porch and patio loft FFE: 710.14 Site Plan: SP-2018-0326C Site Plan Exp.: 12/02/22 Max Bld height: 31 Actual Bld height: 30-9 required parking: 2.","12911 STANFORD DRIVE",30.117325,-97.810802
"2883","2909 BRONX DR","2909 Bronx Drive: Cantata-2635-F-Left New 2-Story Single Family Home 4 Bedrooms 2.5 Baths attached 2-Car Garage and Extended Covered Patio","2909 BRONX DRIVE",30.397131,-97.620709
"2884","6228 SENDERO HILLS PKWY","New 2-story SFR with 3 bedrooms 2.5 bathrooms 2 car garage","6228 SENDERO HILLS PKWY",30.294553,-97.643865
"2885","7309 AVA LN","New 2 story sfr with 4 bedrooms 3 bathrooms game room 2 car garage and covered patio/balcony","7309 AVA LANE",30.284044,-97.646993
"2886","2801 RAE DELL AVE","New 2-story Single Family Home with Accessory Office","2801 RAE DELL AVE",30.246997,-97.783329
"2887","5401 AGATHA CIR","New 2-story SFR with 3 bedrooms 2.5 bathrooms","5401 AGATHA CIR",30.284601,-97.648093
"2888","910 POPLAR ST BLDG 2","ePlan: Expedited Review -  New Construction Multi-Family Res. Building 2 -  Contains a unit on each floor (3x)  and a Roof Terrace.","910 POPLAR STREET BLDG 2",30.291565,-97.746958
"2889","910 POPLAR ST BLDG 1","ePlan: Expedited Review - New Construction  Multi-Family Bldgs.  [BLDG. 1 - Below Grade Parking permitted separately]  includes (2x) Multi-Family Units Roof Deck and Outdoor Bar.","910 POPLAR STREET BLDG 1",30.291565,-97.746958
"2890","6404 WILBUR DR","Expedited Review - New Construction of a 2-Story SF Res [5bed 5.5bath] with attached 3-car Garage","6404 WILBUR DRIVE",30.342469,-97.744914
"2891","418 KEMP ST","New 2-story SFR with attached garage and covered porch and patio    2/3.5","418 KEMP STREET",30.240902,-97.695039
"2892","11516 SPICEWOOD PKWY","New construction of a 3-Story home.","11516 SPICEWOOD PKWY",30.441797,-97.801687
"2893","1710 HASKELL ST","BLDG 1: New 2-story SFR w/ covered porches balcony terrace and attached carport. 3/3","1710 HASKELL STREET",30.253263,-97.727648
"2894","1710 HASKELL ST","BLDG 2: New 2 story 1025 sqft secondary dwelling unit with balcony on 2nd floor (not permitted to be enclosed). 2/2.5","1710 HASKELL STREET",30.253263,-97.727648
"2895","5345 AGATHA CIR","New 2-story SFR with 4 bedrooms 4 bathrooms","5345 AGATHA CIR",30.283839,-97.647954
"2896","6501 BERKMAN DR BLDG 2 (ADU)","New 2-story ADU 2br/2bath w/garage covered porches and balcony","6501 BERKMAN DRIVE BLDG 2",30.317997,-97.689695
"2897","6810 OASIS PASS","New construction of a single family residence with an accessory apartment for staff. 6 bedrooms 6.5 baths.  Accessory apartment 2 bedroom 2.5 bath.","6810 OASIS PASS",30.412241,-97.875491
"2898","12100 SCARLET SLEEVE WAY","12100 Scarlet Sleeve Way: New 2-story SFR with 3 bedrooms 2.5 bathrooms covered porch attached garage","12100 SCARLET SLEEVE WAY",30.157967,-97.639172
"2899","12104 SCARLET SLEEVE WAY","12104 Scarlet Sleeve Way: New 2-story SFR with 3 bedrooms 2.5 bathrooms covered porch attached garage","12104 SCARLET SLEEVE WAY",30.157988,-97.639047
"2900","4610 LYONS RD","New construction secondary apartment 2-story 2 bedroom 2 bath with attached 1-car carport covered front porch uncovered rear wood deck and uncovered roof top deck.","4610 LYONS ROAD",30.26018,-97.697522
"2901","6612 MIRA LOMA LN","New single story secondary dwelling unit with 1 bedroom 1 bathroom covered porch and attached garage.","6612 MIRA LOMA LANE",30.318461,-97.685838
"2902","207 LAGO VERDE DR","Expedited Review - New Construction of a 2-Story SF Res [2bed 2bath]","207 LAGO VERDE DRIVE",30.35276,-97.920034
"2903","7228 SPOTTED LEAF WAY","2310 A-R  New 2 Story  SFR 3 Bed 2.5 Bath covered porch and patio with 2 car garage","7228 SPOTTED LEAF WAY",30.156341,-97.639385
"2904","2304 MAXWELL LN","Expedited Review - New construction of a 2-story secondary apartment [2bed 2.5bath] with attached 1-car garage.","2304 MAXWELL LANE",30.219135,-97.70096
"2905","2304 MAXWELL LN","Expedited Review - New construction of a 2-story SF Res [3bed 2.5bath] with attached 1-car garage","2304 MAXWELL LANE",30.219135,-97.70096
"2906","1010 E 49TH ST BLDG 2","New 2 Story Secondary Dwelling to the rear of main house with attached garage and cover porches. 2/2.5","1010 EAST 49TH STREET BLDG 2",30.307983,-97.712479
"2907","309 OERTLI LN BLDG 2","Expedited Review - New construction of a 2-story secondary apartment with 2-car garage and porch.","309 OERTLI LANE BLDG 2",30.348925,-97.699295
"2908","6215 CLUB TER","2-story secondary apartment with garage.","6215 CLUB TER",30.233656,-97.698209
"2909","907 KAREN AVE","Expedited Review - New Construction of a 2-Story Single Family Res. [4bed 3bath] with attached 2-Car Garage 
Revision 1: add rear covered patio","907 KAREN AVE",30.333975,-97.723851
"2910","3707 RIVERCREST DR","Expedited Review - New Construction of a 3-Story Single Family Res. with attached 2-car Garage (4 Beds 4.5 Baths) and Pool/spa","3707 RIVERCREST DRIVE",30.340222,-97.813419
"2911","3112 SACBE CV","New 2-story SFR","3112 SACBE CV",30.197463,-97.832068
"2912","3117 MARY ST","New 3 bedroom 2 bathroom manufactured home with front and rear covered wood decks. 
Revision 1: Install Type III driveway approach. Sidewalk waiver granted.","3117 MARY STREET",30.205069,-97.63749
"2913","1032 SPRINGDALE RD UNIT 104","New construction of a  three-story townhouse with attached garage and balcony.
Note: expiration date extended to Dec. 31 2021 in compliance with mayors COVID-19 orders.","1032 SPRINGDALE ROAD UNIT 104",30.269361,-97.693366
"2914","1032 SPRINGDALE RD UNIT 103","New construction of a  three-story townhouse with attached garage and balcony.
Note: expiration date extended to Dec. 31 2021 in compliance with mayors COVID-19 orders.","1032 SPRINGDALE ROAD UNIT 103",30.269361,-97.693366
"2915","6409 ARDEN FALLS DR","Gibson-1667CR-New 2-Story Single Family Residence w/ 3 bedrooms 2.5 bathrooms attached 2 car garage covered entry porch & patio","6409 ARDEN FALLS DRIVE",30.133147,-97.763478
"2916","3402 DUVAL ST","New detached garage with second floor secondary dwelling unit. 1 bedroom 1 bathroom.","3402 DUVAL STREET",30.296955,-97.731266
"2917","900 PITTSBURGH DR","Galloway 3312 A Left New - 1 Story SFR CONDOMINUM w/ 3 bedrooms 2 bathrooms attached 2 car garage covered entry porch and extended patio loft FFE: 730.73 Site Plan: SP-2018-0326C Site Plan Exp.: 12/02/22 Max Bld height: 22 Actual Bld height: 21-10 required parking: 2.","900 PITTSBURGH DRIVE",30.117732,-97.809966
"2918","4608 KITTY AVE","New construction of a 2-Story Secondary Apartment with covered porch patio balcony and attached carport.","4608 KITTY AVE",30.28312,-97.683441
"2919","2011 MAXWELL LN","New construction of a two-story secondary apartment 2/2.5 with attached carport balcony and covered porch.","2011 MAXWELL LANE",30.221723,-97.698257
"2920","4215 SHOALWOOD AVE","Building #2 New 2 Story Secondary Dwelling 2/2
38 Pecan center; 21 Cedar Elm front","4215 SHOALWOOD AVE",30.314441,-97.746573
"2921","4910 PLUM PEACH BND","1940 Zilker E2 Left Single Family 2-Story Condominium 3-Bdrm 2.5Bath 2-Car Garage. Building Height: 24-6 21/64
Maximum Height: 30. Required Parking: 2. Required FFE: 597.50 Site Plan SP-2014-0508C Site Plan Exp: 03-15- 2025","4910 PLUM PEACH BND",30.294591,-97.673828
"2922","5102 MARSHALL FORD RD","*COC* New 1-story modular home 2 bedrooms. 2 bathrooms attached 2 car garage and wood decks 
Note: Not in Austin Water service area","5102 MARSHALL FORD ROAD",30.393703,-97.88678
"2923","9500 ARGYLE DR","Add new uncovered deck","9500 ARGYLE DRIVE",30.20605,-97.884154
"2924","8807 BESTRIDE BND","PUD  New 2-story SFR with attached garage and covered porch   4/3.5","8807 BESTRIDE BND",30.145075,-97.7208
"2925","4504 PIVOT ST","4504 Pivot St Unit 296; New 3-story Townhouse 3br/3.5bath w/garage","4504 PIVOT STREET",30.320026,-97.753313
"2926","4506 PIVOT ST","4506 Pivot St Unit 297; New 3-story Townhouse 3br/3.5bath w/garage","4506 PIVOT STREET",30.320074,-97.753272
"2927","4500 PIVOT ST","4500 Pivot St Unit 294; New 3-story Townhouse 3br/3.5bath w/garage","4500 PIVOT STREET",30.319917,-97.753359
"2928","4502 PIVOT ST","4502 Pivot St Unit 295; New 3-story Townhouse 3br/3.5bath w/garage","4502 PIVOT STREET",30.319972,-97.753339
"2929","4508 PIVOT ST","4508 Pivot St Unit 298; New 3-story Townhouse 3br/3.5bath w/garage","4508 PIVOT STREET",30.320125,-97.753239
"2930","2804 SEBRING CIR","Bradford 3315 C Right New - 2 Story SFR CONDOMINUM w/ 3 bedrooms 2.5 bathrooms attached 2 car garage covered entry porch and patio loft FFE: 603.00 Site Plan: SP-2018-0390C Site Plan Exp.: 01/03/23 Max Bld height: 27 Actual Bld height: 26-9 required parking: 2.","2804 SEBRING CIR",30.130088,-97.791346
"2931","8116 SKYTEX ST","3412-E-1/two story new residential dwelling/4 bedroom/3 bathroom/3 car covered garage/right swing/3412/","8116 SKYTEX STREET",30.142624,-97.719932
"2932","7804 SKYTREE DR","New construction single family residential 1-story 4 bedroom 2.5 bath with attached 3-car garage covered front porch covered side patio and attached secondary apartment above garage: 1 bedroom 1 bath.","7804 SKYTREE DRIVE",30.155903,-97.716746
"2933","2311 WESTROCK DR","New construction 2 story single family house.  5 bedrooms 4.5 baths 3 car garage.  Change of use for existing residence to guest house.","2311 WESTROCK DRIVE",30.242371,-97.787098
"2934","9600 ELOQUENCE DR","STEVENSON- 2150 C-R SINGLE FAMILY RESIDENCE 2 STORY 4 BEDROOM  2.5 BATHROOM 2 CAR GARAGE COVERED ENTRY;  PATIO 1","9600 ELOQUENCE DRIVE",30.291347,-97.55155
"2935","1020 LINDEN ST","New construction of single story single family residence made from a shipping container with 1 bedroom and 1 bath.","1020 LINDEN STREET",30.265796,-97.704987
"2936","9701 ELOQUENCE DR","STEVENSON - 2150 C-L SINGLE FAMILY RESIDENCE 2 STORY 4 BEDROOM 3.5.BATHROOM 3  CAR GARAGE COVERED ENTRY; PATIO 2","9701 ELOQUENCE DRIVE",30.290981,-97.550353
"2937","3205 FUNSTON ST","New 1-story ADU 0br/1bath w/uncovered deck","3205 FUNSTON STREET",30.305754,-97.757029
"2938","5912 HAROLD COURT Unit 103","New 3-story townhome condominium residential building with 8 units. 5 units permitted under this plan review. Unit 103 with (3) bedrooms (3.5) bathrooms attached garage loft and covered patios.","5912 HAROLD CT UNIT 103",30.269257,-97.674937
"2939","5912 HAROLD COURT Unit 104","New 3-story townhome condominium residential building with 8 units. 5 units permitted under this plan review. Unit 104 with (2) bedrooms (2.5) bathrooms attached garage and covered patios.","5912 HAROLD CT UNIT 104",30.269257,-97.674937
"2940","5912 HAROLD COURT Unit 105","New 3-story townhome condominium residential building with 8 units. 5 units permitted under this plan review. Unit 105 with (3) bedrooms (3.5) bathrooms attached garage loft and covered patios.","5912 HAROLD CT UNIT 105",30.269257,-97.674937
"2941","911 E 3RD ST","New 3-story SFR w/ accessory apartment and attached garage  2/2","911 EAST 3RD STREET",30.26234,-97.734029
"2942","1205 TAYLOR ST","New 2-story SFR with attached garage covered porch and patio    3/3","1205 TAYLOR STREET",30.256493,-97.733683
"2943","909 PITTSBURGH DR","Randall 3314 C Left New - 2 Story SFR CONDOMINUM w/ 3 bedrooms 2.5 bathrooms attached 2 car garage covered entry porch and patio loft FFE: 722.40 Site Plan: SP-2018-0326C Site Plan Exp.: 12/02/22 Max Bld height: 31 Actual Bld height: 30-9 required parking: 2.","909 PITTSBURGH DRIVE",30.118434,-97.809884
"2944","9620 GRAPEVINE LEAF DR","New 2 story single family residence with 4 bedrooms 3 bathrooms covered porches and attached garage.","9620 GRAPEVINE LEAF DRIVE",30.290505,-97.55064
"2945","5111 ROB SCOTT ST","New 2-story SFR with attached garage and  covered porch    3/2.5","5111 ROB SCOTT STREET",30.281892,-97.678958
"2946","1803 PALMA PLZ Bldg #2","New construction secondary apartment 1-story 1 bedroom 1 bath.","1803 PALMA PLZ",30.283687,-97.763283
"2947","801 GAINESVILLE DR","Estonian 3316 B Right New - 2 Story SFR CONDOMINUM w/ 3 bedrooms 2.5 bathrooms attached 2 car garage covered entry porch and patio loft FFE: 696.32 Site Plan: SP-2018-0326C Site Plan Exp.: 12/02/22 Max Bld height: 31 Actual Bld height: 30-4 required parking: 2.","801 GAINESVILLE DRIVE",30.119431,-97.81088
"2948","12718 BLOOMINGTON DR","Estonian 3316 C Right New - 2 Story SFR CONDOMINUM w/ 4 bedrooms 3 bathrooms attached 2 car garage covered entry porch and patio loft FFE: 711.16 Site Plan: SP-2018-0326C Site Plan Exp.: 12/02/22 Max Bld height: 27 Actual Bld height: 26-11 required parking: 2.","12718 BLOOMINGTON DRIVE",30.118406,-97.809575
"2949","806 GAINESVILLE DR","Estonian 3316 C Right New - 2 Story SFR CONDOMINUM w/ 4 bedrooms 3 bathrooms attached 2 car garage covered entry porch and extended patio loft FFE: 705.31 Site Plan: SP-2018-0326C Site Plan Exp.: 12/02/22 Max Bld height: 27 Actual Bld height: 26-11 required parking: 2.","806 GAINESVILLE DRIVE",30.119671,-97.810425
"2950","900 PITTSBURGH DR","Highland 3313 B Left New - 1 Story SFR CONDOMINUM w/ 3 bedrooms 2 bathrooms attached 2 car garage covered entry porch and extended patio loft FFE: 730.73 Site Plan: SP-2018-0326C Site Plan Exp.: 12/02/22 Max Bld height: 22 Actual Bld height: 21-10 required parking: 2.","900 PITTSBURGH DRIVE",30.117732,-97.809966
"2951","7609 GAULT ST","New 2 story primary residence with 3 bedrooms 2.5 bathrooms covered porch and attached garage.","7609 GAULT STREET",30.347343,-97.720271
"2952","7609 GAULT ST","New 2 story secondary dwelling unit with 2 bedrooms 2 bathrooms and attached carport.","7609 GAULT STREET",30.347343,-97.720271
"2953","2905 NIAGARA DR","New 2 story single family residence with 4 bedrooms 3.5 bathrooms office and covered porches.","2905 NIAGARA DRIVE",30.350249,-97.85785
"2954","809 CUMBERLAND RD","Building 1 New 2 Story Single Family House with attached carport","809 CUMBERLAND ROAD",30.239059,-97.765141
"2955","2702 OAK PARK DR","Expedited Review - New Construction of a 2-Story Single Family Res. [5bed 4.5bath] with attached 2 Car Garage
Prereq Cycle: 1 
Fire flow is sufficient. Sprinklers are not required.","2702 OAK PARK DRIVE",30.249343,-97.785276
"2956","2905 GREENLEE DR","Building #2 New 1 Story Secondary Dwelling with covered porch 2/2","2905 GREENLEE DRIVE",30.300501,-97.769548
"2957","2905 GREENLEE DR","New 2-story SFR with attached garage covered porch and patio","2905 GREENLEE DRIVE",30.300501,-97.769548
"2958","7200 DANCING WIND LN","(B) Crosswell 2200CL 2 Story Single Family Home 3 bedroom 2.5 bathroom covd entry attached 1 car garage","7200 DANCING WIND LANE",30.157099,-97.639635
"2959","2011 UPHILL LN","New 3 bedroom 2 bathroom manufactured home with front and rear wood decks.","2011 UPHILL LANE",30.219598,-97.695042
"2960","2200 INDIAN TRL","New detached garage w/ garage apartment: 2nd story secondary apartment to include office/kitchen 1 bedroom/living room and 1 bath. New exterior stairs leading to 2nd story apartment.","2200 INDIAN TRAIL",30.294889,-97.762633
"2961","7102 LILAC LN","New construction secondary apartment 2-story 1 bedroom 1.5 bath with attached 1-car garage office covered porch exterior stairs and covered 2nd story porch.","7102 LILAC LANE",30.201698,-97.810474
"2962","2218 RIVERVIEW ST","New 2-story SFR w/ front porch. 3/2.5
*see conditions*","2218 RIVERVIEW STREET",30.25019,-97.721885
"2963","7300 DAN PASS","New construction of a modular home with (2) bedrooms and (2) bathrooms.","7300 DAN PASS",30.179171,-97.766869
"2964","11833 BUCKNER RD","New 1 story metal prefab SFR with 1 bedroom and 1 bathroom.","11833 BUCKNER ROAD",30.444238,-97.837346
"2965","8101 PETRONAS PASS","New one-story Single Family Res.3/2.5  with attached garage covered porch and patio.
Green Building","8101 PETRONAS PASS",30.15086,-97.717941
"2966","2906 ALLISON DR","New 2-story SFR with attached garage and wood deck 4/3.5","2906 ALLISON DRIVE",30.219132,-97.72592
"2967","7116 DANCING WIND LN","(B) - Haywood 2220 C L New 2 Story Attached Single Family Residence 4 Bedroom 2.5 Bathrooms attached 1 Car Garage Covd Entry
Revision: Change plan type. 
(B) 2300 B L New 2-story attached single family residence 3 bedrooms 2.5 bathrooms attached 1 car garage covered entry and covered patio.","7116 DANCING WIND LANE",30.157436,-97.639456
"2968","7112 DANCING WIND LN","(A) - Haywood 2230 C R New 2 Story Attached Single Family Residence 4 Bedroom 2.5 Bathrooms attached 1 Car Garage Covd Entry Porch
Revision: Change plan type. 
(A) 2310 B R New 2-story attached single family residence 3 bedroom 2.5 bathrooms attached 1 car garage covered entry and covered patio.","7112 DANCING WIND LANE",30.157441,-97.639274
"2969","5308 AVENUE F","Build#2 New 1 Story Secondary Dwelling Residence 1/1","5308 AVENUE F",30.318497,-97.720931
"2970","1406 W 9TH ST BLDG 8","ePlan: Expedited Review - New Construction 3 Unit / 2 level Multi-Family Res. (BLDG 8 - 8556 sf) *REVIEWED PER IBC*

***AFD - A full residential sprinkler system designed installed and tested in accordance with the 2016 NFPA 13D or the 2015 IRC P2904 standards will be installed in this property.  The plans for the sprinkler system must be designed and installed by a Texas Licensed Sprinkler contractor for NFPA 13D systems or a Texas Licensed Plumber with the Multipurpose Residential Fire Protection Sprinkler Specialist (MRFPSS) endorsement.  The Sprinkler plans must be submitted reviewed approved tested and inspected by AFD prior to covering the walls and ceilings.  A flow test of the most demanding area will be required.","1406 WEST 9TH STREET BLDG 8",30.276697,-97.758386
"2971","1406 W 9TH ST BLDG 5","ePlan: Expedited Review - New Construction 4 Unit / 3 level Multi-Family Res. (BLDG 5 - 9710 sf.)  *REVIEWED PER IBC*

***AFD - A full residential sprinkler system designed installed and tested in accordance with the 2016 NFPA 13D or the 2015 IRC P2904 standards will be installed in this property.  The plans for the sprinkler system must be designed and installed by a Texas Licensed Sprinkler contractor for NFPA 13D systems or a Texas Licensed Plumber with the Multipurpose Residential Fire Protection Sprinkler Specialist (MRFPSS) endorsement.  The Sprinkler plans must be submitted reviewed approved tested and inspected by AFD prior to covering the walls and ceilings.  A flow test of the most demanding area will be required.","1406 WEST 9TH STREET BLDG 5",30.276697,-97.758386
"2972","1406 W 9TH ST BLDG 1","ePlan: Expedited Review - New Construction 2 Unit / 3 level Multi-Family Res.  (BLDG 1  - 7488 sf.) *REVIEWED PER IBC*","1406 WEST 9TH STREET BLDG 1",30.276697,-97.758386
"2973","1406 W 9TH ST BLDG 4","ePlan: Expedited Review - New Construction 2 Unit / 3 level Multi-Family Res.  (BLDG 4 - 7487 sf)*REVIEWED PER IBC*","1406 WEST 9TH STREET BLDG 4",30.276697,-97.758386
"2974","1406 W 9TH ST BLDG 6","ePlan: Expedited Review - New Construction 2 Unit / 3 level Multi-Family Res.  (BLDG 6 - 7344 sf.) *REVIEWED PER IBC*

***AFD - A full residential sprinkler system designed installed and tested in accordance with the 2016 NFPA 13D or the 2015 IRC P2904 standards will be installed in this property.  The plans for the sprinkler system must be designed and installed by a Texas Licensed Sprinkler contractor for NFPA 13D systems or a Texas Licensed Plumber with the Multipurpose Residential Fire Protection Sprinkler Specialist (MRFPSS) endorsement.  The Sprinkler plans must be submitted reviewed approved tested and inspected by AFD prior to covering the walls and ceilings.  A flow test of the most demanding area will be required.","1406 WEST 9TH STREET BLDG 6",30.276697,-97.758386
"2975","1612 NEWTON ST","New 2 story single family residence with 2 bedrooms 2 bathrooms and uncovered wood decks.","1612 NEWTON STREET",30.247645,-97.753077
"2976","4621 MENCHACA RD","new 2-story 2br/2.5ba ADU with garage","4621 MENCHACA ROAD",30.225283,-97.790967
"2977","4621 MENCHACA RD","new 2-story 4br/3ba SFR with garage and attic","4621 MENCHACA ROAD",30.225283,-97.790967
"2978","11929 ARCHHILL DR","New 2-story single family residence covered porch and patio 5 bedroom 4 bathroom.","11929 ARCHHILL DRIVE",30.444828,-97.79823
"2979","2008 RUNDELL PL","[BETA] Expedited Review. New construction of a 2-story residence with habitable attic (5 beds 5 bath) attached 1 car garage and a pool.","2008 RUNDELL PLACE",30.253478,-97.773925
"2980","16529 SUMMERY ST","New 1-story SFR w/ covered porch patio and attached garage. 4/2 (4122 I right)","16529 SUMMERY STREET",30.295654,-97.556677
"2981","12509 SIMMENTAL DR","Mesa 3529-C-R new 2-story single family condominium residence with (5) bedrooms (3.5) bathrooms attached 2-car garage and covered entry porch patio and deck.","12509 SIMMENTAL DRIVE",30.388964,-97.881487
"2982","902 DANIEL DR","New construction of a two-story Duplex 6/7 with exempt attic covered porch balcony rooftop deck and attached carport and garage","902 DANIEL DRIVE",30.258962,-97.754397
"2983","13460 LYNDHURST ST","EPLAN- Expedited Review: New Construction Multi-Family Res. (1 Story / 2 units / 1893 sf.) TH D","13460 LYNDHURST STREET",30.475339,-97.786151
"2984","1300 MC KIE DR UNIT 82","Unit 82 Building 8.  New 2 story townhome residence part of a 4 unit structure.  Covered porch attached garage 2 bedroom 2.5 bathroom.","1300 MC KIE DRIVE UNIT 82",30.330707,-97.692469
"2985","1300 MC KIE DR UNIT 84","Unit 84 Building 8.  New 2 story townhome residence part of a 4 unit structure.  Covered porch attached garage 2 bedroom 2.5 bathroom.","1300 MC KIE DRIVE UNIT 84",30.330707,-97.692469
"2986","1300 MC KIE DR UNIT 81","Unit 81 Building 8.  New 2 story townhome residence part of a 4 unit structure.  Covered porch attached garage 2 bedroom 2.5 bathroom.","1300 MC KIE DRIVE UNIT 81",30.330707,-97.692469
"2987","1300 MC KIE DR UNIT 83","Unit 83 Building 8.  New 2 story townhome residence part of a 4 unit structure.  Covered porch attached garage 2 bedroom 2.5 bathroom.","1300 MC KIE DRIVE UNIT 83",30.330707,-97.692469
"2988","1300 MC KIE DR UNIT 132","Unit 132 Building 13 New 2 story townhome residence part of a 4 unit structure covered porch attached garage 2 bedroom 2.5 bath.","1300 MC KIE DRIVE UNIT 132",30.330707,-97.692469
"2989","1300 MC KIE DR UNIT 133","Unit 133 Building 13 New 2 story townhome residence part of a 4 unit structure covered porch attached garage 2 bedroom 2.5 bath.","1300 MC KIE DRIVE UNIT 133",30.330707,-97.692469
"2990","1300 MC KIE DR UNIT 44","Unit 44 Building 4 .  New 2 story townhome residence attached 2 car garage  covered porch and patio 2 bedroom 2.5 bathroom.","1300 MC KIE DRIVE UNIT 44",30.330707,-97.692469
"2991","1300 MC KIE DR UNIT 141","Unit 141 Building 14.  New 2 story townhome residence covered porch attached garage 2 bedroom 2.5 bathroom.","1300 MC KIE DRIVE UNIT 141",30.330707,-97.692469
"2992","1300 MC KIE DR UNIT 134","Unit 134 Building 13 New 2 story townhome residence part of a 4 unit structure covered porch attached garage 3 bedroom 2.5 bath.","1300 MC KIE DRIVE UNIT 134",30.330707,-97.692469
"2993","1300 MC KIE DR UNIT 31","Unit 31 building 3.  New two story condominium townhome residence covered porch 2 bedroom 2.5 bathroom.

***AFD - A full residential sprinkler system designed installed and tested in accordance with the 2016 NFPA 13D or the 2015 IRC P2904 standards will be installed in each unit of this building.  The plans for the sprinkler system must be designed and installed by a Texas Licensed Sprinkler contractor for NFPA 13D systems or a Texas Licensed Plumber with the Multipurpose Residential Fire Protection Sprinkler Specialist (MRFPSS","1300 MC KIE DRIVE UNIT 31",30.330707,-97.692469
"2994","1300 MC KIE DR UNIT 32","Unit 32 building 3.  New two story condominium townhome residence covered porch 2 bedroom 2.5 bathroom.

***AFD - A full residential sprinkler system designed installed and tested in accordance with the 2016 NFPA 13D or the 2015 IRC P2904 standards will be installed in each unit of this building.  The plans for the sprinkler system must be designed and installed by a Texas Licensed Sprinkler contractor for NFPA 13D systems or a Texas Licensed Plumber with the Multipurpose Residential Fire Protection Sprinkler Specialist (MRFPSS","1300 MC KIE DRIVE UNIT 32",30.330707,-97.692469
"2995","1300 MC KIE DR UNIT 144","Unit 144 Building 14.  New 2 story townhome residence covered porch attached garage 2 bedroom 2.5 bathroom.","1300 MC KIE DRIVE UNIT 144",30.330707,-97.692469
"2996","1300 MC KIE DR UNIT 34","Unit 34 building 3.  New two story condominium townhome residence covered porch 2 bedroom 2.5 bathroom","1300 MC KIE DRIVE UNIT 34",30.330707,-97.692469
"2997","1300 MC KIE DR UNIT 142","Unit 142 Building 14.  New 2 story townhome residence covered porch attached garage 2 bedroom 2.5 bathroom.","1300 MC KIE DRIVE UNIT 142",30.330707,-97.692469
"2998","1300 MC KIE DR UNIT 143","Unit 143 Building 14.  New 2 story townhome residence covered porch attached garage 2 bedroom 2.5 bathroom.","1300 MC KIE DRIVE UNIT 143",30.330707,-97.692469
"2999","1300 MC KIE DR UNIT 131","Unit 131 Building 13 New 2 story townhome residence part of a 4 unit structure covered porch attached garage","1300 MC KIE DRIVE UNIT 131",30.330707,-97.692469
"3000","1300 MC KIE DR UNIT 43","Unit 43 Building 4.  New 2 story townhome residence attached 2 car garage  covered porch and patio 2 bedroom 2.5 bathroom.","1300 MC KIE DRIVE UNIT 43",30.330707,-97.692469
"3001","1300 MC KIE DR UNIT 41 Unit 41","Unit 41 Building 4.  New 2 story townhome residence attached 2 car garage  covered porch and patio 2 bedroom 2.5 bathroom.
***AFD - A full residential sprinkler system designed installed and tested in accordance with the 2016 NFPA 13D or the 2015 IRC P2904 standards will be installed in each unit of this building.  The plans for the sprinkler system must be designed and installed by a Texas Licensed Sprinkler contractor for NFPA 13D systems or a Texas Licensed Plumber with the Multipurpose Residential Fire Protection Sprinkler Specialist (MRFPSS","1300 MC KIE DRIVE UNIT 41",30.330707,-97.692469
"3002","1320 E APPLEGATE DR","New 2 story single family residence with covered porch and patio 4 bedroom 3.5 bathroom","1320 EAST APPLEGATE DRIVE",30.363368,-97.670166
"3003","1318 E APPLEGATE DR","New 2 story single family residence with covered porch and patio 3 bedroom 2 bathroom.","1318 EAST APPLEGATE DRIVE",30.363373,-97.670376
"3004","2007 LAKESHORE DRIVE","New 3 story sf-residence to include new tasting room and storage at first floor; main living area (entrance kitchen dining) and attached guest house at second floor; media room sleeping rooms and attached 4 car garage at third floor; with outdoor space to include sun deck outdoor dining and outdoor living.   Trade permits as required for work above. Revision 1: Entry revised - gate and entry steps relocated grading from street and at dw modified guardrail at driveway removed. Interior revised - stairs from garage and elevator relocated guest suite reconfigured.","2007 LAKESHORE DRIVE",30.301758,-97.786875
"3005","12507 CEDAR ST","New 2-story SFR w 3 bedrooms 2.5 bathrooms w covered patio","12507 CEDAR STREET",30.391093,-97.880178
"3006","8416 APOGEE BLVD","Lanai Q52116 Elev A Right Swing New 1 Story Single Family Home w/ 3 bedrooms and 3 bathrooms (including opt guest suite) 2 car attached garage porch and covered patio.","8416 APOGEE BOULEVARD",30.148413,-97.715383
"3007","8712 APOGEE BLVD","Lania Q52116 Elev B Right Swing New 1 Story Single Family Home with 3 bedrooms and 3  bathrooms  (including guest suite) 2 car garage covered patio and grilling patio. 2nd floor unit AKA (ADU per plan) w/ 1 bedroom 1 bathroom and a kitchen over attached garage.","8712 APOGEE BOULEVARD",30.146407,-97.715263
"3008","8305 PETRONAS PASS","Court Q51912 Elev A Right Swing New 1 Story Single Family Home with 3 bedrooms 2 bathrooms 2  car attached garage and extended covered patio. 2nd Floor unit AKA (ADU per plan) w/ 1 bedroom 1 bath and a kitchen above 2 car garage.","8305 PETRONAS PASS",30.149317,-97.717153
"3009","8412 APOGEE BLVD","Veranda II Q62899 Elev A Left Swing New 2 Story Single Family Home with 5 bedrooms 4.5 bathrooms (including opt in-law suite ilo study) 2 car attached garage and grilling patio.","8412 APOGEE BOULEVARD",30.148569,-97.715402
"3010","8113 PETRONAS PASS","Court Q51912 Elev A Right Swing 1 Story Single Family Home w/ 3 bedrooms and 2 bathrooms 2 car garage and covered patio. 2nd Floor Unit AKA (ADU per plan) w/ 1 bedroom 1 bathroom and a kitchen above attached","8113 PETRONAS PASS",30.150267,-97.717697
"3011","8213 PETRONAS PASS","Lanai Q52116 Elev B Left Swing New 1 Story Single Family Home w/ 3 bedrooms and 3 bathrooms (including opt guest suite) 2 car attached garage grilling patio and covered patio.","8213 PETRONAS PASS",30.149626,-97.717438
"3012","7912 HILLOCK TER","Lanai Q52116 Elev C Right Swing New 1 Story Single Family Home with 3 bedrooms and 3 bathrooms (including guest suite) 2 car attached garage and covered patio. 2nd Floor unit AKA (ADU per plan) w/ 1 bedroom 1 bathroom and a kitchen above 2 car garage.","7912 HILLOCK TER",30.150426,-97.71736
"3013","3308 STONERIDGE RD BLDG 3","Expedited Review - New Construction of a 3-Story Single Family Res. [4bed 5.5bath] with attached 2-car Garage","3308 STONERIDGE ROAD BLDG 3",30.266241,-97.809883
"3014","8500 BESTRIDE BND","New 1 story single family residence with covered porch and patio attached garage 4 bedroom 3 bathroom  ***GREEN BUILDING REQUIRED***","8500 BESTRIDE BND",30.147072,-97.722131
"3015","8004 HILLOCK TER","Piazza II Q62655 Elev A Left Swing New 2 Story Single Family Home with 4 bedrooms and 3.5 bathrooms (including opt 4th bed/3rd bath) 2 car attached garage and grilling patio. 2nd floor unit AKA (ADU per plan) with 1 bedroom 1 bathroom and a kitchen above 2 car garage.","8004 HILLOCK TER",30.149992,-97.717124
"3016","1907 OAK MOTTE LN","New 3 bedroom 2 bathroom manufactured home w/ wood stairs and landing.","1907 OAK MOTTE LANE",30.183484,-97.766547
"3017","2801 CEDARVIEW DR","New 2-story 3br/3ba ADU w/garage","2801 CEDARVIEW DRIVE",30.249814,-97.786023
"3018","1600 WHELESS LN","New 3 bedroom 21/2 bath 2 story single family house with attached garage. MAIN STRUCTURE","1600 WHELESS LANE",30.319654,-97.691733
"3019","1600 WHELESS LN","New 3 bedroom 21/2 bath 2 story single family house with attached garage.  SECONDARY STRUCTURE","1600 WHELESS LANE",30.319654,-97.691733
"3020","2204 MATTHEWS DR","Expedited Review - New Construction of a 2-Story Single Family Res. [4bed 4.5bath] with attached Garage","2204 MATTHEWS DRIVE",30.302269,-97.780101
"3021","10601 HARWOOD OVERLOOK CV","Hamlin-2159AL-New 1-Story Single Family Residence w/ 4 bedrooms 3 bathrooms attached 2 car garage covered entry porch & patio","10601 HARWOOD OVERLOOK CV",30.135986,-97.765069
"3022","5509 CLAY AVE BLDG 1","Expedited Review - New Construction of a 3-Story Single Family Res. [3bed 3.5bath] with attached 1-car Garage","5509 CLAY AVE BLDG 1",30.329435,-97.738501
"3023","3000 FUNSTON ST","*SMART Housing* *Green Bldg* New 2-story 3 Bedroom 2.5 Bathroom with Ramp in front","3000 FUNSTON STREET",30.304121,-97.757888
"3024","1103 CLERMONT AVE","**SMART HOUSING 100%** Secondary dwelling with 2 bedroom and 2 bath. Revision #1: Front setback is now 12.5 and rear is now 2.5 due to ord. 20190509-027","1103 CLERMONT AVE",30.254401,-97.735995
"3025","1103 CLERMONT AVE","**SMART HOUSING 100%** New sfr 3 bedroom and 2 bath. Revision #1: Front setback is now 12.5 and rear is now 2.5 due to ord. 20190509-027","1103 CLERMONT AVE",30.254401,-97.735995
"3026","606 ALLENDE BND","New 2 story single family residence","606 ALLENDE BND",30.127889,-97.807971
"3027","919 E 53RD ST  SECONDARY","New secondary dwelling unit with 1 bedroom 1 bathroom and unconditioned storage room.","919 EAST 53RD STREET",30.312794,-97.712897
"3028","2004 ROMERIA DR","New construction of two-story duplex with covered porch patio and attached garage.","2004 ROMERIA DRIVE",30.336575,-97.737292
"3029","3901 BROOKVIEW RD","New construction single family residential 2-story 4 bedroom 3.5 bath with attached 3 car garage covered front porch covered patio of master bedroom uncovered wood deck and covered rear patio/outdoor kitchen.","3901 BROOKVIEW ROAD",30.29181,-97.7102
"3030","5705 COOLBROOK DR","New 2-story 4 bedroom 2.5 bathroom single family residence w/ attached garage and covered porch.","5705 COOLBROOK DRIVE",30.304798,-97.656209
"3031","1102 1/2 BRASS ST","Expedited Review. New construction of a 2-story Additional Dwelling Unit (2 beds 2.5 baths) with an attached 1-car garage.","1102 1/2 BRASS STREET",30.265203,-97.704024
"3032","2108 BLUE MEADOW DR","New manufactured home","2108 BLUE MEADOW DRIVE",30.182101,-97.764773
"3033","6512 GRAYMONT DR","Discovery 2587 C/L New 2 Story Single Family Residence (4) Bedrooms (2.5) Baths Covered Entry Uncovered Patio Attached Garage","6512 GRAYMONT DRIVE",30.377656,-97.602088
"3034","15401 SOLSTICE CV","PLAN 2040AL / SFD / 4 BED / 2.5 BATH / 2 CAR ATTACHED GARAGE / FRONT COVERED PORCH","15401 SOLSTICE CV",30.147703,-97.593395
"3035","7606 NORTHCREST BLVD BLDG 2","new secondary 1br/1ba rear dwelling unit","7606 NORTHCREST BOULEVARD BLDG 2",30.34121,-97.70827
"3036","7901 YOKOHAMA TER","New 2-story single family residence covered porch and patio 5 bedroom 4 bathroom. *GREEN BUILDING REQUIRED*","7901 YOKOHAMA TER",30.147135,-97.721688
"3037","4819 N CAPITAL OF TEXAS HWY NB BLDG F","New Three Story Condo W/Att Garage & Covered Porch
Permit voided 1/27/2020 All inspection approved under duplicate permit 2003-006233

************************Reference permit 2003-006233 Final passed at that time*********************************","4819 NORTH CAPITAL OF TEXAS HIGHWAY NB BLDG F",30.345997,-97.798039
"3038","7111 VALBURN DR","New construction of a Single Family Res. 5/4.5 with basement and attached garage.","7111 VALBURN DRIVE",30.36751,-97.781081
"3039","8305 RIVERSTONE DR","New Manufactured Home W/Wd Deck","8305 RIVERSTONE DRIVE",30.292872,-97.629806
"3040","15425 JAZZBERRY WAY","*Green Building* Single story single family residence with attached two car garage and covered patios 3 bedroom 2 bathroom.","15425 JAZZBERRY WAY",30.148681,-97.592141
"3041","208 SAN JOSE ST","New 1-story 4 bedroom 2 bathroom manufactured home.","208 SAN JOSE STREET",30.352329,-97.702097
"3042","9113 GEORGIAN DR","New 2-story 989 sqft secondary dwelling unit w/ attached garage and attached carport. 1/1 and studio on the 2nd floor.","9113 GEORGIAN DRIVE",30.359195,-97.694206
"3043","7449 SPARKLING LIGHT DR","Plan# 2240/2250 /2 story multi-family duplex/6 Bed/5 Bath/ 4 car attached garages/Rear covered patios/SP-2010-0159D/FFE-499.17","7449 SPARKLING LIGHT DRIVE",30.147632,-97.595736
"3044","7453 SPARKLING LIGHT DR","Plan# 2200/2210 A/2 story multi-family duplex/6 Bed/5 Bath/ 2 car attached garage/SP-2010-0159D/FFE-497.55","7453 SPARKLING LIGHT DRIVE",30.147482,-97.595707
"3045","7437 SPARKLING LIGHT DR","Plan# 2200/2210 A/2 story multi-family duplex/6 Bed/5 Bath/ 2 car attached garage/SP-2010-0159D/FFE-501.90","7437 SPARKLING LIGHT DRIVE",30.148102,-97.595854
"3046","209 SAN JOSE ST","Install manufactured home on lot with 3 bedrooms and 2 baths","209 SAN JOSE STREET",30.351961,-97.702369
"3047","11621 AMERICAN MUSTANG LOOP","New single family residential construction covered porch and patio 4 bedroom 3 bathroom. *Green Building*","11621 AMERICAN MUSTANG LOOP",30.336501,-97.579264
"3048","4416 BANISTER LN","New construction secondary apartment 1-story 2 bedroom. 2 bath with attached 1-car garage and covered front porch.","4416 BANISTER LANE",30.224504,-97.781768
"3049","4520 RIMROCK TRL","New 2 story primary single family residence with attached garage front porch balcony and trellis.","4520 RIMROCK TRAIL",30.28976,-97.68436
"3050","4520 RIMROCK TRL","New 2 story secondary apartment with covered patios front porch and balcony.","4520 RIMROCK TRAIL",30.28976,-97.68436
"3051","11609 AMERICAN MUSTANG LOOP","New 1-story single family residence to have (4) bedrooms (3) bathrooms attached garage covered front porch and rear covered patio. *Green Building*WILDHORSE PUD*","11609 AMERICAN MUSTANG LOOP",30.336076,-97.57914
"3052","1308 LIMELIGHT LN","New single family condominium residence covered porch & patio attached 1 car garage with tandem parking in driveway 3 bedroom 2.5 bath.","1308 LIMELIGHT LANE",30.441696,-97.661147
"3053","1711 FUTURE DR BLDG 2","New 1-story 3 bedroom 2 bathroom manufactured home.","1711 FUTURE DRIVE BLDG 2",30.342869,-97.674743
"3054","1403 W 30TH ST","New detached secondary dwelling unit with one full bathroom.","1403 WEST 30TH STREET",30.300664,-97.751053
"3055","5105 LANSING DR BLDG 2","New construction secondary apartment above detached 2-car garage; SDU consists of 1 bedroom 1 bath with exterior stairs and covered landing. Detached garage has utility room and storage.","5105 LANSING DRIVE BLDG 2",30.21707,-97.785261
"3056","6301 ARBOR CREST LN","Bexar 51399 DL New 1 Story Single Family Residence with (3) bed (2) bath attached 2 car garage covered entry flatwork patio","6301 ARBOR CREST LANE",30.136439,-97.762828
"3057","11913 ROSCOMMON TRL","New 1 story sfr 4 beds 2 baths with attached garage","11913 ROSCOMMON TRAIL",30.353304,-97.606668
"3058","16412 ENAMORADO RD","Hudson 2094-F-L New 2 story single family residence with (4) bedroom (3.5) bathrooms attached 2 car garage covered entry and patio","16412 ENAMORADO ROAD",30.299584,-97.553099
"3059","9912 COMELY BND","Hudson 2094-F-L New 2 story single family residence with (4) bedroom (3.5) bathrooms attached 2 car garage covered entry and patio","9912 COMELY BND",30.2984,-97.553856
"3060","16420 ENAMORADO RD","Raleigh 1658-D-R New 1 story single family residence with (3) bedroom (2) bathrooms attached 2 car garage covered entry and patio","16420 ENAMORADO ROAD",30.299455,-97.552808
"3061","16416 ENAMORADO RD","Washington 1725-B-L 1-story single family residence (3) bedroom (2) bathrooms attached 2 car garage covered entry patio","16416 ENAMORADO ROAD",30.299518,-97.552944
"3062","9816 BECOMING ST","Washington 1725-B-L New (1) story single family residence (3) bdrms (2) baths attached 2car garage with cvrd entry and rear patio","9816 BECOMING STREET",30.29904,-97.554729
"3063","7809 BESTRIDE BND","New 1-story single family residence to have (3) bedrooms (2) bathrooms attached garage covered front porch and rear covered patio. *GREEN BUILDING*PILOT KNOB PUD*","7809 BESTRIDE BND",30.152282,-97.719442
"3064","1406 E APPLEGATE DR","New 2-story 4 bedroom 3 bathroom single family residence w/ attached garage covered porch and covered patio.","1406 EAST APPLEGATE DRIVE",30.363337,-97.669544
"3065","409 W 35TH ST","Expedited Review: New construction 2 story ADU (2 bath / 2 bed) with attached garage and covered patio. 
5/9/19 MW Pre-con Failed no tree protection in place for two (2) heritage pecans on the adjacent lot impacts to the CRZs of both trees. Email martin.wise@austintexas.gov if you have questions.","409 WEST 35TH STREET",30.300518,-97.738135
"3066","4518 RIMROCK TRL","Secondary dwelling unit with 2 bedrooms and 3 baths","4518 RIMROCK TRAIL",30.289661,-97.684435
"3067","4522 RIMROCK TRL","Secondary dwelling unit with 2 bedrooms and 3 baths","4522 RIMROCK TRAIL",30.289876,-97.684222
"3068","4518 RIMROCK TRL","New SFR with 3 bedrooms and 3 baths and attached garage","4518 RIMROCK TRAIL",30.289661,-97.684435
"3069","4522 RIMROCK TRL","SFR with 3 bedrooms 3 baths and attached garage","4522 RIMROCK TRAIL",30.289876,-97.684222
"3070","1016 MORNING MOON CIR","**BP Withdrawn- See comment tab for additional information-JC**Irvine 7046 -D-L New 2 Story Single Family Residence with 7 bedrooms 4 1/2 bathrooms attached 3 car garage covered entry porch & patio","1016 MORNING MOON CIR",30.333938,-97.917558
"3071","1202 LIMELIGHT LN","Unit 31.  Construction of new 2-story single family detached condominium covered porch and patio 1 car garage with tandem parking in driveway.","1202 LIMELIGHT LANE",30.441291,-97.660265
"3072","1404 LIMELIGHT LN","Unit #20. New 2 story single-family condominium residence 3 bedroom 2.5 bath. Attached 1 car garage with 1 tandem parking spot in driveway.","1404 LIMELIGHT LANE",30.441841,-97.661436
"3073","6600 HERGOTZ LN","New 2 story SF res w/ Front Covered Porch Rear Covered Patio Balcony  (3) Bedrooms (3.5) Bathrooms & Flex Room.","6600 HERGOTZ LANE",30.245333,-97.68492
"3074","1302 PALO DURO RD","Two family residential duplex new construction 2-story 3/3 bedroom 3.5/3 bath with attached 1-car carport (Unit A) attached 1-car garage (Unit B) covered front porch (both units) and covered rear patio (both units).","1302 PALO DURO ROAD",30.331383,-97.730002
"3075","10200 FOREST GROVE DR","Crescendo-1546AR-New 1-Story Single Family Residence w/ 3 bedrooms 2 bathrooms attached 2 car garage covered entry porch & patio","10200 FOREST GROVE DRIVE",30.139362,-97.763442
"3076","10120 FOREST GROVE DR","Opus-1592BR-New 1-Story Single Family Residence w/ 3 bedrooms 2 bathrooms attached 2 car garage covered entry porch & patio","10120 FOREST GROVE DRIVE",30.13974,-97.763181
"3077","10221 FOREST GROVE DR","Opus-1592AL-New 1-Story Single Family Residence w/ 3 bedrooms 2 bathrooms attached 2 car garage covered entry porch & patio","10221 FOREST GROVE DRIVE",30.138642,-97.763312
"3078","2810 GONZALES ST  SECONDARY","New construction of 1092 sqft  2-story secondary dwelling unit. 3/2.5","2810 GONZALES STREET",30.260219,-97.708781
"3079","1815 KERR ST","new 2 story sfr 5 bedrooms 4.5 baths 2 car garage
Cycle: 1 - Adequate fire flow available.","1815 KERR STREET",30.259862,-97.767484
"3080","8207 CHRYSLER BND","2275E-E1-2 story new single family residence 3/bdr/2bath/2 car covered garage/2275/left swing","8207 CHRYSLER BND",30.148904,-97.719898
"3081","7808 DONNELLEY DR","2287E-E2-1 story new single family residence 4bdr/3bath/2 car covered garage 2287/right swing","7808 DONNELLEY DRIVE",30.152028,-97.719213
"3082","8113 DONNELLEY DR","2150E-E1-R  1 story new single family residence 3 bdr/2 bath/2 car covered garage","8113 DONNELLEY DRIVE",30.150049,-97.72082
"3083","2607 RIVER HILLS RD BLDG G","Expedited Review: New 4/6 2 story sing fam res with theatre exercise room game room attached garages and attached pool house
9/10/19 MW Pass tree protection for the area near the boat dock has been installed no work is to be done beyond that until more protection is installed. Met with Monte Goertz and Wes Buckner on site. Contact: martin.wise@austintexas.gov","2607 RIVER HILLS ROAD BLDG G",30.343223,-97.848181
"3084","7816 BESTRIDE BND","New 2-story single-family residence attached garage covered entry porch and patio. *GREEN BUILDING*","7816 BESTRIDE BND",30.152376,-97.720006
"3085","2225 THRASHER LN UNIT B","New Single Family Dwelling","2225 THRASHER LANE BLDG 2",30.2202,-97.702089
"3086","800 MORNING MOON CIR","Burbank-F-R-New 2 - story single-family residence attached garage covered porches covered entry porch and covered rear patio w/above balcony.  *PRODUCTION BUILDER*","800 MORNING MOON CIR",30.336043,-97.9193
"3087","9302 BAYSHORE BND","New 2-story Condominium Residence with attached garage covered porch and patio.  *CONDOMINIUM RESIDENCE*","9302 BAYSHORE BND",30.433934,-97.843507
"3088","702 N COMMONS FORD RD","New two story SFR with 4 car attached garage.
4 bed/6 bath","702 NORTH COMMONS FORD ROAD",30.340041,-97.883998
"3089","1006 LORRAIN ST","New 2 story SFR with habitable attic exemptions and attached carport 4 beds/3.5 bath","1006 LORRAIN STREET",30.278057,-97.756988
"3090","4211 PREVAIL LN","New Construction of Multi Family 2 units with Attached Garage","4211 PREVAIL LANE",30.316065,-97.753587
"3091","704 SCREECH OWL DR *VOLUME BUILDER*","2495FJR NEW SINGLE FAMILY TWO STORY HOME WITH ATTACHED GARAGE AND COVERED PATIO","704 SCREECH OWL DRIVE",30.434331,-97.655588
"3092","16517 SUMMERY ST","New 2-story single-family residence covered entry porch and patio *VOLUME BUILDER*","16517 SUMMERY STREET",30.296122,-97.556844
"3093","12511 CEDAR ST","New 2 story SF res -Front Covered Porch Foyer Stairwell Great Rm Rear attached Covered Patio Dining Rm Kitchen Powder Rm Mud Rm Laundry Rm 2-car Garage; 2nd FL -Stairwell Loft Bedrm #3 Bathroom #2 Bedrm #2 Master Bedroom Covered Balcony Master Bathroom & Master Walk-in Closet","12511 CEDAR STREET",30.390808,-97.880744
"3094","9300 MARGARET JEWEL LN","New 2-story single family residence attached garage covered porch and patio.","9300 MARGARET JEWEL LANE",30.168476,-97.798572
"3095","1402 S 5TH ST","Expedited Review: New 2/2 1 story secondary apt
12/28/18 DD Admin. Hold placed due to site non compliance with the Tree Permit issued.
Out standing re inspection fee is owed for ECV 2018- 188027 issued in October.
1/15/20 DD Admin. Hold remains in place until all Tree Compliance issues have been resolved.
1/5/20 DD New ECV Written for paint / stain impacts to the Heritage Trees in the backyard.  contact douglas.dear@austin.gov","1402 SOUTH 5TH STREET",30.252785,-97.75949
"3096","1402 S 5TH ST","Expedited Review: New 5/4 2 story Res with attached garage
12/28/18 DD Admin. Hold placed due to site non compliance with the Tree Permit issued.
Out standing re inspection fee is owed for ECV 2018- 188027 issued in October.","1402 SOUTH 5TH STREET",30.252785,-97.75949
"3097","3131 MARY ST","New manufactured home with 2 bedrooms 2 bathrooms and uncovered wood entry decks.","3131 MARY STREET",30.204677,-97.636597
"3098","4526 UNITY CIR","*Smart housing* Green building* 3 unit building: New construction single family residential attached condominium 3-story 3 bedroom 3.5 bath with attached 2-car garage covered front porch and covered 3rd story balcony. Unit 266","4526 UNITY CIR",30.315509,-97.750877
"3099","13005 FORESTON DR","2281- VOYAGER1DL","13005 FORESTON DRIVE",30.377809,-97.603236
"3100","4326 ATTRA ST","4326 Attra Street. New 3-story single-family Row House in a 4 unit structure attached garage *SMART HOUSING* 62.5% FEES WAIVED*","4326 ATTRA STREET",30.295143,-97.696091
"3101","1313 WOOTEN DR","New construction secondary apartment 2-story 2 bedroom 2 bath with covered front porch.","1313 WOOTEN DRIVE",30.353655,-97.71687
"3102","1825 BITTER CREEK DR","New manufactured home.","1825 BITTER CREEK DRIVE",30.18574,-97.767014
"3103","7600 WILLIAMSON CREEK DR","New Single Wide Manufactured Home","7600 WILLIAMSON CREEK DRIVE",30.246789,-97.915477
"3104","9309 MARGARET JEWEL LN","New 1-story single-family residence attached garage covered entry porch and patio.  *PRODUCTION BUILDER*","9309 MARGARET JEWEL LANE",30.168118,-97.798352
"3105","2017 THRASHER LN","Relocated 1 story SF res: Front Covered Porch Living Room Dining Room Kitchen Utility Room Rear attached Uncovered Wood Deck Bedroom #3 Bathroom Bedroom #2 Master Bedroom & Master Bathroom.","2017 THRASHER LANE",30.22212,-97.700433
"3106","3218 SMOKY RIDGE","New SFR with attached two car garage 3 bed/2.5 bath","3218 SMOKY RIDGE",30.337693,-97.8207
"3107","810 THERESA AVE","Secondary dwelling unit","810 THERESA AVE",30.280538,-97.765736
"3108","812 THERESA AVE","Secondary Dwelling","812 THERESA AVE",30.280621,-97.765713
"3109","812 THERESA AVE","SF residence","812 THERESA AVE",30.280621,-97.765713
"3110","810 THERESA AVE","SF residence with 3 bedrooms attached garage","810 THERESA AVE",30.280538,-97.765736
"3111","16508 SUMMERY ST","New 2-story single-family residence covered entry porch and patio *VOLUME BUILDER*","16508 SUMMERY STREET",30.296565,-97.556391
"3112","16512 SUMMERY ST","New 2-story single-family residence covered entry porch and patio *VOLUME BUILDER*","16512 SUMMERY STREET",30.296413,-97.556349
"3113","16520 SUMMERY ST","New 1-story single-family residence covered entry porch and patio *PRODUCTION BUILDER*","16520 SUMMERY STREET",30.296092,-97.556235
"3114","16516 SUMMERY ST","New 2-story single-family residence covered entry porch and patio *VOLUME BUILDER*","16516 SUMMERY STREET",30.296254,-97.556295
"3115","15416 SUMMER RAY DR","New 2-story single-family residence attached garage covered porch and patio.  *PRODUCTION BUILDER *","15416 SUMMER RAY DRIVE",30.14999,-97.591182
"3116","3220 SMOKY RIDGE","New SFR with basement and attached garage. 4 bed/4.5 bath","3220 SMOKY RIDGE",30.337879,-97.820297
"3117","7401 SPRING RAY DR","New 1-story single-family residence attached garage covered porch and patio.  *PRODUCTION BUILDER *","7401 SPRING RAY DRIVE",30.149394,-97.591156
"3118","10309 LAURIE LN","New 2-story single-family residence attached garage covered entry porch and patio.
*VOLUME BUILDER","10309 LAURIE LANE",30.137456,-97.762039
"3119","1705 E 38TH ST","*Partial Demo.* 1st and 2nd story 2083.28 sqft addition to existing 1-story SFR. Interior remodel the existing SFR to become proposed duplex residence.","1705 EAST 38TH STREET",30.291286,-97.713027
"3120","6116 BELGRAVE DR","New 2-story single-family residence attached garage entry porch and covered rear patio.  *PRODUCTION BUILDER*","6116 BELGRAVE DRIVE",30.139786,-97.762097
"3121","2810 OAK SPRINGS DR","New secondary dweling unit.  2 bedroom 2.5 baths 1 car garage.","2810 OAK SPRINGS DRIVE",30.273153,-97.702346
"3122","913 SOLITUDE DR","New 2-story single-family residence attached garage covered entry porch and patio.  *PRODUCTION BUILDER*","913 SOLITUDE DRIVE",30.434445,-97.657733
"3123","1618 PALMA PLZ","New Construction of Multi-Family Bldg","1618 PALMA PLZ",30.282596,-97.759725
"3124","16504 SUMMERY ST","New 2-story single-family residence covered entry porch and patio *VOLUME BUILDER*","16504 SUMMERY STREET",30.296733,-97.556434
"3125","2704 ZACH SCOTT ST","New 2-story single-family house with a side zero-lot line  attached garage covered front porch and rear patio.  *SMART -PRODUCTION BUILDER*FEES WAIVED at 62.5 %*","2704 ZACH SCOTT STREET",30.294564,-97.697243
"3126","6117 CHARIS CT","New single family residence with main level habitable basement  clerestory space 4 bedrooms 6.5 bathrooms attached garage and covered patio.","6117 CHARIS CT",30.263321,-97.842812
"3127","6105 STEEP CACTUS TRL Unit A","UNIT # 48 - New 2-story duplex condominium Residence with attached garage covered porch and deck.  *2 UNITS* *CONDOMINIUM-DUPLEX RESIDENCE*","6105 CACTUS TRAIL UNIT A",30.244385,-97.876929
"3128","1303 E 3RD ST","New construction secondary apartment 1-story 1 bedroom 1 bath with deck landing.","1303 EAST 3RD STREET",30.261095,-97.730563
"3129","5307 HARMON AVE","New 2 story SDU 2 bed/1.5 bath","5307 HARMON AVE",30.312587,-97.710322
"3130","213 VIRTUS BND","UNIT # 25 New 1-story Condominium Residence with attached garage covered porch.  *VOL BUILD PROJECT* *CONDOMINIUM RESIDENCE*","213 VIRTUS BND",30.179013,-97.787194
"3131","2300 ENFIELD RD UNIT 305","Unit #305 New 3-story Condominium Residence with attached garage covered porch and patio.  *CONDOMINIUM RESIDENCE","2300 ENFIELD ROAD UNIT 305",30.28799,-97.767294
"3132","2300 ENFIELD RD UNIT 303","Unit #303 New 3-story Condominium Residence with attached garage covered porch and patio.  *CONDOMINIUM RESIDENCE","2300 ENFIELD ROAD UNIT 303",30.28799,-97.767294
"3133","2300 ENFIELD RD UNIT 206","Unit #206 New 3-story Duplex Condominium Residence with attached garages covered balconies. *DUPLEX CONDOMINIUM RESIDENCE*

3/30/26 SM - Per Marvin Lewis a Fire suppression system is not required for this unit per the site plan.","2300 ENFIELD ROAD UNIT 206",30.28799,-97.767294
"3134","2300 ENFIELD RD UNIT 203","Unit #203 New 3-story Duplex Condominium Residence with attached garages covered balconies. *DUPLEX CONDOMINIUM RESIDENCE*

3/30/26 SM - Per Marvin Lewis a Fire suppression system is not required for this unit per the site plan.","2300 ENFIELD ROAD UNIT 203",30.28799,-97.767294
"3135","2300 ENFIELD RD UNIT 301","Unit# 301 New 3-story Condominium Residence with attached garage covered porch and patio.  *CONDOMINIUM RESIDENCE","2300 ENFIELD ROAD UNIT 301",30.28799,-97.767294
"3136","2300 ENFIELD RD UNIT 207","Unit #207 New 3-story Duplex Condominium Residence with attached garages covered balconies. *DUPLEX CONDOMINIUM RESIDENCE*

3/30/26 SM - Per Marvin Lewis a Fire suppression system is not required for this unit per the site plan.","2300 ENFIELD ROAD UNIT 207",30.28799,-97.767294
"3137","2300 ENFIELD RD UNIT 204","Unit #204 New 3-story Duplex Condominium Residence with attached garages covered balconies. *DUPLEX CONDOMINIUM RESIDENCE*","2300 ENFIELD ROAD UNIT 204",30.28799,-97.767294
"3138","2300 ENFIELD RD UNIT 304","Unit #304 New 3-story Condominium Residence with attached garage covered porch and patio.  *CONDOMINIUM RESIDENCE","2300 ENFIELD ROAD UNIT 304",30.28799,-97.767294
"3139","2300 ENFIELD RD UNIT 205","Unit #205 New 3-story Duplex Condominium Residence with attached garages covered balconies. *DUPLEX CONDOMINIUM RESIDENCE*

3/30/26 SM - Per Marvin Lewis a Fire suppression system is not required for this unit per the site plan.","2300 ENFIELD ROAD UNIT 205",30.28799,-97.767294
"3140","3013 GUERRERO DR","New 4 bedroom 2 bathroom manufactured home replacing existing mobile home","3013 GUERRERO DRIVE",30.206275,-97.634766
"3141","2109 RIVERVIEW ST","new 1 bedroom 1 bathroom 1 story secondary dwelling","2109 RIVERVIEW STREET",30.250366,-97.723877
"3142","7610 PROVIDENCE AVE","Expedited Review: New 3/2.5 2 story res with attached carport","7610 PROVIDENCE AVE",30.334965,-97.694056
"3143","515 W CROSLIN ST","new construction of a two level residence","515 WEST CROSLIN STREET",30.339135,-97.713357
"3144","515 W CROSLIN ST","new SDU","515 WEST CROSLIN STREET",30.339135,-97.713357
"3145","4602 PACK SADDLE PASS","New 2 story SDU. 2 bed/2.5 bath","4602 PACK SADDLE PASS",30.227807,-97.797963
"3146","4401 BERKMAN DR","New 2-story Condominium Residence with attached garage and covered porch.  *CONDOMINIUM RESIDENCE*","4401 BERKMAN DRIVE",30.29684,-97.699858
"3147","4913 AVENUE G","Interior remodel to existing single family residence.","4913 AVENUE G",30.313703,-97.722381
"3148","8517 MOCCASIN PATH","New 2-story single-family residence attached garage covered entry porch and rear covered porch.  *VOLUME BUILDER*","8517 MOCCASIN PATH",30.24311,-97.89589
"3149","6913 MEADOR AVE","New 1 story SF res w/ front Covered Porch att. 2-car Garage and Rear Covered Patio","6913 MEADOR AVE",30.326739,-97.697126
"3150","5103 COPPERBEND BLVD","New 2 story 5 bedroom 3 bathroom single family residence with attached 2 car garage and covered porch","5103 COPPERBEND BOULEVARD",30.195009,-97.740825
"3151","408 W 38TH HALF ST BLDG 4","Unit 4A/4B  New 2-story Condominium Residence with covered porches  *CONDOMINIUM RESIDENCE*","408 WEST 38TH HALF STREET BLDG 4",30.303045,-97.736341
"3152","408 W 38TH HALF ST BLDG 1","UNIT 1A/1B New 2-story Condominium Residence with covered porch.  *CONDOMINIUM RESIDENCE*","408 WEST 38TH HALF STREET BLDG 1",30.303045,-97.736341
"3153","408 W 38TH HALF ST BLDG 2","UNIT 2A/2B New 2-story Condominium Residence with covered porch.  *CONDOMINIUM RESIDENCE*","408 WEST 38TH HALF STREET BLDG 2",30.303045,-97.736341
"3154","408 W 38TH HALF ST BLDG 3","UNIT 3 - New 2-story Single Family Residence with  covered porch.  *CONDOMINIUM RESIDENCE*","408 WEST 38TH HALF STREET BLDG 3",30.303045,-97.736341
"3155","5820 HARPER PARK DR UNIT 18","New 2-story Condominium Residence with attached garage covered porch and patio.  *CONDOMINIUM RESIDENCE*

Void reference 2018-062549","5820 HARPER PARK DRIVE UNIT 18",30.237668,-97.852054
"3156","4302 ACROPOLIS CT","Relocate 1 story SF res onto lot new front porch and rear covered patio new driveway existing approach to remain.
Note: This permit had incorrectly expired on 3/30/2021 and was thus reactivated in order to extend its expiration date to Dec. 31 2021 in compliance with the mayors COVID-19 orders.","4302 ACROPOLIS CT",30.412683,-97.72962
"3157","9504 BAYSHORE BND","New 2-story Condominium Residence with attached garage covered porch and patio.  *CONDOMINIUM RESIDENCE*","9504 BAYSHORE BND",30.435494,-97.842243
"3158","11906 DEERING PL","New 2-story Condominium Residence with attached garage covered porch and patio.  *CONDOMINIUM RESIDENCE*","11906 DEERING PLACE",30.435606,-97.841357
"3159","506 EL PASO ST","2 story 1/1","506 EL PASO STREET",30.236351,-97.761776
"3160","506 EL PASO ST","SF 2 story house with 3 bedrooms & 2.5 baths","506 EL PASO STREET",30.236351,-97.761776
"3161","5924 S CONGRESS AVE BLDG 15","New Construction of a Multi-Family Building","5924 SOUTH CONGRESS AVE BLDG 15",30.201208,-97.776205
"3162","5924 S CONGRESS AVE BLDG 11","New Construction of a Multi-Family Building","5924 SOUTH CONGRESS AVE BLDG 11",30.201208,-97.776205
"3163","5924 S CONGRESS AVE BLDG 13","New Construction of a Multi-Family Building","5924 SOUTH CONGRESS AVE BLDG 13",30.201208,-97.776205
"3164","5924 S CONGRESS AVE BLDG 1","New Construction of a Multi-Family Building","5924 SOUTH CONGRESS AVE BLDG 1",30.201208,-97.776205
"3165","1101 HOLLY ST","new 2/2 2 story secondary apt","1101 HOLLY STREET",30.256485,-97.73557
"3166","5924 S CONGRESS AVE BLDG 4","New Construction of a Multi-Family Building","5924 SOUTH CONGRESS AVE BLDG 4",30.201208,-97.776205
"3167","5924 S CONGRESS AVE BLDG 9","New Construction of a Multi-Family Building","5924 SOUTH CONGRESS AVE BLDG 9",30.201208,-97.776205
"3168","5924 S CONGRESS AVE BLDG 16","New Construction of a Multi-Family Building","5924 SOUTH CONGRESS AVE BLDG 16",30.201208,-97.776205
"3169","5924 S CONGRESS AVE BLDG 2","New Construction of a Multi-Family Building","5924 SOUTH CONGRESS AVE BLDG 2",30.201208,-97.776205
"3170","5924 S CONGRESS AVE BLDG 12","New Construction of a Multi-Family Building","5924 SOUTH CONGRESS AVE BLDG 12",30.201208,-97.776205
"3171","5924 S CONGRESS AVE BLDG 7","New Construction of a Multi-Family Building","5924 SOUTH CONGRESS AVE BLDG 7",30.201208,-97.776205
"3172","1103 MATTHEWS LN","New single story 3 bedroom 2 bathroom single family house with attached garage and covered porch","1103 MATTHEWS LANE",30.194853,-97.797161
"3173","10913 ROME AVE","New 1-story single-family residence attached garage covered porch and patio.   *VOLUME BUILDER*","10913 ROME AVE",30.135353,-97.768936
"3174","10111 DOBBIN DR","New 2 story 5 bedroom 4.5 bath single family residence with attached garage. Pool to be permitted separately. COC.","10111 DOBBIN DRIVE",30.180234,-97.849427
"3175","7629 RIO PASS","New 2-story single-family residence attached garage covered entry porch and patio.","7629 RIO PASS",30.316475,-97.653315
"3176","2603 E 3RD ST","new 2/2 2 story secondary apt","2603 EAST 3RD STREET",30.255468,-97.714387
"3177","1204 REAGAN TER","new 2/2.5 2 story secondary apt","1204 REAGAN TER",30.24477,-97.736833
"3178","1204 REAGAN TER","new 3 bedroom/2.5 bathroom 2 story res","1204 REAGAN TER",30.24477,-97.736833
"3179","11114 GOLF CV","New construction single family residential 1-story 4 bedroom 3 bath with attached garage covered front porch and covered back patio.","11114 GOLF CV",30.130903,-97.778323
"3180","10205 JACKSBORO TRL","New 3-story Condominium Residence with attached garage covered porch *CONDOMINIUM RESIDENCE*","10205 JACKSBORO TRAIL",30.477661,-97.782258
"3181","1206 E 2ND ST","New SDU: Manufactured home and covered porch. 
Increase  in allowable impervious coverage on lot by 5.66% and building coverage by 1.3%.
Contact Jose Roig Building Official.","1206 EAST 2ND STREET",30.2609,-97.731491
"3182","1004 E 14TH ST","New primary residence 3 bedrooms 3 baths.","1004 EAST 14TH STREET",30.274686,-97.729144
"3183","4622 VAUGHAN ST","4622 Vaughan St. Lot 11 - New 3-story single-family Row House attached garage covered front porch and upper-floor terraces.  **SMART HOUSE- ROW HOUSE- VOL BUILD**","4622 VAUGHAN STREET",30.298133,-97.698038
"3184","3505 RIVERCREST DR","New 4 bedroom 3.5 bathroom 3-story SFR in LA","3505 RIVERCREST DRIVE",30.337416,-97.814887
"3185","3004 MICHOACAN DR","New Manufactured Home single family residential 3 bedroom 2 bath with covered patio.","3004 MICHOACAN DRIVE",30.206762,-97.637085
"3186","8813 SLATER DR","New 1-story single-family residence attached garage covered entry porch and patio.","8813 SLATER DRIVE",30.155106,-97.755315
"3187","3700 FAR VIEW DR","New construction single family residential 2-story 6 berdroom 6.5 bath with attached 3-car garage covered porch and covered outdoor living.","3700 FAR VIEW DRIVE",30.35832,-97.852665
"3188","7701 CRYSTALBROOK WEST","New 1-story single-family residence attached garage covered entry porch and patio.","7701 CRYSTALBROOK WEST",30.316672,-97.652567
"3189","7614 BLUFF SPRINGS RD","new 4 bedroom 3.5 bathroom sing fam res","7614 BLUFF SPRINGS ROAD",30.174108,-97.769602
"3190","1603 SINGLETON AVE","new 3 bedroom 4 bathroom sing fam res","1603 SINGLETON AVE",30.277965,-97.714443
"3191","7300 COIT RD","New 2-story single-family residence attached garage covered entry porch.","7300 COIT ROAD",30.159122,-97.715863
"3192","5301 BLUFFSTONE LN","New 2-story single-family residence attached garage covered porch and patio.","5301 BLUFFSTONE LANE",30.385541,-97.767178
"3193","12302 CHALCO ST","New 2-story Condominium Residence with attached garage covered porch and patio.  *CONDOMINIUM RESIDENCE*","12302 CHALCO STREET",30.127199,-97.809826
"3194","5717 LOST HORIZON DR UNIT 13","UNIT 13 New 3-story Condominium Residence with attached garage covered entry porch and rear terrace with integral pool.  An upper floor balcony is included.  **CONDOMINIUM RESIDENCE**","5717 LOST HORIZON DRIVE",30.401326,-97.763411
"3195","10401 TURNBULL LOOP","New 2-story Condominium Residence with attached garage covered porch.  **CONDOMINIUM RESIDENCE**","10401 TURNBULL LOOP",30.479222,-97.788378
"3196","8001 FOREST WOOD RD","New construction/placement  single family residential 1-story 4 bedroom 2 bath mobile home.","8001 FOREST WOOD ROAD",30.186966,-97.801233
"3197","4508 KOCUREK ST","New 2-story single-family residence attached garage covered entry porch and patio.  **SMART HOUSE**","4508 KOCUREK STREET",30.297934,-97.699529
"3198","6716 RANCHITO DR","New 1-story single-family residence attached garage covered entry porch and patio.","6716 RANCHITO DRIVE",30.169346,-97.730308
"3199","1009 WILLOW ST Building 2","New 2 story 2nd dwelling two car garage with living space on the 2nd floor alley access.","1009 WILLOW STREET BLDG 2",30.25921,-97.734411
"3200","600 E 49TH ST","The project consists of the following new construction; an enclosed garage/accessory storage building and one attached Accessory Dwelling Unit.  All new structures are one-story.","600 EAST 49TH STREET",30.311614,-97.719746
"3201","3113 BRAGG PL","New 1-story single-family residence attached garage covered entry porch and patio.  **PRODUCTION BUILDER REG FEE**","3113 BRAGG PLACE",30.390459,-97.621665
"3202","13025 KEARNS DR","New 1-story single-family residence attached garage covered entry porch.  **PRODUCTION BUILDER**","13025 KEARNS DRIVE",30.390736,-97.622037
"3203","13021 KEARNS DR","New 1-story single-family residence attached garage covered entry porch and patio.  **PRODUCTION BUILDER**","13021 KEARNS DRIVE",30.390603,-97.622116
"3204","12524 CARDINAL FLOWER DR","New 2-story single-family residence attached garage covered entry porch and rear patio.  **PRODUCTION BUILDER REG FEE**","12524 CARDINAL FLOWER DRIVE",30.166037,-97.891103
"3205","6306 EL MIRANDO ST","New construction/placement single family residential 1-story 3 bedroom 2 bath manufactured home.","6306 EL MIRANDO STREET",30.240132,-97.692949
"3206","2021 SURREY HILL DR","New construction single family residential 1-story 4 bedroom 2 bath with attached 2-car garage covered front porch covered back porch and uncovered wood deck. Revision #1: Eliminate 2nd floor from project; modify first floor within previously built slab. New uncovered viewing deck; garage relocated.","2021 SURREY HILL DRIVE",30.269872,-97.82295
"3207","2404 ROBERT BROWNING ST","New 2-story single-family residence attached garage covered entry porch and patio covered balcony.  **SMART HOUSE**  **VOL BUILD PROJECT**","2404 ROBERT BROWNING STREET",30.299011,-97.698196
"3208","1617 CONSTANTA DR","New 2-story single-family residence attached garage covered entry porch and patio.","1617 CONSTANTA DRIVE",30.391987,-97.648204
"3209","1704 ARIAL DR","New 2-story single-family residence attached garage covered entry porch and patio.","1704 ARIAL DRIVE",30.391441,-97.648036
"3210","13208 KEARNS DR","New 2-story single-family residence attached garage covered entry porch and patio.  **PRODUCTION BUILDER**","13208 KEARNS DRIVE",30.392212,-97.621535
"3211","6521 RANCHITO DR","New 2-story single-family residence attached garage covered entry porch and patio.  **PRODUCTION BUILDER REG FEE**","6521 RANCHITO DRIVE",30.169392,-97.73208
"3212","6520 RANCHITO DR","New 2-story single-family residence attached garage covered entry porch and patio.  **PRODUCTION BUILDER REG FEE**","6520 RANCHITO DRIVE",30.169733,-97.731843
"3213","6617 RANCHITO DR","New 1-story single-family residence attached garage covered entry porch and patio.  **PRODUCTION BUILDER REG FEE**","6617 RANCHITO DRIVE",30.169152,-97.731173
"3214","6609 RANCHITO DR","New 2-story single-family residence attached garage covered entry porch and patio.  **PRODUCTION BUILDER REG FEE**","6609 RANCHITO DRIVE",30.169227,-97.731463
"3215","6716 RANCHITO DR","New 1-story single-family residence attached garage covered entry porch and patio.","6716 RANCHITO DRIVE",30.169346,-97.730308
"3216","6708 RANCHITO DR","New 2-story single-family residence attached garage covered entry porch and patio.","6708 RANCHITO DRIVE",30.169417,-97.730609
"3217","7801 DOWNING ST","Replace exterior door (1) on existing single-family residence.  No other changes authorized under this permit.","7801 DOWNING STREET",30.430766,-97.772705
"3218","3800 BRECKENRIDGE DR","New 2-story single-family residence attached garage covered entry porch and rear patio.","3800 BRECKENRIDGE DRIVE",30.200316,-97.697686
"3219","3200 PEARLMAN DR","New 2-story single-family residence attached garage covered entry porch and patio.  **PRODUCTION BUILDER REG FEE**","3200 PEARLMAN DRIVE",30.392864,-97.619746
"3220","8818 MOCCASIN PATH","New 2-story single-family residence attached garage covered entry porch and patio.  **VOLUME BUILDER**","8818 MOCCASIN PATH",30.245666,-97.895618
"3221","3313 STEVENSON AVENUE","new construction of 2 story 3 bedroom 3.5 bathroom SFR","3313 AVE",30.298551,-97.776019
"3222","3313 STEVENSON AVENUE","new 1/1 secondary apt over a detached garage exempted from FAR","3313 AVE",30.298551,-97.776019
"3223","6515 DAVIS LN BLDG 1","New 2-story Duplex Condominium Residence with attached garages covered porches and patios. **DUPLEX CONDOMINIUM RESIDENCE**","6515 DAVIS LANE UNIT 1",30.213262,-97.881357
"3224","1524 FORT DESSAU RD","New 1-story single-family residence attached garage covered entry porch and patio.  **VOLUME BUILDER**","1524 FORT DESSAU ROAD",30.409055,-97.638277
"3225","6512 LORETTA WHITE LN","New 1-story single-family residence attached garage covered entry porch and patio. **PRODUCTION BUILDER**","6512 LORETTA WHITE LANE",30.170562,-97.73198
"3226","6728 SWAMP MALLOW DR","New 2-story single-family residence attached garage covered entry porch. **PRODUCTION BUILDER**","6728 SWAMP MALLOW DRIVE",30.16962,-97.733083
"3227","6517 RANCHITO DR","New 1-story single-family residence attached garage covered entry porch and patio.  **PRODUCTION BUILDER REG FEE**","6517 RANCHITO DRIVE",30.169417,-97.732223
"3228","6509 LORETTA WHITE LN","New 1-story single-family residence attached garage covered entry porch and patio.  **PRODUCTION BUILDER**","6509 LORETTA WHITE LANE",30.170247,-97.732142
"3229","11902 VISCAYA WAY","New 1-story Condominium Residence with attached garage and covered porches.  **CONDOMINIUM RESIDENCE**","11902 VISCAYA WAY",30.433001,-97.842262
"3230","13709 HARRISGLENN DR","New 2-story single-family residence attached garage covered entry porch and patio.  **PRODUCTION BUILDER REG FEE**","13709 HARRISGLENN DRIVE",30.408956,-97.640428
"3231","1413 PEREZ ST","New secondary dwelling. 2 bedrooms 2 bath.","1413 PEREZ STREET",30.281137,-97.692185
"3232","6104 TOSCANA AVE","New 2-story single-family residence covered entry porch covered 2nd-floor deck.   **VOL BUILD PROJECT**","6104 TOSCANA AVE",30.291113,-97.641788
"3233","7317 CORDOBA DR","New 2-story single-family residence covered entry porch and patio covered deck covered balcony.   **VOL BUILD PROJECT**","7317 CORDOBA DRIVE",30.294046,-97.641683
"3234","3304 STONERIDGE RD","New SF Res - 2-story 5 bed 5.5 bath detached 4-car garage connected by breezeway and detached 2-story guest house connected by breezeway (1 bed 1 bath)","3304 STONERIDGE ROAD",30.265527,-97.809732
"3235","6325 FLORENCIA LN","New 2-story single-family residence attached garage covered entry porch and covered roof deck.   **VOL BUILD PROJECT**","6325 FLORENCIA LANE",30.293701,-97.641891
"3236","1140 NORTHWESTERN AVE","new 2 bedroom 2.5 bathroom 2 story secondary apt","1140 NORTHWESTERN AVE",30.269272,-97.716525
"3237","1140 NORTHWESTERN AVE","new 3 bedroom 2.5 bathroom 2 story res","1140 NORTHWESTERN AVE",30.269272,-97.716525
"3238","3009 KUHLMAN AVE","New secondary dwelling 1 bedroom 1 bath 1 car parking.","3009 KUHLMAN AVE",30.267881,-97.70958
"3239","7501 NUNSLAND DR","New 2-story single-family residence attached garage covered entry porch and patio.","7501 NUNSLAND DRIVE",30.161058,-97.728867
"3240","7429 GROUNDHOG WAY","New 1-story single-family residence attached garage covered porch and patio uncovered balcony.","7429 GROUNDHOG WAY",30.160251,-97.730376
"3241","16404 ENAMORADO RD","New 1-story single-family residence attached garage covered entry porch and patio.","16404 ENAMORADO ROAD",30.299721,-97.553377
"3242","16511 SUMPTUOUS DR","New 2-story single-family residence covered entry porch and patio","16511 SUMPTUOUS DRIVE",30.297524,-97.554403
"3243","5717 LOST HORIZON DR UNIT 2","New 3-story Condominium Residence with attached garage covered entry porch and wood deck.  **CONDOMINIUM RESIDENCE** Unit 2.","5717 LOST HORIZON DRIVE BLDG 2",30.401326,-97.763411
"3244","1808 NILES RD","Build new two story single family residence with attached garage.
  Void see new P/R 2018-003802 and associated permits","1808 NILES ROAD",30.287798,-97.760797
"3245","16508 FETCHING AVE","New 2-Story single-family residence covered entry porch and patio.","16508 FETCHING AVE",30.297378,-97.554709
"3246","13124 MERIDIAN PARK BLVD","New construction of 1 story home 2 bedroom 2.5 baths 3 car garage.","13124 MERIDIAN PARK BOULEVARD",30.17541,-97.926753
"3247","2000 E 18TH ST","New 2 story single family dwelling with one car garage.","2000 EAST 18TH STREET",30.278915,-97.719072
"3248","7708 OLD BEE CAVES RD","new mobile home.","7708 OLD BEE CAVES ROAD",30.244551,-97.879793
"3249","1500 FORT DESSAU RD","New 2-story single-family residence attached garage covered entry porch and patio.  **PRODUCTION BUILDER REG FEE**","1500 FORT DESSAU ROAD",30.409386,-97.638945
"3250","213 LESSIN LN","New 2-story duplex with covered porch and patio.","213 LESSIN LANE",30.226441,-97.763917
"3251","2714 E 3RD ST BLDG 2","New secondary dwelling unit.  2 bedrooms 2 baths.","2714 EAST 3RD STREET BLDG 2",30.255066,-97.712195
"3252","3109 PEARLMAN DR","New 2-story single-family residence attached garage covered entry porch and patio.   **PRODUCTION BUILDER REG FEE**","3109 PEARLMAN DRIVE",30.392602,-97.620363
"3253","1708 GARAMOND LN","New 1-story single-family residence attached garage covered entry porch and rear patio.  **VOL BUILD PROJECT**","1708 GARAMOND LANE",30.392536,-97.646689
"3254","13408 BAUHAUS BND","New 2-story single- family residence attached garage covered porch and patio uncovered balcony.","13408 BAUHAUS BND",30.4103,-97.641271
"3255","1524 FORT DESSAU RD","New 1-story single-family residence attached garage covered entry porch and patio.","1524 FORT DESSAU ROAD",30.409055,-97.638277
"3256","8816 SLATER DR","New 2-story single-family residence attached garage covered entry porch and patio.  **SMART HOUSE** **VOL BUILD PROJECT**","8816 SLATER DRIVE",30.154996,-97.755777
"3257","3002 STROUD PATH","New 2-story Condominium Residence with attached garage.  **CONDOMINIUM RESIDENCE**","3002 STROUD PATH",30.304642,-97.679827
"3258","3004 STROUD PATH","New 2-story Condominium Residence with attached garage.  **CONDOMINIUM RESIDENCE**","3004 STROUD PATH",30.304628,-97.67962
"3259","5705 TAUNTON DR","New 3-story Condominium Residence w/attached garage and covered porches. **CONDOMINIUM RESIDENCE**","5705 TAUNTON DRIVE",30.304349,-97.67972
"3260","5500 AGATHA CIR","New 2-story single-family residence attached garage covered porch and patio uncovered roof decks.  **PRODUCTION BUILDER REG FEE**","5500 AGATHA CIR",30.285967,-97.646705
"3261","5703 TAUNTON DR","New 3-story Condominium Residence with attached garage covered porch.  **CONDOMINIUM RESIDENCE**","5703 TAUNTON DRIVE",30.304215,-97.679791
"3262","7116 CARDINAL BLOOM LOOP","new 1 story home","7116 CARDINAL BLOOM LOOP",30.163428,-97.721891
"3263","4804 SPRINGDALE RD","New 2-story Condominium Residence with attached garage covered porch and patio.  **CONDOMINIUM RESIDENCE**","4804 SPRINGDALE ROAD",30.291901,-97.679072
"3264","4806 SPRINGDALE RD","New 2-story Condominium Residence with attached garage covered porch and patio.  **CONDOMINIUM RESIDENCE**","4806 SPRINGDALE ROAD",30.292033,-97.67898
"3265","8901 EDWARDSON LN","New 2-story single-family residence attached garage covered entry porch and rear patio.  **PRODUCTION BUILDER REG FEE**","8901 EDWARDSON LANE",30.213618,-97.884169
"3266","1615 CANTERBURY ST","New Construction of ADU in back of property - 2 story with attached garage and 1 covered porch - driveway tie-in at alley","1615 CANTERBURY STREET",30.255996,-97.728239
"3267","1100 RENO DR","New manufactured home with covered patio. (patio not covered) see permit 2016-156324","1100 RENO DRIVE",30.188981,-97.802306
"3268","8402 RIVERSTONE DR","New construction; 3 bedrms 2 bathrms uncovered wood deck. (Manufactured Home)","8402 RIVERSTONE DRIVE",30.293567,-97.628869
"3269","6305 FLORENCIA LN","New 2-story single-family residence attached garage covered entry porch and patio covered balcony.  **VOL BUILD PROJECT**","6305 FLORENCIA LANE",30.293461,-97.641317
"3270","6329 FLORENCIA LN","New 2-story single-family residence attached garage covered entry porch and patio.  **VOL BUILD PROJECT**","6329 FLORENCIA LANE",30.293753,-97.64201
"3271","7005 GARNET MILL LN","New 2-story single-family residence attached garage covered entry porch and patio.  **VOL BUILD PROJECT**","7005 GARNET MILL LANE",30.162448,-97.719453
"3272","4326 OLENICK ST","**SMART HOUSE** **VOL BUILD PROJECT**  New 2-story single-family Row House attached garage covered entry porch and rear patio.","4326 OLENICK STREET",30.295096,-97.698583
"3273","1506 ROMERIA DR","new construction of secondary apartment 1-story 1 bedroom 1 bath with screened porch.","1506 ROMERIA DRIVE",30.334572,-97.732536
"3274","4610 SANTA ANNA ST","New home relocating existing structure 3 bedrms 2 bathrms.","4610 SANTA ANNA STREET",30.275516,-97.688017
"3275","5002 PECAN SPRINGS RD BLDG 9","New 3-story Condominium Residence with attached garage covered entry porch.  **CONDOMINIUM RESIDENCE**","5002 PECAN SPRINGS ROAD BLDG 9",30.294636,-97.681964
"3276","1304 BENTWOOD RD","New 1 story secondary apartment (1bdrm/1bth) w/ covered porch and storage.","1304 BENTWOOD ROAD",30.302669,-97.711092
"3277","1127 1/2 GUNTER ST","New secondary apartment 2 bedroom; 2.5 bath","1127 1/2 GUNTER STREET",30.267201,-97.697593
"3278","1127 1/2 GUNTER ST","New Single family residential 3 bedroom 2.5 bath","1127 1/2 GUNTER STREET",30.267201,-97.697593
"3279","3709 BLACK GRANITE DR","New 2-story single-family residence attached garage covered entry porch and rear patio.  **SMART HOUSE**  **PRODUCTION BUILDER**","3709 BLACK GRANITE DRIVE",30.201347,-97.698071
"3280","5900 BAYTHORNE DR","New 2-story single-family residence attached garage covered entry porch and patio.  **VOL BUILD PROJECT** **RESOLUTION #20071129-100 WAIVES FEES FOR THIS SMART HOUSING PROJECT**.","5900 BAYTHORNE DRIVE",30.153957,-97.754537
"3281","4802 SPRINGDALE RD","New 2-story Condominium Residence with attached garage covered porch and balcony. **CONDOMINIUM RESIDENCE**","4802 SPRINGDALE ROAD",30.291769,-97.679138
"3282","327 BRIDGEFORD DR","327 Bridgeford Drive - New 2-story Condominium Residence with attached garage covered entry porch and covered patio.  **CONDOMINIUM RESIDENCE**","327 BRIDGEFORD DRIVE",30.184545,-97.784448
"3283","5807 CITY PARK RD UNIT 9","New 2-story Condominium Residence with attached garage covered entry porch and rear patio two covered balconies. Guest suite includes a kitchen.  **CONDOMINIUM RESIDENCE**","5807 CITY PARK ROAD UNIT 9",30.363405,-97.805395
"3284","7100 AUBURN BLAZE LN","New 2-story single-family residence attached garage covered entry porch and rear patio.  **VOL BUILD PROJECT**","7100 AUBURN BLAZE LANE",30.161746,-97.719506
"3285","7205 ARMAGH DR","New 2-story single-family residence attached garage covered entry porch.  **NOT VOLUME BUILDER**","7205 ARMAGH DRIVE",30.355855,-97.603348
"3286","4409 ISLAND CV","New 2-story single family residence to have (3) bedrooms; (5) bathrooms; (2) 1/2 bathrooms; ground level billiards room office hearth room utility rm kitchen great room; 2nd floor media room exercise room and study and 3-car attached garage.","4409 ISLAND CV",30.329976,-97.777787
"3287","1522 FRONTIER VALLEY DR","New 2-story single-family residence attached garage covered entry porch and rear patio.  **NOT VOLUME BUILDER**","1522 FRONTIER VALLEY DRIVE",30.22546,-97.695059
"3288","12515 CEDAR ST","New 2story sf res with basement attached garage covd porches balconies uncovd decks. Building permit to address Code violation CV-2015-110190 due to an advanced phase of construction of unpermitted 3-story Single Family Residence / DO NOT REACTIVATE PERMIT STRUCTURE IS IN ZONING VIOLATIONS  Tony Hernandez 01-08-18","12515 CEDAR STREET",30.390554,-97.881309
"3289","403 W O DELL ST","Build a new detached garage apt in rear of residence. 2 bedrooms 2 baths 2 car garage.","403 WEST O DELL STREET",30.337494,-97.712039
"3290","616 DENSON DR","New 2-story secondary apartment to have (2) bedrooms (2) bathrooms covered front porch 2nd floor deck and an attached 2-car garage.","616 DENSON DRIVE",30.329654,-97.721599
"3291","5903 RUBICON RUN","New 2-story Condominium Residence with attached garage covered entry porch. **CONDOMINIUM RESIDENCE**","5903 RUBICON RUN",30.211317,-97.794036
"3292","400 LAGO VERDE DR","New single family residential 2-story 3 bedroom 2.5 bath attached garage.","400 LAGO VERDE DRIVE",30.353863,-97.919612
"3293","12513 GRAY CAMLET LN","New 2-story Condominium Residence with attached garage covered entry porch and patio. **CONDOMINIUM RESIDENCE**","12513 GRAY CAMLET LANE",30.147444,-97.851162
"3294","1101 EBERT AVE","New sf Manufacture res 3 bedrms 2 bathrms uncovered deck/steps.","1101 EBERT AVE",30.267626,-97.6868
"3295","2310 E 14TH ST","New 2story secondary dwelling with garage and workshop on first floor","2310 EAST 14TH STREET",30.276627,-97.715577
"3296","12300 STONEY RIDGE BND","New 2-story single-family residence attached garage covered entry porch and rear patio.","12300 STONEY RIDGE BND",30.159941,-97.635679
"3297","204 CANEY ST","New 2-story single family residential to have (3) bedrooms (3) bathrooms covered front porch rear covered patio 2nd floor media room 2nd floor uncovered deck with spiral staircase to roof deck and an attached 1-car garage.","204 CANEY STREET",30.257585,-97.721212
"3298","7912 NASHFARA CV","New single family residential 2-story 4 bedroom 4 bath","7912 NASHFARA CV",30.42181,-97.779546
"3299","5006 PECAN SPRINGS RD, Unit #1, A&B  **DUPLEX CONDOMINIUM RESIDENCE**","New 3-story Condominium Residence with attached garage covered entry porch and patio covered terrace and uncovered wood deck. **DUPLEX CONDOMINIUM RESIDENCE**","5006 PECAN SPRINGS ROAD BLDG 1",30.294951,-97.681789
"3300","9532 HUNTER LN","*NOT VOLUME BUILDER**New 2-story single-family residence attached garage covered entry porch and patio. **model home/office.**","9532 HUNTER LANE",30.165693,-97.800655
"3301","4800 SPRINGDALE RD","New 2-story Condominium Residence with attached garage covered entry porch and patio. **CONDOMINIUM RESIDENCE**","4800 SPRINGDALE ROAD",30.291654,-97.67921
"3302","1310 CEDAR AVE","New 2-story single family residence to have (3) bedrooms (2.5) bathrooms attached 1-car garage with deck above and a covered front & rear porch.","1310 CEDAR AVE",30.276658,-97.713645
"3303","2125 MAXWELL LN","New 2-story single-family residence attached 3 car garage covered porch and patio.","2125 MAXWELL LANE",30.220456,-97.699285
"3304","1225 ELEANOR ST","New 2-story single-family residence attached garage covered porch and patio.","1225 ELEANOR STREET",30.27556,-97.67966
"3305","7004 MIRANDA DR","New construction of a one-story second dwelling unit per LDC 25-2-774","7004 MIRANDA DRIVE",30.334095,-97.711394
"3306","1310 DELONEY ST","New 2-story single family residence to have (3) bedrooms (2.5) bathrooms covered front porch and side stoop.","1310 DELONEY STREET",30.279971,-97.693331
"3307","1213 ELEANOR ST","New SFR 2160SF two story with one car garage of 262 SF.  Wood construction with asphalt roof & slab on grade foundation.","1213 ELEANOR STREET",30.274738,-97.679324
"3308","4209 NITSCHKE ST","New 2-story single-family residence attached garage covered entry porch and rear patio.","4209 NITSCHKE STREET",30.29419,-97.698943
"3309","10821 BALLARD PATH","New 2-story single-family residence attached garage covered entry porch and rear patio.","10821 BALLARD PATH",30.483615,-97.789709
"3310","7009 CUT PLAINS TRL","New 1-story Condominium Residence with attached garage covered entry porch and rear patio. **CONDOMINIUM PROJECT**","7009 CUT PLAINS TRAIL",30.399546,-97.843531
"3311","9121 SOUTHWICK DR","New 2-story single-family residence attached garage covered entry porch and patio.  **VOL BUILD PROJECT**","9121 SOUTHWICK DRIVE",30.278196,-97.627414
"3312","505 TILLERY ST UNIT 7","UNIT 7.  New 1-story townhome/row home units.   Each building contains 4 units on the same building lot.  3-story townhome with attached garage covered entry porch covered patio and covered balcony.","505 TILLERY STREET UNIT 6",30.255553,-97.70674
"3313","505 TILLERY ST UNIT 2","Unit 2.  New 3-story townhome/row home units.   Each building contains 4 units on the same building lot.  3-story townhome with attached garage covered entry porch covered patio and covered balcony.","505 TILLERY STREET UNIT 1",30.255553,-97.70674
"3314","505 TILLERY ST UNIT 12","UNIT 12.  New 1-story townhome/row home units.   Each building contains 4 units on the same building lot.  3-story townhome with attached garage covered entry porch covered patio and covered balcony.","505 TILLERY STREET UNIT 9",30.255553,-97.70674
"3315","505 TILLERY ST UNIT 5","UNIT 5 - New 3-story townhome/row home units.   Each building contains 4 units on the same building lot.  3-story townhome with attached garage covered entry porch covered patio and covered balcony.","505 TILLERY STREET UNIT 6",30.255553,-97.70674
"3316","505 TILLERY ST UNIT 6","UNIT 6.  New 1-story townhome/row home units.   Each building contains 4 units on the same building lot.  3-story townhome with attached garage covered entry porch covered patio and covered balcony.","505 TILLERY STREET UNIT 6",30.255553,-97.70674
"3317","505 TILLERY ST UNIT 1","New 3-story townhome/row home units.   Each building contains 4 units on the same building lot.  3-story townhome with attached garage covered entry porch covered patio and covered balcony.","505 TILLERY STREET UNIT 1",30.255553,-97.70674
"3318","505 TILLERY ST UNIT 3","Unit 3.  New 3-story townhome/row home units.   Each building contains 4 units on the same building lot.  3-story townhome with attached garage covered entry porch covered patio and covered balcony.","505 TILLERY STREET UNIT 1",30.255553,-97.70674
"3319","505 TILLERY ST UNIT 9","Unit 9 - New 1-story townhome/row home units.   Each building contains 4 units on the same building lot.  3-story townhome with attached garage covered entry porch covered patio and covered balcony.","505 TILLERY STREET UNIT 9",30.255553,-97.70674
"3320","505 TILLERY ST UNIT 8","UNIT 8.  New 1-story townhome/row home units.   Each building contains 4 units on the same building lot.  3-story townhome with attached garage covered entry porch covered patio and covered balcony.","505 TILLERY STREET UNIT 6",30.255553,-97.70674
"3321","505 TILLERY ST UNIT 11","UNIT 11.  New 1-story townhome/row home units.   Each building contains 4 units on the same building lot.  3-story townhome with attached garage covered entry porch covered patio and covered balcony.","505 TILLERY STREET UNIT 9",30.255553,-97.70674
"3322","505 TILLERY ST UNIT 10","UNIT 10.  New 1-story townhome/row home units.   Each building contains 4 units on the same building lot.  3-story townhome with attached garage covered entry porch covered patio and covered balcony.","505 TILLERY STREET UNIT 9",30.255553,-97.70674
"3323","505 TILLERY ST UNIT 4","UNIT 4. New 3-story townhome/row home units.   Each building contains 4 units on the same building lot.  3-story townhome with attached garage covered entry porch covered patio and covered balcony.","505 TILLERY STREET UNIT 1",30.255553,-97.70674
"3324","12624 ONDARA DR","**NOT VOLUME BUILDER**
New 2-story single-family residence attached garage with 3 garage extension covered entry porch and rear patio.","12624 ONDARA DRIVE",30.17361,-97.915678
"3325","10418 TURNBULL LOOP","New 2-story Condominium Residence with attached garage covered porch and patio. **CONDOMINIUM RESIDENCE**","10418 TURNBULL LOOP",30.478714,-97.787932
"3326","5314 AURORA DR","New 1 story secondary apartment w/ covd porch and wood deck.","5314 AURORA DRIVE",30.323914,-97.732623
"3327","6203 BERKMAN DR","New construction of 1-story 3 bedroom 2 bath single family residential","6203 BERKMAN DRIVE",30.315946,-97.691065
"3328","7408 BUCHHOLZ ST","New 2-story Condominium Residence with attached garage covered entry porch and patio. **CONDOMINIUM RESIDENCE**","7408 BUCHHOLZ STREET",30.189597,-97.793897
"3329","3310 WINDSOR RD","New 2 story sf res (4 bdrm 4 bth). Att 2 car garage uncovd wood deck covd 2nd level decks.","3310 WINDSOR ROAD",30.29907,-97.771678
"3330","5502 AVENUE F","**COC**new secondary apartment with attached carport - Unit B","5502 AVENUE F",30.320171,-97.719772
"3331","11121 ZIMMERMAN LN","new 2 story duplex w/ 2 attached two-car garages covd front porches rear uncovd decks.","11121 ZIMMERMAN LANE",30.408593,-97.843808
"3332","405 W MILTON ST","Secondary residence 1 bedroom 1.5 baths.   Refer 2016-085049 BP.","405 WEST MILTON STREET",30.247753,-97.754491
"3333","405 W MILTON ST","New 2 story single family 3 bedrooms 2.5 baths & carport.","405 WEST MILTON STREET",30.247753,-97.754491
"3334","8018 MULEY DR","New 4 bedroom 4.5 bathroom  two story res. with pool","8018 MULEY DRIVE",30.415847,-97.783198
"3335","1203 COMETA ST","Secondary residence 2 bedrooms 1 bath.
Permit voided 5/23/18 See new BP17-068713","1203 COMETA STREET",30.278932,-97.689475
"3336","10601 PORTICO LN","New 2-story Condominium Residence with attached garage covered porch and patio. **CONDOMINIUM RESIDENCE**","10601 PORTICO LANE",30.167315,-97.834606
"3337","2116 BITTER CREEK DR","New 3 bedroom 2 bathroom mobile home on property.","2116 BITTER CREEK DRIVE",30.184504,-97.762443
"3338","9303 LOST BRIDGE LN","New 2-story Condominium Residence with attached garage covered porch and patio.  **CONDOMINIUM RESIDENCE**","9303 LOST BRIDGE LANE",30.173261,-97.808685
"3339","4709 ISLAND CV","New construction of a two-story single-family residence with attached garage and porches.","4709 ISLAND CV",30.331093,-97.777222
"3340","4102 NITSCHKE ST","New 2-story single-family residence attached garage covered entry porch and patio.  **VOL BUILD PROJECT** **RESOLUTION #20071129-100 WAIVES FEES FOR THIS SMART HOUSING PROJECT**.","4102 NITSCHKE STREET",30.293106,-97.699162
"3341","2510 E 17TH ST","new 2 story sf with attached garage","2510 EAST 17TH STREET",30.278872,-97.714288
"3342","2322 SANTA MARIA ST","New 2-story single family residence to have (3) bedrooms (2.5) bathrooms an attached 1-car garage and a front porch.","2322 SANTA MARIA STREET",30.257522,-97.716909
"3343","2505 E CESAR CHAVEZ ST","new secondary apartment two story with attached garage","2505 EAST CESAR CHAVEZ STREET",30.254104,-97.716376
"3344","4010 TEAFF ST","New 2-story single-family Row House attached garage covered front porch 2 bedroom 2.5 bath.  **VOL BUILD PROJECT**","4010 TEAFF STREET",30.292455,-97.696103
"3345","5204 CORNFLOWER DR","New 2-story single-family residence attached garage covered entry porch and patio.  **VOL BUILD PROJECT**","5204 CORNFLOWER DRIVE",30.169055,-97.889319
"3346","13800 BAUHAUS BND","New 1-story single-family residence attached garage covered entry porch and patio. **VOL BUILD PROJECT**","13800 BAUHAUS BND",30.408572,-97.637488
"3347","6205 GARDEN ROSE PATH","New 2-story single-family residence attached garage covered entry porch.  **VOL BUILD PROJECT** **RESOLUTION #20071129-100 WAIVES FEES FOR THIS SMART HOUSING PROJECT**.","6205 GARDEN ROSE PATH",30.347539,-97.622224
"3348","3108 HANDSOME DR","New 2-story single-family residence attached garage covered entry porch and patio.  **VOL BUILD PROJECT**","3108 HANDSOME DRIVE",30.393749,-97.619592
"3349","11017 KIRKOSWALD RD","New 2-story single-family residence attached garage covered entry porch and rear patio.  **VOL BUILD PROJECT** **RESOLUTION #20071129-100 WAIVES FEES FOR THIS SMART HOUSING PROJECT**.","11017 KIRKOSWALD ROAD",30.34718,-97.622501
"3350","13412 KEARNS DR","New 1-story single-family residence attached garage covered porch and patio.  **VOL BUILD PROJECT**","13412 KEARNS DRIVE",30.393562,-97.620615
"3351","13512 KEARNS DR","New 2-story single-family residence attached garage covered entry porch.  **VOL BUILD PROJECT**","13512 KEARNS DRIVE",30.394293,-97.620127
"3352","3017 MC CURDY ST","New 2-story single-family residence attached garage covered entry porch and rear patio.  **VOL BUILD PROJECT** **RESOLUTION #20071129-100 WAIVES FEES FOR THIS SMART HOUSING PROJECT**.","3017 MC CURDY STREET",30.290988,-97.6967
"3353","3105 HANDSOME DR","New 2-story single-family residence attached garage covered porch and patio. **VOLUME BUILDER**","3105 HANDSOME DRIVE",30.393368,-97.620001
"3354","1318 DELANO ST","new duplex w attached garages","1318 DELANO STREET",30.276789,-97.679434
"3355","3005 MC CURDY ST","New 1-story single-family residence attached garage covered porch and patio.  **VOL BUILD PROJECT** **RESOLUTION #20071129-100 WAIVES FEES FOR THIS SMART HOUSING PROJECT**.","3005 MC CURDY STREET",30.29087,-97.697135
"3356","13504 KEARNS DR","New 1-story single-family residence attached garage covered porch and patio.  **VOL BUILD PROJECT**","13504 KEARNS DRIVE",30.394048,-97.620291
"3357","13416 KEARNS DR","New 2-story single-family residence attached garage covered entry porch and rear patio.  **VOL BUILD PROJECT**","13416 KEARNS DRIVE",30.393687,-97.62052
"3358","3009 MC CURDY ST","New 1-story single-family residence attached garage covered porch and patio.  **VOL BUILD PROJECT** **RESOLUTION #20071129-100 WAIVES FEES FOR THIS SMART HOUSING PROJECT**.","3009 MC CURDY STREET",30.290898,-97.69698
"3359","7805 COOPER LN unit 301","Cooper Villas Unit 301.  New 2-story Condominium Residence (4 units in this building Building 300).  **CONDOMINIUM RESIDENCE**","7805 COOPER LANE",30.185464,-97.793705
"3360","7805 COOPER LN unit  206","Cooper Villas Unit 206.  New 2-story Condominium Residence (total of 9 units in this building Building 200).","7805 COOPER LANE",30.185464,-97.793705
"3361","7805 COOPER LN unit 209","Cooper Villas Unit 209.  New 2-story Condominium Residence (total of 9 units in this building Building 200).","7805 COOPER LANE",30.185464,-97.793705
"3362","3104 ORTMAN DR","New 2-story single-family residence attached garage covered porch and patio.","3104 ORTMAN DRIVE",30.395018,-97.619553
"3363","3101 HANDSOME DR","New 2-story single-family residence attached garage covered entry porch and rear patio.  **VOL BUILD PROJECT**","3101 HANDSOME DRIVE",30.39344,-97.620161
"3364","3109 HANDSOME DR","New 2-story single-family residence attached garage covered entry porch.  **VOL BUILD PROJECT**","3109 HANDSOME DRIVE",30.393308,-97.619844
"3365","13525 KEARNS DR","New 2-story single-family residence attached garage covered porch","13525 KEARNS DRIVE",30.394587,-97.61948
"3366","13517 KEARNS DR","New 2-story single-family residence attached garage covered porch and patio.","13517 KEARNS DRIVE",30.3942,-97.61955
"3367","13300 CANTARRA DR","New 2-story single-family residence attached garage covered entry porch.  **VOL BUILD PROJECT**","13300 CANTARRA DRIVE",30.390839,-97.618993
"3368","2109 DEER RUN DR","New mobile home; 2 bedrms 2 bathrms covered porch deck.","2109 DEER RUN DRIVE",30.183101,-97.764077
"3369","9828 FALLOW RUN  **MODEL HOME**","New 1-story single-family residence attached garage covered entry porch and rear patio.  **MODEL HOME**","9828 FALLOW RUN",30.256603,-97.913122
"3370","14112 TYBURN TRL","**VOL BUILD PROJECT**  New 1-story single-family residence attached garage covered entry porch and rear patio.","14112 TYBURN TRAIL",30.489645,-97.789843
"3371","629 W DITTMAR RD","Single fam res; Electrical power meter & panel w/connection to AE existing pole drop new wiring & boxes for electrical & fixtures new insulation sheetrock connection to existing w&ww taps plumbing for kitchen & bathrm new bathrm fitures smoke/fire & carbon monoxide detectors and alarms per code structural reinforement per engineers letter.Interior remodel to create existing storage into living room bedroom and 1 bathroom. Includes expired BP 2003-011334","629 WEST DITTMAR ROAD",30.184257,-97.79332
"3372","5807 CITY PARK RD UNIT 3","New 2-story Condominium Residence with attached garage covered porch and patio.","5807 CITY PARK ROAD UNIT 3",30.363405,-97.805395
"3373","5200 BRUNING AVE","New 2-story single-family residence covered porch and patio.","5200 BRUNING AVE",30.314786,-97.717639
"3374","11201 HARLYN BAY RD","New 2-story single-family residence attached garage covered entry porch and rear patio.  **VOL BUILD PROJECT** **RESOLUTION #20071129-100 WAIVES FEES FOR THIS SMART HOUSING PROJECT**.","11201 HARLYN BAY ROAD",30.347699,-97.620148
"3375","2408 SANTA MARIA ST","New 2 story single family residence - 3 bedroom 2.5 bath attached garage.","2408 SANTA MARIA STREET",30.257175,-97.715944
"3376","8416 RIVERSTONE DR","new 4 bedroom 2 bathroom single family manufactored res","8416 RIVERSTONE DRIVE",30.294682,-97.627636
"3377","3006 NORTHEAST DR","New construction of two-story single-family residence having 4 bedrooms and 2.5 bathrooms with attached garage and porches.","3006 NORTHEAST DRIVE",30.311003,-97.674149
"3378","10309 CRESCENDO LN","**VOL BUILD PROJECT** **RESOLUTION #20071129-100 WAIVES FEES FOR THIS SMART HOUSING PROJECT**.  **SMART HOUSE** New 1-story single-family residence attached garage covered entry porch and rear patio.","10309 CRESCENDO LANE",30.138314,-97.764579
"3379","5809 MINCH RD","**VOL BUILD PROJECT** New 1-story single-family residence attached garage covered porch and patio.","5809 MINCH ROAD",30.357061,-97.620691
"3380","5704 CASS CT","New 2-story single-family residence attached garage covered entry porch and rear patio.  **VOL BUILD PROJECT**","5704 CASS CT",30.355829,-97.622474
"3381","13001 HYMEADOW DR UNIT 9","New 2-story Condominium Residence with attached garage covered porch.","13001 HYMEADOW DRIVE UNIT 9",30.46168,-97.788878
"3382","9308 CAPITOL VIEW DR","A building permit for a temporary residential use in a mobile structure allowed by 25-2-921(D) A single dwelling located in a mobile structure on a construction site may be permitted as a temporary use under this division if the building official determines that the dwelling is required to provide security against nighttime theft or vandalism. The building official may allow the use for a period of up to 6 months and if requested by the applicant may extend that period for an additional 6 months. An applicant may appeal to the board of adjustment a denial of the use by the building official.","9308 CAPITOL VIEW DRIVE",30.146055,-97.747732
"3383","1415 BERENE AVE","New secondary apartment to have (2) bedrooms (2) bathrooms front stoop & attached 2-car garage.","1415 BERENE AVE",30.281216,-97.683312
"3384","3001 DEL CURTO RD UNIT 11","New 2-story Condominium Residence with attached garage covered porch.","3001 DEL CURTO ROAD UNIT 11",30.240904,-97.778648
"3385","1514 W 29TH ST","New construction of a two-story second dwelling unit per LDC 25-2-774 having a kitchen living area 1 full bathroom and balcony on the 2nd floor above the 1st floor 2-car garage.  Access to the 2nd floor via exterior stairs.","1514 WEST 29TH STREET",30.301105,-97.753184
"3386","4013 TEAFF ST","New 2-story single-family residence attached garage covered entry porch.  **VOL BUILD PROJECT** **RESOLUTION #20071129-100 WAIVES FEES FOR THIS SMART HOUSING PROJECT**.","4013 TEAFF STREET",30.292496,-97.695643
"3387","6216 ADAIR DR","New 1-story single-family residence attached garage covered porch and patio. **VOL BUILD PROJECT**","6216 ADAIR DRIVE",30.358167,-97.620319
"3388","1160 LOTT AVE","new single family residence","1160 LOTT AVE",30.274796,-97.682703
"3389","301 W STASSNEY LN UNIT 32","New 2-story Condominium Residence with attached garage covered porch.","301 WEST STASSNEY LANE UNIT 32",30.205989,-97.777674
"3390","14221 TYBURN TRL","New 2-story single-family residence attached garage covered entry porch and rear patio. **VOL BUILD PROJECT**","14221 TYBURN TRAIL",30.490362,-97.789063
"3391","607 PROVINES DR","new 3 bedroom 2 bathroom 1 story pre-fabricated sf residence","607 PROVINES DRIVE",30.376087,-97.688135
"3392","605 PROVINES DR","new 4 bedroom 2 bathroom manufuactured home","605 PROVINES DRIVE",30.375905,-97.688001
"3393","10245 CRESCENDO LN","New 2-story single-family residence attached garage covered entry porch and rear patio. **VOL BUILD PROJECT** **RESOLUTION #20071129-100 WAIVES FEES FOR THIS SMART HOUSING PROJECT**.  **SMART HOUSE**","10245 CRESCENDO LANE",30.138861,-97.764271
"3394","10244 CRESCENDO LN","New 1-story single-family residence attached garage covered porch and patio. **VOL BUILD PROJECT** **RESOLUTION #20071129-100 WAIVES FEES FOR THIS SMART HOUSING PROJECT**.  **SMART HOUSE**","10244 CRESCENDO LANE",30.139015,-97.764685
"3395","10305 CRESCENDO LN","New 1-story single-family residence attached garage covered porch and patio. **VOL BUILD PROJECT** **RESOLUTION #20071129-100 WAIVES FEES FOR THIS SMART HOUSING PROJECT**.  **SMART HOUSE**","10305 CRESCENDO LANE",30.138424,-97.764503
"3396","15712 JEFFS LN","New 1-story single-family residence attached garage covered porch and patio.  **VOL BUILD PROJECT**","15712 JEFFS LANE",30.497425,-97.757449
"3397","2011 UPHILL LN","New SF manufactured home; 3 bedrms 2bathrms front and rear wood deck.","2011 UPHILL LANE",30.219598,-97.695042
"3398","6217 ADAIR DR","New 1-story single-family residence attached garage covered porch and patio.  **VOL BUILD PROJECT**","6217 ADAIR DRIVE",30.358397,-97.620768
"3399","2205 CURTIS AVE","New 2-story duplex.  Each unit to have (3) bedrooms first floor study (3) bathrooms covered front porch and rear yard deck.","2205 CURTIS AVE",30.28445,-97.712156
"3400","5513 AVENUE G","new 2 story garage  apartment","5513 AVENUE G",30.320176,-97.718163
"3401","1142 LOST CREEK BLVD","New 3-story Condominium Residence with attached garage(s) covered entry porch and covered balcony/terrace.","1142 LOST CREEK BOULEVARD",30.284129,-97.826965
"3402","6304 ADAIR DR","New 1-story single-family residence attached garage covered porch.  **VOL BUILD PROJECT**","6304 ADAIR DRIVE",30.357153,-97.620945
"3403","10008 EPIC KNOLL DR","New 1-story single-family residence attached garage covered porch and patio.  **VOL BUILD PROJECT** **RESOLUTION #20071129-100 WAIVES FEES FOR THIS SMART HOUSING PROJECT**.  refer#2015-107765-BP","10008 EPIC KNOLL DRIVE",30.14395,-97.767867
"3404","1106 LOTT AVE","New 2-story single-family residence with terrace covered porch and patio.","1106 LOTT AVE",30.271182,-97.681994
"3405","5409 SHOALWOOD AVE","New 2 story SF residence with attached garage covered porch wood deck and shared driveway","5409 SHOALWOOD AVE",30.328765,-97.742508
"3406","6329 ANTIGO LN","* MODEL HOME** **VOL BUILD PROJECT** New 2-story single-family residence 4 bedrooms 3.5 baths attached garage covered entry porch and rear patioTHIS UNIT IS PERMITTED AND WILL BE USED ORIGINALLY AS A MODEL HOME.  IT IS UNDERSTOOD THAT ANY SALES OFFICES WITHIN THE STRUCTURE OR ANY LANDSCAPING SITUATED IN THE AREA WHERE THE DRIVEWAY MUST BE LOCATED WILL BE CONVERTED TO FINAL FORM PRIOR TO RELEASING THIS DWELLING TO THE EVENTUAL BUYER.  REMODEL PERMIT(S) WILL NOT BE REQUIRED FOR THESE CONVERSIONS AS THE MODIFICATIONS ARE AN INTEGRAL PART OF THIS APPROVAL.","6329 ANTIGO LANE",30.179767,-97.900721
"3407","1708 E M FRANKLIN AVE","New 2-story single family residence to have (3) bedrooms (3) bathrooms covered front porch covered rear patio (1) second story covered balcony (1) second story uncovered balcony and an attached 2-car garage.","1708 EAST M FRANKLIN AVE",30.282438,-97.695985
"3408","3305 STIRRAT ST","**VOL BUILD PROJECT** New 2-story single-family residence 4 bedroom 2.5 bath attached garage covered entry porch and rear patio","3305 STIRRAT STREET",30.391514,-97.618377
"3409","1708 E M FRANKLIN AVE","New second dwelling unit to have ((2) bedrooms (2) bathrooms rear screened patio second story covered roof deck and a 1-car attached garage.","1708 EAST M FRANKLIN AVE",30.282438,-97.695985
"3410","11520 GAELIC DR","New 1-story single-family residence attached garage covered porch.  **VOL BUILD PROJECT**","11520 GAELIC DRIVE",30.35544,-97.619729
"3411","10004 EPIC KNOLL DR","New 2-story single-family residence attached garage covered entry porch and rear patio.  **VOL BUILD PROJECT** **RESOLUTION #20071129-100 WAIVES FEES FOR THIS SMART HOUSING PROJECT**.","10004 EPIC KNOLL DRIVE",30.144044,-97.767725
"3412","3706 E 12TH ST","New construction of a two-story single-family residence having 3 bedrooms and 2.5 bathrooms with covered porch.","3706 EAST 12TH STREET",30.278242,-97.693168
"3413","6312 ADAIR DR","New 1-story single-family residence attached garage covered porch.  **VOL BUILD PROJECT**","6312 ADAIR DRIVE",30.356881,-97.621118
"3414","5713 CASS CT","New 2-story single-family residence attached garage covered entry porch and rear patio.  **VOL BUILD PROJECT**","5713 CASS CT",30.355428,-97.62194
"3415","8304 BELL MOUNTAIN DR","new 2 story SF residence with upstairs balcony and wooden deck","8304 BELL MOUNTAIN DRIVE",30.376298,-97.813667
"3416","3202 THREE RIVERS DR","new single family residence with attached garage","3202 THREE RIVERS DRIVE",30.319751,-97.783205
"3417","4709 PAGE ST","New 2-story single-family Row House attached garage covered front porch.  **VOL BUILD PROJECT** **RESOLUTION #20071129-100 WAIVES FEES FOR THIS SMART HOUSING PROJECT**.","4709 PAGE STREET",30.300563,-97.701172
"3418","5309 HARMON AVE","New two-story single-family residence will have 3 bedrooms and 2.5 bathrooms and attached porches.      **refer to pmt # 2014-111123 for new const**","5309 HARMON AVE",30.312746,-97.71028
"3419","5309 HARMON AVE","New second dwelling unit per LDC 25-2-774 will have 1 bedroom and 1 bathroom above a 2-car garage with uncovered wood stairs for entrance to second dwelling unit.   **refer to pmt # 2014-111123 for new const**","5309 HARMON AVE",30.312746,-97.71028
"3420","12600 MC CALLEN PASS BLDG V","New Multi-Family Res Apts - BLDG V","12600 MC CALLEN PASS BLDG V",30.404038,-97.667469
"3421","12600 MC CALLEN PASS BLDG S","New Multi-Family Res Apts - BLDG S","12600 MC CALLEN PASS BLDG SOUTH",30.404038,-97.667469
"3422","12600 MC CALLEN PASS BLDG H","New Multi-Family Res Apts - BLDG H","12600 MC CALLEN PASS BLDG H",30.404038,-97.667469
"3423","12600 MC CALLEN PASS BLDG A","New Multi-Family Res Apts - BLDG A","12600 MC CALLEN PASS BLDG A",30.404038,-97.667469
"3424","12600 MC CALLEN PASS BLDG B","New Multi-Family Res Apts - BLDG B","12600 MC CALLEN PASS BLDG B",30.404038,-97.667469
"3425","12600 MC CALLEN PASS BLDG D","New Multi-Family Res Apts - BLDG D","12600 MC CALLEN PASS BLDG D",30.404038,-97.667469
"3426","12600 MC CALLEN PASS BLDG W","New Multi-Family Res Apts - BLDG W","12600 MC CALLEN PASS BLDG WEST",30.404038,-97.667469
"3427","12600 MC CALLEN PASS BLDG Q","New Multi-Family Res Apts - BLDG Q","12600 MC CALLEN PASS BLDG Q",30.404038,-97.667469
"3428","12600 MC CALLEN PASS BLDG Z","New Multi-Family Res Apts - BLDG Z","12600 MC CALLEN PASS BLDG Z",30.404038,-97.667469
"3429","12600 MC CALLEN PASS BLDG J","New Multi-Family Res Apts - BLDG J","12600 MC CALLEN PASS BLDG J",30.404038,-97.667469
"3430","12600 MC CALLEN PASS BLDG T","New Multi-Family Res Apts - BLDG T","12600 MC CALLEN PASS BLDG T",30.404038,-97.667469
"3431","12600 MC CALLEN PASS BLDG N","New Multi-Family Res Apts - BLDG N","12600 MC CALLEN PASS BLDG NORTH",30.404038,-97.667469
"3432","12600 MC CALLEN PASS BLDG C","New Multi-Family Res Apts - BLDG C","12600 MC CALLEN PASS BLDG C",30.404038,-97.667469
"3433","3600 GOVALLE AVE","New single-story single-family; 3 bedrooms 2 bathroom kitchen livingrm laundry closet3 closet2 master walkincloset 2 covered porch areas.","3600 GOVALLE AVE",30.264995,-97.698658
"3434","1601 WEST LYNN ST","single family home: 2 story with basement","1601 WEST LYNN STREET",30.27471,-97.762873
"3435","2710 SCENIC DR","New SFR - 2-story; 2 bed; 2.0 bath; attached two-car garage.
11/6/13 Tree Permit for pool approved with conditions.  New Tree Permit required for new home and boat house construction.","2710 SCENIC DRIVE",30.308553,-97.774999
"3436","12829 BLACK HILLS DR","New single family 1-story house with 3 bed/3bath attached garage and covered porches","12829 BLACK HILLS DRIVE",30.147754,-97.854178
"3437","2601 ARION CIR","New 2-story single-family residence attached garage covered entry porch and rear patio.  **VOL BUILD PROJECT**   **refer to pmt # 2015-055362**","2601 ARION CIR",30.33526,-97.828383
"3438","1519 ALAMEDA DR","new two story single family home","1519 ALAMEDA DRIVE",30.245775,-97.743297
"3439","11609 GAELIC DR","New 1-story single-family residence attached garage covered porch and patio.  **VOL BUILD PROJECT**","11609 GAELIC DRIVE",30.355649,-97.618828
"3440","10509 CANNON MARK WAY","New 2-story single-family residence attached garage covered entry porch and rear patio. **VOL BUILD PROJECT**","10509 CANNON MARK WAY",30.486639,-97.794868
"3441","2500 BEAR SPRINGS TRL","New construction of a 2-story single-family residence; 3 bdrm 3 bthrm attached 2 car garage covd patio.  Approved through COC program","2500 BEAR SPRINGS TRAIL",30.147122,-97.853109
"3442","4704 REYES ST","New (3) bedroom (2.5) bath single familty residence.","4704 REYES STREET",30.274756,-97.688338
"3443","11824 ROSARIO CV","New 1-story single-family residence attached garage covered porch and patio.  **VOL BUILD PROJECT**","11824 ROSARIO CV",30.182943,-97.907428
"3444","205 E FAWNRIDGE DR","new manufactured home with attached decks (relocate existing dw approach) SW required per ordinance 20080214-096","205 EAST FAWNRIDGE DRIVE",30.357814,-97.694356
"3445","606 W GRADY DR","New manufactured home; 5 bdrm 2.5 bthrm w/deck","606 WEST GRADY DRIVE",30.375486,-97.688512
"3446","13417 CANTARRA DR","New 1-story sf res with covered patio and porch and attached garage ***VOL BUILDER***","13417 CANTARRA DRIVE",30.392372,-97.618597
"3447","2909 LYONS RD","New construction of single family res.","2909 LYONS ROAD",30.263201,-97.70653
"3448","1704 ASTOR PL","New 1 story SF res w/ att. front covered porch. **RESOLUTION #20071129-100 WAIVES FEES FOR THIS SMART HOUSING PROJECT**.","1704 ASTOR PLACE",30.284095,-97.687516
"3449","1708 ASTOR PL","New 1-story single-family residence covered porch.  **RESOLUTION #20071129-100 WAIVES FEES FOR THIS SMART HOUSING PROJECT**.","1708 ASTOR PLACE",30.284257,-97.687324
"3450","6506 HERGOTZ LN","New 1 story manufactured home","6506 HERGOTZ LANE",30.245274,-97.685429
"3451","11501 ARBROATH LN","New 1-story single-family residence attached garage covered porch and patio.  **VOL BUILD PROJECT**","11501 ARBROATH LANE",30.352941,-97.618566
"3452","2307 ENFIELD RD","New Single Family Residence. 2 Car Garage. 3 Bedrooms. 4 Bathrooms. Covered Porch and Patio. New Construction.","2307 ENFIELD ROAD",30.287853,-97.768031
"3453","2420 WEBBERVILLE RD","New 2-story 2 bedroom/2.5 bathroom sf res on vacant lot. ***APPROVED BY COC PROGRAM***","2420 WEBBERVILLE ROAD",30.26269,-97.71453
"3454","13509 COOMER PATH","New 1-story single-family residence attached garage covered porch and patio.  **VOL BUILD PROJECT**","13509 COOMER PATH",30.393007,-97.616851
"3455","3212 HANDSOME DR","New 2-story single-family residence attached garage covered entry porch and rear patio.  **VOL BUILD PROJECT**","3212 HANDSOME DRIVE",30.393439,-97.618897
"3456","10400 NICOLET WAY","New 2-story single-family residence attached garage covered entry porch and patio.  **VOL BUILD PROJECT**  (See 2013-030007-Revision created new permit)","10400 NICOLET WAY",30.485439,-97.792973
"3457","8309 TRIPOD DR","New 1-story single-family residence attached garage covered porch.  **VOL BUILD PROJECT**  **RESOLUTION #20071129-100 WAIVES FEES FOR THIS SMART HOUSING PROJECT**.","8309 TRIPOD DRIVE",30.15892,-97.749355
"3458","4501 WESTLAKE DR BLDG 9","new 2 sty sf residence with an attached garage condo","4501 WESTLAKE DRIVE BLDG 9",30.334109,-97.810623
"3459","2101 RIVERS EDGE WAY BLDG 16","New 2-story Condominium Residence attached garage covered porch and patio.","2101 RIVERS EDGE WAY BLDG 16",30.227582,-97.710824
"3460","5805 COOLBROOK DR","New 1-story sf res w/ att 2 car garage covd front porch uncovd rear patio.","5805 COOLBROOK DRIVE",30.304402,-97.654869
"3461","3801 JACKSON AVE","New 2 story duplex with 5 bed and 6 bath 2 attached garages. Applicant has decide not to construct a duplex at this address. JMM 5-22-2013","3801 JACKSON AVE",30.312006,-97.755167
"3462","3205 CHURCHILL DR","new two story single family residence   **refer to pmt # 2014-036434**","3205 CHURCHILL DRIVE",30.303479,-97.751141
"3463","9920 MILLA CIR","new 1 story construction with an attached garage.","9920 MILLA CIR",30.16172,-97.798196
"3464","1904 E 13TH ST","New 2 story sf res w att garage and uncovered patio","1904 EAST 13TH STREET",30.275164,-97.719646
"3465","11608 MURRON DR","New 1-story single-family residence attached garage covered porch and patio.  **VOL BUILD PROJECT**","11608 MURRON DRIVE",30.355504,-97.618539
"3466","4500 BERKMAN DR  **SMART HOUSE**  **MODEL HOME**","New 2-story single-family Row House.  Covered breezeway to attached garage covered front porch.  **VOL BUILD PROJECT**  **RESOLUTION #20071129-100 WAIVES FEES FOR THIS SMART HOUSING PROJECT**  **MODEL HOME**","4500 BERKMAN DRIVE",30.297507,-97.700529
"3467","10008 PAULINES WAY","New 1-story single-family residence attached garage covered porch and patio.  **VOL BUILD PROJECT**","10008 PAULINES WAY",30.500165,-97.758597
"3468","2204 CANONERO DR","Detached garage on first floor and bedroom living room and kitchen on the second floor","2204 CANONERO DRIVE",30.32218,-97.81287
"3469","7337 MANCHACA RD BLDG 24","new 2 sty sf residence condo with attached garage","7337 MENCHACA ROAD BLDG 24",30.197157,-97.808649
"3470","7713 LAZY RIVER CV","new residential construction 2 story with covered porch and covered patio","7713 LAZY RIVER CV",30.343789,-97.825847
"3471","903 OLIVE ST","Rebuild single story single family residence with exact same footprint and size as previous sf residence.  This sf residence had previously come in for a remodel but the damage to the home was so extensive they had to complete a total demolition go to board of adjustment for several variances so that they could rebuild the home with the exact same footprint as the previous sf residence. Single story two  bedroom two bath single family residence with uncovered wood deck and stairs. Change of use from duplex (two family) to single family residence.","903 OLIVE STREET",30.270831,-97.730806
"3472","901 PHILCO DR Unit B","new apartment","901 PHILCO DRIVE UNIT B",30.219966,-97.778497
"3473","9929 MILLA CIR","New 2-story Condominium/Townhome Residence attached garage covered porch and patio.","9929 MILLA CIR",30.161873,-97.797797
"3474","4501 WESTLAKE DR BLDG 7","VOID - REFER TO 2013-042208PR refer# 2013-042227-BP
New 2-story Condominium/Townhome Residence attached garage covered porch and patio.","4501 WESTLAKE DRIVE BLDG 7",30.334109,-97.810623
"3475","1917 DAVID ST","This application has been witdrawn because a new application has been filed under 2013-008696 PR JMM 1-29-2013 New two story Duplex with 6 bedrooms 6 bathrooms attached covered porches. No parking structures included.","1917 DAVID STREET",30.285343,-97.750203
"3476","2207 RIDDLE RD","New Construction of two story single family residence with 3 bedrooms 2.5 bathrooms attached two car garage attached front covered porch.","2207 RIDDLE ROAD",30.173332,-97.828461
"3477","2509 LARK GLEN LN","New 1 story sf res w attached garage and covered patio","2509 LARK GLEN LANE",30.156035,-97.845118
"3478","1412 MIDDLEFIELD CT","New 2-story single-family residence attached garage covered porch and patio.  **VOL BUILD PROJECT**","1412 MIDDLEFIELD CT",30.169632,-97.819257
"3479","1322 MORGAN LN","new single family house to be moved on to site with existing guest house creating a two family use.","1322 MORGAN LANE",30.229186,-97.780035
"3480","404 W STASSNEY LN","New manufactured home.","404 WEST STASSNEY LANE",30.207517,-97.779
"3481","7337 MANCHACA RD BLDG 9","New 2 sty sf condo w/attached garage.","7337 MENCHACA ROAD BLDG 9",30.197157,-97.808649
"3482","7337 MANCHACA RD BLDG 28","New 1 Story Condo W/Att Garage","7337 MENCHACA ROAD BLDG 28",30.197157,-97.808649
"3483","11240 LOST MAPLES TRL","New Multi-Family Res Townhomes (Fourplex) -  Permitting each unit individually (11228/11232/11236 /11240) REPLACES EXP PMTS #2008-025445/44/43/42","11240 LOST MAPLES TRAIL",30.155271,-97.832967
"3484","2417 ARION CIR","New 2-story single-family residence attached garage covered porch and patio covered balconies.  **VOL BUILD PROJECT**   **MODEL HOME** 
((((NEW BP 2013-126777)))))","2417 ARION CIR",30.332501,-97.82848
"3485","2216 BITTER CREEK DR","Move mobile home from 6600 Elm creek Dr. to 2216 Bitter Creek Dr.","2216 BITTER CREEK DRIVE",30.18412,-97.760985
"3486","4617 LYONS RD","Modifying an existing accessory building to create a new single story secondary apartment with one bathroom kitchen bedroom living area and attached two car garage. Also permit a detached single story storage shed. Change of use from accessory structure to secondary apartment.","4617 LYONS ROAD",30.259601,-97.697313
"3487","2001 AMUR DR","New 2 story construction with an attached garage","2001 AMUR DRIVE",30.212745,-97.803683
"3488","10136 MILLA CIR","New 2 story Contruction with att garage","10136 MILLA CIR",30.163048,-97.79815
"3489","1903 E 17TH ST","New garage apartment.","1903 EAST 17TH STREET",30.277694,-97.720446
"3490","11627 Q RANCH RD","New 2-story single-family residence attached garage covered porch and patio.  **VOL BUILD PROJECT**","11627 Q RANCH ROAD",30.421484,-97.755832
"3491","7216 COLINA VISTA LOOP","New 2 Sty Duplex Condo W/ Attached Garage & Covd Patio-Porch.  THIS UNIT IS PERMITTED AND WILL BE USED ORIGINALLY AS A MODEL HOME.  IT IS UNDERSTOOD THAT ANY SALES OFFICES WITHIN THE STRUCTURE OR ANY LANDSCAPING SITUATED IN THE AREA WHERE THE DRIVEWAY MUST BE LOCATED WILL BE CONVERTED TO FINAL FORM PRIOR TO RELEASING THIS DWELLING TO THE EVENTUAL BUYER.","7216 COLINA VISTA LOOP UNIT B",30.392486,-97.829208
"3492","301 WYE OAK ST","New 2-story single-family residence attached garage covered porch and patio.  **VOL BUILD PROJECT**  
NEW BP 2013-096743","301 WYE OAK STREET",30.161362,-97.800894
"3493","10813 DESERT WILLOW LOOP","New 1-story single-family residence attached garage covered porch and patio.   **VOL BUILD PROJECT**","10813 DESERT WILLOW LOOP",30.147251,-97.805808
"3494","6009 WILCOTT CT","New 1 sty sf condo w/attached garage.","6009 WILCOTT CT",30.212295,-97.803114
"3495","9607 SWANSONS RANCH RD","new manufactured home on foundation - single story 3/2 with front and rear deck private drive.","9607 SWANSONS RANCH ROAD",30.172986,-97.815848
"3496","1017 S QUINLAN PARK RD","new construction - single story 4/2.5 sfres with 2 car attach garage and frnt cov porch","1017 SOUTH QUINLAN PARK ROAD",30.332881,-97.92381
"3497","2001 FARO DR BLDG 4","New 2 sty sf condo w/attached garage  inspected as a model home will need to return to permitting for change of use when converting back to a single family home","2001 FARO DRIVE BLDG 4",30.229031,-97.712664
"3498","7206 STONLEIGH PL UNIT D","New 1-story single-family manufactured home.","7206 STONLEIGH PLACE UNIT D",30.178498,-97.763211
"3499","34 CHICON ST","Repermit for Expired Permit  # 2011 - 001737 BPEPPP ***new 2 story accessory dwelling unit to rear of property ^^^^see expired permit 08-042372-bp^^^^ New secondary apartment.","34 CHICON STREET",30.251163,-97.727634
"3500","2401 AMUR DR","New 1 Stry SF Condo w/attached garage","2401 AMUR DRIVE",30.213699,-97.808504
"3501","3203 MC CALL LN","new manufactured home install on foundation","3203 MC CALL LANE",30.203645,-97.685041
"3502","6100 TOSCANA AVE","New 2 Story Single Family Home. 1 Car Garage. 3 Bedroom 3 Bathroom. Covered Porch Uncovered Roof Top Patio. New Construction.","6100 TOSCANA AVE",30.290998,-97.641861
"3503","508 BOWERY TRL","New 2-story single-family residence attached garage covered porch and patio.  **VOL BUILD PROJECT**","508 BOWERY TRAIL",30.390125,-97.668901
"3504","504 BOWERY TRL","New 1-story single-family residence attached garage covered porch and patio.  **VOL BUILD PROJECT**","504 BOWERY TRAIL",30.390162,-97.669061
"3505","2106 INDIAN TRL","new construction 4 bed 4 bath 3 stry sfres with basement front covered porch rear screened porch
Permit voided 7/29/14 Project abandonned Kelly S.","2106 INDIAN TRAIL",30.294483,-97.761748
"3506","2501 AMUR DR","New 2 Stry SF Condo w/att garage.","2501 AMUR DRIVE",30.214309,-97.809611
"3507","3210 STEVENSON AVE","**VOID see PR 2014-083812**New 2 story sf res w covered porch and patio.","3210 AVE",30.298551,-97.776019
"3508","9904 HUNDRED YEAR OAK DR","**MODEL HOME**   New 2-story single-family residence attached garage covered porch and patio.  **VOL BUILD PROJECT**","9904 ALY MAY DRIVE",30.171829,-97.818495
"3509","1333 CENTRAL PARK CT","New 2-story single-family-attached residence (LDC 25-2-772) attached garage covered porch and patio connecting breezeway/attachment structure between the two units (each with separate lot).","1333 CENTRAL PARK CT",30.212308,-97.790345
"3510","1329 CENTRAL PARK CT","New 2-story single-family-attached residence (LDC 25-2-772) attached garage covered porch and patio connecting breezeway/attachment structure between the two units (each with separate lot).  refer #2011-104121-BP","1329 CENTRAL PARK CT",30.212254,-97.790245
"3511","1202 TERJO LN","New 2 Story Single Family Home. 2 Car Garage. 4 Bedroom 3.5 Bathroom. Covered Porch Covered Patio. New Construction.","1202 TERJO LANE",30.330501,-97.921294
"3512","804 PRESSLER ST","New pool and spa for sf-res with required enclosure devices.   **refer to pmt# 2012-049690**","804 PRESSLER STREET",30.276195,-97.759057
"3513","3617 PENNSYLVANIA AVE","New construction of a one-story sf res (704 sq ft)  which includes 1 bedroom 1 bathroom living room dinning room kitchen and a covered porch (280sq ft).","3617 PENNSYLVANIA AVE",30.275546,-97.693571
"3514","13617 HYMEADOW CIR","New 1-story single-family residence attached garage covered porch and patio.  **VOL BUILD PROJECT**","13617 HYMEADOW CIR",30.462676,-97.787475
"3515","1123 3/4 HENNINGER ST","2 bed 2 bath garage apt with two attached one car garages.","1123 3/4 HENNINGER STREET",30.266999,-97.699187
"3516","1123 3/4 HENNINGER ST","new 3 bed 3 bath sfres with attached 2 car garage","1123 3/4 HENNINGER STREET",30.266999,-97.699187
"3517","5312 SENDERO HILLS PKWY","new construction - 2 story 3 bed two bath with attached two car garage","5312 SENDERO HILLS PKWY",30.283023,-97.647358
"3518","5210 PINE PL","new manufactured home (from dealer) on lot.","5210 PINE PLACE",30.198938,-97.748638
"3519","1905 GARDEN ST","permitting the two family use in the accessory building (built as garage in 37) behind existing sfres.  in addition to change of use from sfres to two family this bp is for the full interior remodel of the accessory apartment - wallboard new elec outlets plumbing and hvac system.  secondary apartment allowed in holly np w small lot amnesty.  legally noncompliant structure - int remodel only no addition.","1905 GARDEN STREET",30.25411,-97.725537
"3520","5004 INTERLACHEN LN","new 1 sty single family residence with attached garage covered porch-patio (3 off street parking spaces required)   **refer to pmt# 2012-065877**","5004 INTERLACHEN LANE",30.140516,-97.777465
"3521","1501 BEEBRUSH LN","New Temporary Construction Trailer. (Limited to 6 months)","1501 BEEBRUSH LANE",30.176375,-97.817149
"3522","2724 TOM MILLER ST","New 3-story single-family residence attached garage covered porch (designated in the Mueller Development as a Garden Yard Home).  **VOL BUILD PROJECT**  **RESOLUTION #20071129-100 WAIVES FEES FOR THIS SMART HOUSING PROJECT**.","2724 TOM MILLER STREET",30.290192,-97.70075
"3523","515 MONTOPOLIS DR","detached dwelling unit behind existing sfres - living kitchen and bath.  already constructed not permitted","515 MONTOPOLIS DRIVE",30.239412,-97.693902
"3524","2521 LIGHTFOOT TRL","New 2 sty sf condo w/attached garage.","2521 LIGHTFOOT TRAIL",30.214732,-97.808831
"3525","8401 FM 2222 RD","New Construction sf residence with 2 separate and attached garages and covered porch.","8401 FM 2222 ROAD",30.380959,-97.810699
"3526","7233 MANCHACA RD BLDG 24","New 1Stry SF Townhome w/attached garage porch patio","7233 MENCHACA ROAD BLDG 24",30.198055,-97.80808
"3527","2009 DEER RUN DR","new Manufactured home in a M/H zoned lot with covered steps and deck","2009 DEER RUN DRIVE",30.183577,-97.765037
"3528","13605 MONTVIEW DR","New Construction Single Family Home 2 stry with attached 2 car garage 4 bedrooms and 3.5 baths","13605 MONTVIEW DRIVE",30.381999,-97.907408
"3529","3900 THREADGILL ST UNIT 20","New 2-story single-family residence attached garage covered porch.  **VOL BUILD PROJECT**  **RESOLUTION #20071129-100 WAIVES FEES FOR THIS SMART HOUSING PROJECT**.","3900 THREADGILL STREET UNIT 20",30.290887,-97.700274
"3530","10717 DESERT WILLOW LOOP","New single story residential dwelling with attached 2 car garage","10717 DESERT WILLOW LOOP",30.147022,-97.804837
"3531","6902 COMANCHE TRL","New two story SF Res covd porch and covd patio w/ 3 baths 1 car garage.","6902 COMANCHE TRAIL",30.412661,-97.877086
"3532","2003 E 11TH ST","Re-Permit for Expired Permits 2008 - 080002 BP MP PP DS ***New 2 story SF res uncovd wood decks rear covd porch uncovd balcony","2003 EAST 11TH STREET",30.265376,-97.719146
"3533","1709 MILAGRO DR","New 2-story single-family residence attached garage covered porch and patio.  **VOL BUILD PROJECT**","1709 MILAGRO DRIVE",30.313166,-97.899427
"3534","2321 RIVINA DR","New 1-story single-family residence attached garage covered porch and patio.  **VOL BUILD PROJECT**","2321 RIVINA DRIVE",30.312736,-97.904012
"3535",NA,"New 1-story single-family residence with covered porch.   100%smart housing waived","2410 TOWBRIDGE CIR BLDG D",30.312364,-97.68208
"3536","34 CHICON ST","new 2 story accessory dwelling unit to rear of property ^^^^see expired permit 08-042372-bp^^^^ New secondary apartment.  (See 2011-107259)","34 CHICON STREET",30.251163,-97.727634
"3537","9550 SAVANNAH RIDGE DR BLDG 11","New 2 Stry Condo w/ atted garage & covrd porch.","9550 SAVANNAH RIDGE DRIVE BLDG 11",30.432311,-97.833716
"3538","9550 SAVANNAH RIDGE DR BLDG 8","New sf condo w/attached garage & covd porch.","9550 SAVANNAH RIDGE DRIVE BLDG 8",30.432311,-97.833716
"3539","7233 MANCHACA RD BLDG 6","New 2 Stry SF Townhome w/attached garage porch patio","7233 MENCHACA ROAD BLDG 6",30.198055,-97.80808
"3540","7233 MANCHACA RD BLDG 34","New 2 sty sf townhouse w/attached garage.","7233 MENCHACA ROAD BLDG 34",30.198055,-97.80808
"3541","3900 THREADGILL ST UNIT 30","New 2-story single-family residence attached garage covered porch.   **RESOLUTION #20071129-100 WAIVES FEES FOR THIS SMART HOUSING PROJECT**.62.5% Fee Waived Smart House","3900 THREADGILL STREET UNIT 30",30.290887,-97.700274
"3542","902 SOUTH CENTER ST BLDG 2","New 2 story 3 bath single-family residential structure with attached 2 car carport screened porch and balcony.    **refer to pmt # 2011-084922**","902 SOUTH CENTER STREET BLDG 2",30.231485,-97.771493
"3543","902 SOUTH CENTER ST BLDG 1","New 2 story duplex with attached carport and garage and covered porches and patios   **refer to pmt # 2011-086792**","902 SOUTH CENTER STREET BLDG 1",30.231485,-97.771493
"3544","1805 HELIOTROPE CT","New 2-story single-family residence attached garage covered porch and patio covered balcony.  **VOL BUILD PROJECT**","1805 HELIOTROPE CT",30.312309,-97.901709
"3545","2002 WILLOW ST","New 2 story secondary apartment w/ carport on 1st floor. Ext stairs to uncovd balcony to access 2nd floor apartment.  (See 2013-044476)","2002 WILLOW STREET",30.255838,-97.723385
"3546","2304 E 16TH ST","New Secondary Apartment to Rear of Property.  2 Story 1 Bedroom 1.5 Bathroom. Interior and Exterior Stairwells.  Covered Porch and Covered Balcony.","2304 EAST 16TH STREET",30.277591,-97.716074
"3547","7226 COMANCHE TRL","1 Primary Single Family Residence - 2 Story 1 Carport Covered Porch and Covered Patio. (See 2012-035584)","7226 COMANCHE TRAIL",30.420674,-97.895516
"3548","11836 MORNING VIEW DR","New 1-story single-family residence attached garage covered porch.","11836 MORNING VIEW DRIVE",30.15352,-97.647879
"3549","3310 ELIJA ST","New 2sty Sf Res W/Attached Garage CovD Porch & UncovD Patio","3310 ELIJA STREET",30.202801,-97.833435
"3550","11617 ARROWMOUND PASS","New 1-story single-family residence attached garage covered porch.","11617 ARROWMOUND PASS",30.154064,-97.650002
"3551","3700 GILBERT ST","New 2 story sf res w attached garage covered porch and  refer# 2012-035693-BP","3700 GILBERT STREET",30.301224,-97.77858
"3552","1905 HELIOTROPE CT","New 2-story single-family residence attached garage covered porch and patio.  **VOL BUILD PROJECT**","1905 HELIOTROPE CT",30.313088,-97.902387
"3553","10502 BROWNIE DR","New 1 story single family home. Manufactured Home to be placed on peir and beam Foundation. Approx. 2128 sqft.  4 Bedroom 2 Bathrooms. Two covered Landings w/ stairs at both ends of the structure (approx. 120 sqft.).  Covered Wooden Deck w/ stairs on the front of the home ( approx. 200sqft.)","10502 BROWNIE DRIVE",30.370157,-97.683101
"3554","6306 EL MIRANDO ST","new sf manufactured home with covered decks (no mechanical window units)","6306 EL MIRANDO STREET",30.240132,-97.692949
"3555","10604 DESERT WILLOW LOOP","New 1-story single-family residence attached garage covered porch.  **VOL BUILD PROJECT**","10604 DESERT WILLOW LOOP",30.145945,-97.804644
"3556","1901 HELIOTROPE CT","New 2-story single-family residence attached garage covered porch and patio covered balcony.  **VOL BUILD PROJECT**","1901 HELIOTROPE CT",30.312885,-97.902222
"3557","11808 HARTLEY CV","**ref permit#2011-034076**New 2-story single-family residence attached garage covered porch and uncovered wood deck.","11808 HARTLEY CV",30.148734,-97.830083
"3558","2313 GILIA DR","Re-permitting for expired permit number 2008-093718-BP.  NEW CONSTRUCTION.  Volume Builder.New 2-story single-family residence attached garage covered patio.  **VOL BUILD PROJECT**","2313 GILIA DRIVE",30.311027,-97.906219
"3559","6005 WILCOTT CT","New 1 Stry Condo w/ atted garage.","6005 WILCOTT CT",30.212399,-97.803044
"3560","516 SAN JOSE ST","New  mobile home  with electrical mech and plumbing","516 SAN JOSE STREET",30.353099,-97.703549
"3561","2616 LIGHTFOOT TRL","New 2 story construction w/ att garage","2616 LIGHTFOOT TRAIL",30.215433,-97.80953
"3562","2133 AMUR DR","New 1 story construction w/att garage","2133 AMUR DRIVE",30.213538,-97.806274
"3563","6024 WHIPPLE WAY","New 2 story construction w/ att garage","6024 WHIPPLE WAY",30.215622,-97.810052
"3564","4401 DEEPWOODS DR","New 2 story sf res with attached carport covered porch uncovered patios wood deck and loggia  (refer #2011-061265-BP)","4401 DEEPWOODS DRIVE",30.366381,-97.770003
"3565","2521 AMUR DR","New 2 sty sf residence w/attached garage.","2521 AMUR DRIVE",30.214624,-97.810239
"3566","2501 AMUR DR","New 2 story Condo with attached garage  refer# 2011-091176","2501 AMUR DRIVE",30.214309,-97.809611
"3567","2620 LIGHTFOOT TRL","New 1 Stry Condo w/ atted garage.","2620 LIGHTFOOT TRAIL",30.215505,-97.809642
"3568","2321 INDEPENDENCE DR","New 2 sty sf condo w. attached garage.    **refer to pmt # 2011-018694**","2321 INDEPENDENCE DRIVE",30.214631,-97.806527
"3569","2612 LIGHTFOOT TRL","New 2 Story Condo w/attached garage (See 2012-040613)","2612 LIGHTFOOT TRAIL",30.21537,-97.809424
"3570","4301 WALHILL LN","New 2 story sf res with basement att garage covered porch uncovered patio and wood decks","4301 WALHILL LANE",30.380777,-97.756149
"3571","12109 BRYONY DR","New 2-story single-family residence attached garage covered porch and patio.  **VOL BUILD PROJECT**     **Bldg waived 100% Per Stratus Bank**","12109 BRYONY DRIVE",30.186319,-97.922904
"3572","6919 GREENSHORES DR UNIT 1","New 2 story sf res w att garage covered porch balcony and uncovered wood deck;  (See 2011-015273 for repermit)","6919 GREENSHORES DRIVE UNIT 1",30.3431,-97.816041
"3573","2002 BITTER CREEK DR","new mobile home with porch and patio","2002 BITTER CREEK DRIVE",30.185261,-97.76481
"3574","5602 JIM HOGG AVE","New 2 Stry Sf Res - Condo duplex (C & D) w/ atted garage","5602 JIM HOGG AVE",30.329209,-97.736052
"3575","12105 CHERISSE DR","New 2 story sf res w att garage and cov porch/patio. **Bldg waived 100% for Stratus Bank**","12105 CHERISSE DRIVE",30.186015,-97.921978
"3576","9501 SYDNEY MARILYN LN","New Construction.  Volume Builder. New 1-story single-family residence attached garage covered porch and patio.","9501 SYDNEY MARILYN LANE",30.16501,-97.796283
"3577","5605 TERRAVISTA DR","New 2-story single-family residence attached garage covered porch and patio covered balcony porto-cochere.  **VOL BUILD PROJECT**  **STRATUS CREDIT BANK Program** (See 2012-030745)","5605 TERRAVISTA DRIVE",30.248367,-97.86983
"3578","4605 AVENUE B","Withdrawn per JMM 8-6-2010 This building permit was appealed on the July 29 2010 New 2-story duplex w/ att carports and covered porches.","4605 AVENUE B",30.312232,-97.729478
"3579","2320 RIVINA DR","New Construction.  Volume Builder. New 1-story single-family residence attached garage basement balcony wood deck and covered porch.","2320 RIVINA DRIVE",30.312908,-97.903877
"3580","1708 ROCKLAND DR","New 2 Story Condo w/attached garage covered patio and porch","1708 ROCKLAND DRIVE",30.165635,-97.827365
"3581","5300 DOE VALLEY LN","New 2 story SF res -1st floor: w/ attached garage (south) front covd porch entry  kitchen (west) dining rm family rm rear screened in patio (northwest) powder rm hallway staircase master bath master bedrm (east) 2md floor: bedrm #2 (northwest) landing bath # 2 bedrm #3 (east)","5300 DOE VALLEY LANE",30.392689,-97.761932
"3582","1901 BIG HORN DR","**See 2011-090272**New 2 story SF res -main floor: attached 2-car garage (west) utilty rm mud rm bedrm #4 (north) bath #4 butler kitchen bedrm #3 bath #2 & #3 guest rm kitchen dining rm (east) living rm outdoor living summer kitchen master bedrm master bath (south) powder rm and front covd porch (west).  Upper level balcony (472 sq. ft.).  Lower level covered terraces (east northeast and southeast)","1901 BIG HORN DRIVE",30.368277,-97.915096
"3583","4108 BERKMAN DR","New 2-story single-family Row House.  Covered breezeway to attached garage covered front porch.  **SMART HOUSING**","4108 BERKMAN DRIVE",30.293347,-97.700324
"3584","601 JESSIE ST","Addition of covered front porch to existing single family residence( 609 sq ft)","601 JESSIE STREET",30.25989,-97.760579
"3585","7725 HAGGANS LN","New Construction.  Volume Builder. New 2-story single-family residence attached garage covered porch and patio.","7725 HAGGANS LANE",30.195756,-97.91298
"3586","2203 E 8TH ST","***ref permit#2011-017702**New 1-story single-family residence covered porch.","2203 EAST 8TH STREET",30.262357,-97.717288
"3587","2205 E 8TH ST","**ref permit#2011-017844***New 1-story single-family residence covered porch.","2205 EAST 8TH STREET",30.26243,-97.71717
"3588","8524 ALOPHIA DR","New Construction.  Volume Builder. 2-story sf res w/ att garage covered porches and storage. **Bldg fee waived 100% per Stratus Bank**","8524 ALOPHIA DRIVE",30.186871,-97.924862
"3589","1002 WALTER ST","New secondary apartment (440 sq. ft.)located at the rear of residence apartment includes 2 bedroom restroom and small kitchen. **Voided permit new permit issued refer to pmt 2011-058136BP**","1002 WALTER STREET",30.267734,-97.71248
"3590","14204 LAKE VICTOR DR","New Construction.  Volume Builder. New 2-story single-family residence attached garage covered porch and patio.","14204 LAKE VICTOR DRIVE",30.427807,-97.66239
"3591","4620 MANCHACA RD","New secondary apartment to the rear of the property. Apartment to include exterior stair access to storage space above first floor. Covered breezeway. Solar panels on roof and above ground rainwater collection system.","4620 MENCHACA ROAD",30.225568,-97.79147
"3592","2400 AMUR DR","New 2stry Condo w/att garage    **Refer to pmt # 2011-033814**","2400 AMUR DRIVE",30.214071,-97.808333
"3593","10705 GAILLARDIA DR","New 2-story single-family residence attached garage covered porch and patio.  **VOL BUILD PROJECT**","10705 GAILLARDIA DRIVE",30.313883,-97.900065
"3594","6817 SPRUCE GUM LN","New 1story mobile home with front and rear uncovered decks
**voided permit ok to void per debra fonseca**","6817 SPRUCE GUM LANE",30.183656,-97.767041
"3595","5515 DUVAL ST","Add new detached secondary apartment to existing site.  Structure will be 750 square feet in area.","5515 DUVAL STREET",30.319419,-97.716258
"3596","11305 CHERISSE DR","New 2-story single-family residence attached garage covered porch and patio.  **VOL BUILD PROJECT**  **Bldg waived 100% per Stratus Bank**","11305 CHERISSE DRIVE",30.188396,-97.926785
"3597","4113 GOCHMAN ST","New 2-story single-family residence attached garage covered porch and patio.  **RESOLUTION #20071129-100 WAIVES FEES FOR THIS 62.5%SMART HOUSING PROJECT**.","4113 GOCHMAN STREET",30.29332,-97.701698
"3598","7901 JOURNEYVILLE DR","New 2-story single-family residence attached garage covered porch.  **VOL BUILD PROJECT**          **Only Bldg fee waived 100% for Stratus Bank**","7901 JOURNEYVILLE DRIVE",30.24976,-97.877263
"3599","2208 RIVINA DR","New 1-story single-family residence attached garage covered porch and patio.  **VOL BUILD PROJECT**","2208 RIVINA DRIVE",30.311954,-97.902786
"3600","10912 BIDENS PL","New 1 story SF res w/ att. garage front covd porch & rear covd patio.  **VOL BUILD PROJECT**","10912 BIDENS PLACE",30.312082,-97.903797
"3601","12417 PRATOLINA DR","New 1 story SF res w/ att. 3 -car garage & front covd porch.  **VOL BUILD PROJECT** **Bldg fee only waived for Stratus Bank**","12417 PRATOLINA DRIVE",30.181725,-97.926697
"3602","2208 GREENLEE DR","New Construction of a 3-story single family residence w/ basement covered porches.

****VOIDED - work never commence and replaced with new construction per 13-091554 PR.***********","2208 GREENLEE DRIVE",30.298443,-97.761957
"3603","6600 BAY CITY BND","New 1 story SF res w/ att. porte cochere detached garage & front covd porch.","6600 BAY CITY BND",30.26164,-97.66992
"3604","7825 OTEKA CV","New Construction. Volume Builder. 2-story single family res w/ att garage and covered porches. **Stratus Bank-Bldg fee waived**","7825 OTEKA CV",30.24889,-97.879149
"3605","1100 TILLERY ST","new 1sty sf residence w/cvd porch and parking pad (See 2011-091516 for repermit)","1100 TILLERY STREET",30.264398,-97.703213
"3606","8412 DENALI PKWY BLDG 3","New 2 story SF res w/ att. 3 car garage & attached storage (north side) front covd porch (east side) rear covd veranda (west side) 2nd floor gameroom storage & covd balcony.","8412 DENALI PKWY BLDG 3",30.427763,-97.856883
"3607","5202 AVENUE G","New 2 story sf res w detached garage wood deck and covered porch (refer#2011-047209-BP)","5202 AVENUE G",30.316499,-97.72101
"3608","12200 BUVANA DR","New 2-story single-family residence attached garage covered porch and patio.","12200 BUVANA DRIVE",30.17907,-97.916536
"3609","1127 LOTT AVE","new two story single family moduar home with wood deck and covered porch. See expired permit 2008-050381-bp   **refer to pmt # 2011-025305**","1127 LOTT AVE",30.27241,-97.681075
"3610","7217 MEADOR AVE","new detached two family residence with front and rear concrete steps and a second 12  dw approach (existing sw in row). 3 off street parking spaces provided.","7217 MEADOR AVE",30.330071,-97.695313
"3611","606 SWANEE DR","New construction of a duplex w/ covered patios. 4 total bathrooms = 3/4 meter.    **refer to pmt# 2011-111751**","606 SWANEE DRIVE",30.336102,-97.716335
"3612","1809 HELIOTROPE CT","new construction. volume builder. 2-story single family res w/ att garage covered patios covered porches and balconies.","1809 HELIOTROPE CT",30.312501,-97.901851
"3613","1908 HELIOTROPE CT","New 2 story SF res w/ att .garage front covd porch & rear covd patio. **VOL BUILD PROJECT**
**Senna Hill MUD District**","1908 HELIOTROPE CT",30.313714,-97.901837
"3614","3310 ELIJA ST","New 2sty Sf Res W/Attached Garage CovD Porch & UncovD Patio (See 2010-089691 for repermit)","3310 ELIJA STREET",30.202801,-97.833435
"3615","5933 LUX ST","New 1 story sf res w/ uncovered patio **SMART HOUSE**    **100% Waived for Smart Housing**","5933 LUX STREET",30.25856,-97.684016
"3616","1900 HELIOTROPE CT","New 2 story SF res w/ att .garage front covd porch. & rear covd patio. Volume Builder.   **refer to pmt # 2014-057587**","1900 HELIOTROPE CT",30.313226,-97.901589
"3617","7520 COLINA VISTA LOOP UNIT B","New 2 sty duplex condo w/att garage & cov patio-porch","7520 COLINA VISTA LOOP UNIT B",30.392535,-97.826911
"3618","7520 COLINA VISTA LOOP UNIT A","New 2 sty duplex condo w/att garage & cov patio-porch","7520 COLINA VISTA LOOP UNIT A",30.392535,-97.826911
"3619","602 W ELLIOTT ST","New 2 story Duplex w/ 2 att garages 2 kitchens 4 bedrooms 4 bathrooms & (2) -1/2 baths","602 WEST ELLIOTT STREET",30.354827,-97.701822
"3620","11125 CHERISSE DR","new construction. volume builder. 2-story single family residence w/att garage covered patios and covered porches. MEP permits required. 2.5 bathrooms = 5/8 meter.","11125 CHERISSE DRIVE",30.187273,-97.926014
"3621","11228 BARN OWL DR","New 2-story single-family residence attached garage covered porch.  **VOL BUILD PROJECT**","11228 BARN OWL DRIVE",30.364331,-97.642252
"3622","1009 VASQUEZ ST","New detached secondary garage apt(single story less than 15 in height) Rear setback must be 10.","1009 VASQUEZ STREET",30.231101,-97.693412
"3623","5520 KLEBERG TRL","**ref permit#2012-021343** New 2 stroy sf res w att garage and cov porch
**Smart Housing 100% Waived**","5520 KLEBERG TRAIL",30.142278,-97.76965
"3624","1804 HELIOTROPE CT","New 2-story single-family residence attached garage covered porch and patio.  **VOL BUILD PROJECT**","1804 HELIOTROPE CT",30.312576,-97.901156
"3625","2632 TOM MILLER ST","New 1-story single-family residence attached garage covered porch and patio (designated in the Mueller Development as a Yard House).  SMART HOUSING Waive 62.5%.","2632 TOM MILLER STREET",30.290031,-97.701948
"3626","4105 THREADGILL ST","New 2-story single-family residence with attached garage covered porch and patio.  **62.5%SMART HOUSING**","4105 THREADGILL STREET",30.293218,-97.700762
"3627","4117 GOCHMAN ST   **SMART HOUSE**","New 2-story single-family residence with attached garage covered porch and patio (designated in the Mueller Development as a Yard House). Smart Housing 62.5% Fee Waived","4117 GOCHMAN STREET",30.293434,-97.701691
"3628","2129 MC CLOSKEY ST   **SMART HOUSE**","New 2-story single-family residence with attached garage covered porch and patio covered walkway (designated in the Mueller Development as a Yard House). Smart Housing 62.5% Fee Waived","2129 MC CLOSKEY STREET",30.292744,-97.701571
"3629","13112 SPIERS WAY","new construction. volume builder. SMART HOUSING. 2-story sf res with attached garage covered porches and balconies. MEP Permits required.","13112 SPIERS WAY",30.169543,-97.616473
"3630","2212 GILIA DR","New 1-story single-family residence attached garage covered porch and patio.  **VOL BUILD PROJECT**","2212 GILIA DRIVE",30.311158,-97.904965
"3631","408 W CROSLIN ST","New two story res w/att covered porch ( 1994 sq ft) & New single story Detached garage-secondary apt (552 sq ft) great room bedroom & bathroom","408 WEST CROSLIN STREET",30.338817,-97.711771
"3632","2620 TOM MILLER ST","New 2-story single-family residence with attached garage covered porch and patio.  **RESOLUTION #20071129-100 WAIVES FEES FOR THIS 62.5%SMART HOUSING PROJECT**.","2620 TOM MILLER STREET",30.289961,-97.702391
"3633","5404 ROOSEVELT AVE","New rear detached 2 story secondary apartment","5404 ROOSEVELT AVE",30.325373,-97.73406
"3634","11120 CHERISSE DR","New 2-story single-family residence attached garage covered porch and patio.  **VOL BUILD PROJECT**  Stratus Bank*Building fee waived*not trades.","11120 CHERISSE DRIVE",30.187248,-97.925635
"3635","1704 CEDAR BEND DR BLDG 2","New 2stry Duplex-Condo w/att garage Unit A&B","1704 CEDAR BEND DRIVE BLDG 2",30.408218,-97.692309
"3636","1704 CEDAR BEND DR BLDG 5","new 2stry duplex-condo w/att garage (6 bedroom) 2.5 parking space","1704 CEDAR BEND DRIVE BLDG 5",30.408218,-97.692309
"3637","12321 BARRAS BRANCH DR","New 2 stry SF Condo w/covered porch (Building #120)","12321 BARRAS BRANCH DRIVE",30.147753,-97.848965
"3638","9708 S CHISHOLM TRL","New 1 story SF res w/ front covered porch (refer to expired permit # 2006-017651BP) & {2004-007290}","9708 SOUTH CHISHOLM TRAIL",30.168618,-97.812877
"3639","1912 HELIOTROPE CT","New 2-story single-family residence attached garage covered porch and patio.  **VOL BUILD PROJECT**","1912 HELIOTROPE CT",30.313919,-97.902211
"3640","3405 MINNIE ST","New 1 story Duplex w/ 1 attached garage for each unit 1 front covered porch for each unit & 1 rear uncovered patio for each unit. refer#2009-135996-BP","3405 MINNIE STREET",30.204776,-97.833946
"3641","1717 CHANNEL RD","new two stroy res w/att garage & covered porch (4174)","1717 CHANNEL ROAD",30.34271,-97.790388
"3642","2149 MC CLOSKEY ST","New 2-story single-family residence attached garage covered porch and patio.  **RESOLUTION #20071129-100 WAIVES FEES FOR THIS SMART HOUSING PROJECT**. *Smart Housing 62.5% Waived**","2149 MC CLOSKEY STREET",30.292773,-97.700945
"3643","14200 LAKE VICTOR DR","New 1-story single-family residence attached garage covered porch and patio.  **VOL BUILD PROJECT**","14200 LAKE VICTOR DRIVE",30.427662,-97.662403
"3644","14008 PANORAMA DR","new one story sf res","14008 PANORAMA DRIVE",30.419299,-97.890222
"3645","5905 VENTUS ST","New 1-story single-family residence covered porch uncovered wood deck.
Smart housing 100% wavied   **refer to pmt# 2012-031640**","5905 VENTUS STREET",30.258347,-97.685146
"3646","2701 LA MESA DR","**ref permit#2009-120669*New 2 story SF res w/ att. carport uncovd wood deck covd patio & covd porch.","2701 LA MESA DRIVE",30.237023,-97.760452
"3647","2501 ALLEYTON CV","New 2 story SF res w/ att. garage covd patio & covd porch","2501 ALLEYTON CV",30.260566,-97.672474
"3648","5605 JIM HOGG AVE","new two story sf res with attached garage1st & 2nd sty covered  front porch and rear door step stoops; 1st floor fireplace.","5605 JIM HOGG AVE",30.32915,-97.735575
"3649","10913 BIDENS PL","New 1-story single-family residence attached garage covered porch and patio.  **VOL BUILD PROJECT**","10913 BIDENS PLACE",30.311521,-97.903722
"3650","3801 CARBONDALE AVE","New 2-story single-family residence attached garage covered porch and patio.  **VOL BUILD PROJECT**  **RESOLUTION #20071129-100 WAIVES FEES FOR THIS SMART HOUSING PROJECT**.","3801 CARBONDALE AVE",30.197738,-97.695419
"3651","4400 RIVER PLACE BLVD","New Construction of a 5897SF two-story single family residence with attached garage covered patios. 4.5 bathrooms. All building trades are required for this project. Electrical mechanical and plumbing.   **refer to pm t# 2010-081876**","4400 RIVER PLACE BOULEVARD",30.371219,-97.860373
"3652","2309 GILIA DR","New 1-story single-family residence attached garage covered porch and patio.  **VOL BUILD PROJECT**","2309 GILIA DRIVE",30.310987,-97.906081
"3653","2805 S 4TH ST","new two story sf res with exercise room above garage attached garage covered breezeway (arbor) covered porches and sun decks with exterior access stairs. Mechanical rooms not to be used for habital space.","2805 SOUTH 4TH STREET",30.238171,-97.765871
"3654","10709 GAILLARDIA DR","New 3-story single-family residence attached garage basement covered porch and patio covered balcony.   **VOL BUILD PROJECT**","10709 GAILLARDIA DRIVE",30.31412,-97.900274
"3655","2320 GILIA DR","New 1-story single-family residence attached garage covered porch and patio.   **VOL BUILD PROJECT**","2320 GILIA DRIVE",30.311576,-97.906446
"3656","10901 GAILLARDIA DR","New 1-story single-family residence attached garage covered porch and patio.  **VOL BUILD PROJECT**","10901 GAILLARDIA DRIVE",30.315862,-97.900901
"3657","1185 RIDGEWAY DR","New two story res w/att carport porch uncovered wood deck & uncovered balconies (See 2011-007491 for repermit)","1185 RIDGEWAY DRIVE",30.274776,-97.704028
"3658","2205 E 10TH ST","new one story sf res with covered porch","2205 EAST 10TH STREET",30.26426,-97.717511
"3659","5900 VENTUS ST","New 1-story single-family residence covered porch.   **RESOLUTION #20071129-100 WAIVES FEES 100% FOR THIS SMART HOUSING PROJECT**.","5900 VENTUS STREET",30.258761,-97.68505
"3660","1105 1/2 BRASS ST","new one story sf residence on two family residential lot. Residence to have covered patio and covered porch. Two off-street parking is required.","1105 1/2 BRASS STREET",30.265256,-97.703503
"3661","1212 E 10TH ST","New one-story detached secondary apartment 800 square feet in the form of two 400 square-foot modules with a connecting hallway.  Structure will have a living area kitchen bedroom and 2 baths.  Only 1 kitchen unit permitted between the two modules of the structure.
**Voided permit new permit issued refer to pmt 2009-136932BP**","1212 EAST 10TH STREET",30.267701,-97.726902
"3662","4404 AVENUE F","New two story sf res with attached carport covered porches and shed","4404 AVENUE F",30.30766,-97.728077
"3663","2917 GOVALLE AVE","New 1-story single-family residence covered porch.  **Smart Housing 50% Waived**","2917 GOVALLE AVE",30.266475,-97.704632
"3664","612 W MONROE ST","remodel foundation & relocate sf residence from 4228 Fletcher land - outside the city to create a Secondary apartment -1 sty w/att covered porch &added 289 sq ft. covered patio  **refer to pmt # 2009-060658**","612 WEST MONROE STREET",30.249938,-97.756031
"3665","2217 RIVINA DR","New 1-story single-family residence attached garage covered porch.  **VOL BUILD PROJECT**","2217 RIVINA DRIVE",30.312067,-97.903331
"3666","301 KEMP ST","new one story sf res with covered porch","301 KEMP STREET",30.242598,-97.693542
"3667","912 E 39TH ST","New Detached Two-Family Residential w/attached front porch & side porc","912 EAST 39TH STREET",30.29688,-97.721648
"3668","2003 E 11TH ST","New 2 story SF res uncovd wood decks rear covd porch uncovd balcony (refer# 2011-005100-BP)","2003 EAST 11TH STREET",30.265376,-97.719146
"3669","525 E LIVE OAK ST","new 2 story sf res w att garage and covered and uncovered porches","525 EAST LIVE OAK STREET",30.239695,-97.747972
"3670","2202 BRIDLE PATH","new 2 story sf res w att carport cov porch and uncovered patio","2202 BRIDLE PATH",30.289347,-97.766311
"3671","640 TILLERY ST","New 2 story small lot single-family res w/ cupola for attic fan. Install new 12 driveway approach.","640 TILLERY STREET",30.25788,-97.706126
"3672","3802 BALCONES DR","New two story sf res with attached garage covered porches  / never built verified in google map and COA ARC GIS","3802 BALCONES DRIVE",30.317274,-97.766837
"3673","2237 ZACH SCOTT ST","New 2-story single-family Row House.  Covered breezeway to attached garage covered front porch.  **SMART HOUSING**      **refer to pmt# 2009-042596 for new const.**","2237 ZACH SCOTT STREET",30.294151,-97.701663
"3674","2708 STRATFORD DR","New two story single family residence with attached garages covered patios covered porches balconies","2708 STRATFORD DRIVE",30.280065,-97.781596
"3675","3312 WESTHILL DR","New Two Story Duplex w/att garages covered balconies  covered porch & basements more than 50% below grade    **refer to pmt# 2010-071122**","3312 WESTHILL DRIVE",30.244139,-97.787466
"3676","3908 MATTIE ST","***ref permit#2009042540**New 2-story single-family residence with attached garage covered porch and patio covered walkway (designated in the Mueller Development as a Yard House).   **RESOLUTION #000420-76 WAIVES FEES FOR THIS 62.5%SMART HOUSING PROJECT**.","3908 MATTIE STREET",30.290932,-97.702774
"3677","4120 VALLEY VIEW RD","**ref permit#2009-115720**new 2 story duplex w att garages cov porch and uncovered patio","4120 VALLEY VIEW ROAD",30.230734,-97.785435
"3678","4200 VALLEY VIEW RD","new 2 story duplex w att garages cov porch and uncovered patio","4200 VALLEY VIEW ROAD",30.230465,-97.785626
"3679","11021 CHERISSE DR","New 1-story single-family residence attached garage covered porch.   **VOL BUILD PROJECT**","11021 CHERISSE DRIVE",30.185764,-97.92501
"3680","6201 WIER HILLS RD","New 1st fl Manufactured home w/stairs","6201 WIER HILLS ROAD",30.247935,-97.882138
"3681","7708 STEPHANY TAYLOR CV","**ref new permit # 2010-083686**New 2-story single-family residence attached garage covered porch.  **VOL BUILD PROJECT**","7708 TAYLOR CV",30.278616,-97.541822
"3682","1301 HILLSIDE AVE","New 1 story garage apartment (25-2-774) w/ att 1 car garage covd porch.
**Voided permit new permit issued refer to pmt# 2009-020104BP**","1301 HILLSIDE AVE",30.250019,-97.746117
"3683","1009 TAULBEE LN Bldg 1 unit E & F","New two story duplex w/att garages porches & patios Bldg 1 unit E & F    **refert to pmt # 2010-052399**","1007 TAULBEE LANE UNIT EAST",30.345945,-97.717393
"3684","3200 S 5TH ST","New 2 story duplex.  Att one car carport covd porch uncovd wood deck (each unit). Covd 2nd floor deck (unit 1) uncovd deck (unit 2). New 12 dw approach (S 5th).","3200 SOUTH 5TH STREET",30.235423,-97.768874
"3685","1609 PRESTON AVE","New 2 story detached rear two-car garage w/ ext stairs to 2nd floor garage apartment.","1609 PRESTON AVE",30.298012,-97.756626
"3686","3904 MATTIE ST","New 1-story single-family residence attached garage covered porch.  **RESOLUTION #000420-76 WAIVES FEES FOR THIS SMART HOUSING PROJECT**. 62.5% Fee Waived**       **refer to pmt # 2009-017630 for New Construction**","3904 MATTIE STREET",30.290835,-97.702769
"3687","2201 ZACH SCOTT ST","New 2-story single-family Row House.  Covered breezeway to attached garage covered front porch.  **SMART HOUSING**62.5% Fee Waived**","2201 ZACH SCOTT STREET",30.294134,-97.70249
"3688","3901 MATTIE ST","New 1-story single-family residence attached garage covered porch and patio (designated in the Mueller Development as a Yard House).  **RESOLUTION #000420-76 WAIVES FEES FOR THIS SMART HOUSING PROJECT**. (See 2009-042514)","3901 MATTIE STREET",30.290749,-97.702425
"3689","9012 ELFEN CV","New 1-story single-family residence attached garage covered porch and patio.   **VOL BUILD PROJECT**  **RESOLUTION #000420-76 WAIVES FEES FOR THIS SMART HOUSING PROJECT**.100%","9012 ELFEN CV",30.283636,-97.626402
"3690","2319 W 8TH ST","new two story single family residence with carport covered patio covered porch and open deck on top of carport","2319 WEST 8TH STREET",30.282245,-97.772438
"3691","11916 VERSANTE CIR","***REF PERMIT#2009-061330***New 2stry patio home condow/att garage & covered porch","11916 VERSANTE CIR",30.429587,-97.844329
"3692","8916 VILLA NORTE DR","***REF PERMIT#2009-061318***new 2stry patio Hm condo w/att garage cvd. porch patio (Max height-35FFE-992.50Max elevation of Bldg # Bedrm-3 ESPA-196-222 Parking-3).","8916 VILLA NORTE DRIVE",30.430044,-97.843654
"3693","8924 VILLA NORTE DR","New 2 Sty Condo W/ Attached Garage & Covd Porch-Patio.","8924 VILLA NORTE DRIVE",30.430317,-97.84337
"3694","7524 WISTERIA VALLEY DR","New 2-story single-family residence attached garage covered porch and patio.  **VOL BUILD PROJECT**  Stratus Bank-Bldg fee only waived**","7524 WISTERIA VALLEY DRIVE",30.185781,-97.92017
"3695","10909 BIDENS PL","New 2-story single-family residence attached garage covered porch and patio.  **VOL BUILD PROJECT**","10909 BIDENS PLACE",30.311604,-97.903507
"3696","11753 EASY ST","New 1-story single-family residence attached garage covered porch and patio. - WATER IS AQUA TEXAS - NOT COA","11753 EASY STREET",30.148404,-97.832164
"3697","10708 GAILLARDIA DR","New 2-story single-family residence attached garage covered porch and patio.  **VOL BUILD PROJECT**","10708 GAILLARDIA DRIVE",30.31434,-97.899832
"3698","4452 CAMACHO ST","***ref permit#2009-059825***New 2-story single-family residence attached garage covered porch and patio.  **VOL BUILD PROJECT**  **RESOLUTION #000420-76 WAIVES FEES FOR THIS SMART HOUSING PROJECT**.","4452 CAMACHO STREET",30.295828,-97.70088
"3699","7062 COMANCHE TRL","**Structure never built per letter from Homeowner***new 2 story sf res w att garage and cov porch and patio and pool cabana","7062 COMANCHE TRAIL",30.41478,-97.890201
"3700","10915 GAILLARDIA DR","New 2-story single-family residence attached garage covered porch and patio covered balcony.   **VOL BUILD PROJECT**  
**Voided permit new permit issued refer to pmt 2011-014002BP**","10915 GAILLARDIA DRIVE",30.316204,-97.901356
"3701","3317 HANDSOME DR","New 2-story single-family residence attached garage covered porch and patio.  **VOL BUILD PROJECT**","3317 HANDSOME DRIVE",30.392857,-97.617868
"3702","1813 RALPH COX RD","New 2-story single-family residence attached garage covered porch and patio.","1813 RALPH COX ROAD",30.148905,-97.838623
"3703","1205 ELM ST Bldg B","New Multi-Family Res Condominiums","1205 ELM STREET BLDG B",30.280166,-97.757646
"3704","1205 ELM ST BLDG A","New Multi-Family Res Condominiums","1205 ELM STREET BLDG A",30.280166,-97.757646
"3705","2200 RIVINA DR","New 2-story single-family residence attached garage covered porch and patio.","2200 RIVINA DRIVE",30.311672,-97.902721
"3706","2116 TURTLE MOUNTAIN BND","New 2-story single-family residence attached garage covered porch and patio covered balcony.  Customer requested W/WW refund. lshaw","2116 TURTLE MOUNTAIN BND",30.142655,-97.84859
"3707","4437 CAMACHO ST","New 2-story single-family residence attached garage covered porch uncovered balcony.  **VOL BUILD PROJECT**  **RESOLUTION #000420-76 WAIVES FEES FOR THIS SMART HOUSING PROJECT**..62.5% Fee Waived**","4437 CAMACHO STREET",30.29552,-97.701266
"3708","14101 NARUNA WAY","New 2-story single-family residence attached garage covered porch.  **VOL BUILD PROJECT**
**refer to pmt # 2009-013139 for New Construction**","14101 NARUNA WAY",30.4275,-97.662394
"3709","1007 TAULBEE LN Bldg 1 unit A & B","New two Story duplex w/att covered patios & covered porches & attached one car garage & new Detached Garage Bldg 1 unit A & B     **refert to pmt # 2010-052372**","1007 TAULBEE LANE UNIT A",30.345945,-97.717393
"3710","1108 NORTHWESTERN AVE","New Detached Two Family Residential (LDC 25-2-774)","1108 NORTHWESTERN AVE",30.267438,-97.715489
"3711","42 ROBERT T MARTINEZ JR ST Unit A","New two story Single Family Residence to create a Two-Family Use w/ basement  covd wood deck & stairs/balcony ( Primary Structure)","42 ROBERT T MARTINEZ JR STREET UNIT A",30.250672,-97.723238
"3712","1101 W ANNIE ST","New Two Story res w/att garage & covered porch (See 2008-061599 for repermitting)","1101 WEST ANNIE STREET",30.249488,-97.762931
"3713","3823 WESTLAKE DR","New 3 story Single Family Residence with covered porch breezeways balcony terraces and underground equipment rooms.","3823 WESTLAKE DRIVE",30.326756,-97.780141
"3714","1127 LOTT AVE","**ref permit#2009-112848**new two story single family moduar home with wood deck and covered porch","1127 LOTT AVE",30.27241,-97.681075
"3715","1803 E 18TH ST","New 2 story duplex w att garages and cov porch/patio and uncovered 2nd story wood deck   **refer to pmt # 2011-056200**","1803 EAST 18TH STREET",30.278516,-97.721535
"3716","10712 GAILLARDIA DR","New 2-story single-family residence attached garage covered porch and patio.  **VOL BUILD PROJECT**","10712 GAILLARDIA DRIVE",30.314593,-97.899926
"3717","2220 RIVINA DR","New 1-story single-family residence attached garage covered porch and patio.  **VOL BUILD PROJECT**","2220 RIVINA DRIVE",30.312345,-97.902958
"3718","10900 GAILLARDIA DR","New 2-story single-family residence attached garage covered porch and patio.  **VOL BUILD PROJECT**","10900 GAILLARDIA DRIVE",30.315985,-97.900437
"3719","2700 STACY LN","New Two Story Duplex (Unit A & B) w/att entry porches & uncovered balconies","2700 STACY LANE",30.23774,-97.76153
"3720","14107 PANORAMA DR","new 2 story sf res w att garage and cov patio porch and balcony","14107 PANORAMA DRIVE",30.418947,-97.892346
"3721","10805 GAILLARDIA DR","New 2-story single-family residence attached garage covered porch and patio.  **VOL BUILD PROJECT**","10805 GAILLARDIA DRIVE",30.315088,-97.900626
"3722","10228 ENGLISH OAK DR","New 1-story single-family residence attached garage covered porch.  **VOL BUILD PROJECT**","10228 ENGLISH OAK DRIVE",30.155863,-97.801295
"3723","11509 CHERISSE DR","New 2-story single-family residence attached garage covered porch and patio.  **VOL BUILD PROJECT **Bldg only fee waived per Stratus Bank**","11509 CHERISSE DRIVE",30.190757,-97.924249
"3724","11108 CHERISSE DR","New 1-story single-family residence attached garage covered porch and patio.  **VOL BUILD PROJECT**","11108 CHERISSE DRIVE",30.186794,-97.925502
"3725","1114 VARGAS RD","New one story manufactured res  w/att front porch","1114 VARGAS ROAD",30.230696,-97.696438
"3726","1205 GARDEN ST","Partial demolition rear wall & add 1st fl bedroom laundryroom & extend existing kitchen (Refer to W#38403","1205 GARDEN STREET",30.257241,-97.733381
"3727","5920 NELSON OAKS DR","New 2-story single-family residence attached garage covered porch and patio.  **VOL BUILD PROJECT**  **RESOLUTION #000420-76 WAIVES FEES 100% FOR THIS SMART HOUSING PROJECT**.","5920 NELSON OAKS DRIVE",30.283542,-97.628972
"3728","2109 NOBLEMAN DR","New 2-story single-family residence attached garage covered porch and patio.  **VOL BUILD PROJECT**","2109 NOBLEMAN DRIVE",30.370374,-97.651125
"3729","1706 E 21ST ST","New 1 story sf res (3 bdrm 2.5 bth) w uncovd wood decks.","1706 EAST 21ST STREET",30.281767,-97.722979
"3730","804 E 45TH ST","new 2 story sf res w det garage and cov patio and porch refer# 2013-051812-BP","804 EAST 45TH STREET",30.306283,-97.719992
"3731","2313 GILIA DR","New 2-story single-family residence attached garage covered porch and patio.  **VOL BUILD PROJECT**  (See 2008-093708)","2313 GILIA DRIVE",30.311027,-97.906219
"3732","5725 TOSCANA AVE","**ref permit#2009-098345**New 2-story single-family residence attached garage covered porch.","5725 TOSCANA AVE",30.287799,-97.643626
"3733","2907 BREEZE TER","New One story (850) Two Family Residential(LDC 25-2-774)( 3 off street parking required)","2907 BREEZE TER",30.285336,-97.718767
"3734","6807 COVERED BRIDGE DR","New 2-story single-family residence attached garage covered porch.   **VOL BUILD PROJECT**","6807 COVERED BRIDGE DRIVE",30.247544,-97.89578
"3735","4124 VALLEY VIEW RD BLDG 3","**ref permit#09-115713*****new 2 story duplex w att garage and cov porch","4124 VALLEY VIEW ROAD BLDG 3",30.230593,-97.785525
"3736","4124 VALLEY VIEW RD BLDG 2","**ref permit#2009-115751**new 2 story duplex w att garage and cov porches","4124 VALLEY VIEW ROAD BLDG 2",30.230593,-97.785525
"3737","3820 HARGIS ST","New 2-story single-family residence attached garage covered porch and patio.  **VOL BUILD PROJECT** Smart Housing 62.5% Waived","3820 HARGIS STREET",30.290632,-97.701971
"3738","11004 SHORT SPRINGS DR","New 2-story single-family residence attached garage covered porch and patio.  **VOL BUILD PROJECT**","11004 SHORT SPRINGS DRIVE",30.363601,-97.646386
"3739","1806 CROWN DR","New 2 story single-family attached residence (25-2-772).  Att 1 car garage covd front porch. Covd rear patio (3 bdrm 2.5 bath).  Covd breezeway to attach units.","1806 CROWN DRIVE",30.225858,-97.788662
"3740","1707 SANCHEZ ST Unit G & H","See final demo permit #2011-050192BP**New two story duplex w/ attached garage covd porch balconies at ends of units uncovd roof terrace above garage. (units G & H)","1707 SANCHEZ STREET UNIT G",30.280698,-97.706364
"3741","12312 BUVANA DR","New 2-story single-family residence attached garage covered porch and patio. **Only Bldg fee waived per Stratus Bank**","12312 BUVANA DRIVE",30.179003,-97.91907
"3742","7301 MITRA DR","New 2 story SF residence w/ outdoor living covd front porch & bay window. **Only Bldg fee waived per Stratus Bank**","7301 MITRA DRIVE",30.180118,-97.916628
"3743","10916 BIDENS PL","New 2-story single-family residence attached garage covered porch and patio uncovered courtyard.  **VOL BUILD PROJECT**","10916 BIDENS PLACE",30.312069,-97.904004
"3744","11913 TERRAZA CIR","New construction Multi-Family Res. Townhomes.
refer to pmt#2014-004491","11913 TERRAZA CIR",30.428587,-97.845126
"3745","11429 LOST MAPLES TRL","New Multi-Family Res Townhome (Bldg 30 Unit S)","11429 LOST MAPLES TRAIL",30.154135,-97.832854
"3746","11901 TERRAZA CIR","New construction Multi-Family Res. Townhomes.
refer to pmt#2014-004487","11901 TERRAZA CIR",30.428487,-97.844909
"3747","11833 TERRAZA CIR","New construction Multi-Family Res. Townhomes.","11833 TERRAZA CIR",30.428336,-97.844642
"3748","12108 TERRAZA CIR","New Construction Multi-Family Residence Townhomes.","12108 TERRAZA CIR",30.428225,-97.845528
"3749","12221 TERRAZA CIR","New construction Multi-Family Res. Townhomes.","12221 TERRAZA CIR",30.427924,-97.844317
"3750","11905 TERRAZA CIR","New construction Multi-Family Res. Townhomes.
refer to pmt#2014-004489","11905 TERRAZA CIR",30.428518,-97.844985
"3751","12213 TERRAZA CIR","New construction Multi-Family Res. Townhomes.","12213 TERRAZA CIR",30.428037,-97.844557
"3752","12129 TERRAZA CIR","New construction Multi-Family Res. Townhomes.","12129 TERRAZA CIR",30.428288,-97.845032
"3753","11825 TERRAZA CIR","New construction Multi-Family Res. Townhomes.","11825 TERRAZA CIR",30.428276,-97.844505
"3754","12112 TERRAZA CIR","New Construction Multi-Family Residence Townhomes.","12112 TERRAZA CIR",30.428186,-97.84545
"3755","11417 LOST MAPLES TRL","New Multi-Family Res Townhome (Bldg 28 Unit M) (See 12-064010)","11417 LOST MAPLES TRAIL",30.153746,-97.832791
"3756","12300 TERRAZA CIR","New Construction Multi-Family Residence Townhomes.","12300 TERRAZA CIR BLDG A",30.427424,-97.84394
"3757","11433 LOST MAPLES TRL","New Multi-Family Res Townhome (Bldg 30 Unit M) (See 2012-064059)","11433 LOST MAPLES TRAIL",30.154189,-97.83282
"3758","11829 TERRAZA CIR","New construction Multi-Family Res. Townhomes.","11829 TERRAZA CIR",30.428309,-97.844573
"3759","12209 TERRAZA CIR","New construction Multi-Family Res. Townhomes.","12209 TERRAZA CIR",30.428078,-97.844633
"3760","11805 TERRAZA CIR","New construction Multi-Family Res. Townhomes.","11805 TERRAZA CIR",30.42809,-97.844124
"3761","12116 TERRAZA CIR","New Construction Multi-Family Residence Townhomes.","12116 TERRAZA CIR",30.428139,-97.845322
"3762","11413 LOST MAPLES TRL","New Multi-Family Res Townhome (Bldg 28 Unit S)","11413 LOST MAPLES TRAIL",30.15372,-97.832718
"3763","12225 TERRAZA CIR","New construction Multi-Family Res. Townhomes.","12225 TERRAZA CIR",30.427893,-97.844248
"3764","12121 TERRAZA CIR","New construction Multi-Family Res. Townhomes.","12121 TERRAZA CIR",30.428348,-97.845171
"3765","11920 TERRAZA CIR","New Construction Multi-Family Residence Townhomes.","11920 TERRAZA CIR",30.428902,-97.845148
"3766","11233 LOST MAPLES TRL","New Multi-Family Res Townhome (Bldg 16 Unit M)","11233 LOST MAPLES TRAIL",30.155308,-97.832452
"3767","11801 TERRAZA CIR","New construction Multi-Family Res. Townhomes.
refer to pmt#2014-00196","11801 TERRAZA CIR",30.428055,-97.844041
"3768","11813 TERRAZA CIR","New construction Multi-Family Res. Townhomes.","11813 TERRAZA CIR",30.428153,-97.844257
"3769","11229 LOST MAPLES TRL","New Multi-Family Res Townhome (Bldg 16 Unit S)

PHASE 24","11229 LOST MAPLES TRAIL",30.155369,-97.832477
"3770","12229 TERRAZA CIR","New construction Multi-Family Res. Townhomes.","12229 TERRAZA CIR",30.427859,-97.844176
"3771","12128 TERRAZA CIR","New Construction Multi-Family Residence Townhomes.","12128 TERRAZA CIR",30.428003,-97.845039
"3772","11421 LOST MAPLES TRL","New Multi-Family Res Townhome (Bldg 29 Unit S)","11421 LOST MAPLES TRAIL",30.153898,-97.832839
"3773","12205 TERRAZA CIR","New construction Multi-Family Res. Townhomes.","12205 TERRAZA CIR",30.428111,-97.8447
"3774","11809 TERRAZA CIR","New construction Multi-Family Res. Townhomes.","11809 TERRAZA CIR",30.42812,-97.844187
"3775","11924 TERRAZA CIR","New Construction Multi-Family Residence Townhomes.","11924 TERRAZA CIR",30.428933,-97.845317
"3776","12124 TERRAZA CIR","**ref permit#2012-071827**New Construction Multi-Family Residence Townhomes.","12124 TERRAZA CIR",30.428036,-97.845104
"3777","11928 TERRAZA CIR","New Construction Multi-Family Residence Townhomes.","11928 TERRAZA CIR",30.428945,-97.845426
"3778","11909 TERRAZA CIR","New construction Multi-Family Res. Townhomes.
refer to pmt#2014-004490","11909 TERRAZA CIR",30.428554,-97.84505
"3779","12125 TERRAZA CIR","New construction Multi-Family Res. Townhomes.","12125 TERRAZA CIR",30.428313,-97.845111
"3780","11221 BRIGHT LEAF TER","New Multi-Family Residential Townhome BLDG 14 UNIT M  (refer#2011-101582)","11221 BRIGHT LEAF TER",30.155301,-97.831855
"3781","11209 BRIGHT LEAF TER","New Multi-Family Residential Townhome BLDG 13 UNIT M   **refer to pmt# 2011-100528*","11209 BRIGHT LEAF TER",30.155569,-97.831872
"3782","11401 LOST MAPLES TRL","New Multi-Family Res Townhome -  BLDG 27 UNIT S","11401 LOST MAPLES TRAIL",30.153656,-97.832401
"3783","11200 LOST MAPLES TRL","New Multi-Family Res Townhome - BLDG 5 UNIT M","11200 LOST MAPLES TRAIL",30.155811,-97.832832
"3784","11317 LOST MAPLES TRL","New Multi-Family Res Townhome -  BLDG 24 UNIT M","11317 LOST MAPLES TRAIL",30.1542,-97.832169
"3785","11212 LOST MAPLES TRL","New Multi-Family Residential Townhome - BLDG 4 UNIT M","11212 LOST MAPLES TRAIL",30.155514,-97.832983
"3786","11141 BRIGHT LEAF TER","New Multi-Family Residential Townhome - BLDG 12 UNIT M","11141 BRIGHT LEAF TER",30.155828,-97.83192
"3787","11329 LOST MAPLES TRL","New Multi-Family Res Townhome -  BLDG 25 UNIT M (See 2012-063946)","11329 LOST MAPLES TRAIL",30.153928,-97.832139
"3788","11333 LOST MAPLES TRL","New Multi-Family Res Townhom  - BLDG 12 UNIT S. See pmt #2012-017327","11333 LOST MAPLES TRAIL",30.153669,-97.832111
"3789","11116 BRIGHT LEAF TER","New Multi-Family Res Townhome -  BLDG 20 UNIT M","11116 BRIGHT LEAF TER",30.156207,-97.83225
"3790","11137 BRIGHT LEAF TER","New Multi-Family Residential Townhome -  BLDG 12 UNIT L","11137 BRIGHT LEAF TER",30.1559,-97.831925
"3791","11216 LOST MAPLES TRL","New Multi-Family Residential Townhomes - BLDG 4 UNIT L (see 2012-064025)","11216 LOST MAPLES TRAIL",30.155513,-97.832899
"3792","11220 LOST MAPLES TRL","New Multi-Family Residential Townhomes - BLDG 4 UNIT S (see 2012-064026)","11220 LOST MAPLES TRAIL",30.15551,-97.832828
"3793","11212 BRIGHT LEAF TER","New Multi-Family Residential Townhome - BLDG 4 UNIT M    **refer to pmt# 2011-100545**","11212 BRIGHT LEAF TER",30.155297,-97.832215
"3794","11133 BRIGHT LEAF TER","New Multi-Family Residential Townhome  -  BLDG 12 UNIT S","11133 BRIGHT LEAF TER",30.155957,-97.831925
"3795","11252 LOST MAPLES TRL","New Multi-Family Residential Townhomes - BLDG 2 UNIT S","11252 LOST MAPLES TRAIL",30.154966,-97.832716
"3796","11405 LOST MAPLES TRL","New Multi-Family Res Townhome - BLDG 27 UNIT L","11405 LOST MAPLES TRAIL",30.153659,-97.832483
"3797","11205 BRIGHT LEAF TER","New Multi-Family Residential Townhomes BLDG 13 UNIT L   **refer to pmt # 2011-100527**","11205 BRIGHT LEAF TER",30.155633,-97.831875
"3798","11124 BRIGHT LEAF TER","New Multi-Family Res Townhome","11124 BRIGHT LEAF TER",30.156068,-97.83227
"3799","11321 LOST MAPLES TRL","New Multi-Family Res Townhome -  BLDG 25 UNIT S","11321 LOST MAPLES TRAIL",30.154067,-97.832145
"3800","11213 BRIGHT LEAF TER","New Multi-Family Residential Townhome BLDG 14 UNIT S  refer# 2011-101583","11213 BRIGHT LEAF TER",30.155442,-97.83186
"3801","11204 LOST MAPLES TRL","New Multi-Family Residential Townhomes - BLDG 5 UNIT L","11204 LOST MAPLES TRAIL",30.15581,-97.832914
"3802","11208 LOST MAPLES TRL","New Multi-Family Residential Townhomes - BLDG 5 UNIT S","11208 LOST MAPLES TRAIL",30.155809,-97.832995
"3803","11217 BRIGHT LEAF TER","New Multi-Family Residential Townhome - BLDG 14 UNIT L   refer# 2011-101581-BP","11217 BRIGHT LEAF TER",30.155374,-97.831856
"3804","11244 LOST MAPLES TRL","New Multi-Family Residential Townhomes - BLDG 2 UNIT M (See 2012-064097)","11244 LOST MAPLES TRAIL",30.154968,-97.832864
"3805","11201 BRIGHT LEAF TER","New Multi-Family Residential Townhome BLDG 13 UNIT S    **refer to pmt # 2011-100526**","11201 BRIGHT LEAF TER",30.155703,-97.831871
"3806","11337 LOST MAPLES TRL","New Multi-Family Res Townhome - BLDG 26 UNIT L. See pmt #2012-017328","11337 LOST MAPLES TRAIL",30.153669,-97.832186
"3807","11120 BRIGHT LEAF TER","New Multi-Family Res Townhome BLDG 20 UNIT S","11120 BRIGHT LEAF TER",30.156142,-97.832263
"3808","11248 LOST MAPLES TRL","New Multi-Family Residential Townhomes - BLDG 2 UNIT L (See 2012-064096)","11248 LOST MAPLES TRAIL",30.154966,-97.832793
"3809","11325 LOST MAPLES TRL","New Multi-Family Res Townhome -  BLDG 25 UNIT L (See 2012-063945)","11325 LOST MAPLES TRAIL",30.153997,-97.832147
"3810","11341 LOST MAPLES TRL","New Multi-Family Res Townhome BLDG 26 UNIT M. See #2012-017329","11341 LOST MAPLES TRAIL",30.153667,-97.83227
"3811","11309 LOST MAPLES TRL","New Multi-Family Res Townhome -  BLDG 24 UNIT S **Voided permit new permit issued refer to pmt 2011-063748BP**","11309 LOST MAPLES TRAIL",30.154313,-97.832227
"3812","11313 LOST MAPLES TRL","New Multi-Family Res Townhome - BLDG 24 UNIT L","11313 LOST MAPLES TRAIL",30.154257,-97.832197
"3813","11409 LOST MAPLES TRL","New Multi-Family Residential Townhome BLDG 27 UNIT M (See 2012-063759)","11409 LOST MAPLES TRAIL",30.153653,-97.832559
"3814","13004 NOCHE CLARA DR","New 1-story single-family residence attached garage covered porch.  **VOL BUILD PROJECT**  **RESOLUTION #000420-76 WAIVES FEES FOR THIS SMART HOUSING PROJECT**.","13004 NOCHE CLARA DRIVE",30.167534,-97.619958
"3815","2825 PALOMINO TRL","New Manufactured Home w/deck","2825 PALOMINO TRAIL",30.20956,-97.692865
"3816","7305 TRENTON DR","New 2 story sf res. att 3 car garage covd front porch covd rear patio.   **refer to pmt # 2011-014471**","7305 TRENTON DRIVE",30.249163,-97.915963
"3817","2217 GILIA DR","New 1-story single-family residence attached garage covered porch and patio.  **VOL BUILD PROJECT**","2217 GILIA DRIVE",30.310887,-97.905401
"3818","10716 GAILLARDIA DR","New 2-story single-family residence attached garage covered porch and patio.  **VOL BUILD PROJECT**","10716 GAILLARDIA DRIVE",30.314827,-97.900001
"3819","2301 GILIA DR","New 1-story single-family residence attached garage covered porch.  **VOL BUILD PROJECT**","2301 GILIA DRIVE",30.310934,-97.905749
"3820","11113 BRIGHT LEAF TER","New Multi-Family Residential Townhome (4-PLEX BLDG 10 UNIT M)","11113 BRIGHT LEAF TER",30.156413,-97.831881
"3821","1725 MONAHANS LN","New Multi-Family Residential Townhome (4-PLEX BLDG 19 UNIT B)","1725 MONAHANS LANE",30.156388,-97.832312
"3822","1708 MONAHANS LN","New Multi-Family Residential Townhome (4-PLEX BLDG 18 UNIT M)","1708 MONAHANS LANE",30.15685,-97.832144
"3823","11136 BRIGHT LEAF TER","New Multi-Family Residential Townhome (4-PLEX BLDG 21 UNIT B)  **refer to pmt # 2011-100560**","11136 BRIGHT LEAF TER",30.155823,-97.83227
"3824","11128 BRIGHT LEAF TER","New Mult-Family Residential Townhome (4-PLEX BLDG 21 UNIT M)   **refer to pmt # 2011-100558**","11128 BRIGHT LEAF TER",30.155948,-97.832282
"3825","11204 BRIGHT LEAF TER","New Multi-Family Residential Townhome (4-PLEX BLDG 15  UNIT L)   **refer to pmt # 2011-100543**","11204 BRIGHT LEAF TER",30.155442,-97.832223
"3826","11140 BRIGHT LEAF TER","New Multi-Family Residential Townhome (4-PLEX BLDG 21 UNIT S)   **refer to pmt # 2011-100561**","11140 BRIGHT LEAF TER",30.155747,-97.832272
"3827","1729 MONAHANS LN","New Multi-Family Residential Townhome (4-PLEX BLDG 19 UNIT L)","1729 MONAHANS LANE",30.156378,-97.832401
"3828","11117 BRIGHT LEAF TER","New Multi-Family Residential Townhome (4-PLEX BLDG 11 UNIT S)","11117 BRIGHT LEAF TER",30.156278,-97.831898
"3829","1733 MONAHANS LN","**ref permit#2011-101908***New Multi-Family Residential Townhome (4-PLEX BLDG 19 UNIT M)","1733 MONAHANS LANE",30.156368,-97.832471
"3830","11232 LOST MAPLES TRL","New Multi-Family Residential Townhome (4-PLEX BLDG 3 UNIT L) (See 2012-063808)","11232 LOST MAPLES TRAIL",30.155271,-97.83281
"3831","11240 LOST MAPLES TRL","New Multi-Family Residential Townhome (4-PLEX BLDG 3 UNIT S) (See 2012-063810)","11240 LOST MAPLES TRAIL",30.155271,-97.832967
"3832","114 W 33RD ST","New two story SF Res w/ covered patio covd porch screened porch & 2nd story covd balcony ( See 2008-092395)","114 WEST 33RD STREET",30.298449,-97.73665
"3833","1720 MONAHANS LN","New Multi-Family Residential Townhome (4-PLEX BLDG 18 UNIT S)","1720 MONAHANS LANE",30.156744,-97.832352
"3834","1716 MONAHANS LN","New Multi-Family Residential Townhome (4-PLEX BLDG 18 UNIT B)","1716 MONAHANS LANE",30.156782,-97.832279
"3835","1712 MONAHANS LN","New Multi-Family Residential Townhome (4-PLEX BLDG 18  UNIT L)  refer# 2012-027971-BP","1712 MONAHANS LANE",30.156817,-97.832208
"3836","11208 BRIGHT LEAF TER","New Multi-Family Residential Townhome (4-PLEX BLDG 15 UNIT B)   **refer to pmt # 2011-100544*","11208 BRIGHT LEAF TER",30.155365,-97.832221
"3837","11132 BRIGHT LEAF TER","New Mult-Family Residential Townhome (4-PLEX BLDG 21 UNIT L)   **refer to pmt# 2011-100559**","11132 BRIGHT LEAF TER",30.155888,-97.832276
"3838","11121 BRIGHT LEAF TER","New Multi-Family Residential Townhome (4-PLEX BLDG 11 UNIT B)","11121 BRIGHT LEAF TER",30.156218,-97.831898
"3839","11212 BRIGHT LEAF TER","New Multi-Family Residential Townhome (4-PLEX BLDG 15 UNIT S)   **refer to pmt# 2011-100545**","11212 BRIGHT LEAF TER",30.155297,-97.832215
"3840","11101 BRIGHT LEAF TER","New Multi-Family Residential Townhome (4-PLEX BLDG 10 UNIT S)","11101 BRIGHT LEAF TER",30.15661,-97.83189
"3841","1721 MONAHANS LN","New Multi-Family Residential Townhome (4-PLEX BLDG 19 UNIT S)  refer# 2011-101905","1721 MONAHANS LANE",30.156396,-97.832248
"3842","11236 LOST MAPLES TRL","New Multi-Family Residential Townhome (4-PLEX BLDG 3 UNIT B) (See 2012-063809)","11236 LOST MAPLES TRAIL",30.155269,-97.832877
"3843","11125 BRIGHT LEAF TER","New Multi-Family Residential Townhome (4-PLEX BLDG 11 UNIT L)","11125 BRIGHT LEAF TER",30.156161,-97.831892
"3844","11109 BRIGHT LEAF TER","New Multi-Family Residential Townhome (4-PLEX BLDG 10 UNIT L)","11109 BRIGHT LEAF TER",30.15648,-97.831883
"3845","11200 BRIGHT LEAF TER","New Multi-Family Residential Townhome (4-PLEX BLDG 15  UNIT M)   **refer to pmt # 2011-100542**","11200 BRIGHT LEAF TER",30.155505,-97.832221
"3846","11129 BRIGHT LEAF TER","New Multi-Family Residential Townhome (4-PLEX BLDG 11 UNIT M)","11129 BRIGHT LEAF TER",30.156091,-97.831885
"3847","11105 BRIGHT LEAF TER","New Multi-Family Residential Townhome (4-PLEX BLDG 10 UNIT B)","11105 BRIGHT LEAF TER",30.156544,-97.831888
"3848","11228 LOST MAPLES TRL","New Multi-Family Residential Townhome (4-PLEX BLDG 3 UNIT M)","11228 LOST MAPLES TRAIL",30.155272,-97.832741
"3849","6808 DERBY DOWNS DR","New 2-story single-family residence attached garage covered porch.   **VOL BUILD PROJECT**  **RESOLUTION #000420-76 WAIVES FEES FOR THIS SMART HOUSING PROJECT**.    **Refer to pmt# 2008-090897 for New Construction**","6808 DERBY DOWNS DRIVE",30.150508,-97.741187
"3850","10511 MARFA DR","New 2 Sty Condo W/ Attached Garage & Covd Porch.  (unit #285)","10511 MARFA DRIVE",30.16429,-97.825825
"3851","2313 SULLY CREEK DR","New 1-story single-family residence attached garage covered porch and patio.  **VOL BUILD PROJECT**","2313 SULLY CREEK DRIVE",30.145451,-97.849665
"3852","3007 SUNRIDGE DR","New 2 story sf res. Att 2 car garage covd front porch uncovd front balcony rear covd patio w/ uncovd deck above.","3007 SUNRIDGE DRIVE",30.219316,-97.726457
"3853","11217 PERSIMMON GAP DR","New 1-story single-family residence attached garage covered porch and patio.  **VOL BUILD PROJECT**","11217 PERSIMMON GAP DRIVE",30.493152,-97.791745
"3854","10609 STRAW FLOWER DR","New 2-story single-family residence attached garage covered porch and patio.  **VOL BUILD PROJECT**","10609 STRAW FLOWER DRIVE",30.313485,-97.897715
"3855","115 HAVANA ST","New 2 story sf res (3 bdrm 2.5 bth and finished attic) w/ att 1 car garage covd front porch covd side walkway 2nd story uncovd front balcony.","115 HAVANA STREET",30.23187,-97.759808
"3856","3405 STEPHANS ST","New 2-story single-family residence attached garage covered porch.  **VOL BUILD PROJECT**","3405 STREET",30.394138,-97.618219
"3857","4527 DEPEW AVE","New 2 story sf res.  Att rear 1 car garage covd front porch covd side patio. refer #2014-006669-BP","4527 DEPEW AVE",30.305571,-97.717726
"3858","8009 ALOPHIA DR","New 2-story single-family residence attached garage covered porch and patio.  **VOL BUILD PROJECT**  Stratus Bank-Building Fee only waived**See 2012-073262 for repermit)","8009 ALOPHIA DRIVE",30.18927,-97.922546
"3859","7309 JABORANDI DR","New 1-story single-family residence attached garage covered porch and patio.  **VOL BUILD PROJECT**  STRATUS BANK*BUILDING WAIVED NOT TRADES**","7309 JABORANDI DRIVE",30.186395,-97.920545
"3860","2205 RIVINA DR","New 1-story single-family residence attached garage covered porch and patio.   **VOL BUILD PROJECT**","2205 RIVINA DRIVE",30.311779,-97.903226
"3861","2221 GILIA DR","New 2-story single-family residence attached garage covered porch and patio.  **VOL BUILD PROJECT**","2221 GILIA DRIVE",30.310911,-97.905583
"3862","2212 RIVINA DR","New 2-story single-family residence attached garage covered porch.   **VOL BUILD PROJECT**","2212 RIVINA DRIVE",30.312088,-97.902847
"3863","2224 GILIA DR","New 1-story single-family residence attached garage covered porch and patio.  **VOL BUILD PROJECT**","2224 GILIA DRIVE",30.311271,-97.905446
"3864","10813 GAILLARDIA DR","New 2-story single-family residence attached garage covered porch and patio covered balcony.   **VOL BUILD PROJECT**","10813 GAILLARDIA DRIVE",30.315532,-97.900735
"3865","14205 MARATHON RD","New 1-story single-family residence attached garage covered porch and patio.   **VOL BUILD PROJECT**","14205 MARATHON ROAD",30.492411,-97.793948
"3866","11528 CHERISSE DR","New 2-story single-family residence attached garage covered porch and patio.   **VOL BUILD PROJECT**","11528 CHERISSE DRIVE",30.190419,-97.92304
"3867","2203 NEW YORK AVE","New Manufactured Home w/ covered porch & wood deck & steps","2203 NEW YORK AVE",30.273099,-97.716441
"3868","1004 JUNIPER ST","new two story sf res with covered porchsmart housing 100% waived","1004 JUNIPER STREET",30.270226,-97.729341
"3869","1612 S 3RD ST","new two story duplex","1612 SOUTH 3RD STREET",30.249362,-97.758437
"3870","1100 TILLERY ST","Withdraw application and re submitted under 2009-12889BP. New two story res w/att covered patio & deck ( 2.5 bahtrooms 5/8 meter)","1100 TILLERY STREET",30.264398,-97.703213
"3871","5002 DELORES AVE","New 1 story sf res. Covd front porch covd rear wood deck uncovd wood deck.","5002 DELORES AVE",30.27519,-97.684133
"3872","6000 S CONGRESS AVE BLDG 9","NEW MULTI-FAMILY RESIDENTIAL TOWNHOMES","6000 SOUTH CONGRESS AVE BLDG 9",30.199874,-97.776669
"3873","6000 S CONGRESS AVE BLDG 12","NEW MULTI-FAMILY RESIDENTIAL TOWNHOMES","6000 SOUTH CONGRESS AVE BLDG 12",30.199874,-97.776669
"3874","6000 S CONGRESS AVE BLDG 13","NEW MULTI-FAMILY RESIDENTIAL TOWNHOMES","6000 SOUTH CONGRESS AVE BLDG 13",30.199874,-97.776669
"3875","6000 S CONGRESS AVE BLDG 16","NEW MULTI-FAMILY RESIDENTIAL TOWNHOMES","6000 SOUTH CONGRESS AVE BLDG 16",30.199874,-97.776669
"3876","6000 S CONGRESS AVE BLDG 10","NEW MULTI-FAMILY RESIDENTIAL TOWNHOMES","6000 SOUTH CONGRESS AVE BLDG 10",30.199874,-97.776669
"3877","6000 S CONGRESS AVE BLDG 11","NEW MULTI-FAMILY RESIDENTIAL TOWNHOMES","6000 SOUTH CONGRESS AVE BLDG 11",30.199874,-97.776669
"3878","6000 S CONGRESS AVE BLDG 15","NEW MULTI-FAMILY RESIDENTIAL TOWNHOMES","6000 SOUTH CONGRESS AVE BLDG 15",30.199874,-97.776669
"3879","6000 S CONGRESS AVE BLDG 19","NEW MULTI-FAMILY RESIDENTIAL TOWNHOMES","6000 SOUTH CONGRESS AVE BLDG 19",30.199874,-97.776669
"3880","6000 S CONGRESS AVE BLDG 20","NEW MULTI-FAMILY RESIDENTIAL TOWNHOMES","6000 SOUTH CONGRESS AVE BLDG 20",30.199874,-97.776669
"3881","6000 S CONGRESS AVE BLDG 14","NEW MULTI-FAMILY RESIDENTIAL TOWNHOMES","6000 SOUTH CONGRESS AVE BLDG 14",30.199874,-97.776669
"3882","6000 S CONGRESS AVE BLDG 17","NEW MULTI-FAMILY RESIDENTIAL TOWNHOMES","6000 SOUTH CONGRESS AVE BLDG 17",30.199874,-97.776669
"3883","6000 S CONGRESS AVE BLDG 7","NEW MULTI-FAMILY RESIDENTIAL TOWNHOMES","6000 SOUTH CONGRESS AVE BLDG 7",30.199874,-97.776669
"3884","6000 S CONGRESS AVE BLDG 8","NEW MULTI-FAMILY RESIDENTIAL TOWNHOMES","6000 SOUTH CONGRESS AVE BLDG 8",30.199874,-97.776669
"3885","1104 VASQUEZ ST","New Manufactured home w/att porch & steps (Demolition #                         )","1104 VASQUEZ STREET",30.230422,-97.694476
"3886","6000 S CONGRESS AVE BLDG 18","NEW MULTI-FAMILY RESIDENTIAL TOWNHOMES","6000 SOUTH CONGRESS AVE BLDG 18",30.199874,-97.776669
"3887","6900 VILLITA CV","new 1 story sf urban home w cov porch **SMART House**100%waived (See 2008-076153)","6900 VILLITA CV",30.230462,-97.691379
"3888","3314 THOMAS KINCHEON ST","New 1 story sf res.  Att 2 car garage w/ porte cochere to front covd front porch covd rear patio.","3314 THOMAS KINCHEON STREET",30.201485,-97.834581
"3889","8205 KIRKWALL CV","New Swimming pool to complete Permit#03000537","8205 KIRKWALL CV",30.209996,-97.855304
"3890","200 KISSING OAK DR","New 1-story single-family residence attached garage covered porch.   **VOL BUILD PROJECT**","200 KISSING OAK DRIVE",30.15703,-97.800732
"3891","5328 AGATHA CIR","New Two story res w/att Garagew wood decks covered patiio & balcony","5328 AGATHA CIR",30.283032,-97.64857
"3892","5340 AGATHA CIR","new 2 story sf res w cov porch and wood deck","5340 AGATHA CIR",30.283453,-97.648584
"3893","6013 TOSCANA AVE","New 2-story single-family residence attached garage covered porch.","6013 TOSCANA AVE",30.290337,-97.641653
"3894","1407 KENDALIA ST","New 2 Sty Condo W/ Attached Garage & Covd Porch.  (Unit 349)","1407 KENDALIA STREET",30.164232,-97.824422
"3895","7817 WISTERIA VALLEY DR","New 2-story single-family residence attached garage covered porch and patio.   **VOL BUILD PROJECT Bldg fee waived for Stratus Bank**","7817 WISTERIA VALLEY DRIVE",30.187752,-97.924247
"3896","1304 WOODLAND AVE","Det 2 story two-family residential (2 bdrm 1.5 bath) w/ 1st floor covd screened porch.(cottage)","1304 WOODLAND AVE",30.242197,-97.738178
"3897","3905 CAL RODGERS ST","New 2-story single-family residence attached garage covered porch and patio (designated in the Mueller Development as a Yard House). **Smart Housing 62.5% Waived** See new permit #2008-018801","3905 CAL RODGERS STREET",30.290516,-97.703205
"3898","15424 INTERLACHEN DR","New 2-story single-family residence attached garage covered porch.    **VOL BUILD PROJECT**","15424 INTERLACHEN DRIVE",30.497824,-97.770986
"3899","5921 TOSCANA AVE","new 2 story sf res w covered porches","5921 TOSCANA AVE",30.289785,-97.642082
"3900","10502 GEORGIAN DR","Relocate 1 story sf res from 1705 Justin onto lot.  Construct new att carport.
**VOIDED PMT REFER TO NEW PMT# 2008-072135**","10502 GEORGIAN DRIVE",30.371731,-97.686323
"3901","10509 WYLIE DR","Unit #338 New 2 Stry Condo w/attached garage-porch","10509 WYLIE DRIVE",30.164288,-97.825117
"3902","3700 RIVERCREST DR","new three story single family residence with attached garage covered porch and tower loft; 4/8/2008 - addition of 754 sf of driveway impervious coverage added. total impervious coverage is 47.3% - jfg **2014-089699-BP**","3700 RIVERCREST DRIVE",30.339545,-97.814226
"3903","8610 CULLEN LN BLDG B","add New manufactured home & sunroom to create accessory apartment LDC  25-2-901 (A)& upgrade electric service 
(existing manufactured home on pmt #97-001828)","8610 CULLEN LANE BLDG B",30.173213,-97.790308
"3904","1104 CHRISTIE DR","New 2 story duplex att 1 car garage att 1 car carport covd front porch covd rear patio (all each unit 3 bdrm 2.5 bath each unit).","1104 CHRISTIE DRIVE",30.267886,-97.681504
"3905","901 BOULDIN AVE","**VOID see 2014-063527 R**New 2 story Duplex w/ attached garage covd porch and roof garden with exterior access  w/ 5 bedrooms and 5 bathrooms must provide 5 off-street parking spaces","901 BOULDIN AVE",30.25599,-97.754721
"3906","10505 PREZIA DR","New 2-story single-family residence attached garage covered porch and patio.","10505 PREZIA DRIVE",30.314578,-97.895253
"3907","10609 STRAW FLOWER DR","New 2-story single-family residence attached garage covered porch and patio.   **VOL BUILD PROJECT**","10609 STRAW FLOWER DRIVE",30.313485,-97.897715
"3908","10612 PREZIA DR","New 2-story single-family residence attached garage covered porch and patio covered balcony.   **VOL BUILD PROJECT**","10612 PREZIA DRIVE",30.316151,-97.897171
"3909","5613 TERRAVISTA DR","**ref permiT#2010-082515**New 3 story sf res (2 floors and basement).  Att 2 car garage garage storage uncovd wood deck covd front porch covd rear patio basement storage.","5613 TERRAVISTA DRIVE",30.247944,-97.869854
"3910","12328 PALOMA BLANCA WAY","New 2-story single-family residence attached garage covered porch.   **RESOLUTION #000420-76 WAIVES FEES FOR THIS SMART HOUSING PROJECT**.","12328 PALOMA BLANCA WAY",30.168685,-97.629676
"3911","10509 PREZIA DR","New 2-story single-family residence attached garage covered porch and patio.   **VOL BUILD PROJECT**","10509 PREZIA DRIVE",30.314751,-97.895491
"3912","14204 NARUNA WAY","New 2-story single-family residence attached garage covered porch and patio.   **VOL BUILD PROJECT**","14204 NARUNA WAY",30.427711,-97.660966
"3913","14317 NARUNA WAY","New 2-story single-family residence attached garage covered porch.   **VOL BUILD PROJECT**","14317 NARUNA WAY",30.427712,-97.659861
"3914","7703 STEPHANY TAYLOR CV","New 1 story SF res w/ att. garage covd patio & covd porch","7703 TAYLOR CV",30.188972,-97.799355
"3915","6104 MAGNUS ST","New 1-story single-family residence attached garage covered porch and patio.   **VOL BUILD PROJECT**  (See 2009-012028)","6104 MAGNUS STREET",30.356466,-97.617398
"3916","6008 MAGNUS ST","New 2-story single-family residence attached garage covered porch and patio.   **VOL BUILD PROJECT** (See 2008-081537)","6008 MAGNUS STREET",30.356549,-97.617891
"3917","5321 ENGLISH GLADE DR","New 1-story single-family residence attached garage covered porch and patio.   **VOL BUILD PROJECT**   100%  See Permit #2008-008372 for final permit.****","5321 ENGLISH GLADE DRIVE",30.275447,-97.630842
"3918","2311 THRASHER LN","New Manufactured homes w/concrete steps","2311 THRASHER LANE",30.219415,-97.702511
"3919","11401 CHERISSE DR","new one story res w/att garage covered porch & uncovered patio  (2 bathrooms 5/8 meter) (Volume Builder)","11401 CHERISSE DRIVE",30.189672,-97.926147
"3920","1216 CASEY ST","New Two Story Duplex W/ Attached Carport. CovD Porches & Storage Room. Units A& B","1216 CASEY STREET",30.225479,-97.780378
"3921","3405 BLUMIE ST","new 1 story sf res w att garage and cov porch/patio
**Voided Permit New Permit Issued Refer to Permit Number 2009-023184BP**","3405 BLUMIE STREET",30.203926,-97.834494
"3922","1216 CASEY ST","New Two Story Sf Res W/ Attached Carport CovD Porch & Storage Room. Unit G & H","1216 CASEY STREET",30.225479,-97.780378
"3923","1216 CASEY ST","New Two Story Duplex W/ Attached Carport & Covd Porch Unit E & F","1216 CASEY STREET",30.225479,-97.780378
"3924","1216 CASEY ST","New Two Story Duplex W/ Attached Carport CovD Porch & Storage Building Units K& L","1216 CASEY STREET",30.225479,-97.780378
"3925","3403 BLUMIE ST","new 1 story w att garage and cov porch/patio
**Voided Permit New Permit  Issued Refer to Pmt# 2009-023081BP","3403 BLUMIE STREET",30.203859,-97.834324
"3926","1216 CASEY ST","New two story Duplex w/ attached carport covd porch & storage. Units I & J","1216 CASEY STREET",30.225479,-97.780378
"3927","1216 CASEY ST","New Two Story Duplex With Attached Carport Covered Patios And Attached Storage Rooms Units C & D","1216 CASEY STREET",30.225479,-97.780378
"3928","1800 NORTHWOOD RD","New two story Sf Res w/ attached garage uncovd wood deck front porch covd patio & covd 2nd story deck.    **refer to pmt # 2011-039868**","1800 NORTHWOOD ROAD",30.300889,-97.757189
"3929","400 CELERY LOOP","New 2-story single-family residence attached garage covered porch and patio.","400 CELERY LOOP",30.177842,-97.790018
"3930","10804 STRAW FLOWER DR","New 2-story single-family residence attached garage covered porch and patio.   **VOL BUILD PROJECT**","10804 STRAW FLOWER DRIVE",30.316359,-97.898022
"3931","2324 GILIA DR","New 2-story single-family residence attached garage covered porch and patio.","2324 GILIA DRIVE",30.311551,-97.906586
"3932","807 WALLER ST","new 3 story sf res w att garage uncovered balcony and uncovered stoop","807 WALLER STREET",30.266944,-97.729747
"3933","2105 RALEIGH AVE","new two story sf res with covered patio and covered porch","2105 RALEIGH AVE",30.300177,-97.777279
"3934","5620 ZACHARY SCOTT ST","New 2-story single-family residence attached garage covered porch and patio.   **RESOLUTION #000420-76 WAIVES FEES FOR THIS SMART HOUSING PROJECT**.**Refer to pmt # 2008-053619 for new con.**","5620 ZACHARY SCOTT STREET",30.139422,-97.770145
"3935","1911 E 8TH ST","New 1-story single-family residence covered front porch and uncovered side porch/stoop.
****Please see attachement for request to reactivate permit.  Unable to locate GC 05/20/2013 @11:39AM****","1911 EAST 8TH STREET",30.263017,-97.720987
"3936","15500 ECHO HILLS DR","New two story res w/att garage covered patio & covered porch ( 3 bathrooms 5/8 meter) (Escrow Volume Builder)","15500 ECHO HILLS DRIVE",30.50231,-97.766676
"3937","8901 CORNISH HEN CV","New 2-story single-family residence attached garage covered porch.   **RESOLUTION #000420-76 WAIVES FEES FOR THIS SMART HOUSING PROJECT**.100%","8901 CORNISH HEN CV",30.149497,-97.741483
"3938","9707 ANDERSON MILL RD BLDG 35","NEW DETACHED GARAGE (See permit #07174209 for Condo permit)","9707 ANDERSON MILL ROAD BLDG 35",30.447149,-97.79367
"3939","5921 SILVER SCREEN DR","New 2-story single-family residence attached garage covered porch and patio.   **RESOLUTION #000420-76 WAIVES FEES FOR THIS SMART HOUSING PROJECT**. Reference permit # 2008-058594","5921 SILVER SCREEN DRIVE",30.138763,-97.766626
"3940","5917 SILVER SCREEN DR","New 2-story single-family residence attached garage covered porch and patio.   **RESOLUTION #000420-76 WAIVES FEES FOR THIS SMART HOUSING PROJECT**.","5917 SILVER SCREEN DRIVE",30.138826,-97.766737
"3941","5925 SILVER SCREEN DR","New 1-story single-family residence attached garage covered porch and patio.   **RESOLUTION #000420-76 WAIVES FEES FOR THIS SMART HOUSING PROJECT**. (See 2008-058589)","5925 SILVER SCREEN DRIVE",30.138704,-97.766506
"3942","5612 ZACHARY SCOTT ST","New 1-story single-family residence attached garage covered porch and patio.   **RESOLUTION #000420-76 WAIVES FEES FOR THIS SMART HOUSING PROJECT**.","5612 ZACHARY SCOTT STREET",30.139557,-97.770394
"3943","5616 ZACHARY SCOTT ST","New 1-story single-family residence attached garage covered porch and patio.   **RESOLUTION #000420-76 WAIVES FEES FOR THIS SMART HOUSING PROJECT**.**Refer to pmt# 2008-053638**","5616 ZACHARY SCOTT STREET",30.13949,-97.770269
"3944","5913 SILVER SCREEN DR","New 2-story single-family residence attached garage covered porch and patio.   **RESOLUTION #000420-76 WAIVES FEES FOR THIS SMART HOUSING PROJECT**. ( See 2007-173763)","5913 SILVER SCREEN DRIVE",30.138897,-97.766862
"3945","12128 TIMBER HEIGHTS DR","New 2-story single-family residence attached garage covered porch and patio.   **VOL BUILD PROJECT**","12128 TIMBER HEIGHTS DRIVE",30.372785,-97.648162
"3946","5909 SILVER SCREEN DR","New 2-story single-family residence attached garage covered porch and patio.   **RESOLUTION #000420-76 WAIVES FEES FOR THIS SMART HOUSING PROJECT**.","5909 SILVER SCREEN DRIVE",30.138967,-97.766977
"3947","1908 TOM MILLER ST","New 2-story single-family residence attached garage covered porch and patio covered balcony.   **RESOLUTION #000420-76 WAIVES 62.5%FEES FOR THIS SMART HOUSING PROJECT**. **refer to pmt # 08-005878**","1908 TOM MILLER STREET",30.293744,-97.706908
"3948","8212 DENALI PKWY","new Swimming pool & spa","8212 DENALI PKWY",30.425882,-97.858063
"3949","6319 S PLEASANT VALLEY RD","Move new 1 story sf manufactured home onto lot.","6319 SOUTH PLEASANT VALLEY ROAD",30.18345,-97.744612
"3950","5825 SILVER SCREEN DR","New 2-story single-family residence attached garage covered porch and patio.   **RESOLUTION #000420-76 WAIVES FEES FOR THIS SMART HOUSING PROJECT**.","5825 SILVER SCREEN DRIVE",30.139234,-97.76747
"3951","6808 VALBURN DR","New Temporary Construction Trailer (6 months)","6808 VALBURN DRIVE",30.370709,-97.781594
"3952","200 KISSING OAK DR","New 1-story single-family residence attached garage covered porch.   **VOL BUILD PROJECT**","200 KISSING OAK DRIVE",30.15703,-97.800732
"3953","4005 CAMACHO ST","New 2-story single-family residence attached garage covered porch and patio.  **RESOLUTION #000420-76 WAIVES FEES FOR THIS SMART HOUSING PROJECT**. 62.5%         **Refer to pmt# 2009-021064 for new construction**","4005 CAMACHO STREET",30.291708,-97.704872
"3954","2021 MC CLOSKEY ST","New 2-story single-family residence attached garage covered porch and patio covered balcony.   **RESOLUTION #000420-76 WAIVES 62.5%FEES FOR THIS SMART HOUSING PROJECT**.
**REF permit#2009-020369***","2021 MC CLOSKEY STREET",30.29269,-97.704092
"3955","14200 NARUNA WAY","New 1 story sf res.  att 2 car garage covd front porch covd rear patio.","14200 NARUNA WAY",30.427776,-97.661136
"3956","14116 NARUNA WAY","New 2 story sf res. att 2 car garage covd front porch.","14116 NARUNA WAY",30.427832,-97.661307
"3957","404 CHINESE ELM CT","New 1-story single-family residence attached garage covered porch.   **VOL BUILD PROJECT**","404 CHINESE ELM CT",30.15924,-97.804513
"3958","2032 ANTONE ST","new 2-story sf yard house. Att garage covd front porch/patio/breezeway 
**Smart Housing 62.5% Waived**","2032 ANTONE STREET",30.291611,-97.70363
"3959","10500 AVERY CLUB DR BLDG 28","New Two Story res w/att garage covered patio & covered porch","10500 AVERY CLUB DRIVE BLDG 28",30.50312,-97.770853
"3960","2512 E 10TH ST","Move 1 story sf res w/ covd front porch onto lot (relo from 711 W Live Oak).
**Voided permit new permit issued refer to pmt 2010-030569BP**","2512 EAST 10TH STREET",30.266089,-97.714332
"3961","1312 DELANO ST","New 1 story sf res.  covd front porch uncovd rear wood deck w/ steps to grade uncovd side wood deck w/ steps to grade.   **refer to pmt # 2012-113556**","1312 DELANO STREET",30.27632,-97.679387
"3962","14313 NARUNA WAY","New 1 story sf res. att 2 car garage covd front porch covd rear patio.","14313 NARUNA WAY",30.427591,-97.65993
"3963","4009 CAMACHO ST","New 2-story single-family residence attached garage covered porch and patio uncovered balcony.   **RESOLUTION #000420-76 WAIVES FEES FOR THIS SMART HOUSING PROJECT-62.5% Fee Waived**.","4009 CAMACHO STREET",30.291834,-97.704869
"3964","10920 CANFIELD DR","New 2-story single-family residence attached garage covered porch.  **VOL BUILD PROJECT**","10920 CANFIELD DRIVE",30.189088,-97.911007
"3965","10913 CANFIELD DR","New 2-story single-family residence attached garage covered porch and patio covered wood deck.  **VOL BUILD PROJECT**","10913 CANFIELD DRIVE",30.189727,-97.910403
"3966","10900 CANFIELD DR","New 1-story single-family residence attached garage covered porch/entry foyer and lanai.  **VOL BUILD PROJECT**","10900 CANFIELD DRIVE",30.190387,-97.910915
"3967","813 MAHOMET DR","New 1 story sf res. att 2 car garage covd front porch.","813 MAHOMET DRIVE",30.428046,-97.660621
"3968","14208 NARUNA WAY","New 1 story sf res. att 2 car garage covd front porch.","14208 NARUNA WAY",30.427647,-97.660846
"3969","639 W DITTMAR RD","new one story res (1 bathroom 5/8 meter)","639 WEST DITTMAR ROAD",30.184971,-97.794249
"3970","1405 MORGAN LN UNIT A","New 2-story Duplex residence attached garages covered porches.","1405 MORGAN LANE UNIT A",30.229009,-97.780819
"3971","1405 MORGAN LN UNIT B","New 2-story Duplex residence attached garages covered porches.","1405 MORGAN LANE UNIT B",30.229009,-97.780819
"3972","1411 LUNA ST","new 1 story sf res w covered and uncovered wood decks","1411 LUNA STREET",30.281132,-97.691127
"3973","6820 DERBY DOWNS DR","New 2-story single-family residence attached garage covered porch.   **RESOLUTION #000420-76 WAIVES FEES FOR THIS SMART HOUSING PROJECT**.","6820 DERBY DOWNS DRIVE",30.150341,-97.740857
"3974","11428 CHERISSE DR","New 2-story single-family residence attached garage covered porch and patio.   **VOL BUILD PROJECT**  Stratus Bank*Bldg Waived*Not Trades**","11428 CHERISSE DRIVE",30.190022,-97.925017
"3975","7429 BONNIEBROOK DR","new 2 story sf res w att garage and cov porch/patio","7429 BONNIEBROOK DRIVE",30.249114,-97.87268
"3976","1211 NEWNING AVE","New two story res w/att carport & 1st fl & 2nd fl decks ((Demolition 2007-16-491 PR) ( 3 & 1/2 bathrooms 3/4 meter)   refer# 2012-056595-BP","1211 NEWNING AVE",30.250723,-97.743278
"3977","14221 NARUNA WAY","New 1 story sf res. att garage covd front porch.","14221 NARUNA WAY",30.42705,-97.660561
"3978","5133 BANTOM WOODS BND","New 2-story single-family residence attached garage covered porch.   **VOL BUILD PROJECT**SMART HOUSING**","5133 BANTOM WOODS BND",30.273156,-97.631222
"3979","9707 ANDERSON MILL RD BLDG 14","new 1 stry condo w/att garage cvd. porch ESPA-289-144 FFE-964 BATHROOMS-2BATH=5/8 (See 2008-090418)","9707 ANDERSON MILL ROAD BLDG 14",30.447149,-97.79367
"3980","12101 BUZZ SCHNEIDER LN","New 1-story single-family residence attached garage covered porch and patio.   **VOL BUILD PROJECT**","12101 BUZZ SCHNEIDER LANE",30.146003,-97.838136
"3981","9001 QUICK STREAM DR","New 2 story sf res w/ att garage covd patio & covd porch

No longer Smart Housing per Steve Barney 10/24/2007cc

**Ref permit#2008-084767**","9001 QUICK STREAM DRIVE",30.277716,-97.631748
"3982","11612 CHERISSE DR","New 2 story sf. res. w/ att. garage covd patio & covd porch.","11612 CHERISSE DRIVE",30.190116,-97.922401
"3983","3408 CALADIUM CIR","New 2 story sf res w/ att. garage and covd porch","3408 CALADIUM CIR",30.174025,-97.854315
"3984","6033 KELSING CV","New 2-story single-family residence attached garage covered porch and patio covered balcony.  **VOL BUILD PROJECT**","6033 KELSING CV",30.247533,-97.876111
"3985","8900 CORNISH HEN CV","New 2-story single-family residence attached garage covered porch.  **RESOLUTION #000420-76 WAIVES FEES FOR THIS SMART HOUSING PROJECT**.","8900 CORNISH HEN CV",30.14974,-97.741989
"3986","3604 BRIDLE PATH","REFER TO CONDITIONS: new three story res w/att garage covered porch covered patio (basement included) new three story res w/att garage covered porch covered patio (basement included)","3604 BRIDLE PATH",30.296953,-97.780636
"3987","15500 ECHO HILLS DR","new two story res w/att garage & porch (3.5 bathrooms 3/4 meter)","15500 ECHO HILLS DRIVE",30.50231,-97.766676
"3988","2111 ALTA VISTA AVE UNIT B","New two Story res w/att carport & covered deck (1st fl 2 bedrooms bath kitchen diningroom carport & covered deck & 2nd fl bedroom closet bathroom & vault (2.5 Bathrooms 5/8 meter)","2111 ALTA VISTA AVE UNIT B",30.239276,-97.74563
"3989","5307 AVENUE G","New 2.5 story sf res. att garage covd porch covd patio uncovd balcony.","5307 AVENUE G",30.317664,-97.719787
"3990","10500 AVERY CLUB DR BLDG 31","new two story res w/att garage covered patio & covered porch (3 bathrooms 5/8 meter)","10500 AVERY CLUB DRIVE BLDG 31",30.501962,-97.774722
"3991","6729 DERBY DOWNS DR","new 1 story sf res w att garage and cov porch. **SMART Housing-100% fees waived**","6729 DERBY DOWNS DRIVE",30.150359,-97.741866
"3992","7529 HARLOW DR","New one story Sf Res w/ attached garage.","7529 HARLOW DRIVE",30.191903,-97.911637
"3993","11116 MUDDLER CV","New 2-story single-family residence attached garage covered porch and patio.","11116 MUDDLER CV",30.31192,-97.905964
"3994","2017 KINNEY AVE","new two story duplex w/att garage with breezeway & covered patio ^^^^see expired permit 07-160369-bp^^^^refer #2010-040383-BP","2017 KINNEY AVE",30.249271,-97.769814
"3995","303 W ANNIE ST","refer#2010-008411-BP New two story SF Res w/ attached carport covd porch & covd patio","303 WEST ANNIE STREET",30.246596,-97.753732
"3996","11112 MUDDLER CV","New 2-story single-family residence attached garage covered porch and patio.  **VOL BUILD PROJECT**","11112 MUDDLER CV",30.311872,-97.906105
"3997","10800 CANFIELD DR","New one story SF Res w/ attached garaage & covd porch","10800 CANFIELD DRIVE",30.191692,-97.910764
"3998","1937 ANTONE ST","New 1 story sf yard house. att garage covd patio covd porch. Smart Housing 62.5% waived","1937 ANTONE STREET",30.291221,-97.705351
"3999","12221 SKY HARBOR DR","new 1 story sf res w att garage and cov porch/patio. SMART Housing 100%","12221 SKY HARBOR DRIVE",30.169545,-97.630653
"4000","12225 SKY HARBOR DR","new 2 story sf res w att garage and cov porch/patio. SMART Housing 100%","12225 SKY HARBOR DRIVE",30.169497,-97.630504
"4001","12229 SKY HARBOR DR","new 1 story sf res w att garage and cov porch/patio.  SMART Housing","12229 SKY HARBOR DRIVE",30.169454,-97.630397
"4002","3007 PATIO CIR","new two story single family residence with att gar covered porch covered patio and uncovered concrete deck; Greenshores Utility to provide plumbing inspection services for this address; Tree Ordinance Review requires the planting of 14 caliper inches (minimum 2 in width per tree) prior to obtaining Certificate of Occupancy in addition to prescribed treatment from a Certified Arborist. Prior to development applicant agrees to supply a root zone mulch layer and maintain tree protection fencing (chain link five foot in height) providing the utmost root zone protection.","3007 PATIO CIR",30.335755,-97.82368
"4003","2216 GILIA DR","new 2 story sf res w att garage and cov porch/patio","2216 GILIA DRIVE",30.311188,-97.905154
"4004","1021 W MILTON ST","sf res w/att carport poch patio and balcony","1021 WEST MILTON STREET",30.251172,-97.762287
"4005","6000 PERLITA DR","new 1 story sf res w att garage and cov porch/patio  /////// preexisting structures were removed facts unknown new property owner at present rebuilding large portions of subdivision","6000 PERLITA DRIVE",30.291992,-97.644736
"4006","2300 DORIS DR","new two story duplex w/att garage covered porch (Demolition#2007 122103)  Customer requested W/WW refund. lshaw
ref #11-067458","2300 DORIS DRIVE",30.364464,-97.727936
"4007","10709 CAP STONE DR","New 2 story SF residence attached garage covered porch","10709 CAP STONE DRIVE",30.196806,-97.900228
"4008","2711 CREST AVE","New 2 story sf res. att garage covd and uncovd 1st floor rear wood deck patio uncovd 2nd floor rear wood deck balcony.","2711 CREST AVE",30.273514,-97.703413
"4009","4112 CAMACHO ST","New 1 story Yard House w/ att. garage and covd patio **S.M.A.R.T Housing*(62.5% waived)","4112 CAMACHO STREET",30.293253,-97.705342
"4010","5338 SENDERO HILLS PKWY","New two story res w/att garage & uncovered decks ( 2 bathrooms 5/8 meter) (S.M.A.R.T Housing) waive 100%. Required preliminary inspections performed on original building permit #06-007501.","5338 SENDERO HILLS PKWY",30.283798,-97.646806
"4011","1914 GARDEN ST","New 2 story secondary apartment special use (25-2-1461). 2 car detached garage on 1st floor w/ ext stairs to 2nd floor apartment (1 bdrm/1 bath).","1914 GARDEN STREET",30.254255,-97.72482
"4012","1007 TAULBEE LN Bldg 2 unit C & D","New two story Duplex w/ attached carport covd patio & covd porch
ref permit #2008-027066 BP Bldg 2 unit C & D","1007 TAULBEE LANE BLDG 2 UNIT C",30.345945,-97.717393
"4013","4519 DEPEW AVE","New 2 story two-family residential w/ detached garage (attached to two-family building).","4519 DEPEW AVE",30.305342,-97.717829
"4014","1009 TAULBEE LN Bldg 2 unit G & H","new two story duplex w/att carports covered patios covered porches Bldg 2 unit G & H","1009 TAULBEE LANE BLDG 2 UNIT G",30.346085,-97.717592
"4015","9604 SPANISH WELLS DR","New 2 story sf res. att garage covd patio covd porch.","9604 SPANISH WELLS DRIVE",30.490532,-97.765612
"4016","12412 SKY HARBOR DR","New 1 story sf res. att garage covd porch. SMART HOUSING 100%","12412 SKY HARBOR DRIVE",30.169003,-97.628445
"4017","6820 FINKLEA CV","new two story single family residence with att gar and covered porch and uncovered patio  **refer to pmt# 2012-095685**","6820 FINKLEA CV",30.362648,-97.803204
"4018","1005 TOYATH ST","new 2 story sf res w att garage and cov porch","1005 TOYATH STREET",30.281079,-97.763268
"4019","1406 GORHAM ST","New two story SF Res w/ attached garage covd porch & covd patio","1406 GORHAM STREET",30.390993,-97.693909
"4020","1003 S 3RD ST","New 2 story duplex. att 2 car and att 1 car garages. covd front porch covd patios covd balconies w/ ext stairs to uncovd roof deck. **VOIDED PERMIT DEMO PERMIT SUBMITTED FOR FULL DEMO**","1003 SOUTH 3RD STREET",30.254337,-97.754704
"4021","1403 BRANDT DR","**ref permit#2009-060867**New 1-story single-family residence attached garage covered porch.","1403 BRANDT DRIVE",30.222974,-97.673127
"4022","12000 TIMBER HEIGHTS DR","New 2-story single-family residence attached garage covered patio.  **VOL BUILD PROJECT**","12000 TIMBER HEIGHTS DRIVE",30.375061,-97.646931
"4023","10916 CANFIELD DR","New 2-story single-family residence attached garage covered porch.  **VOL BUILD PROJECT**  refer#08-046980-BP","10916 CANFIELD DRIVE",30.189539,-97.911157
"4024","502 LELAND ST","new 2 strory sf res w att garage and covered patio and balcony - see comment section about upgrade of meter and service","502 LELAND STREET",30.242161,-97.748577
"4025","1921 LITTLEFIELD ST","New 1-story single-family residence attached garage covered porch.  **RESOLUTION #000420-76 WAIVES FEES FOR THIS SMART HOUSING PROJECT**. See new permit #2007-150513 BP","1921 LITTLEFIELD STREET",30.293284,-97.706096
"4026","1917 ZACH SCOTT ST","New 2-story single-family residence attached garage covered porch and patio.  **RESOLUTION #000420-76 WAIVES FEES FOR THIS SMART HOUSING PROJECT**.","1917 ZACH SCOTT STREET",30.293985,-97.706391
"4027","1908 OAK MOTTE LN","Move on 1 story sf mobile home (68x16).","1908 OAK MOTTE LANE",30.183763,-97.766347
"4028","1729 STROBEL LN","New 2-story single-family residence attached garage covered porch and patio.  **VOL BUILD PROJECT**","1729 STROBEL LANE",30.145769,-97.839685
"4029","7612 ESPINA DR","New 2-story single-family residence attached garage covered porch and patio.  **VOL BUILD PROJECT**","7612 ESPINA DRIVE",30.184992,-97.920452
"4030","7908 WISTERIA VALLEY DR","New 2-story single-family residence attached garage covered porch.  **VOL BUILD PROJECT**","7908 WISTERIA VALLEY DRIVE",30.188622,-97.924261
"4031","8008 ALOPHIA DR","new 2 story sf res w att garage and cov porch and uncov patio","8008 ALOPHIA DRIVE",30.189566,-97.922364
"4032","8901 CORNISH HEN CV","New 2-story single-family residence attached garage covered porch.  **SMART HOUSE**  **RESOLUTION #000420-76 WAIVES FEES FOR THIS SMART HOUSING PROJECT**.","8901 CORNISH HEN CV",30.149497,-97.741483
"4033","3904 AVENUE G","new detached 1st fl storage & 2nd fl effiecency apt & stairs & wood deck ( 3 off street parking) (Original permit #43510 2-10-50) (Demoliton#                   )(land status ok per hector avila)","3904 AVENUE G",30.301553,-97.730823
"4034","1132 BROOKSWOOD AVE","new manufactured home w/steps","1132 BROOKSWOOD AVE",30.266,-97.689094
"4035","10924 DESERT WILLOW LOOP","New 2-story single-family residence attached garage covered porch and patio.  **VOL BUILD PROJECT**  (See 08-037123)","10924 DESERT WILLOW LOOP",30.147602,-97.807508
"4036","1707 SANCHEZ ST UNIT E & F","New 2 story duplex. att garage covd porch balconies at ends of units uncovd roof terrace above garage. (See Demo 2011-050192)","1707 SANCHEZ STREET UNIT EAST",30.280698,-97.706364
"4037","1707 SANCHEZ ST UNIT C & D","See final demo permit #2011-050192BP New 2 story duplex. att garage covd porch balconies at ends of units uncovd roof terrace above garage.","1707 SANCHEZ STREET UNIT C",30.280698,-97.706364
"4038","1707 SANCHEZ ST UNIT A & B","See final demo permit 2011-050192**New 2 story duplex. att garage covd porch uncovd roof terrace above garage balconies on ends of units.","1707 SANCHEZ STREET UNIT A",30.280698,-97.706364
"4039","1912 WAYWARD SUN DR","New 1 story sf res. att garage covd porch.","1912 WAYWARD SUN DRIVE",30.370673,-97.655975
"4040","1900 TOM MILLER ST","New 2 story sf res. att garage covd porch. SMART HOUSING","1900 TOM MILLER STREET",30.294003,-97.706937
"4041","1904 TOM MILLER ST","New 2 story sf yard house. att garage covd porch breezeway. Accessory dwelling unit (510 sf) over garage. SMART HOUSING","1904 TOM MILLER STREET",30.29386,-97.706921
"4042","10809 STRAW FLOWER DR","new two story res w/att garage covered patio & porch ( 3 & 2-1/2 bathrooms 3/4 meter) 
**ref 2008-027811**","10809 STRAW FLOWER DRIVE",30.316232,-97.898621
"4043","10223 MILKY WAY DR","new two story sf res with att gar and covrd porches","10223 MILKY WAY DRIVE",30.383865,-97.846699
"4044","14815 AVERY RANCH BLVD BLDG 21","New triplex apartments","14815 AVERY RANCH BOULEVARD BLDG 21",30.497125,-97.777742
"4045","6033 KELSING CV","New 2-story single-family residence attached garage covered porch.","6033 KELSING CV",30.247533,-97.876111
"4046","9809 SPANISH WELLS DR","New 2 story sf res. att garage covd patio covd porch.","9809 SPANISH WELLS DRIVE",30.493203,-97.766404
"4047","2002 WILLOW ST","New 2 story secondary apartment w/ carport on 1st floor. Ext stairs to uncovd balcony to access 2nd floor apartment.","2002 WILLOW STREET",30.255838,-97.723385
"4048","2006 RUE DE ST TROPEZ","New 3 story condo with attached garage","2006 RUE DE STREET TROPEZ",30.305915,-97.785412
"4049","11108 MUDDLER CV","New 1 story sf res. att garage covd patio covd porch.","11108 MUDDLER CV",30.311702,-97.906187
"4050","2100 WAYWARD SUN DR","New one story SF Res w/ attached garage & covd porch","2100 WAYWARD SUN DRIVE",30.369553,-97.654672
"4051","7516 BRECOURT MANOR WAY","new two story sf res with att gar and covrd porch","7516 BRECOURT MANOR WAY",30.195714,-97.908564
"4052","7525 BRECOURT MANOR WAY","new two story sf res with att gar covrd porch","7525 BRECOURT MANOR WAY",30.195139,-97.908685
"4053","10916 DESERT WILLOW LOOP","new one story sf res with att gar covrd porch & patio","10916 DESERT WILLOW LOOP",30.147707,-97.807162
"4054","121 MORNING PRIMROSE CT","New 1 story sf res. att garage covd porch.
ref pwrmit#2008-042685","121 MORNING PRIMROSE CT",30.144942,-97.806164
"4055","7901 W ROGERS LN","new manufactured homes w/stairs  ( ** Refer to PMT# 2008-050805BP**)","7901 WEST ROGERS LANE",30.283365,-97.641766
"4056","1403 E 13TH ST","Withdrawn permit - Applicant S. Turner will not be proceeding with proposed project at this time 6/17/08 per MHH. New 2 story SF res. Covd porch uncovd wood deck detached garage.","1403 EAST 13TH STREET",30.273767,-97.724814
"4057","11625 CHERISSE DR","New 2-story single-family residence attached garage covered porch.  **VOL BUILD PROJECT**","11625 CHERISSE DRIVE",30.19019,-97.921672
"4058","11425 FLUSHWING DR","New 1 story sf res. att garage covd porch covd patio.","11425 FLUSHWING DRIVE",30.374324,-97.649525
"4059","4400 EDGEMONT DR","inground swimming pool and spa w req enclosure device for sf res
refer to permit#2013-068551 BP","4400 EDGEMONT DRIVE",30.324653,-97.766728
"4060","9001 QUICK STREAM DR","New 2 story sf res. att garage covd porch covd patio. SMART HOUSING","9001 QUICK STREAM DRIVE",30.277716,-97.631748
"4061","6200 SEVILLE DR","new two story sf res w/ attached garage covd patio & covd porch","6200 SEVILLE DRIVE",30.293024,-97.642638
"4062","12421 TAY TER","New 2 story sf. res. w/ garage covd patio & covd porch. (See 2012-009000)","12421 TAY TER",30.372808,-97.615474
"4063","8110 FM 2222 RD BLDG 11","New Multi-family Apartments (See 2012-074000)","8110 FM 2222 ROAD BLDG 11",30.380327,-97.807373
"4064","1023 W MILTON ST","new two story sf res with att gar wood deck breezeway balconies& covrd porch
refer to pmt#2013-093437","1023 WEST MILTON STREET",30.25124,-97.762414
"4065","7425 EVENING SKY CIR","New 4-Plex W/Garages  (UNITS A B C D)","7425 EVENING SKY CIR",30.244895,-97.876245
"4066","7424 SUNSET HEIGHTS CIR","New Construction Of 4plex Condos (Aviara Heights) (See 12-055342)
UNITS A B C D","7424 SUNSET HEIGHTS CIR",30.244675,-97.873948
"4067","7625 EVENING SKY CIR","New 4-Plex W/Garages  (UNITS A B C D)","7625 EVENING SKY CIR",30.245436,-97.875114
"4068","11109 BASTOGNE LOOP","New 2 story sf res. att garage covd porch.","11109 BASTOGNE LOOP",30.195482,-97.909568
"4069","6209 PANORAMA VISTA DR","New 4-Plex W/Garages  (UNITS A B C D)","6209 PANORAMA VISTA DRIVE",30.244829,-97.875208
"4070","7321 SUNSET HEIGHTS CIR","New Construction Of 4 Plex Residential Condos (Avira Heights)
UNITS A B C D","7321 SUNSET HEIGHTS CIR",30.245175,-97.874651
"4071","7409 SUNSET HEIGHTS CIR","New Ocnstruction Of 4plex Residential Condos (Aviara Heights)
UNITS A B C D","7409 SUNSET HEIGHTS CIR",30.245198,-97.873955
"4072","7512 BRECOURT MANOR WAY","New 2 story sf res. att garage covd porch.","7512 BRECOURT MANOR WAY",30.195791,-97.908374
"4073","6217 PANORAMA VISTA DR","New 4-Plex W/Garages (UNITS A B C D)","6217 PANORAMA VISTA DRIVE",30.244657,-97.875561
"4074","7617 EVENING SKY CIR","New 4-Plex W/Garages  (UNITS A B C D)","7617 EVENING SKY CIR",30.245728,-97.87508
"4075","6225 PANORAMA VISTA DR","New 4-Plex W/Garages  (UNITS A B C D)","6225 PANORAMA VISTA DRIVE",30.244723,-97.875875
"4076","7637 EVENING SKY CIR","VOID - REFER TO 2012-078163BP
New 4-Plex W/Garages (UNITS A B C D)","7637 EVENING SKY CIR",30.245094,-97.875892
"4077","6905 VALBURN DR","new two story res w/att garage covered patio & porch ( Project  Application H.B. 1704/Chapter 245 Determination approved per Susan Scallon 7-3-2007) (exempt from McMansion)","6905 VALBURN DRIVE",30.369809,-97.781366
"4078","8017 ALOPHIA DR","new 2 story sf residence w/attached garage covered porch****stratus bank building waived**not trades***","8017 ALOPHIA DRIVE",30.189408,-97.922859
"4079","124 CUMBERLAND RD","New Construction Multi-Family Apartments
**Voided Permit New Permit Issued Refer to PMT# 2009-017633BP**","124 CUMBERLAND ROAD",30.23609,-97.757044
"4080","124 CUMBERLAND RD","New Construction Multi-Family Apartments","124 CUMBERLAND ROAD",30.23609,-97.757044
"4081","124 CUMBERLAND RD","New Construction Multi-Family Apartments
**Voided Permit New Permit Issued refer to Pmt# 2009-017633BP**","124 CUMBERLAND ROAD",30.23609,-97.757044
"4082","124 CUMBERLAND RD","New Construction Multi-Family Apartments","124 CUMBERLAND ROAD",30.23609,-97.757044
"4083","12024 CHERISSE DR","New 2 story sf. res. w/ att. garage covd patio covd porch & covd walkway","12024 CHERISSE DRIVE",30.186722,-97.922063
"4084","2206 THORNTON RD","new two story sf res with att gar breezeway balcony and covrd porch","2206 THORNTON ROAD",30.246094,-97.771032
"4085","13110 KENSWICK DR","New 1 story sf. res. w/ att. garage covd patio & covd porch.","13110 KENSWICK DRIVE",30.402978,-97.646837
"4086","11100 BASTOGNE LOOP","New 1-story single-family residence attached garage covered porch.","11100 BASTOGNE LOOP",30.195028,-97.909356
"4087","13001 PERRYTON DR","New Two Story Sf Res W/ Attached Garage Breezeway CovD Patio CovD Porch & Balconies (See 2010-060074 for repermit)","13001 PERRYTON DRIVE",30.337777,-97.924311
"4088","7816 WISTERIA VALLEY DR","New 2 story sf. res. w/ att .garage covd patio & covd porch.  Bldg Fee Waived Stratus Bank Not Trades","7816 WISTERIA VALLEY DRIVE",30.187903,-97.92391
"4089","3005 PATIO CIR","new two story sf res with att gar covrd porch and wood deck","3005 PATIO CIR",30.335548,-97.823717
"4090","5712 WALSER CV","New 2 story sf res. att garage covd porch.","5712 WALSER CV",30.25017,-97.87453
"4091","12436 TAY TER","New 2 story sf res. att garage covd patio covd porch.","12436 TAY TER",30.37323,-97.615959
"4092","10713 SORGHUM HILL CV","New two story SF Res w/ attached garage & covd patio","10713 SORGHUM HILL CV",30.369926,-97.656871
"4093","5301 SENDERO HILLS PKWY","**SMART Housing**New one story SF Res w/ attached carport & covd porch","5301 SENDERO HILLS PKWY",30.282351,-97.647179
"4094","11208 BASTOGNE LOOP","New 2 story sf res. att garage covd porch.","11208 BASTOGNE LOOP",30.194831,-97.910508
"4095","5501 AGATHA CIR","**reference permit # 2008-006587****SMART Housing** New two story SF Res w/ covd porch & covd patio","5501 AGATHA CIR",30.285551,-97.646452
"4096","8304 GARCREEK CIR","New 1 story sf res (manufactured home). uncovd rear deck covd front porch.","8304 GARCREEK CIR",30.294209,-97.630092
"4097","11028 SHORT SPRINGS DR","new 2 story sf res w att garage and cov porch/patio","11028 SHORT SPRINGS DRIVE",30.363654,-97.645618
"4098","10610 RIVER TER","new sf res w att garage apartment and w a wood deck and uncovered patio(See permit #08-06206)","10610 RIVER TER",30.342159,-97.881107
"4099","12220 TIMBER HEIGHTS DR","New one story SF Res w/ attached garage & covd patio (See 2009-012410)","12220 TIMBER HEIGHTS DRIVE",30.37162,-97.648841
"4100","1903 BITTER CREEK DR","foundation remodel relocated manufactured home & uncovered wood deck","1903 BITTER CREEK DRIVE",30.185443,-97.766469
"4101","3321 MC CALL LN","new manufactured home with attached side entry stairs","3321 MC CALL LANE",30.201873,-97.686983
"4102","3203 HARRIS PARK AVE","Add New 1 story two family residential to rear of exst 1 story sf res. (Converting exst non-permitted garage structure)
**ref permit#2009-019164**","3203 HARRIS PARK AVE",30.293145,-97.730699
"4103","2507 ANDREA WOODS CV","New two story SF Res w/ attached storage covd porch & brick ledge. **SMART HOUSING** (See 2008-051844)","2507 ANDREA WOODS CV",30.178346,-97.761531
"4104","7019 THANNAS WAY","New 2 story sf res. att storage covd porch. SMART HOUSING","7019 THANNAS WAY",30.17728,-97.756479
"4105","9924 MORGAN CREEK DR","New 2 story sf res. att garage covd patio covd porch.","9924 MORGAN CREEK DRIVE",30.493044,-97.765512
"4106","7417 WISTERIA VALLEY DR","New 2 story sf res. att garage covd patio covd porch","7417 WISTERIA VALLEY DRIVE",30.185581,-97.91793
"4107","8116 ALOPHIA DR","New 2 story sf res. att garage covd patio covd porch.","8116 ALOPHIA DRIVE",30.189974,-97.923973
"4108","2504 MAGIN MEADOW DR","New 2-story single-family residence attached garage covered porch.","2504 MAGIN MEADOW DRIVE",30.179826,-97.761367
"4109","7805 WISTERIA VALLEY DR","New one story SF Res w/ attached garage covd patio & covd porch","7805 WISTERIA VALLEY DRIVE",30.187301,-97.924029
"4110","2113 CALLINGWOOD DR","new 1 story sf res w att garage and cov porch.","2113 CALLINGWOOD DRIVE",30.373529,-97.649521
"4111","3003 PATIO CIR","new two story sf res w/ att gar covrd porches and balconies","3003 PATIO CIR",30.335324,-97.823696
"4112","1908 SORGHUM HILL DR","new 1 story sf res w att garage and cov porch.","1908 SORGHUM HILL DRIVE",30.369885,-97.657723
"4113","8100 BIG VIEW DR","new two story sf res with covrd porches patios and balcony","8100 BIG VIEW DRIVE",30.349897,-97.871925
"4114","2104 WAYWARD SUN DR","new 2 stroy sf res w att garage and cov patio","2104 WAYWARD SUN DRIVE",30.369473,-97.654587
"4115","2113 WAYWARD SUN DR","new 2 stroy sf res w att garage and cov patio","2113 WAYWARD SUN DRIVE",30.369001,-97.65497
"4116","11201 BASTOGNE LOOP","New 2 story sf res. att garage covd porch.","11201 BASTOGNE LOOP",30.195301,-97.910756
"4117","13975 FM 2769 RD","new two story sf res w/att gar covrd porch patio and balcony","13975 FM 2769 ROAD",30.434641,-97.876502
"4118","12413 DRUMMOND DR","New 1 story sf. res. w/ att. garage covd patio & covd porch","12413 DRUMMOND DRIVE",30.372213,-97.612604
"4119","10705 SORGHUM HILL CV","new 1 story sf residence w/attached garage; covered patio","10705 SORGHUM HILL CV",30.369714,-97.657055
"4120","5505 COLINTON AVE","New 2 story sf. res. w/ att. garage covd porch & uncovd patio","5505 COLINTON AVE",30.373963,-97.615114
"4121","5512 LIBERTON LN","New 2-story single-family residence attached garage covered porch.","5512 LIBERTON LANE",30.373583,-97.615141
"4122","5500 COLINTON AVE","New 1 story sf. res. w/ att. garage covd patio & covd porch.","5500 COLINTON AVE",30.374264,-97.614945
"4123","5817 KEMPSON DR","New 1 story sf res. att garage covd porch.","5817 KEMPSON DRIVE",30.248944,-97.875427
"4124","13322 SHORE VISTA DR","new one story sf res with att gar covrd patio
**VOIDED PMT NEW PMT ISSUED REFER TO PMT# 2008-075490BP**","13322 SHORE VISTA DRIVE",30.333354,-97.933081
"4125","10601 PREZIA DR BLDG","New 2-story single-family residence attached garage covered porch and patio.","10601 PREZIA DRIVE",30.315363,-97.896692
"4126","7516 BRECOURT MANOR WAY","New 2 story sf. res. w/ att. garage covd porch & uncovd patio","7516 BRECOURT MANOR WAY",30.195714,-97.908564
"4127","7504 BRECOURT MANOR WAY","New 2 story sf. res. w/ att. garage covd porch & uncovd patio","7504 BRECOURT MANOR WAY",30.195968,-97.908007
"4128","7904 RINGSBY CV","New 2 story sf res. att garage covd porch. SMART HOUSING","7904 RINGSBY CV",30.160538,-97.744324
"4129","2701 ALSATIA DR","New 2 story sf res. att garage covd patio covd porch","2701 ALSATIA DRIVE",30.159491,-97.846465
"4130","11512 OLTONS BLUFF CV","New one story SF Res w/ attached garage","11512 OLTONS BLUFF CV",30.374914,-97.648483
"4131","3101 BESSIE AVE","NEW  MANUFACTURED HOME W/DECKS
**Voided permit new permit issued refer to pmt 2009-103597BP**","3101 BESSIE AVE",30.203862,-97.63645
"4132","125 DESERT PRIMROSE DR","New 1 story sf. res. w/ att. garage & covd porch.","125 DESERT PRIMROSE DRIVE",30.14565,-97.805684
"4133","11404 SPRINKLE CUTOFF RD","New two story SF Res w/ attached garage & covd patio","11404 SPRINKLE CUTOFF ROAD",30.369757,-97.656404
"4134","7604 ESPINA DR","New 2-story single-family residence attached garage covered porch and patio.","7604 ESPINA DRIVE",30.184937,-97.919923
"4135","7444 BRECOURT MANOR WAY","New two story SF Res w/ attached garage & covd porch","7444 BRECOURT MANOR WAY",30.196177,-97.907438
"4136","8812 IPSWICH BAY DR","new 2 story sf res w att garage and cov porch and uncovered patio. SMART Housing","8812 IPSWICH BAY DRIVE",30.151509,-97.749584
"4137","12525 LA PAZ LN","New 2 story sf res. att garage covd patio covd porch. SMART HOUSING","12525 LA PAZ LANE",30.16666,-97.628411
"4138","5808 ANN JENE CT","new 2 story sf res w att garage and cov porch and uncovered patio. SMART Housing","5808 ANN JENE CT",30.197823,-97.727951
"4139","5708 BROUGHAM WAY","New 1-story single-family residence attached garage covered porch.","5708 BROUGHAM WAY",30.372034,-97.613435
"4140","12429 TAY TER","New 1-story single-family residence attached garage covered porch and patio.","12429 TAY TER",30.373042,-97.61546
"4141","11324 CHURCH CANYON DR","New 2 story sf res. att garage covd patio covd porch. porte cochere","11324 CHURCH CANYON DRIVE",30.360434,-97.638824
"4142","7409 WISTERIA VALLEY DR","New two story Sf Res w/ attached garage covd porch & covd patio","7409 WISTERIA VALLEY DRIVE",30.185522,-97.91769
"4143","220 CAMPERDOWN ELM DR","New 2-story single-family residence attached garage covered porch.","220 CAMPERDOWN ELM DRIVE",30.155031,-97.802508
"4144","72 SAN SABA ST","New 1-story single-family residence covered porch. Per applicant (4-19-07) 123 s.f of impervious covered WILL BE REMOVED from the existing concrete slab at the rear of the lot.  The resulting size of the slab will (MUST) be 10 x 10.5.(owner paid all fees still need trades to pull permits). (2008-050109)","72 SAN SABA STREET",30.251676,-97.716674
"4145","11436 FLUSHWING DR","new 1 strory sf res w att garage and cov patio","11436 FLUSHWING DRIVE",30.374831,-97.649728
"4146","1209 JUSTIN LN","withdrawn refer to 2008-015626  3-20-08sbenavidez...New 2-story duplex (two-family) residence detached garage covered porch and patio uncovered balcony.","1209 JUSTIN LANE",30.339452,-97.724722
"4147","1207 JUSTIN LN","New 2-story duplex (two-family) residence detached garage covered porch and patio uncovered balcony.","1207 JUSTIN LANE",30.339388,-97.724548
"4148","5004 LYNNDALE DR","Garage Placement/Front Yard Ic. Need Elev Scale. New 2 Story Duplex W/ Att Garage Covd Porch Covd Patio Uncovd Balcony.","5004 LYNNDALE DRIVE",30.320795,-97.73699
"4149","7428 CAYENNE LN","New 2 story sf. res. w/ att. garage covd patio & covd porch. *S.M.A.R.T. HOUSING*","7428 CAYENNE LANE",30.222684,-97.693084
"4150","12025 STONEY MEADOW DR","New 2-story single-family residence attached garage covered porch.","12025 STONEY MEADOW DRIVE",30.159005,-97.639451
"4151","12021 STONEY MEADOW DR","New 1-story single-family residence attached garage covered porch.","12021 STONEY MEADOW DRIVE",30.15902,-97.639605
"4152","5529 LIBERTON LN","New 2 story sf res. att garage covd patio covd porch.","5529 LIBERTON LANE",30.372972,-97.614941
"4153","5516 LIBERTON LN","New 2 story sf res. att garage covd porch covd patio.","5516 LIBERTON LANE",30.373541,-97.615022
"4154","7500 BRECOURT MANOR WAY","New 1 story sf res. att garage covd porch.","7500 BRECOURT MANOR WAY",30.196033,-97.907827
"4155","7621 BRECOURT MANOR WAY","New 2 story sf res. att garage covd porch.","7621 BRECOURT MANOR WAY",30.194004,-97.909387
"4156","7525 BRECOURT MANOR WAY","New 1 story sf res. att garage covd porch.","7525 BRECOURT MANOR WAY",30.195139,-97.908685
"4157","11129 BASTOGNE LOOP","New 2 story sf res. att garage covd porch.","11129 BASTOGNE LOOP",30.195412,-97.910596
"4158","7432 BRECOURT MANOR WAY","New 1 story sf res. att garage covd porch.","7432 BRECOURT MANOR WAY",30.196467,-97.906853
"4159","11213 BASTOGNE LOOP","New 1 story sf res. att garage covd porch.","11213 BASTOGNE LOOP",30.194823,-97.911065
"4160","7904 MENLER DR","new 2 story sf residence w/attached garage; covered porch*building waived not trades*","7904 MENLER DRIVE",30.251405,-97.87655
"4161","7205 BETHUNE AVE","New 1 story sf res. w/ covd porch***smart hosuing******withdrawn resubmitted under pmt #2008-030059RH.","7205 BETHUNE AVE",30.330336,-97.697854
"4162","5900   TERRAVISTA DR","New 2-story single-family residence attached garage covered porch and patio.","5900 TERRAVISTA DRIVE",30.247813,-97.873286
"4163","10704 STRAW FLOWER DR","new two story sf res w/ attached garage w/ covd porch & covd patio","10704 STRAW FLOWER DRIVE",30.314129,-97.897498
"4164","2329 GILIA DR","new 2 story sf residence w/attached garage; covered patio and porch","2329 GILIA DRIVE",30.311282,-97.906736
"4165","10102 Talleyran Dr.","New 2 story sf. residence w/att. garage and 2 balconies","10102 TALLEYRAN DRIVE",30.423467,-97.801882
"4166","5624 THUNDER GULCH DR","New 1 story sf res. att garage covd porch","5624 THUNDER GULCH DRIVE",30.172572,-97.611911
"4167","2305 GILIA DR","new 2 story single family residene w/attached garage; covered porch","2305 GILIA DRIVE",30.310964,-97.905907
"4168","12452 TAY TER","new 2 story sf res w att garage and cov porch/patio","12452 TAY TER",30.373696,-97.615799
"4169","7608 ESPINA DR","new 1 story sf res w att garage and cov porch and patio. **STRATUS BANK BLDG WAIVED NOT TRADES **Volume Builder Process** DCain-Res Rev","7608 ESPINA DRIVE",30.184947,-97.920197
"4170","10608   PREZIA DR","New 2 story single family residence w/attached garage w/covd patio and porch.","10608 PREZIA DRIVE",30.316032,-97.896904
"4171","6428   KEDINGTON ST","New 2 story sf res. att garage covd porch. smart housing","6428 KEDINGTON STREET",30.150387,-97.747139
"4172","7705 JABORANDI DR","new 2 story sf residence w/attached garage; covered patio & porch","7705 JABORANDI DRIVE",30.184323,-97.91744
"4173","5720   ZACHARY SCOTT ST","New 1 story sf res. att garage covd patio covd porch. **SMART HOUSING**","5720 ZACHARY SCOTT STREET",30.13903,-97.769418
"4174","5716   ZACHARY SCOTT ST","New 1 story sf res. att garage covd patio covd porch**Smart Housing**","5716 ZACHARY SCOTT STREET",30.139102,-97.769537
"4175","3009 BOND DR","New 2-Story Condo with attached  1st sty Garage","3009 BOND DRIVE",30.224808,-97.740916
"4176","5728   ZACHARY SCOTT ST","New 2 story sf res. att garage covd patio covd porch. **SMART HOUSING**","5728 ZACHARY SCOTT STREET",30.138891,-97.769169
"4177","5724   ZACHARY SCOTT ST","New 1 story sf res. att garage covd patio covd porch. **SMART HOUSING**","5724 ZACHARY SCOTT STREET",30.138967,-97.769303
"4178","7305 RIMCREST CV","New 2 Story Sf Condo W Att Garage And Cov Porch (See permit #08-00-001464)","7305 RIMCREST CV",30.240872,-97.874977
"4179","15213 INTERLACHEN DR","new 2 story sf res w att garage and cov patio/porch.  **Volume Builder Process** DCain-Res Rev","15213 INTERLACHEN DRIVE",30.498505,-97.770103
"4180","11536 CHURCH CANYON DR","New 2 story sf res. att garage covd patio covd porch.","11536 CHURCH CANYON DRIVE",30.362839,-97.637406
"4181","7317 RIMCREST CV","New 3 Story Sf Condo. Att Garage Covd Patio.","7317 RIMCREST CV",30.240992,-97.875517
"4182","7313 RIMCREST CV","New 2 Story Sf Res. Att Garage Covd Patio.","7313 RIMCREST CV",30.240839,-97.875384
"4183","7309 RIMCREST CV","New 3 Story Sf Condo. Att Garage Covd Patio.","7309 RIMCREST CV",30.24084,-97.87522
"4184","7301 RIMCREST CV","New Two Story Sf Res Condo W. Attached Garage & CovD Patio (See permit #08-001449)","7301 RIMCREST CV",30.241018,-97.874926
"4185","12808 PALOMA BLANCA WAY","New 2-story single-family residence attached garage covered porch. ****Smart Housing***","12808 PALOMA BLANCA WAY",30.1666,-97.625328
"4186","5532 LIBERTON LN","new 1 story sf res w att garage and cov porch/patio. SMART Housing. **Volume Builder Program** DCain-Res Rev","5532 LIBERTON LANE",30.373314,-97.614547
"4187","5528 LIBERTON LN","new 1 story sf res w att garage and cov porch and uncovered patio. SMART Housing. **Volume Builder Program** DCain-Res Rev","5528 LIBERTON LANE",30.373364,-97.614683
"4188","5600 LIBERTON LN","new 1 story sf res w att garage and cov porch/patio. SMART Housing. **Volume Builder Program** DCain-Res Rev","5600 LIBERTON LANE",30.373166,-97.614273
"4189","5521 LIBERTON LN","new 1 story sf res w att garage and cov porch/patio. SMART Housing. **Volume Builder Program** DCain-Res Rev","5521 LIBERTON LANE",30.373095,-97.615201
"4190","5917 CLEMENTINE LN","new 2 story sf res w att garage and cov porch and uncovd patio. SMART Housing. Volume Builder Process.  DCain - Res Rev","5917 CLEMENTINE LANE",30.197136,-97.727668
"4191","7716 Northwest Dr","New 2-Story Duplex Res Attached Garages Uncovered Wood Decks On 2nd.","7716 NORTHWEST DRIVE",30.350346,-97.722119
"4192","7508 WISTERIA VALLEY DR","New 2 story sf res. att garage covd porch.","7508 WISTERIA VALLEY DRIVE",30.18582,-97.919419
"4193","7436 BRECOURT MANOR WAY","new 2 story sf res w att garage and cov porch **Volume Builder Program** DCAIN","7436 BRECOURT MANOR WAY",30.196336,-97.907064
"4194","5533 LIBERTON LN","New 2-story single-family residence attached garage covered porch and patio","5533 LIBERTON LANE",30.372942,-97.614811
"4195","5905 GROVER AVE","New 2 Story Duplex. Att Garages Covd Patios Covd Porches Covd Balconies. Uncovd Roof Deck.","5905 GROVER AVE",30.330256,-97.728936
"4196","3637   BRONCO BEND LOOP","**REF PERMIT#2009-043801**New 1-story Single-Family residence covered porch and patio attached garage.**SMART HOUSING**","3637 BRONCO BEND LOOP",30.197963,-97.69493
"4197","7725 JABORANDI DR","New 2-story single-family residence attached garage covered porch and patio.","7725 JABORANDI DRIVE",30.183761,-97.918496
"4198","5205 PARK AT WOODLANDS DR","New 2-story sf res attached garage covered porch.","5205 PARK AT WOODLANDS DRIVE",30.274305,-97.632489
"4199","5620 LIBERTON LN","New 1-story sf res attached garage covered porch and patio.","5620 LIBERTON LANE",30.372888,-97.613649
"4200","15201 INTERLACHEN DR","New 2-story single-family residence attached garage covered porch.","15201 INTERLACHEN DRIVE",30.498615,-97.770655
"4201","2104 E 8th St","**ref permit#2011-078430**New 2 Story Sf Res. Covd Porch Balcony.","2104 EAST 8TH STREET",30.262913,-97.718735
"4202","13106 KENSWICK DR","New 1 Story Sf Res. Att Garage Covd Patio Covd Porch.","13106 KENSWICK DRIVE",30.402742,-97.64701
"4203","6015 PONCA ST","new two story duplex w/att gar covrd porches and uncovrd patios","6015 PONCA STREET",30.23895,-97.698552
"4204","1114 HENNINGER ST","new one story sf res w/att gar and wood deck","1114 HENNINGER STREET",30.267502,-97.699402
"4205","613 W JOHANNA ST","New Two Story Res W.At Garage & Wood Decks ( 2 & 1/2 Bathrooms 5/8 Meter)","613 WEST JOHANNA STREET",30.245826,-97.758246
"4206","1421 CORIANDER DR","New 2 Story Sf Res. Att Garage Covd Patio Covd Porch. **Smart Housing** **See Pipeline Comments**","1421 CORIANDER DRIVE",30.223268,-97.690594
"4207","2036 WAYWARD SUN DR","New 1 Story Sf Res W Att Garage And Cov Patio","2036 WAYWARD SUN DRIVE",30.369753,-97.65485
"4208","5613 LIBERTON LN","New 1-Story Sf Res Attached Garage Covered Porch And Patio.","5613 LIBERTON LANE",30.372655,-97.61424
"4209","8905 Quick Stream Dr","New 1 Story Sf Res. Att Dropped Garage Covd Patio Covd Porch. **Smart Housing**","8905 QUICK STREAM DRIVE",30.278533,-97.632259
"4210","9209 Hopeland Dr","New 2 Story Sf Res. Att Garage Covd Patio Covd Porch Porte Cochere Bay. **See Tree/Pipeline Comments**","9209 HOPELAND DRIVE",30.20698,-97.885927
"4211","7401 COLDWATER MOUNTAIN CT","New 3stry Sf Res. Elec Srv & Plbg Eud & Outside City","7401 COLDWATER MOUNTAIN CT",30.361608,-97.810473
"4212","6910 Villita Avenida","**Smart Housing**  New 1-Story Sf Res Covered Porch.","6910 VILLITA AVENIDA",30.230691,-97.690417
"4213","5628 LIBERTON LN","New 1-Story Sf Res Attched Garage Covered Porch.","5628 LIBERTON LANE",30.372766,-97.613425
"4214","2803 ROBINSON AVE","New Two Family Res W/Uncovd Balcony(Ldc-2-774) Above New One Car Garage (Demo Pmt#07006481)","2803 ROBINSON AVE",30.286405,-97.723093
"4215","2825 Scotia Bluff Loop","*Cancel Permit *New Sf Residence W/Attached Garage CovD Porch & CovD Patio","2825 SCOTIA BLUFF LOOP",30.160001,-97.849846
"4216","12600 JEN LN","New 2 Story Condo W/Att Garage CovD Patio & CovD Porch. refer# 2011-074092","12600 JEN LANE",30.462533,-97.800992
"4217","2408 Bridle Path","New Two Story Sf Res W/Attached Carport W/Covd Porches & Screened Patio","2408 BRIDLE PATH",30.290425,-97.768476
"4218","12504 PRANAV LN","New 2 Story Condo W/Att Garage CovD Patio & CovD Porch.","12504 PRANAV LANE",30.461943,-97.801923
"4219","12501 CHARLIES LN","New 2 Story Condo W/Att Garage CovD Patio & CovD Porch.","12501 CHARLIES LANE",30.462422,-97.799493
"4220","10804 MIDNIGHT CT","New 2 Story Condo W/Att Garage CovD Patio & CovD Porch.","10804 MIDNIGHT CT",30.462435,-97.802414
"4221","12604 JEN LN","New 2 Story Condo W/Att Garage CovD Patio & CovD Porch.","12604 JEN LANE",30.462642,-97.801036
"4222","10505 BRANDEN CT","New 2 Story Condo W/Att Garage CovD Patio & CovD Porch. refer# 2011-080163","10505 BRANDEN CT",30.463615,-97.799391
"4223","10812 GATES LN","New 2 Story Condo W/Att Garage CovD Patio & CovD Porch.","10812 GATES LANE",30.462233,-97.802263
"4224","12501 PIPER CT","New  2 Story Condo W/Att Garage CovD Patio & CovD Porch.","12501 PIPER CT",30.461794,-97.802114
"4225","12601 JEN LN","New 2 Story Condo W/Att Garage CovD Patio & CovD Porch. refer#2011-074099","12601 JEN LANE",30.462602,-97.800703
"4226","2705 Alsatia Dr","*Cancel Permit New 2 Story Sf- Residence W/ Attached Garage And CovD. Porch And Patio","2705 ALSATIA DRIVE",30.159519,-97.846755
"4227","10701 Pecan Park Blvd Unit 3630","New 2 Story Condo W/Att Garage CovD Patio & CovD Porch.","10701 PECAN PARK BOULEVARD UNIT 3630",30.463613,-97.800527
"4228","12504 PIPER CT","New 2 Story Condo W/Att Garage CovD Patio & CovD Porch.","12504 PIPER CT",30.461826,-97.802439
"4229","10701 Pecan Park Blvd Unit 2660","New 2 Story Condo W/Att Garage CovD Patio & CovD Porch.","10701 PECAN PARK BOULEVARD UNIT 2660",30.463613,-97.800527
"4230","1187 Branch St","New Two Story Residence W/Att Porch & Balcony W/Att Breezeway & Garage ( 3 Bathrooms 5/8 Meter) (Modular Construction)   **refer to pmt# 2012-081327**","1187 BRANCH STREET",30.271512,-97.730779
"4231","5517 Thunder Gulch Dr","New 1 Story Sf Res W Att Garage And Cov Porch","5517 THUNDER GULCH DRIVE",30.173089,-97.611056
"4232","8901 Panadero Dr","New 1-Story Sf Res Attached Garage Covered Porch.
**Smart Housing**","8901 PANADERO DRIVE",30.149967,-97.746952
"4233","5604 LIBERTON LN","New 1 Story Sf Res W Att Garage And Cov Porch/Patio","5604 LIBERTON LANE",30.373111,-97.61414
"4234","5608 LIBERTON LN","New 2 Story Sf Res W Att Garage And Cov Porch/Patio","5608 LIBERTON LANE",30.373051,-97.614023
"4235","5334 Sendero Hills Pkwy","New 2 Stry Sf Res W Att Gar And Cov Por/Pat/Balc. Det Gar And Att Carpt *Smart Housing*
ref permit#2007-149009","5334 SENDERO HILLS PKWY",30.283648,-97.646868
"4236","11513 FLUSHWING DR","New 1 Story Sf Res W Att Garage And Cov Porch","11513 FLUSHWING DRIVE",30.37503,-97.648776
"4237","7508 Wisteria Valley Dr","New 1 Story Res W/ Att Garage And Cov Porch/Patio *Stratus Bank* Bldg Fee Waived Only (Not Trades)","7508 WISTERIA VALLEY DRIVE",30.18582,-97.919419
"4238","11804 Timber Heights Dr","New 2 Story Sf Res W Att Garage And Cov Porch","11804 TIMBER HEIGHTS DRIVE",30.375988,-97.649135
"4239","9620 INDINA HILLS DR","(See 2010-032946 for repermit) New Two Story Res W/Att Garage Covered Patio & Covered Porch ( 4 Bathrooms 3/4 Meter)","9620 INDINA HILLS DRIVE",30.505157,-97.754215
"4240","9725 RIAS WAY BLDG B","New 2-Story Sf Res Attached Garage Covered Porch And Patio.","9725 RIAS WAY",30.511161,-97.752529
"4241","8110 FM 2222 RD BLDG 21","New Multi-Family Townhomes","8110 FM 2222 ROAD BLDG 21",30.380327,-97.807373
"4242","8110 FM 2222 RD BLDG 14","New Multi-Family Townhomes","8110 FM 2222 ROAD BLDG 14",30.380327,-97.807373
"4243","8110 FM 2222 RD BLDG 20","New Multi-Family Townhomes Only","8110 FM 2222 ROAD BLDG 20",30.380327,-97.807373
"4244","8110 FM 2222 RD BLDG 26","New Multi-Family Townhomes","8110 FM 2222 ROAD BLDG 26",30.380327,-97.807373
"4245","8110 FM 2222 RD BLDG 22","New Multi-Family Townhomes Only","8110 FM 2222 ROAD BLDG 22",30.380327,-97.807373
"4246","8110 FM 2222 RD BLDG 13","New Multi-Family Townhomes Only","8110 FM 2222 ROAD BLDG 13",30.380327,-97.807373
"4247","8110 FM 2222 RD BLDG 25","New Multi-Family Townhomes Only","8110 FM 2222 ROAD BLDG 25",30.380327,-97.807373
"4248","8917 Quick Stream Dr","New 1 Story Sf Res. Att Garage Covd Porch. **Smart Housing**","8917 QUICK STREAM DRIVE",30.278139,-97.631969
"4249","8913 Quick Stream Dr","New 1 Story Sf Res W Att Garage And Cov Porch/Patio
*Smart Housing*","8913 QUICK STREAM DRIVE",30.278261,-97.632033
"4250","6902 Villita Cv","**Smart Housing** New 2-Story Sf Res Covered Porch.   **refer to pmt # 2010-081004**","6902 VILLITA CV",30.230348,-97.691222
"4251","5305 PARK AT WOODLANDS DR","New 1 Story Sf Res W Att Garage And Cov Porch
**Smart Housing**","5305 PARK AT WOODLANDS DRIVE",30.275817,-97.631578
"4252","6224 Crow Ln","New 2-Story Sf Res Attached Garage Covered Poch & Covered Wood Deck.

Entire lot cleared; see CV (violation) folder","6224 CROW LANE",30.197575,-97.773378
"4253","6700 Walkup Ln","New 2 Story Sf Res W Att Garage And Cov Porch **Smart Housing**","6700 WALKUP LANE",30.151746,-97.742023
"4254","6322 RIVER PLACE BLVD","New Two Story Sf Res W/Attached Garage W/Covered Patio & Porch","6322 RIVER PLACE BOULEVARD",30.390115,-97.848696
"4255","2104 STAMFORD LN","***On August 23 2007 City Council upheld the appeal by Michael Cannitti to cancel permit based on the application expiring.  Council vote (4-3) in favor of the appeal.***
New Three Story Sf Res W/Attached Garage W/Covd Porch & 2nd Fl Covd Balcony","2104 STAMFORD LANE",30.294778,-97.768296
"4256","5617 Liberton Ln","New 2-Story Sf Res Attached Garage Covered Porch And Patio.","5617 LIBERTON LANE",30.372595,-97.614111
"4257","5612 LIBERTON LN","New 1-Story Sf Res Attached Garage Covered Porch And Patio.","5612 LIBERTON LANE",30.373,-97.613888
"4258","7000 Villita Avenida","**Smart Housing**  New 2-Story Sf Res Covered Porch.   **refer to pmt # 2010-081771**","7000 VILLITA AVENIDA",30.229589,-97.690811
"4259","6918 Villita Avenida","**Smart Housing**New 2-Story Sf Res Covered Porch.  **refer to pmt # 2010-107103**","6918 VILLITA AVENIDA",30.230162,-97.690321
"4260","7105 Villita Avenida","**Smart Housing**  New 2-Story Sf Res Covered Porch.  **refer to pmt # 2010-081036**","7105 VILLITA AVENIDA",30.229941,-97.691862
"4261","6903 VILLITA CV","**Smart Housing**  New 2-Story Sf Res Covered Porch.","6903 VILLITA CV",30.230323,-97.691717
"4262","6916 VILLITA AVENIDA","**Smart Housing** New 2-Story Sf Res Covered Porch.","6916 VILLITA AVENIDA",30.23029,-97.690384
"4263","7117 CAYENNE LN","**Smart Housing**  New 1-Story Sf Res Attached Garage Covered Porch.","7117 CAYENNE LANE",30.221896,-97.69506
"4264","6901 Villita Avenida","**Smart Housing** New 2-Story Sf Res Covered Porches.","6901 VILLITA AVENIDA",30.230912,-97.6912
"4265","6914 Villita Avenida","**Smart Housing** New 2-Story Sf Res Covered Porch.","6914 VILLITA AVENIDA",30.230407,-97.690396
"4266","1010 Hillside Ave","New Two Story Sf Res W/ Attached Garage & CovD Porch","1010 HILLSIDE AVE",30.253137,-97.745156
"4267","6112 Bridlington Cir","Finish Out Conversion Of  Garage To Living Rm Storage Media Rm W/Closets Exst Utility.","6112 BRIDLINGTON CIR",30.215453,-97.813325
"4268","5600 Apple Orchard Ln","New 2 Story Sf Res. Att Garage Covd Porch. **Smart Housing**","5600 APPLE ORCHARD LANE",30.198492,-97.72845
"4269","6405 Kedington St","New 2 Story Sf Res W Att Garage And Cov Porch  *Smart Housing Program**","6405 KEDINGTON STREET",30.150427,-97.748277
"4270","11309 Long Winter Dr","New 1 Story Sf Res W Att Garage","11309 LONG WINTER DRIVE",30.372368,-97.650313
"4271","12037 TIMBER HEIGHTS DR","New 1 Story Sf Res W Att Garage And Cov Porch/Patio","12037 TIMBER HEIGHTS DRIVE",30.37409,-97.647924
"4272","12213 ALCANZA DR","**ref permit#2009-031257**New 2-Story Sf Res Attached Garage Covered Porches And Patios. **Stratus Bank**Only Bldg Waived**;Vegetative Filter Strip must be restored prior to CO.","12213 ALCANZA DRIVE",30.182746,-97.921256
"4273","1611 Brackenridge St","Paint Retile/Repair Bath Wall. Replace W Heater W/Tankless. Replace Toilet. **See Comments**","1611 BRACKENRIDGE STREET",30.246535,-97.748108
"4274","5629 LIBERTON LN","New 1 Story Sf Res W Att Garage And Cov Porch/Patio","5629 LIBERTON LANE",30.372426,-97.613757
"4275","5621 LIBERTON LN","New 1 Story Sf Res W Att Garage And Cov Porch/Patio","5621 LIBERTON LANE",30.372532,-97.613991
"4276","5912 Silver Screen Dr","New 2 Story Sf Res W Att Garage And Cov Porch/Patio **Smart Housing Program**","5912 SILVER SCREEN DRIVE",30.139287,-97.766577
"4277","5908 Silver Screen Dr","New 1 Story Sf Res W Att Garage And Cov Porch/Patio **Smart Housing**","5908 SILVER SCREEN DRIVE",30.139339,-97.766698
"4278","707 CARDINAL LN BLDG H","New Two Story Condo W/Balconies.","707 CARDINAL LANE BLDG H",30.23271,-97.767847
"4279","328 Camperdown Elm Dr","New 2 Story Res W Att Garage And Cov Porch","328 CAMPERDOWN ELM DRIVE",30.156351,-97.804013
"4280","309 Camperdown Elm Dr","New 2 Story Sf Res W Att Garage And Cov Porch","309 CAMPERDOWN ELM DRIVE",30.155707,-97.803759
"4281","1010 E 15TH ST","New Detached Garage W/Second Floor Apartment","1010 EAST 15TH STREET",30.275528,-97.728767
"4282","1108 S 5TH ST","New 2-Story Sf Res W/Attached Carport Uncovered Porches And Patios.","1108 SOUTH 5TH STREET",30.254763,-97.758167
"4283","5525 COLINTON AVE","New 1 Story Sf Res W Att Garage And Cov Porch","5525 COLINTON AVE",30.373618,-97.614511
"4284","5501 COLINTON AVE","New Two Story Sf Res W/Attached Garage W/Covd Porch & Uncovd Patio","5501 COLINTON AVE",30.374114,-97.6151
"4285","5313 Park At Woodlands Dr","New 2 Story Sf Res W Att Garage And Cov Porch/Patio","5313 PARK AT WOODLANDS DRIVE",30.27607,-97.631428
"4286","7713 JABORANDI DR","New 2 Story Sf Res. Att Garage Covd Patio Covd Porch *Stratus Bank* Bldg.Fee Waived (Not Trades); Vegetative Filter Strip must be vegetated prior to CO - AW.","7713 JABORANDI DRIVE",30.184011,-97.917808
"4287","8713 FENTON DR","New 2 Story Residential W/Att Garage And Cov Porch","8713 FENTON DRIVE",30.237542,-97.903346
"4288","5529 JACKIE ROBINSON ST","New 1-Story Sf Res W/Covered Porches.","5529 JACKIE ROBINSON STREET",30.276117,-97.676841
"4289","5408 Agatha Cir","**Smart Housing**  New 3-Story Sf Res Attached Carport Covered Porch And Wood Deck.","5408 AGATHA CIR",30.284948,-97.648645
"4290","1104 E 2ND ST","New 1-Story Sf Res Covered Wood Deck At Ground Level.","1104 EAST 2ND STREET",30.261248,-97.732571
"4291","308 Camperdown Elm Dr","New 2 Story Single Fam Res W Att Garage And Cov Porch Only","308 CAMPERDOWN ELM DRIVE",30.15579,-97.803151
"4292","12004 Lansdowne Rd","New One Story Sf Res W/ Attached Garage CovD Patio & CovD Porch","12004 LANSDOWNE ROAD",30.356521,-97.609397
"4293","9721 RIAS WAY BLDG B","New 1 Stry Sf Res. Att Garage Covd Patio Covd Porch.","9721 RIAS WAY",30.510991,-97.75263
"4294","4900 SANTA ANNA ST","New 2-Story Sf Res Covered Porch.","1127 NICKOLS AVE",30.274574,-97.685845
"4295","1509 ACACIA BUD DR","New 1 Story Sf Res. Att Garage Covd Patio.","1509 ACACIA BUD DRIVE",30.314752,-97.896203
"4296","2303 MANANA ST","New 2 Story Sf Res. Att Garage Covd Porch Covd Patio Balcony. See Comments Re: Co.","2303 MANANA STREET",30.328525,-97.827885
"4297","5624 LIBERTON LN","New 2 Story Res W Att Garage And Cov Porch And Patio","5624 LIBERTON LANE",30.372829,-97.613549
"4298","5636 LIBERTON LN","New 1 Story Res W Att Garage And Cov Porch","5636 LIBERTON LANE",30.372662,-97.613181
"4299","328 Camperdown Elm Dr","New 2 Story Res W Att Garage And Cov Porch","328 CAMPERDOWN ELM DRIVE",30.156351,-97.804013
"4300","10309 Grizzly Oak Dr","New 2 Story Res W Att Garage And Cov Porch","10309 GRIZZLY OAK DRIVE",30.15666,-97.804231
"4301","8016 LEVATA DR","New 1 Story Res W Att Garage And Cov Porch
**Stratus Bank Bldg Waived Only Not Trades**","8016 LEVATA DRIVE",30.189211,-97.923313
"4302","5437 Agatha Cir","One Story Sf Res W/ Attached Carport CovD Porch & CovD Balcony *Smart Housing*","5437 AGATHA CIR",30.285284,-97.646991
"4303","1411 CONCORDIA AVE UNIT B","New Two Story Secondary Apartment W/2nd Fl Balcony (LDC-25-2-1463 see conditions below)
parking is prohibited in the front yard per ord #2006-0406-050 (17 x 17 & addl 8.5 x 17 parking pad provided) urban core parking reduction ord#031120-44 from 4 to 3 off street parking spaces.","1411 CONCORDIA AVE UNIT B",30.290861,-97.716744
"4304","5528 COLINTON AVE","New 2 Story S.F. Residence W/Attached Garage CovD Patio & CovD Porch.","5528 COLINTON AVE",30.373941,-97.61401
"4305","10909 Short Springs Dr","New 2 Story Sf Res W Att Garage And Cov Porch","10909 SHORT SPRINGS DRIVE",30.362517,-97.646176
"4306","4501 Ari Ct","New Two Story Sf Res W/ Att Gar CovRd Patio CovRd Porch UncovRd Balcony & Storage","4501 ARI CT",30.221651,-97.728591
"4307","6701 Jester Blvd","Two Story Sf Res With CovRd Patios CovRd Porches CovRd & UncovRd Balconies.","6701 JESTER BOULEVARD",30.371072,-97.798595
"4308","2615 GEORGIA COLEMAN BND","New 1 Story Sf Res W Att Garage And Cov Porch/Patio","2615 GEORGIA COLEMAN BND",30.15526,-97.844468
"4309","6701 Jester Blvd","Detached 1 Story Guest House.","6701 JESTER BOULEVARD",30.371072,-97.798595
"4310","5645 COLINTON AVE","New One Story Sf Res W/Attached Garage W/Covd Patio & Porch","5645 COLINTON AVE",30.372801,-97.612784
"4311","5529 COLINTON AVE","New One Story Sf Res W/Attached Garage W/Covd Patio & Porch","5529 COLINTON AVE",30.37356,-97.614402
"4312","9109 Laguna Woods Dr","New 2 Story Sf Res. Att Garage Covd Patio Covd Porch.","9109 LAGUNA WOODS DRIVE",30.492267,-97.766011
"4313","1600 Pavelich Pass","**Cancel Permit*New 1 Story Residence W/Attached Garage CovD Patio & CovD Porch.","1600 PAVELICH PASS",30.145477,-97.838553
"4314","12513 SKY HARBOR DR","New 1 Story S.F. Residence W/Attached Garage CovD Porch & CovD Patio. -*S.M.A.R.T Housing*","12513 SKY HARBOR DRIVE",30.168123,-97.627697
"4315","11605 HOLLISTER DR","New 2 Story Sf Res. Att Garage Covd Porch Covd Patio.","11605 HOLLISTER DRIVE",30.189505,-97.914541
"4316","13205 KENSWICK DR","New 1 Story Sf Res. Att Garage Covd Patio Covd Porch.","13205 KENSWICK DRIVE",30.403439,-97.645781
"4317","10212 FOSSMOOR ST","New Single Story Sf Res W/ Attached Garage CovD Porch & CovD Patio","10212 FOSSMOOR STREET",30.499881,-97.771483
"4318","5520 COLINTON AVE","New 2 Story S.F. Residence W/Attached Garage CovD Patio & CovD Porch.","5520 COLINTON AVE",30.374051,-97.614242
"4319","7609 Jaborandi Dr","New 2 Story Sf Res. Att Garage Covd Porch Covd Patio.
*Stratus Bank* Bldg Fee Waived (Not Trades)","7609 JABORANDI DRIVE",30.184872,-97.917036
"4320","9001 Quick Stream Dr","New 2 Story S.F. Residence W/Attached Garage CovD Porch & CovD Patio. *S.M.A.R.T Housing*","9001 QUICK STREAM DRIVE",30.277716,-97.631748
"4321","5724 WALSER CV BLDG WB4","New 1 Story Sf Res. Att Garage Covd Patio Covd Porch.
*Stratus Bank* Bldg Fee Waived (Not Trades)","5724 WALSER CV",30.249617,-97.874398
"4322","4705 WESTSLOPE CIR","Three Story Sf Res W/ Attached Garage CovD Patio & CovD Porch & Guest House
*************VOIDED per new Life-Safety Permit - see 2013-043608 PR.  10/17/13 PY.************","4705 WESTSLOPE CIR",30.342083,-97.782187
"4323","5345 Agatha Cir","New Two Story Sf Res W/Attached W/Covd Patio & Porches - Smart Housing","5345 AGATHA CIR",30.283839,-97.647954
"4324","10900 Short Springs Dr","New 2 Story Sf Res W Att Garage And Cov Porch","10900 SHORT SPRINGS DRIVE",30.362363,-97.646532
"4325","8905 Quick Stream Dr","New 2 Story S.F. Residence W/Attached Garage CovD Porch CovD Patio & Garage Storage. *S.M.A.R.T Housing*","8905 QUICK STREAM DRIVE",30.278533,-97.632259
"4326","8917 Quick Stream Dr","New 2 Story S.F. Residence W/Attached Garage CovD Porch & CovD Patio. *S.M.A.R.T Housing*","8917 QUICK STREAM DRIVE",30.278139,-97.631969
"4327","5612 COLINTON AVE","New 2-Story Sf Res Attached Garage Covered Porch And Patio.","5612 COLINTON AVE",30.373671,-97.613564
"4328","9008 Quick Stream Dr","New 2 Story Sf Res. Att Garage Covd Porch Covd Patio.  **Smart Housing**  **Elev Cert Reqd**","9008 QUICK STREAM DRIVE",30.277626,-97.631132
"4329","1509 CORIANDER DR","**Smart Housing**  New 1-Story Sf Res Attached Gargae Covered Porch And Patio.","1509 CORIANDER DRIVE",30.22265,-97.691204
"4330","11901 Lansdowne Rd","New 2 Story Residence W/Attached Garage CovD Patio & CovD Porch.","11901 LANSDOWNE ROAD",30.35695,-97.610753
"4331","1908 BREMEN ST","New Two Sf Res With Att Gar CovRd Porch CovRd Patio","1908 BREMEN STREET",30.292661,-97.764884
"4332","9000 Quick Stream Dr","Flood Plain Rev Reqd. New 1 Story Sf Res. Att Garage Covd Porch.  **Smart Housing** **Elev Cert Reqd**","9000 QUICK STREAM DRIVE",30.277866,-97.631276
"4333","11825 Lansdowne Rd","New 1 Story Residence W/Attached Garage CovD Porch & UncovD Patio.","11825 LANSDOWNE ROAD",30.357001,-97.61096
"4334","4610 WINDY BROOK DR","New Two Story Duplex W/ Attached Garage Breezeway CovD Patio CovD Porch & CovD Balcony","4610 WINDY BROOK DRIVE",30.292463,-97.686577
"4335","3609 LAWTON AVE","New 2 Story Duplex. Covd Patio Covd Porch Mech Rm.","3609 LAWTON AVE",30.309666,-97.751914
"4336","11308 Hollister Dr","New 2 Story S.F. Residence W/Attached Garage CovD Patio & CovD Porch. (See 2006-003099 for final building)","11308 HOLLISTER DRIVE",30.192308,-97.916439
"4337","1529 CORIANDER DR","New One Story Res W/Att Garage Covered Patio & Porch (S.M.A.R.T Housing) ( 2 Bathrooms 5/8 Meter)","1529 CORIANDER DRIVE",30.222236,-97.691675
"4338","806 E 30TH ST","New 2 Sty Sf Residence W/Cvd Porch And A Circular Dw (Flood Plain Variance Approval 2006-0504-040)","806 EAST 30TH STREET",30.29082,-97.729987
"4339","8009 Levata Dr","** Dormant** Not Building This Home-Per Cindi Gilcrest-12-15-06 New 1-Story Sf Res Attached 22 Drop Garage Covered Porch Uncovered Patio. *Stratus Bank*Bldg Fee Waived Only (Not Trades)","8009 LEVATA DRIVE",30.188649,-97.923278
"4340","7300 Moon Rock Rd","New Two Story Sf Res W/ CovD Patio & CovD Porch","7300 MOON ROCK ROAD",30.19732,-97.902074
"4341","1522 Weatherford Dr","New 1-Story Sf Res Attached Garage Covered Porch And Patio.","1522 WEATHERFORD DRIVE",30.402065,-97.645287
"4342","7600 Menler Dr","New 2 Story Res W/ Att Garage And Cov Porch/Patio","7600 MENLER DRIVE",30.249872,-97.872567
"4343","10720 STRAW FLOWER DR","New 1 Story Res W/ Att Garage And Cov Porch/Patio **voided permit life safety pmt issued**","10720 STRAW FLOWER DRIVE",30.315081,-97.897377
"4344","1304 Morgan Ln","Detached Garage W/ Two Family Residential Above (Ldc 25-2-774)","1304 MORGAN LANE",30.229016,-97.779264
"4345","8909 Quick Stream Dr","New One Story Sf Res W/Attached Garage W/Covd Patio & Porch - Smart Housing","8909 QUICK STREAM DRIVE",30.278385,-97.632123
"4346","2711 Park View Dr","Rebuild New 1 Story Sf Res W/ Carport Over Previous Build Footprint.","2711 PARK VIEW DRIVE",30.344968,-97.743774
"4347","5414 Evans Ave","New Two Family Residential (Secondary Apt)(25-2-774) Above New Detached Garage","5414 EVANS AVE UNIT B",30.31796,-97.716574
"4348","1629 CORIANDER DR","New 2 Story Res W/ Att Garage And Cov Porch/Patio**Smart Housing**","1629 CORIANDER DRIVE",30.221383,-97.692583
"4349","5524 Colinton Ave","New 1 Story S.F. Residence W/Attached Garage CovD Porch & UncovD Patio.","5524 COLINTON AVE",30.37399,-97.614132
"4350","9001 Quick Stream Dr","New 1 Story S.F. Residence W/Attached Garage CovD Patio & CovD Porch. *S.M.A.R.T Housing*","9001 QUICK STREAM DRIVE",30.277716,-97.631748
"4351","5617 COLINTON AVE","New 2 Story Res W Att Garage And Cov Porch/Patio","5617 COLINTON AVE",30.373203,-97.613616
"4352","12405 Alcanza Dr","New Two Story Sf Res W/Attached Garage W/Covd Patio And Porch*Stratus Bank Only Bldg. Waived Not Trades***","12405 ALCANZA DRIVE",30.180304,-97.920784
"4353","7405 Cayenne Ln","New 1 Story Res W Att Garage And Cov Patio And Porch**Smart Housing*","7405 CAYENNE LANE",30.221897,-97.693277
"4354","6935 CHINOOK DR","New 2-Story Sf Res Attached Garage Covered Porch Patio And Balcony.","6935 CHINOOK DRIVE",30.242584,-97.886217
"4355","1600 CORIANDER DR","New 1 Story Res W/ Att Garage And Cov Porch**Smart Housing**","1600 CORIANDER DRIVE",30.222355,-97.692218
"4356","10500 Avery Club Dr Bldg 23","New Two Story Res W/Att Garage Covered Patio & Porch","10500 AVERY CLUB DRIVE BLDG 23",30.502085,-97.774144
"4357","7501 Cayenne Ln","New 1 Story Res W Att Gargae And Cov Porch**Smart Housing**","7501 CAYENNE LANE",30.222629,-97.692442
"4358","5508 COLINTON AVE","New 2 Story Res W Att Garage And Cov Patio/Porch","5508 COLINTON AVE",30.374229,-97.61459
"4359","2809 BONNIE RD","New Two Story Sf Res With Portecochere CovRd Porch CovRd Patio And UncovRd Patio","2809 BONNIE ROAD",30.29228,-97.773536
"4360","5637 COLINTON AVE","New 1 Story Res W Att Garage And Cov Patio/Porch","5637 COLINTON AVE",30.372926,-97.61304
"4361","1601 CORIANDER DR","New 1 Story Res W Att Garage And Cov Porch And Patio
*Smart House*","1600 CORIANDER DRIVE",30.222355,-97.692218
"4362","5641 Colinton Ave","New 2-Story Sf Res Attached Garage Covered Porch And Patio.","5641 COLINTON AVE",30.37286,-97.612904
"4363","5628 COLINTON AVE","New 2-Story Sf Res Attached Garage Covered Porch And Patio.","5628 COLINTON AVE",30.373444,-97.613074
"4364","7400 Annette Cv","New One Story Sf Res W/ Covd Patio & Porch - Smart Housing","7400 ANNETTE CV",30.285641,-97.645371
"4365","5629 Colinton Ave","New 1-Story Sf Res Attached Garage Covered Porch And Patio.","5629 COLINTON AVE",30.37303,-97.613263
"4366","1609 CORIANDER DR","New 2 Story Res With Att Garage And Cov Porch/Patio**Smart House**","1609 CORIANDER DRIVE",30.221818,-97.692126
"4367","1533 CORIANDER DR","New 1 Story Res W Att Garage And Cov Porch Patio**Smart Housing**","1533 CORIANDER DRIVE",30.222146,-97.691752
"4368","5725 KEMPSON DR BLDG WB4","New 2 Story Sf Residence W/Attached Garage; Covered Porch **Stratus Bank*Bldg Fee Waived Only (Not Trades)","5725 KEMPSON DRIVE",30.249753,-97.87498
"4369","8409 Georgian Dr","New 1-Story Duplex Res Covered Porch No Garages.","8409 GEORGIAN DRIVE",30.350555,-97.700933
"4370","11721 CHERISSE DR","New 1-Story Sf Res Attached Garage Covered Porch And Patio.","11721 CHERISSE DRIVE",30.18971,-97.92059
"4371","10717 SORGHUM HILL CV","New 1 Story Sf Res. Att Garage Covd Patio Covd Porch.","10717 SORGHUM HILL CV",30.370058,-97.656924
"4372","6017 Terravista Dr","New 2 Story Sf Residence W/Attached Garage; Covered Patio And Porch. *Stratus Bank-Bldg Waived Only-Not Trades*","6017 TERRAVISTA DRIVE",30.248417,-97.875986
"4373","8012 JOURNEYVILLE DR BLDG 350","New 2 Story Res W/ Att Garage And Cov Porch/Patio**Bldg Fee Only Waived**","8012 JOURNEYVILLE DRIVE",30.250453,-97.876023
"4374","5625 COLINTON AVE","New 2-Story Sf Res Attached Garage Covered Porch And Patio.","5625 COLINTON AVE",30.373081,-97.613387
"4375","13111 Kenswick Dr","New Two Story Sf Res W/Attached Garage W/Covd Patio & Porch","13111 KENSWICK DRIVE",30.402711,-97.646325
"4376","7505 CAYENNE LN","New 1 Story S.F. Residence W/Attached Garage CovD Patio & CovD Porch. *S.M.A.R.T Housing*","7505 CAYENNE LANE",30.222722,-97.692372
"4377","1524 CORIANDER DR","New 2 Story S.F. Residence W/Attached Garage CovD Patio & CovD Porch. *S.M.A.R.T Housing*","1524 CORIANDER DRIVE",30.222611,-97.691949
"4378","1512 CORIANDER DR","New 1 Story S.F. Residence W/Attached Garage CovD Patio & CovD Porch. *S.M.A.R.T Housing*","1512 CORIANDER DRIVE",30.222865,-97.69166
"4379","5821 Kempson Dr","New 2 Story Res W/ Att Garage And Cov Porch/Patio","5821 KEMPSON DRIVE",30.248738,-97.875553
"4380","1608 CORIANDER DR","New 1 Story S.F. Residence W/Attached Garage CovD Patio & CovD Porch. *S.M.A.R.T Housing*","1608 CORIANDER DRIVE",30.222186,-97.692409
"4381","7924 Menler Dr","New Single Fam 1 Story Res W/ Att Garage And Cov Porch","7924 MENLER DRIVE",30.251433,-97.877675
"4382","5613 Colinton Ave","New 1-Story Sf Res Attached Garage Covered Porch.","5613 COLINTON AVE",30.373256,-97.613733
"4383","13216 Kenswick Dr","New Two Story Sf Res W/Attached Garage W/Covd Patio & Porch","13216 KENSWICK DRIVE",30.404299,-97.645393
"4384","5621 Colinton Ave","New 2-Story Sf Res Attached Garage Covered Porch And Patio.","5621 COLINTON AVE",30.373142,-97.613502
"4385","6413 Kedington St","New 1 Story Res W Att Garage And Cov Porch **Volume Builder/Smart Housing**","6413 KEDINGTON STREET",30.150277,-97.747951
"4386","9132 Ipswich Bay Dr","New 1 Story Res W Att Garage And Cov Porch ** Volume Builder/Smart Housing**","9132 IPSWICH BAY DRIVE",30.149283,-97.747692
"4387","8713 Alum Rock Dr","New 1 Story Single Fam Res W/Att Garage And Cov Porch **Smart Housing** **Model Home** Dcain","8713 ALUM ROCK DRIVE",30.155733,-97.744448
"4388","5609 Colinton Ave","New 1-Story Sf Res Attached Garage Covered Porch And Patio.","5609 COLINTON AVE",30.373309,-97.613853
"4389","5907 Clementine Ln","New 1 Story Single Family Res W/ Att Garage And Cov Porch **Smart Housing**","5907 CLEMENTINE LANE",30.196413,-97.727991
"4390","5648 COLINTON AVE","New 2-Story Sf Res Attached Garage Covered Porch.","5648 COLINTON AVE",30.373176,-97.61249
"4391","5605 COLINTON AVE","New 2-Story Sf Res Attached Garage Covered Porch And Patio.","5605 COLINTON AVE",30.373368,-97.613977
"4392","5640 Colinton Ave","New 1-Story Sf Res Attached Garage Covered Porch.","5640 COLINTON AVE",30.373294,-97.612727
"4393","8717 Alum Rock Dr","New 2 Story Single Fam Res W/ Att Garage And Covered Porch.  **Smart Housing** *Model Home** Dcain","8717 ALUM ROCK DRIVE",30.15575,-97.744639
"4394","5412 Agatha Cir","New Two Story Sf Res W/Breezeway Covd Patio & Porch - Smart Housing","5412 AGATHA CIR",30.285093,-97.648507
"4395","5448 Agatha Cir","New Two Story Sf Res W/Attached Carport W/Covd Patio Porch & Balcony - Smart Housing","5448 AGATHA CIR",30.285778,-97.647089
"4396","5324 Agatha Cir","New Two Story Sf Res W/ Attached Carport & Storage Saddle. **Smart Housing**","5324 AGATHA CIR",30.282883,-97.648569
"4397","11520 Church Canyon Dr","New 1 Story S.F. Residence W/Attached Garage CovD Patio & CovD Porch.","11520 CHURCH CANYON DRIVE",30.362516,-97.637767
"4398","12112 Timber Heights Dr","New 1 Story S.F. Residence W/Attached Garage & CovD Porch.","12112 TIMBER HEIGHTS DRIVE",30.373259,-97.647843
"4399","7406 GENEVA DR","New 2-Story Duplex Res Detached Garages Covered Porches And Breezeway(1).","7406 GENEVA DRIVE",30.322954,-97.677819
"4400","11905 Lansdowne Rd","New 2 Story Residence W/Attached Garage CovD Patio & CovD Porch.","11905 LANSDOWNE ROAD",30.356808,-97.610537
"4401","12024 BRYONY DR","New 2 Story Sf Residence W/Attached Garage; Covered Patio And Porch Only**See Comments For New Bldg Fee**","12024 BRYONY DRIVE",30.187207,-97.922814
"4402","5604 Colinton Ave","New 2 Story Sf Residence W/Attached Garage; Covered Patio And Porch","5604 COLINTON AVE",30.373792,-97.613801
"4403","1528 Coriander Dr","New 2 Story S.F. Residence W/Attached Garage CovD Porch &  UncovD Patio. *S.M.A.R.T Housing*","1528 CORIANDER DRIVE",30.222527,-97.692038
"4404","2207 S 3rd St","New Two Family Residential (Ldc 25-2-774) ( 1 Bathrooms 5/8 Meter)

Expired permit replaced/resolved with new construction submitted under 12-126022 PR. PY.","2207 SOUTH 3RD STREET",30.244726,-97.760687
"4405","1628 Coriander Dr","New 1 Story S.F. Residence W/Attached Garage CovD Patio & CovD Porch. *S.M.A.R.T Housing*","1628 CORIANDER DRIVE",30.22174,-97.692904
"4406","1516 Coriander Dr","New Two Story Sf Res W/Attached Garage W/Covd Porch & Uncovd Patio - Smart Housing","1516 CORIANDER DRIVE",30.222784,-97.691762
"4407","5368 Agatha Cir","New 2 Story Sf Res. Att Carport Wood Deck Covd Porch Covd Patio.  **Smart Housing**","5368 AGATHA CIR",30.284457,-97.648716
"4408","2204 Riverview St","New Two Story Sf Res With CovRd Porch Roof Deck W Exterior Wood Stairs (See 2011-072615 for repermit) **construction was never started due to funding now repermitting**","2204 RIVERVIEW STREET",30.250343,-97.722759
"4409","5640 Liberton Ln","New 1 Story Sf Residence W/Attached Garage; Covered Porch","5640 LIBERTON LANE",30.372587,-97.613059
"4410","12000 Pepperidge Dr","New 2 Story Sf Res. Att Garage Covd Porch Covd Patio.**Stratus Bank Bldg Fee Waived Only**","12000 PEPPERIDGE DRIVE",30.188544,-97.922972
"4411","1210 Cometa St","One Story Sf Res With Attached Garage And CovRd Patio CovRd Porch","1210 COMETA STREET",30.279368,-97.689996
"4412","1506 W 39th Half St","New Two-Story Sf Res W/Attached Basement-Garage W/Covd Porch.  Driveway ReqD.","1506 WEST 39TH HALF STREET",30.309865,-97.747149
"4413","5001 Woodrow Ave","New 2 Story Duplex W/Att Carport Covd Porch. (See 2011-072993)","5001 WOODROW AVE",30.320855,-97.737629
"4414","608 W Mary St","New 2-Story Sf Res Attached Garage Covered Porches.","608 WEST MARY STREET",30.247038,-97.757211
"4415","5644 Brougham Way","New 2 Story Res W/Att Garage And Covered Patio/Porch","5644 BROUGHAM WAY",30.372191,-97.614008
"4416","9201 Brodie Ln Bldg 1","New Multi-Family Residential Triplex W/Attached Garages","9201 BRODIE LANE BLDG 1",30.192088,-97.841886
"4417","12605 La Paz Ln","Withdrawn Per Applicant 12-20-06  Zoning Review By K. Batcher.","12605 LA PAZ LANE",30.166247,-97.627623
"4418","2206 Pennsylvania Ave","New Two Story Duplex With CovRd Porches.","2206 PENNSYLVANIA AVE",30.272483,-97.715932
"4419","5700 Colinton Ave","2 Story New Res W/ Att Garage And Covered Porch","5700 COLINTON AVE",30.373142,-97.612356
"4420","9201 Brodie Ln Bldg 3","New Multi-Family Residential Triplex W/Attached Garages","9201 BRODIE LANE BLDG 3",30.192088,-97.841886
"4421","5408 AURORA DR","New Two Story Two Family Duplex With Att Gar CovRd & UncovRd Porches Patios And Balconies","5408 AURORA DRIVE",30.324647,-97.732166
"4422","8009 LONG CANYON DR","**ref permit#2011-115873**New Detached One Storystudio ( 1 Bathroom 5/8 Meter)","8009 LONG CANYON DRIVE",30.373869,-97.80833
"4423","12504 Sky Harbor Dr","New One Story Sf Res W/Attached Garage W/Covd Patio & Porch - Smart Housing","12504 SKY HARBOR DRIVE",30.168632,-97.627666
"4424","8009 LONG CANYON DR","**ref permit#2011-115873**New Two Story Res W/Att Garage Covered Porch & Balcony ( 3 Bathrooms 5/8 Meter)","8009 LONG CANYON DRIVE",30.373869,-97.80833
"4425","10512 PREZIA DR","New 2-Story Sf Res Attached Garage Covered Patios","10512 PREZIA DRIVE",30.315314,-97.895477
"4426","1413 MILAGRO DR","New 2-Story Sf Res Attached Garage Covered Patios.","1413 MILAGRO DRIVE",30.316626,-97.899609
"4427","7622 Crackling Creek Dr","New Two Story Sf Res W/Attached Garage W/Covd Porch","7622 CRACKLING CREEK DRIVE",30.239574,-97.903206
"4428","5708 Colinton Ave","New One Story Sf Res W/Attached Garage W/Covd Patio & Porch","5708 COLINTON AVE",30.373005,-97.612077
"4429","7536 Bonniebrook Dr","New 2 Story Residence W/Attached Garage  CovD Patio CovD Porch Balcony & Concrete Deck.","7536 BONNIEBROOK DRIVE",30.248574,-97.875044
"4430","9201 Laguna Woods Dr","New Two Story Sf Res W/ Attached Garage Cov;D Patio & CovD Porch","9201 LAGUNA WOODS DRIVE",30.492183,-97.764837
"4431","12001 BRYONY DR","New 2-Story Sf Res Attached Garage Covered Porches.
**Stratus Bank**Bldg Fees Waived Only-Not Trades**","12001 BRYONY DRIVE",30.187814,-97.92178
"4432","2025 Wayward Sun Dr","New 2-Story Sf Res W/Attached Garage Covered Porch.","2025 WAYWARD SUN DRIVE",30.369822,-97.655412
"4433","5436 Agatha Cir","Two Story Sf Res W/ Attached Garage & Storage Saddle **Smart Housing** **Pipeline Restricted**","5436 AGATHA CIR",30.285601,-97.647534
"4434","5504 Agatha Cir","New 3 Story Sf Res. Covd Porch Roof Terrace. **Smart Housing**  **Pipeline Restricted**","5504 AGATHA CIR",30.286059,-97.646551
"4435","5620 Alomar Cv","New Two Story Sf Res W/Attached Garage W/Covd Porch & Uncovd Patio - Smart Housing","5620 ALOMAR CV",30.170851,-97.618583
"4436","5608 Colinton Ave","New Two Story Sf Res W/Attached Garage W/Covd Patio/Porch & Uncovd Patio","5608 COLINTON AVE",30.373739,-97.613679
"4437","5609 Agatha Cir","New Two Story Sf Res W/ Attached Garage Breezeway & CovD Porch. **Smart Housing**","5609 AGATHA CIR",30.286255,-97.644614
"4438","3915 Valley View Rd","New 2-Story Duplex Covered Porches And Patios Attached Carports","3915 VALLEY VIEW ROAD",30.232448,-97.783347
"4439","3913 Valley View Rd","New 2-Story Duplex Housing Unit Covered Porches And Patios Attached Carports","3913 VALLEY VIEW ROAD",30.232604,-97.783236
"4440","1604 CORIANDER DR","New Two Story Sf Res W/ Attached Garage CovD Patio & CovD Porch. **Smart Housing**","1604 CORIANDER DRIVE",30.222267,-97.692311
"4441","1100 Tillery St","Rebuild Existing Sf Residence  &  ( 2 Fam Res On Separate Pmt)","1100 TILLERY STREET",30.264398,-97.703213
"4442","513 EL PASO ST","New Two Story Sf Res With Attached Carport Ground Floor Storage And Covered Entry","513 EL PASO STREET",30.236194,-97.762452
"4443","7107 Thannas Way","New 2 Story Sf Res. Att Storage Covd Porch Brick Ledge. **Smart Housing**","7107 THANNAS WAY",30.177387,-97.757295
"4444","7015 Thannas Way","New 2 Story Sf Res. Att Garage Covd Porch Brick Ledge. **Smart Housing**","7015 THANNAS WAY",30.177495,-97.756383
"4445","7101 Thannas Way","New 2 Story Sf Res. Att Storage Covd Porch. **Smart Housing**","7101 THANNAS WAY",30.177265,-97.756964
"4446","7104 Thannas Way","New 2 Story Sf Res. Att Storage Covd Porch Brick Ledge. **Smart Housing**","7104 THANNAS WAY",30.177674,-97.757013
"4447","511 EL PASO ST","New Two Story Sf Res With Attached Garage & CovRd Porch And Ground Floor Storage","511 EL PASO STREET",30.236136,-97.762298
"4448","7109 Thannas Way","New 2 Story Sf Residence W/Attached Storage; Covered Porch And Uncovered Patio * Smart Housing *","7109 THANNAS WAY",30.177441,-97.757418
"4449","7017 Thannas Way","New 2 Story Sf Res. Att Storage Covd Porch Unc Patio Brick Ledge. **Smart Housing**","7017 THANNAS WAY",30.177391,-97.756441
"4450","7108 Thannas Way","New 2 Story Sf Res. Att Storage Covd Porch. **Smart Housing**","7108 THANNAS WAY",30.17779,-97.757236
"4451","7019 Thannas Way","New 2 Story Sf Res. Att Storage Covd Porch Brick Ledge.  **Smart Housing**","7019 THANNAS WAY",30.17728,-97.756479
"4452","6204 Seville Dr","**Smart Housing** New 2-Story Sf Res Attached Garage Covered Porch And Patio.","6204 SEVILLE DRIVE",30.293116,-97.642571
"4453","7106 Thannas Way","New 2 Story Sf Res. Att Storage Covd Porch Brick Ledge. **Smart Housing**","7106 THANNAS WAY",30.177739,-97.757122
"4454","7112 Thannas Way","New 2 Story Sf Residence W/Attached Storage; Covered Porch And Uncovered Patio ** Smart Housing **","7112 THANNAS WAY",30.177905,-97.757448
"4455","7113 Thannas Way","New 2 Story Sf Residence W/Attached Storage; Covered Porch And Uncovered Patio. ** Smart Housing *","7113 THANNAS WAY",30.177512,-97.757652
"4456","7110 Thannas Way","New 2 Story Sf Residence W/Attached Garage; Covered Porch And Uncovered Patio ** Smart Housing *","7110 THANNAS WAY",30.17784,-97.757331
"4457","12417 Alcanza Dr","New Two-Story Sf Res Attached Garage Covered Porches And Patios.**Only Bldg Waived Not Trades**; Vegetative Filter Strip must be restored prior to CO.","12417 ALCANZA DRIVE",30.179787,-97.920421
"4458","1132 Brookswood Ave","New Manufactured Home W/Steps ( 2 Bathrooms 5/8 Meter)","1132 BROOKSWOOD AVE",30.266,-97.689094
"4459","2216 Haskell St","New One Story Res W/Att Covered Porch ( 2 Bathrooms 5/8 Meter) ( S.M.A.R.T Housing Project) (Demolition#06019699)","2216 HASKELL STREET",30.251018,-97.721637
"4460","2018 Bergman Ave","New One Story Res W/Att Covered Porch (Urban Home) ( 2 Bathrooms 5/8 Meter) ( S.Ma.R.T Housing) (Demolition#06008424)




0","2018 JESSE EAST SEGOVIA STREET",30.250131,-97.724998
"4461","6529 Quinton Dr","Cancel Permit**Smart Housing** New 2-Story Sf Res Attached Garage And Covered Porch.","6529 QUINTON DRIVE",30.153149,-97.743119
"4462","15500 Echo Hills Dr","New 1 Story S.F. Residence W/Attached Garage CovD Patio & CovD Porch & UncovD Patio.","15500 ECHO HILLS DRIVE",30.50231,-97.766676
"4463","5409 Rusk Ct","New Two-Story Sf Res W/Attached Garage And Covered Porch.  **Smart Housing**","5409 RUSK CT",30.292205,-97.667277
"4464","10500 Avery Club Dr Bldg 9","New Two-Story Sf Res W/Attached Garage Covered Porches And Patios.","10500 AVERY CLUB DRIVE BLDG 9",30.502734,-97.772255
"4465","9100 Laguna Woods Dr","*Cancel Permit*New 2-Story Sf Res W/Attached Garage Covered Porch And Patio.","9100 LAGUNA WOODS DRIVE",30.492858,-97.766124
"4466","3100 PRADO ST","New Two-Story Sf Res W/Covered Front Porch.","3100 PRADO STREET",30.261034,-97.705548
"4467","5417 Rusk Ct","New 2-Story Single Family Home W/ Att Garage & Covered Patio
**refer to pmt# 2007-120844 for new const.**","5417 RUSK CT",30.292537,-97.667109
"4468","5412 Rusk Ct","New 1-Story Single Family Home W/ Att Garage & Covered Patio","5412 RUSK CT",30.292353,-97.667741
"4469","1102 Walton Ln","New Single Story Sf Res W/ Attached Garage Wood Deck Breezeway & CovD Porch.","1102 WALTON LANE",30.257911,-97.688813
"4470","5405 Rusk Ct","New 1-Story Single Family Home W/ Att Garage & Covered Patio & Uncovered Porch","5405 RUSK CT",30.292059,-97.667291
"4471","12313 Aralia Ridge Dr","New 1 Story Sf Residence W/Attached Garage; Covered Patio And Porch **Stratus Bank** Bldg Fees Only Waived - Not Trades *","12313 ARALIA RIDGE DRIVE",30.183205,-97.918499
"4472","5421 Rusk Ct","New 2-Story Single Family Home W/ Att Garage","5421 RUSK CT",30.292617,-97.667226
"4473","5413 Rusk Ct","New 2-Story Single Family Home W/ Att Garage Covered  Patio & Uncovered Porch","5413 RUSK CT",30.292383,-97.667143
"4474","5401 Rusk Ct","New 1-Story Single Family Home W/ Att Garage & Covered Patio & Porch","5401 RUSK CT",30.291914,-97.667325
"4475","5408 Rusk Ct","New 1 -Story Single Family Home W/ Att Garage & Without Covered Patio & Porch (See 2007-120878 for repermit)","5408 RUSK CT",30.292224,-97.667734
"4476","7417 Cayenne Ln","**Smart Housing** New 1-Story Sf Res W/Attached Garage Covered Porch.","7417 CAYENNE LANE",30.222147,-97.693001
"4477","5416 Rusk Ct","New 1-Story Single Family Home W/ Att Garage & Covered Patio & Uncovered Porch","5416 RUSK CT",30.292465,-97.667717
"4478","5644 Liberton Ln","New 1-Story Sf Res Attached Garage Covered Porch And Patio.","5644 LIBERTON LANE",30.372555,-97.61291
"4479","5400 Rusk Ct","New 1-Story Single Family Home W/ Att Garage & Covered Patio**Smart Housing**","5400 RUSK CT",30.291994,-97.667751
"4480","5404 Rusk Ct","New 1-Story Single Family Home W/ Att Garage**Smart Housing**","5404 RUSK CT",30.292102,-97.667748
"4481","1305 Cometa St","Detached Carport With Electricity","1305 COMETA STREET",30.280011,-97.689665
"4482","2114 Holly St","New Detached Garage W/Above Secondary Apartment","60 ROBERT T MARTINEZ JR STREET",30.252426,-97.722444
"4483","12021 Pepperidge Dr","New Two Storysf Res W/ Attached Garage & CovD Porch Media Rm. **Stratus Bank Bldg Waived Not Trades**.","12021 PEPPERIDGE DRIVE",30.187658,-97.922972
"4484","5804 Nijmegen Dr","***ref permit#2009-034191**New Two Story Sf Res W/Attached Garage & CovD Porch.  ** Smart Housing**","5804 NIJMEGEN DRIVE",30.168883,-97.618712
"4485","10500 Avery Club Dr Bldg 7","New Two-Story Sf Res W/Attached Garage Covered Porches And Patios.","10500 AVERY CLUB DRIVE BLDG 7",30.502854,-97.772024
"4486","12524 Sky Harbor Dr","New 1 Story Sf Res. Att Garage Covd Patio Covd Porch. **Smart Housing**","12524 SKY HARBOR DRIVE",30.168329,-97.627051
"4487","5212 Hutchinson Dr","New 1 Story Sf Res. Att Garage Covd Patio Covd Porch. **Smart Housing**","5212 HUTCHINSON DRIVE",30.290175,-97.669377
"4488","8809 Fenton Dr","New Two-Story Sf Res W/Attached Garage Covered Porches And Patios. (See permit #08-002575)","8809 FENTON DRIVE",30.238398,-97.904986
"4489","10906 SPICEWOOD PKWY","New 2 Story Sf Res. Covd Patio.","10906 SPICEWOOD PKWY",30.43471,-97.800431
"4490","7517 Cayenne Ln","**Smart Housing** New 2-Story Sf Res W/Attached Garage Covered Porches And Patios.","7517 CAYENNE LANE",30.222976,-97.692103
"4491","7617 Cayenne Ln","New Single Story Sf Res W/ Attached Garage & CovD Porch. **Smart Housing**   **refer to pmt# 2011-106266**","7617 CAYENNE LANE",30.223652,-97.691385
"4492","7501 JABORANDI DR","New Two Story Sf Res W/ Attached Garage & CovD Porch
**Stratus Bank**Bldg Fee Only Waived**Not Trades**","7501 JABORANDI DRIVE",30.186658,-97.917096
"4493","503 Swanee Dr","New Two Story Duplex With On Site Parking Only CovRd Porches & Open Wood Decks","503 SWANEE DRIVE",30.334927,-97.715095
"4494","7413 CAYENNE LN","New Two Story Sf Res W/ Attached Garage CovD Patio & CovD Porch. **Smart Housing**","7413 CAYENNE LANE",30.222066,-97.693099
"4495","5441 Agatha Cir","New One-Story Sf Res W/Attached Carport. **Smart Housing**.","5441 AGATHA CIR",30.28539,-97.646854
"4496","5425 Agatha Cir","New One-Story Sf Res W/Attached Carport. **Smart Housing**","5425 AGATHA CIR",30.285091,-97.647455
"4497","3700 AGAPE LN","New 2 Story Sf Res. Att Garage Breezeway Covd Porch Covd Patio.","3700 AGAPE LANE",30.263139,-97.839932
"4498","9208 Laguna Woods Dr","New 2 Story Sf Res. Att Garage Covd Patio Covd Porch.","9208 LAGUNA WOODS DRIVE",30.492714,-97.764513
"4499","7401 Cayenne Ln","New 1 Story S.F. Residence W/Attached Garage CovD Patio & CovD Porch.  *S.M.A.R.T Housing*","7401 CAYENNE LANE",30.221823,-97.693369
"4500","7421 Cayenne Ln","New 2 Story S.F. Residence W/Attached Garage CovD Patio & CovD Porch.  *S.M.A.R.T Housing*","7421 CAYENNE LANE",30.222223,-97.692906
"4501","8020 Journeyville Dr","Withdrawn Per Builder/Alex Dadidakis Plantation Homes (Duplicate Application) New One Story Sf Res W/Attached Garage W/Covd Porch","8020 JOURNEYVILLE DRIVE",30.250822,-97.875935
"4502","2210 East Side Dr","VOID-permit expired applicant resubmitted new building permit refer to PR 08-019365 PR per MHH 5/14/08.  New 2 Story Sf Res Wd Decks CovD Patios & Porches & Storage Units.","2210 EAST SIDE DRIVE",30.238967,-97.748264
"4503","9913 Morgan Creek Dr","New Two-Story Sf Res W/Attached Garage Covered Patios And Porches.","9913 MORGAN CREEK DRIVE",30.493597,-97.764804
"4504","7529 Cayenne Ln","New 1 Story S.F. Residence W/Attached Garage  CovD Porch & UncovD Patio.  *S.M.A.R.T Housing*","7529 CAYENNE LANE",30.223228,-97.691833
"4505","7533 Cayenne Ln","New 1 Story S.F. Residence W/Attached Garage CovD Patio & CovD Porch.  *S.M.A.R.T Housing*","7533 CAYENNE LANE",30.223301,-97.691729
"4506","1036 LIBERTY PARK DR BLDG 45","New Two-Story Sf Res W/Attached Garage Covered Porches And Patios.","1036 LIBERTY PARK DRIVE BLDG 45",30.268308,-97.789566
"4507","7525 Cayenne Ln","New 2 Story S.F. Residence W/Attached Garage CovD Patio & CovD Porch.  *S.M.A.R.T Housing*","7525 CAYENNE LANE",30.223142,-97.691921
"4508","1036 LIBERTY PARK DR BLDG 44","New 2 Story Sf Res. Att Garage Covd Patio Covd Porch.","1036 LIBERTY PARK DRIVE BLDG 44",30.268308,-97.789566
"4509","7605 Cayenne Ln","New 1 Story S.F. Residence W/Attached Garage CovD Patio & CovD Porch.  *S.M.A.R.T Housing*","7605 CAYENNE LANE",30.223462,-97.691573
"4510","11801 Buzz Schneider Ln","New Single Story Sf Res W/ Attached Garage & CovD Porch","11801 BUZZ SCHNEIDER LANE",30.148904,-97.838143
"4511","5621 Brougham Way","New 1 Story Sf Res. Att Garage Covd Patio Covd Porch.","5621 BROUGHAM WAY",30.372085,-97.614819
"4512","12317 Aralia Ridge Dr","New 2 Story Sf Res. Att Garage Covd Patio Covd Porch. **Stratus Bank** Only Bldg Waived Not Trades**","12317 ARALIA RIDGE DRIVE",30.18309,-97.918344
"4513","1109 Clermont Ave Unit B","Voided - never bulit per recent survey dated 10/03/14 PY.
Detached 1sty Garage And 2nd Stry Apt To Existing Sf Residence Ldc-25-2-1463(Secondary Apt)","1109 CLERMONT AVE UNIT B",30.254246,-97.735548
"4514","7509 Cayenne Ln","New One Story Sf Res With Attached Garage Covered Patio Covered Porch  Smart Housing","7509 CAYENNE LANE",30.222803,-97.69228
"4515","1228 Anise Dr","New One Story Sf Res With Attached Garage Covered Patio Covered Porch   Smart Housing","1228 ANISE DRIVE",30.224911,-97.691448
"4516","1209 Anise Dr","New 1 Story S.F. Residence W/Attached Garage & CovD Porch. *S.M.A.R.T Housing*","1209 ANISE DRIVE",30.224509,-97.69089
"4517","12216 Alcanza Dr","New 1 Story Sf Res. Att Garage Covd Patio Covd Porch**Bldg Fee Onlywaived**","12216 ALCANZA DRIVE",30.182726,-97.921891
"4518","1036 Liberty Park Dr Bldg 15","New 2 Story Sf Res. Att Garage Covd Porch Covd Patio.","1036 LIBERTY PARK DRIVE BLDG 15",30.268308,-97.789566
"4519","5920 Bold Ruler Way","New Two Story Sf Res W/ Attached Garage Breezeway CovD Patio CovD Porch & Balcony","5920 BOLD RULER WAY",30.321825,-97.811444
"4520","7105 TANAQUA LN","New Two Story Sf Res W/Att Garage Breezeway & CovRd Patio","7105 TANAQUA LANE",30.189242,-97.901315
"4521","7508 CAYENNE LN","New Two Story Sf Res With Attached Garage Covered Patio Covered Porch    Smart Housing","7508 CAYENNE LANE",30.223109,-97.692656
"4522","1903 W 36TH ST","New Two Story Sf Res With Attached Garage CovRd Porch & Balcony","1903 WEST 36TH STREET",30.309409,-97.754703
"4523","7521 Cayenne Ln","New Two Story Sf Res With Attached Garage Covered Patio Covered Porch  Smart Housing","7521 CAYENNE LANE",30.223063,-97.692003
"4524","7412 Wisteria Valley Dr","New 2-Sty Hm W/Att Garage W/ CovD Porch**Stratus Bank Bldg. Fee Waived Not Trades***","7412 WISTERIA VALLEY DRIVE",30.185978,-97.917607
"4525","1225 Anise Dr","New 2 Story S.F. Residence W/Attached Garage CovD Patio & CovD Porch. *S.M.A.R.T Housing*","1225 ANISE DRIVE",30.224496,-97.691509
"4526","8629 Toro Creek Cv","New Two Story Sf Reswith Basement  W/Attach Garage Wood Decks CovRd Porch Balconies And Storage In Basement","8629 TORO CREEK CV",30.422317,-97.791305
"4527","11708 Cherisse Dr","New 2sty Sf Residence W/Att Garage/Bldg. Waived Not Trades***Stratus Bldg. Fee Waived Not Trades**","11708 CHERISSE DRIVE",30.189414,-97.921174
"4528","7425 Jaborandi Dr","**Cancel Bldg Perm**New 2 Story Sf Res. Att Garage Covd Patio Covd Porch**Stratus Bank Bldg. Waived Not Trades***","7425 JABORANDI DRIVE",30.18676,-97.917319
"4529","7529 Jaborandi Dr","New 2-Story Sf Res W/ Attached  Garage CovD Patio & CovD Porch.*Stratus Bank Bldg. Waived Not Trades**","7529 JABORANDI DRIVE",30.185356,-97.916667
"4530","5301 Sendero Hills Pkwy","New 1 Story Sf Res. Att Carport Covd Patio. **Smart Housing**","5301 SENDERO HILLS PKWY",30.282351,-97.647179
"4531","7904 Levata Dr","New 2 Story Sf Res. Att Garage Covd Patio Covd Porch. **Bldg Fee Only Waived**","7904 LEVATA DRIVE",30.188462,-97.921862
"4532","6825 Via Correto Dr","New 2 Story Sf Res. Att Garage Covd Porch.","6825 VIA CORRETO DRIVE",30.215206,-97.883855
"4533","12004 Pepperidge Dr","New 2 Story Sf Res. Att Garage Covd Porch. **Bldg Fee Only Waived**. Duplicate Permit Withdrawn Per Applicant. Mhh 12/1/06.","12004 PEPPERIDGE DRIVE",30.188442,-97.923146
"4534","7420 Jaborandi Dr","New 2-Story Single Family Home W/ Attached Garage & CovD Porch/Stratus Bank Bldg. Fee Waived Not Trades****Greenbelt/Critical Environmental Feature must be restored and fees paid prior to CO - AW.","7420 JABORANDI DRIVE",30.186403,-97.917757
"4535","15605 Interlachen Dr","New Two-Story Sf Res W/Attached Garage Covered Porch. Dw And Sw ReqD.","15605 INTERLACHEN DRIVE",30.498381,-97.770952
"4536","9721 Spanish Wells Dr","New 2 Story Sf Res. Att Garage Covd Patio Covd Porch.","9721 SPANISH WELLS DRIVE",30.492315,-97.766944
"4537","15301 INTERLACHEN DR","New Two-Story Sf Res W/Attached Garage Covered Porches And Patios. Dw And Sw ReqD.","15301 INTERLACHEN DRIVE",30.498264,-97.769894
"4538","3408 Caladium Cir","New 2 Story Sf Res. Att Garage Covd Patio.","3408 CALADIUM CIR",30.174025,-97.854315
"4539","10612 Camillia Blossom Ln","*Cancel Permit New 2 Story Sf Res. Att Garagecovd Patio Covd Porch.","10612 CAMILLIA BLOSSOM LANE",30.174047,-97.853926
"4540","909 W Elizabeth St","Demolish & Rebuild New Two Story Residence W/Detached Garage Wood Deck (Demolition #: 06019402 Hdp-06-0459)","909 WEST ELIZABETH STREET",30.252424,-97.75862
"4541","11000 ANDERSON MILL RD BLDG W2 UNIT 97","New 2 Sty Condo W.Att Garage Cvd Porch-Patio","11000 ANDERSON MILL ROAD BLDG W2 UNIT 97",30.449466,-97.815434
"4542","7117 Cromarty Cv","New 1 Story Sf Res. Att Garage Covd Porch.","7117 CROMARTY CV",30.357199,-97.608683
"4543","300 Camperdown Elm Dr","New 1 Story Sf Res. Att Garage Covd Porch.","300 CAMPERDOWN ELM DRIVE",30.155472,-97.802967
"4544","5237 Sendero Hills Pkwy","New 3 Story Sf Res. Att Carport Wood Deck Breezeway Covd Porch Roof Terrace. **Smart Housing**","5237 SENDERO HILLS PKWY",30.282101,-97.647331
"4545","13306 Montview Dr","New Two Story Res W/Att Garage Covered Porch ( 2 & 1/2 Bathrooms 5/8 Meter)","13306 MONTVIEW DRIVE",30.380657,-97.903238
"4546","1605 Nash Ave","New 2-Sty Sf Res W/Att Garage W/ Covd Porch Covd Balcony & Uncovd Wood Deck","1605 NASH AVE",30.252192,-97.768925
"4547","15232 Interlachen Dr","New Two-Story Sf Res W/Attached Garage Covered Porches And Patios. Dw And Sw ReqD. (See 2006-024194)","15232 INTERLACHEN DRIVE",30.498245,-97.769468
"4548","8713 Fenton Dr","New Two-Story Sf Res W/Attached Garage Covered Porch.  Sidewalk And Driveway Are ReqD","8713 FENTON DRIVE",30.237542,-97.903346
"4549","1007 1/2 E 16TH ST","New 3 Story Sf Res W/Uncovd Patio","1007 1/2 EAST 16TH STREET",30.276064,-97.729044
"4550","12412 Tay Ter","New 1 Story Sf Res. Att Garage Covd Porch Covd Patio.","12412 TAY TER",30.372533,-97.616009
"4551","5616 Brougham Way","New 1 Story Sf Res. Att Garage Covd Porch Covd Patio.","5616 BROUGHAM WAY",30.37262,-97.614859
"4552","8928 IPSWICH BAY DR","New 2 Story Sf Res. Att Garage Covd Porch.  **Smart Housing**","8928 IPSWICH BAY DRIVE",30.150315,-97.750125
"4553","2007 WRIGHT ST","New 2sty Duplex W/Attached Garages & CovD Porches","2007 WRIGHT STREET",30.255068,-97.772416
"4554","2009 WRIGHT ST","New 2sty Duplex W/Attached Garages & CovD Porches","2009 WRIGHT STREET",30.255092,-97.772629
"4555","507 Beaver St Unit B","Detached Accessory Dwelling (Ldc-25-2-893-E) To Existing Sf Residence","507 BEAVER STREET UNIT B",30.353152,-97.702503
"4556","318 Le Grande Ave","Withdrawn Per Applicant 12-13-06.","318 LE GRANDE AVE",30.252709,-97.743453
"4557","6001 Perlita Dr","New Two Story W/ CovD Pation & CovD Porch **Smart Housing**","6001 PERLITA DRIVE",30.291581,-97.644427
"4558","5601 Agatha Cir","New 2 Story Sf Res. Att Carport. **Smart Housing**","5601 AGATHA CIR",30.286158,-97.644953
"4559","6106 Richardson Ln","New One-Story Sf Residence W/Attached Carport Covered Porch.","6106 RICHARDSON LANE",30.237779,-97.698593
"4560","1810 Bitter Creek Dr","New Mh Residence","1810 BITTER CREEK DRIVE",30.187005,-97.766876
"4561","1500 Milagro Dr","New Two Story Sf Res W/ Attached Garage CovD Patio CovD Porch & Balcony","1500 MILAGRO DRIVE",30.31556,-97.89959
"4562","5429 RAYBURN LN","New One Story Res W/Att Garage Covered Patio & Porch (2  Bathrooms 5/8 Meter) (S.M.A.R.T Housing)","5429 RAYBURN LANE",30.291696,-97.66843
"4563","7500 Wisteria Valley Dr","New One-Story Sf Home Attached Garage Covered Porches And Patios.*Stratus Credit Bank Only Bldg Waived**","7500 WISTERIA VALLEY DRIVE",30.185916,-97.918915
"4564","1617 W 12TH ST","New Two Story Duplex W/Att Breezeway & Storage Area & Balconies & 1st Fl Carport & 2nd Fl Living Area Sleeping Area & Bathroom  ( Unit A & B) ( 3 Bedrooms)  (3 Bathrooms 5/8 Meter) (Relocation#06018631 )","1617 WEST 12TH STREET",30.280554,-97.760116
"4565","5713 Clyde Ln","New 2 Story Sf Res. Att Garage Covd Patio Covd Porch.","5713 CLYDE LANE",30.370643,-97.613717
"4566","5636 Brougham Way","New 1 Story Sf Res. Att Garage Covd Proch Covd Patio.","5636 BROUGHAM WAY",30.372329,-97.614236
"4567","7408 Wisteria Valley Dr","New 2 Story Residence W/Attached Garage Covered Patio Coverd Porch. ** Stratus Credit Bank Bldg. Waived Not Trades **","7408 WISTERIA VALLEY DRIVE",30.185881,-97.917377
"4568","7508 Wisteria Valley Dr","New 2 Story Residence W/Attached Garage Covered Patio Covered Porch. ** Stratus Credit Bank Bldg. Waived Not Trades **","7508 WISTERIA VALLEY DRIVE",30.18582,-97.919419
"4569","7413 Black Mountain Dr","New Two-Story Sf Res W/Attached Garage W/Covd Porch.  Sidewalk And Driveway Are ReqD.","7413 BLACK MOUNTAIN DRIVE",30.239532,-97.899824
"4570","11416 Flushwing Dr","New Two Story Sf Res With Attached Garage CovRd Porch And CovRd Patio","11416 FLUSHWING DRIVE",30.374231,-97.650159
"4571","7417 Jaborandi Dr","New 2 Story S.F. Residence W/Attached Garage Covered Porch & Uncovered Patio. **Stratus Credit Bank**(Only Bldg. Waived Not Trades)","7417 JABORANDI DRIVE",30.186915,-97.917771
"4572","1821 Shaker Trl","New Two Story Sf Res With Attached Garage CovRd Patio & CovRd Porch","1821 SHAKER TRAIL",30.376045,-97.652065
"4573","10229 Grizzly Oak Dr","New Two Story Sf Res With Attached Garage And CovRd Porch","10229 GRIZZLY OAK DRIVE",30.15756,-97.804285
"4574","11420 Flushwing Dr","New Two Story Sf Res With Attached Garage And CovrD Porch.","11420 FLUSHWING DRIVE",30.374363,-97.650104
"4575","10236 Grizzly Oak Dr","New 2 Story Sf Res. Att Garage Covd Porch.","10236 GRIZZLY OAK DRIVE",30.157355,-97.804803
"4576","1014 W Milton St","New Three Story Res W/Att Garage Covered Porch & Uncovered Patio","1014 WEST MILTON STREET",30.25125,-97.761697
"4577","503 Radam Ln","Detached Accessory Dwelling (Ldc-25-2-893 (E) To The Existing Sf Residence","503 RADAM LANE",30.223677,-97.770121
"4578","10908 Roy Butler Dr","New Two Story Res W/Att Garage Covered Patio & Porch & Portico ( 4 & 1/2 Bathrooms 3/4 Meter)","10908 ROY BUTLER DRIVE",30.505063,-97.762315
"4579","7309 Annette Cv","Three Story Sf Res W. Wood Decks & Roof Terrace. **Smart Housing**","7309 ANNETTE CV",30.284963,-97.645829
"4580","7320 Annette Cv","New Two Story Sf Res W/Wood Deck **Smart Housing**","7320 ANNETTE CV",30.285575,-97.645516
"4581","7304 Annette Cv","New Two Story Sf Res W/Attached Carport &Wood Deck **Smart Housing**","7304 ANNETTE CV",30.285338,-97.646146
"4582","7312 E BEN WHITE BLVD WB UNIT 9","New Two Story Condo W/Attached Porch rear deck And Garage; **Smart Housing**","7312 EAST BEN WHITE BOULEVARD SVRD WB UNIT 9",30.218459,-97.696232
"4583","7312 E BEN WHITE BLVD WB UNIT 13","New Two Story Condo  W/Att Garage & Covered Porch ( 2 Bathrooms 5/8 Meter) (S.M.A.R.T Housing)","7312 EAST BEN WHITE BOULEVARD SVRD WB UNIT 13",30.218459,-97.696232
"4584","7312 E BEN WHITE BLVD WB UNIT 10","New Two Story Condo W/Attached Patio And Garage; **Smart Housing **     **refer to pmt # 2010-017305**","7312 EAST BEN WHITE BOULEVARD SVRD WB UNIT 10",30.218459,-97.696232
"4585","7312 E BEN WHITE BLVD WB UNIT 12","New Two Story Condo W/Att Garage & Porch ( 2 Bathrooms 5/8 Meter) ( S.M.A.R.T Housing)","7312 EAST BEN WHITE BOULEVARD SVRD WB UNIT 12",30.218459,-97.696232
"4586","7312 E BEN WHITE BLVD WB UNIT 11","New Two Story Condos W/Attached Porch & Garage
**Smart Housing**        **refer to pmt # 2010-012261**","7312 EAST BEN WHITE BOULEVARD SVRD WB UNIT 11",30.218459,-97.696232
"4587","6916 Providence Ave Bldg A","New Two Story Sf Res W/Attached Garage W/Covd Porch ( 3 Bathrooms 5/8 Meter)","6916 PROVIDENCE AVE BLDG A",30.327798,-97.698693
"4588","7312 E BEN WHITE BLVD WB UNIT 7","New2 Story Condo W/Attached Porch And Garage **Smart Housing**","7312 EAST BEN WHITE BOULEVARD SVRD WB UNIT 7",30.218459,-97.696232
"4589","5325 Sendero Hills Pkwy","New 2 Story Sf Residence W/Attached Carport; Covered Porch And Uncovered Wood Deck *Smart Housing*","5325 SENDERO HILLS PKWY",30.28299,-97.646443
"4590","5501 Agatha Cir","New 2 Story Sf Residence; ** Smart Housing *","5501 AGATHA CIR",30.285551,-97.646452
"4591","501 North Bluff Dr","New Two Story Res W/Att Garage & Wood Deck & Walkway  ( 2 Bathrooms 5/8 Meter) ( Demolition#0002095)","501 NORTH BLUFF DRIVE",30.195978,-97.773537
"4592","9708 S Chisholm Trl","**Ref Permit#2009-045563**New 1sty Sf Res-Refer To Pmt #04002471","9708 SOUTH CHISHOLM TRAIL",30.168618,-97.812877
"4593","11405 Sprinkle Cutoff Rd","New Two Story Sf Res W/Attached Garage W/Covd Porch","11405 SPRINKLE CUTOFF ROAD",30.369958,-97.655923
"4594","11436 Flushwing Dr","New One Story Sf Res W/Attached Garage W/Covd Porch","11436 FLUSHWING DRIVE",30.374831,-97.649728
"4595","1700 RAVEY ST","New Two Story Duplex W/Attached Garage W/Covd Porch And Uncovd Balcony","1700 RAVEY STREET",30.244722,-97.773524
"4596","7528 Cayenne Ln","New 1 Story Residence W/Attached Garage Covered Patio & Covered Porch. -S.M.A.R.T Housing","7528 CAYENNE LANE",30.223574,-97.692093
"4597","9620 Indina Hills Dr","New Two Story Res W/Att Garage Covered Patio & Porch ( 4 Bathrooms 3/4 Meter) (See 2007-004514 for repermit)","9620 INDINA HILLS DRIVE",30.505157,-97.754215
"4598","14004 Panorama Dr","New 1 Sty Sf Residence","14004 PANORAMA DRIVE",30.419264,-97.889766
"4599","1404 Garner Ave","**ref permit#2011-017454**New Two Story Res W/Att Garage Covered Patio & Porch & Uncovered Deck ( 3 Bathrooms 5/8 Meter)","1404 GARNER AVE",30.255499,-97.768816
"4600","2103 Mountainview Rd","New 1sty Sf Res W/CovD Porch & Wood Deck","2103 MOUNTAIN VIEW ROAD",30.296658,-97.771592
"4601","10212 James Ryan Way","New Two Story Res W/Att Garage Wood Deck Covered Porches (3.5 Bathrooms 5/8 Meter) (See 2007-121607 for repermit)","10212 JAMES RYAN WAY",30.360382,-97.857779
"4602","1320 MILAGRO DR","New Two Storysingle Family Residence W/Attached Garage W/Covered Patio And Porch","1320 MILAGRO DRIVE",30.317328,-97.899893
"4603","7608 Cayenne Ln","New One Story Sf-Residence W/ Attached Garage And CovD Porch And Patio **Smart Housing**","7608 CAYENNE LANE",30.22382,-97.691805
"4604","2207 S 3RD ST","New Two  Story Res W/Att Garage & Balconies ( 2 Bathrooms 5/8)

Expired permit replaced/resolved with new construction submitted under 12-126022 PR. PY.","2207 SOUTH 3RD STREET",30.244726,-97.760687
"4605","4204 Canoas Dr","New 2 Sty Sf Res W.Att Garage Cvd Porches-Patios (4 Bdrms- 4 Off Street Parking Spaces)","4204 CANOAS DRIVE",30.367667,-97.857317
"4606","7904 Big View Dr","Inground Swimming Pool And Spa W/ReqD Enclosure Device For Sf Res","7904 BIG VIEW DRIVE",30.349015,-97.873863
"4607","7904 Big View Dr","New Accessory Pool Cabana For Sf Res  /  demolished TH 9-24-2014","7904 BIG VIEW DRIVE",30.349015,-97.873863
"4608","13703 MONTVIEW DR","New One Story Sf-Residence W/ Attached Garage And CovD. Porch/Patio (Ldc 25-2-943 Substandard Lot)","13703 MONTVIEW DRIVE",30.382319,-97.908637
"4609","8025 Levata Dr","New 2 Story Sf Residence W/Attached Garage; Covered Patio And Porch*Bldg. Waived Not Trades*","8025 LEVATA DRIVE",30.189033,-97.924028
"4610","2504 Flora Cv","New Two Story Res W/Att Carport Covered Breezeway Covered Porches & Balconies & Storage( 1 & 3 1/2 Bathrooms 5/8 Meter)","2504 FLORA CV",30.25923,-97.785823
"4611","608 W Live Oak St","New Detached Carport","608 WEST LIVE OAK STREET",30.244882,-97.758321
"4612","7405 Magenta Ln","New 2-Story Residence With Attached Garage; Covered Porch; Covered Patio","7405 MAGENTA LANE",30.18923,-97.909808
"4613","5604 STANDING ROCK DR","Inground Swimming Pool W/ReqD Enclosure Device","5604 STANDING ROCK DRIVE",30.368826,-97.823958
"4614","11320 Church Canyon Dr","New Two Story Sf Res With Attached Garage With CovD Patio And Porch.","11320 CHURCH CANYON DRIVE",30.360335,-97.638854
"4615","11400 Sprinkle Cutoff Rd","New Two Story Sf-Residence W/ Attached Garage And CovD. Porch","11400 SPRINKLE CUTOFF ROAD",30.36965,-97.656352
"4616","11516 Viridian Way","New 2 Story Sf Res. W/ Attached Garage Covered Porch & Covered Patio.","11516 VIRIDIAN WAY",30.18922,-97.907636
"4617","2606 THOMAS DR","New Two Story Sf Res W/Covd Attached Garage W/Covd Patio & Balcony","2606 THOMAS DRIVE",30.301795,-97.767257
"4618","1416 Anise Dr","New Two Story Sf Residence W/ Attached Garage Covered Porch Balcony***Smart Housing***    **refer to pmt # 2015-015020**","1416 ANISE DRIVE",30.225,-97.69297
"4619","3304 MEREDITH ST","New 2 Story Sf Residence W/ Att Garage & Covered Porch And Partially Covered 1st Floor Rear Patio","3304 MEREDITH STREET",30.29768,-97.775497
"4620","8605 Cureton Cv","New 2 Story Res. W/Att Garage Covered Porch And Uncovered Patio. -S.M.A.R.T Housing","8605 CURETON CV",30.151179,-97.739182
"4621","2415 Durwood","New Two Family Residential (Ldc 25-2-774)  ( 1 Bathroom 5/8 Meter)","2415 DURWOOD STREET",30.240237,-97.758339
"4622","1900 Wayward Sun Dr","New Two Story Res W/Att Garage Covered Poch.","1900 WAYWARD SUN DRIVE",30.370566,-97.656349
"4623","2600 Bridle Path","Rebuild Existing Studio And Convert To An Accessory Dwelling (Ldc-25-2-893-D)","2600 BRIDLE PATH",30.291218,-97.770048
"4624","12000 Cherisse Dr","New Two Story Sf-Residence W/ Attached Garage CovD. Porch And UncovD. Patio**Bldg. Waived Not Trades*","12000 CHERISSE DRIVE",30.187562,-97.921497
"4625","12017 CHERISSE DR","New Two Story Sf-Residence W/ Attached Garage CovD Porch And UncovD. Patio**Bldg. Waived Not Trades*","12017 CHERISSE DRIVE",30.186804,-97.921472
"4626","2206 Sunny Slope Dr","New 2sty Duplex W/Attached Garage & UncovD Patio (6 Bdrms & 6 Bath=1 Wtr Meter)","2206 SUNNY SLOPE DRIVE",30.29885,-97.760959
"4627","5308 Sendero Hills Pkwy","New Two Story Sf-Residence W/ Attached Garage CovD. Porch  And Balcony **Smart Housing**","5308 SENDERO HILLS PKWY",30.282905,-97.647502
"4628","2104 Wayward Sun Dr","New Two Story Sf-Residence W/ Attached Garage And CovD. Porch","2104 WAYWARD SUN DRIVE",30.369473,-97.654587
"4629","10100 Chiltern Forest Dr","New Two Story Sf-Residence W/ Attached Garage And CovD. Porch/Patio","10100 CHILTERN FOREST DRIVE",30.499096,-97.768143
"4630","2507 E 9th St","New 1sty Sf Res W/Attached Garage CovD Porch & CovD Patio (see 2011-095029)","2507 EAST 9TH STREET",30.264885,-97.714063
"4631","9729 Spanish Wells Dr","New Two Story Sf-Residence W/ Attached Garage And CovD. Porch And Patio","9729 SPANISH WELLS DRIVE",30.492716,-97.766865
"4632","10001 Grizzly Oak Dr","New Two Story Sf-Residence W/ Attached Garage CovD. Porch And UncovD Patio","10001 GRIZZLY OAK DRIVE",30.160521,-97.803053
"4633","2725 Alsatia Dr","New 2 Story Sf-Residence W/ Attached Garage And CovD. Porch And Patio","2725 ALSATIA DRIVE",30.160099,-97.847658
"4634","5332 Agatha Cir","New 3 Story Sf-Residence W/ Attached GarageCovD. Porch And Patio Balcony And UncovD. Patio **Smart Housing**","5332 AGATHA CIR",30.283175,-97.648571
"4635","2721 Alsatia Dr","New 2 Story Sf-Residence W/ Attached Garage And CovD Porch And Patio","2721 ALSATIA DRIVE",30.159922,-97.84754
"4636","2805 Alsatia Dr","New 2 Story Sf-Residence W/ Attached Garage And CovD. Porch And Patio","2805 ALSATIA DRIVE",30.160482,-97.84801
"4637","2609 Alsatia Dr","New 2 Story Sf- Residence W/ Attached Garage And CovD. Porch/Patio   **refer to pmt # 2007-103942**","2609 ALSATIA DRIVE",30.159534,-97.845481
"4638","2801 Alsatia Dr","New 2 Story Sf-Residence W/ Attached Garage And","2801 ALSATIA DRIVE",30.160299,-97.847834
"4639","2113 Wayward Sun Dr","New 2 Story Sf Res W/Attached Garage W/Covd Porch","2113 WAYWARD SUN DRIVE",30.369001,-97.65497
"4640","2621 Alsatia Dr","New 2 Story Sf-Residence W/ Attached Garage And CovD. Porch And Patio","2621 ALSATIA DRIVE",30.159497,-97.846187
"4641","2701 Alsatia Dr","New Sf-Residence W/ Attached Garage And CovD. Porch And Patio","2701 ALSATIA DRIVE",30.159491,-97.846465
"4642","2809 Alsatia Dr","New 2 Story Sf-Residence W/ Attached Garage And CovD. Porch And Patio","2809 ALSATIA DRIVE",30.160649,-97.848213
"4643","2601 Alsatia Dr","New 2 Story Sf-Residence W/ Attached Garage And CovD. Porch And Patio","2601 ALSATIA DRIVE",30.159636,-97.844929
"4644","2813 Alsatia Dr","New 2 Story Sf-Residence W/ Attached Garage And CovD. Porch And Patio","2813 ALSATIA DRIVE",30.16085,-97.848434
"4645","2713 Alsatia Dr","New 2 Story Sf-Residence W/ Attached Garage And CovD. Porch And Patio","2713 ALSATIA DRIVE",30.159687,-97.847287
"4646","2100 Wayward Sun Dr","New 1 Story Sf-Residence W/ Attached Garage And CovD. Porch","2100 WAYWARD SUN DRIVE",30.369553,-97.654672
"4647","3205 Brass Buttons Trl","New 3 Sty Sf Res W/Attached Garage CovD Patio & Balcony","3205 BRASS BUTTONS TRAIL",30.384353,-97.91657
"4648","10704 ROY BUTLER DR","New 2 Story Sf-Residence W/ Attached Garage CovD. Porch/Patio And Wood Deck","10704 ROY BUTLER DRIVE",30.504764,-97.764831
"4649","7404 Wisteria Valley Dr","new permit #2007-1574962-Sty Sf Res W/Att Garage CovD Porch & UncovD Patio Stratus Credit Bank(Not Trades)","7404 WISTERIA VALLEY DRIVE",30.18578,-97.917201
"4650","6003 TASAJILLO TRL","New Sf Residence W/Attached Garage CovD Porch & UncovD Patio","6003 TASAJILLO TRAIL",30.194782,-97.883792
"4651","6720 Quinton Dr","2-Sty Sf Res W/Att Garage UncovD Patio & CovD Porch *Smart Housing*","6720 QUINTON DRIVE",30.152533,-97.740965
"4652","12919 PERRYTON DR","Inground Swimming Pool W/Reqd Enclosure Device","12919 PERRYTON DRIVE",30.337684,-97.923286
"4653","5413 AGATHA CIR","New 2 Story Sf-Residence W/ Attached Carport
**Smart Housing**","5413 AGATHA CIR",30.284874,-97.647884
"4654","5338 Sendero Hills Pkwy","Ne W2 Story Sf-Residence W/ Attached Carport And  UncovD. Wood Decks","5338 SENDERO HILLS PKWY",30.283798,-97.646806
"4655","2508 Lark Glen Ln","New 1sty Sf Res W/Attached Garage CovD Porch & CovD Patio","2508 LARK GLEN LANE",30.156354,-97.845192
"4656","8701 Alum Rock Dr","New Two Story Res W/Att Garage & Covered Porch & Uncovered Patio ( 2 1/2 Bathrooms 5/8 Meter) (S.Ma.R.T Housing)","8701 ALUM ROCK DRIVE",30.155684,-97.743895
"4657","10904 ROY BUTLER DR","New 2sty Sf Res W/Attached Garage CovD Porch & CovD Patio","10904 ROY BUTLER DRIVE",30.504985,-97.76258
"4658","1206 ALAMO ST","New One Story Res W/Att Garage & Covered Porch (Land Status C8i-05-0480) ***See Comments****","1206 ALAMO STREET",30.274479,-97.718173
"4659","5613 JEFF DAVIS AVE","New Two Family Residential (Ldc 25-2-774) 1st Fl Garage Kitchen Bathroom & Covered Porch & 2nd Fl Bedroom Bathroom & Covered Wood Deck ( 2 Bathrooms 5/8 Meter)","5613 WILLIAM HOLLAND AVE",30.330536,-97.73625
"4660","906 DAWSON RD","New 2sty Sf Res W/Attached Away Cabin (Bdrm Bath & Closet) Attached Garage & CovD Porch","906 DAWSON ROAD",30.25684,-97.757229
"4661","5013 Westfield Dr","New 2sty Sf Res W/Attached Garage & CovD Porch","5013 WESTFIELD DRIVE",30.329528,-97.754709
"4662","3310 Elija St","**ref permit#2009-094423**New 2sty Sf Res W/Attached Garage CovD Porch & UncovD Patio","3310 ELIJA STREET",30.202801,-97.833435
"4663","2017 SURREY HILL DR","New 2sty Sf Res W/Attached Garage Breezeway CovD Patios & Porches Balcony & Attached Guest Bdrm","2017 SURREY HILL DRIVE",30.271279,-97.822508
"4664","12316 Drummond Dr","New One Story Sf Res W/Attached Garage W/Covd Porch & Uncovd Patio","12316 DRUMMOND DRIVE",30.371493,-97.613319
"4665","7421 Jaborandi Dr","New 2sty Sf Res W/Attached Garage CovD Porch & CovD Patio/Bldg. Pmt. Waived Not Trades** (See 2006-012215)","7421 JABORANDI DRIVE",30.186825,-97.91756
"4666","11804 Timber Heights Dr","New 2sty Sf Res W/Attached Garage CovD Porch & CovD Patio","11804 TIMBER HEIGHTS DRIVE",30.375988,-97.649135
"4667","2517 Exposition Blvd","Withdrawn Per Homeowner. 1/23/07 Dword. New 2sty Duplex W/Attached Garages CovD Porches & Balconies","2517 EXPOSITION BOULEVARD",30.299104,-97.766359
"4668","1712 Milagro Dr","New Sf Residence W/Attached Garage CovD Porch & Sunroom","1712 MILAGRO DRIVE",30.313185,-97.900187
"4669","11500 Arroyo Blanco Dr","New Sf Residence W/Attached Garage CovD Porch & CovD Patio","11500 ARROYO BLANCO DRIVE",30.159497,-97.84908
"4670","2821 Scotia Bluff Loop","New Sf Residence W/Attached Garage CovD Porch & CovD Patio","2821 SCOTIA BLUFF LOOP",30.159755,-97.849946
"4671","11509 Arroyo Blanco Dr","New Sf Residence W/Attached Garage CovD Patio & CovD Porch","11509 ARROYO BLANCO DRIVE",30.159427,-97.848341
"4672","11409 Arroyo Blanco Dr","New Sf Residence W/Attached Garage CovD Porch & CovD Patio","11409 ARROYO BLANCO DRIVE",30.160364,-97.849297
"4673","11504 Arroyo Blanco Dr","New Sf Residence W/Attached Garage CovD Porch & CovD Patio","11504 ARROYO BLANCO DRIVE",30.159298,-97.848965
"4674","11513 Arroyo Blanco Dr","New Sf Residence W/Attached Garage CovD Porch & CovD Patio","11513 ARROYO BLANCO DRIVE",30.159106,-97.848337
"4675","11508 Arroyo Blanco Dr","New Sf Res W/Attached Garage CovD Porch & CovD Patio","11508 ARROYO BLANCO DRIVE",30.159084,-97.848906
"4676","11401 Arroyo Blanco Dr","New Two Story Res W/Att Garage Covered Patio & Porch ( 3 1/2 Bathrooms 3/4 Meter)","11401 ARROYO BLANCO DRIVE",30.16056,-97.85
"4677","11501 Arroyo Blanco Dr","New Sf Residence W/Attached Garage CovD Porch & CovD Patio","11501 ARROYO BLANCO DRIVE",30.159865,-97.848634
"4678","2813 Scotia Bluff Loop","New Sf Residence W/Attached Garage CovD Porch & CovD Patio","2813 SCOTIA BLUFF LOOP",30.159302,-97.849738
"4679","11505 Arroyo Blanco Dr","**REF PERMIT#2007-121519**New Sf Res W/Attached Garage CovD Porch & CovD Patio","11505 ARROYO BLANCO DRIVE",30.159676,-97.848445
"4680","11405 Arroyo Blanco Dr","New Two Story Res W/Att Garage Covered Patio & Porch (3 1/2 Bathrooms 3/4 Meter)","11405 ARROYO BLANCO DRIVE",30.160451,-97.849627
"4681","11413 Arroyo Blanco Dr","New Two Story Res W/Att Garage Covered Patio & Porch ( 3 Bathrooms 5/8 Meter)","11413 ARROYO BLANCO DRIVE",30.160207,-97.849029
"4682","2817 Scotia Bluff Loop","New Sf Residence W/Attached Garage CovD Porch & CovD Patio","2817 SCOTIA BLUFF LOOP",30.159508,-97.849913
"4683","11417 Arroyo Blanco Dr","New Sf Res W/Attached Garage CovD Porch & CovD Patio","11417 ARROYO BLANCO DRIVE",30.160045,-97.848814
"4684","6104 Atwood St","New Two Story Sf Res W/Covd Porch","6104 ATWOOD STREET",30.23985,-97.697386
"4685","6104 Atwood St","New Two Family Residential (Ldc 25-2-774)","6104 ATWOOD STREET",30.23985,-97.697386
"4686","3302 Greenlee Dr","New Sf Residence W/Attached Garage & CovD Patios","3302 GREENLEE DRIVE",30.303472,-97.771327
"4687","3714 STEVENSON AVE","New Two Family Residential (Ldc 25-2-774) 2st Fl Garage & 2nd Fl Studio (Demoltion#05009131)","3714 AVE",30.300925,-97.780025
"4688","2109 NEWFIELD LN","refer# 2011-003586-BP)Rebuild To Maintain Non-Complying  Two Story Duplex W/Att Garage Covered Porch & Balcony ( 6 Bedrooms) (4 Parking Spaces) ( 4 Bathrooms 3/4 Meter) Demolition#06003659 (Ldc 25-2964) Restoration And Use Of Damage Or Destroyed Noncomplying Structures","2109 NEWFIELD LANE",30.288352,-97.760978
"4689","2009 ARTHUR LN","New Two Story Duplex W/Att Garage Covered Patio & Porch  (Unit A & B) ( 6 Bedrooms) (2 2-1/2 Bathrooms 5/8 Meter)","2009 ARTHUR LANE",30.25334,-97.778584
"4690","1621 W 12TH ST","New Two Story Duplex W/Att Garage Covered Patio Porch & Balcony (4 Bedrooms) (4 Parking Spaces) (4 Bedrooms 2-1/2 Bathrooms) with a loft in each side.","1621 WEST 12TH STREET",30.280648,-97.76027
"4691","7525 Cedar Edge Dr","Temporary Construction Trailer. Lim. 6 Mo. Max","7525 CEDAR EDGE DRIVE",30.194916,-97.696244
"4692","5106 Duval St","Coverting Garage To Garage Apt With A/C Window Unit","5106 DUVAL STREET",30.314801,-97.71988
"4693","10828 Straw Flower Dr","New Two Story Res W/Att Garage Covered Patio & Porch (3 Bathrooms 5/8 Meter)","10828 STRAW FLOWER DRIVE",30.317214,-97.899435
"4694","1800-B Nueces St","Rebuild  Exist 2 Sty Accessory Apt (Non-Complying Ldc-25-2-964)Expand Dw Approach-Sidwalk","1800 NUECES STREET BLDG B",30.281447,-97.744362
"4695","1709 Vista Ln","New Two Story Res W/Att Porch","1709 VISTA LANE",30.291407,-97.766009
"4696","11732 Timber Heights Dr","New One Story Res W/Att Garage & Covered Porch","11732 TIMBER HEIGHTS DRIVE",30.376353,-97.64999
"4697","2610 E 2nd St","Rebuild Existing Duplex- Due To Fire Damage (Exist Carport) 4 Off Street Parking Spaces Provided","2610 EAST 2ND STREET",30.254689,-97.714078
"4698","1209 GARNER AVE","New 2 Story Sf Res W/Attached Garage W/Covd Patio/ Porch","1209 GARNER AVE",30.256446,-97.767609
"4699","2621 EXPOSITION BLVD","New 2sty Sf Res W/Attached Garage & CovD Porch","2621 EXPOSITION BOULEVARD",30.301819,-97.764607
"4700","3604 BRIDLE PATH","New three story res w/att garage covered porch covered patio (basement Included) ( 3.5 bathrooms 3/4 meter)","3604 BRIDLE PATH",30.296953,-97.780636
"4701","7901 W Rogers Ln","New Manufactured Home W/Stairs  (** REFER TO PMT# 2008-050805BP**)","7901 WEST ROGERS LANE",30.283365,-97.641766
"4702","1512 Poppy Seed Ln","New Sf Residence W/Attached Garage CovD Porch & UncovD Patio. S.M.A.R.T. Housing","1512 POPPY SEED LANE",30.223857,-97.693035
"4703","1408 Perez St","New One Story Res W/Att Covered Porch & W/Attached Accessory Apartment (Ldc 25-2-901)","1408 PEREZ STREET",30.280776,-97.692532
"4704","4109 E 12th St","New Two Story Duplex W/Att Breezeway & Covered Porches (Unit A & B ) ( 6 Bedrooms)","4109 EAST 12TH STREET",30.278354,-97.688891
"4705","1036 Liberty Park Dr Bldg 20","New 2-Sty Condo W/Attached Garage CovD Patio CovD Porch","1036 LIBERTY PARK DRIVE BLDG 20",30.268308,-97.789566
"4706","10102 Talleyran Dr","New Two Story Res W/Att Basement Garage Wood  Deck & Covered Porch","10102 TALLEYRAN DRIVE",30.423467,-97.801882
"4707","9122 BALCONES CLUB DR BLDG C","New Apartments","9122 BALCONES CLUB DRIVE BLDG C",30.444517,-97.79014
"4708","5337 Sendero Hills Pkwy","Sf Residence W/Attached Carport CovD Porch Patio & Balcony (Smart Housing)","5337 SENDERO HILLS PKWY",30.28337,-97.646181
"4709","1900 Scenic Dr","New Sf Residence W/Attached Garage CovD Porches Balconies Attic Storage & Landscape Wall","1900 SCENIC DRIVE",30.300148,-97.782416
"4710","2709 Greenlee Dr","New Two Story Res W/Att Garage Balconies & Uncovered Patio","2709 GREENLEE DRIVE",30.30052,-97.767064
"4711","4700 Cypress Bnd","New Sf Residence W/Attached Garage CovD Porch & UncovD Patio. S.M.A.R.T. Housing","4700 CYPRESS BND",30.198865,-97.734598
"4712","3108 Fallwell Ln","New Sf Residence W/CovD Porch","3108 FALLWELL LANE",30.204719,-97.635291
"4713","6013 Terravista Dr","Temporary Construction Trailer -Limited 6 Months Maximum***Stratus-Only Bldg Fee Waived***","6013 TERRAVISTA DRIVE",30.248333,-97.87578
"4714","10517 Roy Butler Dr","New Two Story Res W/Att Garage Covered Porch & Uncovered Patio","10517 ROY BUTLER DRIVE",30.502795,-97.766749
"4715","10209 Milky Way Dr","New Two Story Res W/Att Garage Wood Deck & Covered Porch (Limited To 20%)","10209 MILKY WAY DRIVE",30.383656,-97.845902
"4716","3804 Byron Dr","New Sf Residence W/Attached Garage CovD Patio & CovD Porch","3804 BYRON DRIVE",30.235821,-97.786282
"4717","2413 Spring Ln","New 3 Sty-6 Bdrm Duplex W./Att Garages Cvd Porches-Patios (See Comments)","2413 SPRING LANE",30.297002,-97.766661
"4718","2409 SPRING LN","New 3 Sty 6 Bdrm Duplex W.Att Garages Cvd Porches-Patios (See Comments)","2409 SPRING LANE",30.296856,-97.766815
"4719","9608 Newfoundland Cir","Detached 2 Fam Residential (Ldc 25-2-774)","9608 NEWFOUNDLAND CIR",30.371184,-97.707083
"4720","11300 Hollister Dr","New Two Story Sf Res. W/Covered Porch/Patio","11300 HOLLISTER DRIVE",30.192641,-97.916642
"4721","11300 Hollister Dr","New Detached Garage","11300 HOLLISTER DRIVE",30.192641,-97.916642
"4722","1500 Mohle Dr","Detached Garage W/New Apt CovD Balcony &  Attached Carport (25-2-774)","1500 MOHLE DRIVE",30.299826,-97.752618
"4723","3413 Savage Springs Dr","*Cancel Permit*Sf Residence W/Attached Garage CovD Porch & Patio","3413 SAVAGE SPRINGS DRIVE",30.361137,-97.639218
"4724","2115 E 9th St Unit 2","Convert Exist Sf Residence To 2 Fam Residential Use/Ldc-25-2-774(3 Off St Parking Spaces Reqd)","814 PROSPECT AVE UNIT DEL2",30.263153,-97.717836
"4725","2115 E 9TH ST Bldg A","Move On-Foundation-Rmdl Sf Res From 1111 Salina(3 Off Street Parking Spaces Reqd) For Sf Residence","814 PROSPECT AVE BLDG A",30.263153,-97.717836
"4726","1801 WESTLAKE PASS","New 1 Sty Sf Residence W.Att Carport  Cvd Porch-Patio Att Acc Dwelling-Pool Cabana
**VOIDED PERMIT LIFE SAFETY PERMIT ISSUED REFER TO PMT# 2009-011906BP**","1801 WESTLAKE PASS",30.304513,-97.786818
"4727","2005 Greenwood Ave","New 1 Sty Sf Residence W.Att Garage And Att Accessory Dwelling Breezeway-Cvd Porch-Patio","2005 GREENWOOD AVE",30.284907,-97.698508
"4728","2205 E 10th St","Sf Residence W/CovD Porch","2205 EAST 10TH STREET",30.26426,-97.717511
"4729","7009 Covered Bridge Dr","New 2 Sty Sf Residence Wa.Tt Garage Cvd Porch-Patio","7009 COVERED BRIDGE DRIVE",30.244861,-97.897268
"4730","6804 Walkup Ln","New Two Story Res W/Att Garage Covered Porch  (S.M.A.R.T Housing)","6804 WALKUP LANE",30.151274,-97.741014
"4731","10500 Avery Club Dr Bldg 24","New 2 Sty Sf Residence W.Att Garage Cvd Porch-Patio","10500 AVERY CLUB DRIVE UNIT 124",30.50312,-97.770853
"4732","6928 Nubian Ln","New Two Story Sf Res W/Attached Garage W/Covd Patio/Porch","7200 NUBIAN CV",30.196773,-97.899154
"4733","913 Vargas Rd","Addn To Exist Sf Res To Create An Accessory Apt & Porch -Ldc-25-2-901","913 VARGAS ROAD",30.23281,-97.694364
"4734","15412 Prestancia Dr","New 2 Story Sf Res W/Attached Garage W/Covd Patio/Porch & Uncovd Patio","15412 PRESTANCIA DRIVE",30.500359,-97.766164
"4735","713 W 35th St","New Two Story Sf Res W/Attached Porch","713 WEST 35TH STREET",30.302171,-97.741802
"4736","11812 Morning View Dr","New Two Story Sf Res W/Attached Garage W/Covd Porch & Uncovd Patio","11812 MORNING VIEW DRIVE",30.154371,-97.647747
"4737","2006 ROSEWOOD AVE","New 2 Sty Duplexes(6 Bdrms) Att Garages (5 Off Street Parking Spaces Provided)","2006 ROSEWOOD AVE",30.270228,-97.717648
"4738","5412 Duval St Unit B","New Detached Two Family Residential (Ldc 25-2-774)","5412 DUVAL STREET UNIT B",30.318418,-97.717474
"4739","13218 Shore Vista Dr","Detached  1st Floor Garage/Shop/Porch-2nd Floor Deck-Excercise Room-Bath (See 2010-035108 for repermit)","13218 SHORE VISTA DRIVE",30.337345,-97.931481
"4740","13218 Shore Vista Dr","New 1 Sty Sf Residence W/Att Garage And Accessory Dwelling Cvd Porch-Patio (See 2010- 034791for repermit)","13218 SHORE VISTA DRIVE",30.337345,-97.931481
"4741","15996 N I 35 Svc Rd Sb Bldg 1","Modular** Model** Home On Existing Mobile Home Sales Lot","15996 NORTH INTERSTATE 35 SVRD SB BLDG 1",30.458178,-97.66768
"4742","15996 N I 35 Svc Rd Sb Bldg 2","Modular**Model** Home On Existing Commercial Mobile Home Sales Lot","15996 NORTH INTERSTATE 35 SVRD SB BLDG 2",30.458178,-97.66768
"4743","15996 N I 35 Svc Rd Sb Bldg 3","Modular **Model** Home On Commercial Mobile Home Sales Lot","15996 NORTH INTERSTATE 35 SVRD SB BLDG 3",30.458178,-97.66768
"4744","12817 Sky Harbor Dr","Smart Housing  1 Story Sf Res W/AttD Garage And Covd Patios And Uncovd Porches","12817 SKY HARBOR DRIVE",30.166778,-97.624879
"4745","8904 Georgian Dr","1 Story 4 Bedroom  Duplex  W/AttD Garage And Covd Porches","8904 GEORGIAN DRIVE",30.356221,-97.696509
"4746","7910 Running Water Dr","Smart Housing 1 Story Sf Res W/AttDgarage And Covd Porches And Uncovd Patio","7910 RUNNING WATER DRIVE",30.159281,-97.741577
"4747","9400 Castle Pines Dr","Temporary Construction Trailer Permit (Limited To 6 Months.)","9400 CASTLE PINES DRIVE",30.49259,-97.762132
"4748","8540 Adirondack Trl Bldg 19","New 2 Sty Sf Residence W.Att Garage Cvd Porch-Patio","8540 ADIRONDACK TRAIL BLDG 19",30.383553,-97.763954
"4749","6704 Manchaca Rd Unit 39","Unit #39  2 Story  Condo W/Attd Garage And Covd Patio And 
2 Nd Story Deck","6704 MENCHACA ROAD UNIT 39",30.205663,-97.806805
"4750","2108 Tillery St","New Two Family Residential (Ldc 25-2774)","2108 TILLERY STREET",30.285399,-97.70243
"4751","10500 Avery Club Dr Bldg 28","New  2 Story Sf Res W/Attd Garage And Covd Patio/Porch And Uncovd Patio","10500 AVERY CLUB DRIVE BLDG 28",30.50312,-97.770853
"4752","2107 GARDEN ST","New Two Story Res W/Att  Covered Porch","2107 GARDEN STREET",30.253069,-97.722772
"4753","13507 Montview Dr","**ref permit#2010-067306**New Two Story Res W/Att Garage & Covered Porch
2nd Story Attic Used For Storage Only. May Be Finished Out In Future As Per Owner.","13507 MONTVIEW DRIVE",30.381529,-97.906274
"4754","1305 Bluff St","Duplex 2 Story W/AttD Garage And Covered Balconies And Cantilevers (Setback Averaging Ldc-25-2-778)","1305 BLUFF STREET",30.258698,-97.759947
"4755","3315 Minnie St","New Two Story Res W/Att Garage","3315 MINNIE STREET",30.204238,-97.832954
"4756","8540 Adirondack Trl Bldg 17","Deck Added To Approved Site Plan. See Comments","8540 ADIRONDACK TRAIL BLDG 17",30.383553,-97.763954
"4757","2908 E 14th St","New Manufactured Home W/Deck","2908 EAST 14TH STREET",30.277883,-97.708
"4758","11600 Hollister Dr","New Two Story Sf Res. W/Attached Garage W/Covered Porch And Uncovered Patio","11600 HOLLISTER DRIVE",30.1896,-97.91511
"4759","10221 David Moore Dr","New Two Story Res W/Att Garage & (2nd Fl Above Garage Is Garage Guest House)","10221 DAVID MOORE DRIVE",30.161431,-97.811042
"4760","6109 Landscape Dr","New Mobile Home W.Decks","6109 LANDSCAPE DRIVE",30.247424,-97.880273
"4761","4614 Lyra Cir","New 1 Story Sf Res W/Atached Garage And Covered Porches And Uncovered Patios","4614 LYRA CIR",30.197712,-97.731015
"4762","12720 Sky Harbor Dr","Smart Housing.....New 1 Story Sf Res W/Attached Garage And Covered Porches And Uncovered Patios","12720 SKY HARBOR DRIVE",30.167498,-97.6254
"4763","1036 Liberty Park Dr Bldg 31","New 2 Sty Condo W/Att Cvd Porch-Patio","1036 LIBERTY PARK DRIVE BLDG 31",30.268308,-97.789566
"4764","2113 THORNTON RD","New One Story Detached Two-Family Residential (Ldc 25-2-8774) (See 2009-031049 for life safety)","2113 THORNTON ROAD",30.245849,-97.770457
"4765","11317 Long Winter Dr","New One Story Res W/Att Garage Covered Patio & Porch","11317 LONG WINTER DRIVE",30.372661,-97.650066
"4766","11204 Long Winter Dr","New 2 Story Sf Res W/ Attached Garage And Covered Porches","11204 LONG WINTER DRIVE",30.372038,-97.651558
"4767","2608 GERONIMO TRL","New Sf Residence W/ CovD Patio CovD Porch","2608 GERONIMO TRAIL",30.377201,-97.918098
"4768","11120 Casitas Dr","New 1 Sty Sf Residence W.Att Garage Cvd Porch-Patio","11120 CASITAS DRIVE",30.502661,-97.777509
"4769","1907 Newning Ave","New 2 Sty Sf Residence W. Basement  & Mezzanine And Att Porch","1907 NEWNING AVE",30.243795,-97.747522
"4770","5653 N Oak Blvd","New Sf Residence W/ Attached Garage CovD Patio CovD Porch Balcony","5653 NORTH OAK BOULEVARD",30.239267,-97.847934
"4771","639 W Dittmar Rd","New 1 Sty Sf Residence ( 1 bathroom 5/8 meter) (no land status required per Hector Avila 10-14-2003)","639 WEST DITTMAR ROAD",30.184971,-97.794249
"4772","7909 Crandall Rd","Sf Residence W/Attached Garage CovD Porch & CovD Patio","7909 CRANDALL ROAD",30.192383,-97.919246
"4773","2500 Saratoga Dr","New 2 Sty Sf Residence W.Att Garage Cvd Porch-Patio-Finish Out Bldg Permit#06005133","2500 SARATOGA DRIVE",30.349588,-97.865913
"4774","5609 Viewpoint Dr","New One Story Res W/Att Garage Covered Porch & Uncovered Patio (S.Ma.R.T Housing)","5609 VIEWPOINT DRIVE",30.200047,-97.729428
"4775","7100 Othello Cv","New Sf Residence W/ Attached Garage CovD Porch UncvoD Patio @ Grade**All Fees Waived**","7100 OTHELLO CV",30.246067,-97.868935
"4776","5411 Bennett Ave","New Sf Residence W Garage Attached By Breezeway  CovD Porch","5411 BENNETT AVE",30.315188,-97.71065
"4777","8120 Two Coves Dr","New Sf Residence W/ Attached Garage CovD Patio CovD Porch Balcony UncovD Patio @ Grade","8120 TWO COVES DRIVE",30.36393,-97.819027
"4778","12540 Campana Dr","New Sf Residence W/ Attached Garage  CovD Porch  CovD Patio (Smart Housing)","12540 CAMPANA DRIVE",30.168923,-97.626434
"4779","6605 Regiene Rd","New One Story Res W/Att Covered Porch","6605 REGIENE ROAD",30.264873,-97.670094
"4780","1607 Newning Ave","New Two Family Residential (Ldc 25-2-774) One Story With Basement","1607 NEWNING AVE",30.246139,-97.746334
"4781","1127 Brookswood Ave","New  Manufactured Home W/Decks","1127 BROOKSWOOD AVE",30.265591,-97.688872
"4782","10517 Huxley St","New Sf Residence W/ Attached Garage CovD Patio CovD Porch","10517 HUXLEY STREET",30.169431,-97.836798
"4783","6905 Valburn Dr","New Three Story Res W/Att Garage Covered Patio & Porch","6905 VALBURN DRIVE",30.369809,-97.781366
"4784","11315 Naples Cv","New Sf Residence W/ Attached Garage CovD Patio CovD Porch","11315 NAPLES CV",30.189607,-97.902251
"4785","5809 York Bridge Cir","New One Story Res W/Att Garage Covered Patio & Porch","5809 YORK BRIDGE CIR",30.201331,-97.873698
"4786","6802 Mira Loma Ln","Finish Out Permit #01006129 For New Manufactured Home W/Deck","6802 MIRA LOMA LANE",30.319917,-97.685011
"4787","1113 Salina St","New 1 Sty Sf Residence W/Cvd Porch","1113 SALINA STREET",30.267713,-97.720939
"4788","9410 Rowlands Sayle Rd","New Single Story Detached Garage","9410 ROWLANDS SAYLE ROAD",30.159259,-97.778263
"4789","6110 Harold Ct","New Manufactured Home W/Decks (Existing Dw Approach)","6110 HAROLD CT",30.268518,-97.673214
"4790","1036 LIBERTY PARK DR BLDG 27","New Sf Residence W/ Attached Garage CovD Patio CovD Porch / provide life safety inspection","1036 LIBERTY PARK DRIVE BLDG 27",30.268308,-97.789566
"4791","5713 Terravista Dr","New Detached Garage","5713 TERRAVISTA DRIVE",30.246944,-97.870822
"4792","1517 W St Johns Ave","Remove Existing Detached Garage & Build New Detached Sf Residence (25-2-774)","1517 WEST STREET JOHNS AVE",30.343329,-97.728189
"4793","1036 LIBERTY PARK DR BLDG 2 UNIT A","New 2 Sty Duplex W.Att Garage Cvd Porch-Patio","1036 LIBERTY PARK DRIVE BLDG 2 UNIT A",30.268308,-97.789566
"4794","2002 S L Davis Ave","New 1 Sty Manufactured Home For Sf Residence","2002 SOUTH L DAVIS AVE",30.271134,-97.718002
"4795","5601 Sunset Ridge Bldg B","New Sf Residence W/ Attached Garage CovD Patio CovD Porch","5601 SUNSET RIDGE BLDG B",30.25831,-97.887368
"4796","8200 Southwest Pkwy Unit 24","New Condominiums","8200 SOUTHWEST PKWY UNIT 24",30.257886,-97.881523
"4797","7800 Southwest Pkwy Unit 18","New Condominiums","7800 SOUTHWEST PKWY UNIT 18",30.257285,-97.876843
"4798","8200 Southwest Pkwy Unit 26","New Condominiums","8200 SOUTHWEST PKWY UNIT 26",30.257886,-97.881523
"4799","7800 Southwest Pkwy Unit 17","New Condominiums","7800 SOUTHWEST PKWY UNIT 17",30.257285,-97.876843
"4800","8200 Southwest Pkwy Unit 27","New Condominiums","8200 SOUTHWEST PKWY UNIT 27",30.257886,-97.881523
"4801","8200 Southwest Pkwy Unit 21","New Condominiums","8200 SOUTHWEST PKWY UNIT 21",30.257886,-97.881523
"4802","8200 Southwest Pkwy Unit 25","New Condominiums","8200 SOUTHWEST PKWY UNIT 25",30.257886,-97.881523
"4803","8200 Southwest Pkwy Unit 22","New Condominiums","8200 SOUTHWEST PKWY UNIT 22",30.257886,-97.881523
"4804","8200 Southwest Pkwy Unit 23","New Condominiums","8200 SOUTHWEST PKWY UNIT 23",30.257886,-97.881523
"4805","10616 Medinah Greens Dr","New Two Story Res W/Att Garage Covered Porch & Uncovered Patio","10616 MEDINAH GREENS DRIVE",30.507437,-97.756358
"4806","8504 Fall Meadow Ln","New Sf Residence W/ Attached Garage CovD Porch UncovD Patio @ Grade ( Smart Housing)","8504 FALL MEADOW LANE",30.153826,-97.742964
"4807","6101 Cherrylawn Cir","New 1 Sty Sf Residence W/Att Garage Cvd Porch-Unvd Patio (Smart Housing Project)","6101 CHERRYLAWN CIR",30.306355,-97.675331
"4808","507 W Grady Dr","New One Story Manufactured Home W/Steps   **refer to pmt # 2010-097665**","507 WEST GRADY DRIVE",30.374879,-97.688033
"4809","6316 Perlita Dr","New Detached Garage (Smart Housing)","6316 PERLITA DRIVE",30.294498,-97.642641
"4810","1709 Canterbury St Unit B","New Detached 2 Family Secondary Apt-Ldc-25-2-1463","1709 CANTERBURY STREET UNIT B",30.255496,-97.726799
"4811","12909 Park Dr","New Two Story Res W/Att Garage Covered Patio & Porch","12909 PARK DRIVE",30.393673,-97.885818
"4812","2200 E 10th St","New Sf Residence W/ Attached Garage CovD Patio","2200 EAST 10TH STREET",30.264544,-97.717716
"4813","6402 Ken Caryl Dr","New Sf Residence W/ Attached Garage CovD Porch UncovD Patio @ Grade (Smart Housing)","6402 KEN CARYL DRIVE",30.158294,-97.742469
"4814","15400 Belfin Dr","New 2 Sty Sf Residence W.Att Garage Cvd Porch-Patio","15400 BELFIN DRIVE",30.49546,-97.766023
"4815","2829 Palomino Trl","New Manufactured Home W/Deck","2829 PALOMINO TRAIL",30.209345,-97.693474
"4816","2012 Long Rifle Dr","New Sf Residence W/ Attached Garage CovD Porch","11813 LARCH VALLEY DRIVE",30.377976,-97.65338
"4817","205 W Applegate Dr","Manufactured Home On Existing Foundation","205 WEST APPLEGATE DRIVE",30.371749,-97.687898
"4818","1708 Bowerton Dr","***Need To Cancel***New 1 Stry Sf Residence W/Att Garage Cvd Porch Ucvd Patio","1708 BOWERTON DRIVE",30.377156,-97.655435
"4819","2916 Padina Dr","New Two Story Res W/Att Garage & Covered Porch","2916 PADINA DRIVE",30.350428,-97.855865
"4820","804 Garner Ave","Remove Exist. Carport Garage W/ Room & Build Detached Garage W/ 2nd Fl Apt (25-2-774)","804 GARNER AVE",30.25992,-97.765967
"4821","1406 Kent Ln","New Detached 1st Fl  Garage W/Hand Sink 2nd Flr Attic & Future Plumbing For Bathroom","1406 KENT LANE",30.287409,-97.768134
"4822","5411 Link Ave","New Detached Garage W/ 2nd Fl Apt (25-2-1473)","5411 LINK AVE",30.319833,-97.72074
"4823","2813 Palomino Trl","New Manufactured Home W.Porch-Patio
**voided permit life safety permit 2009-133742BP**","2813 PALOMINO TRAIL",30.210099,-97.691512
"4824","603 Elmwood Pl","Change Of Use From A Four-Plex To A Duplex And Remodel","603 ELMWOOD PLACE",30.290408,-97.733521
"4825","5005 Beverly Skyline","New Detached Garage","5005 BEVERLY SKYLINE",30.335332,-97.764754
"4826","11401 Bastian Cv","New One Story Res W/Att Garage Covered Patio & Porch","11401 BASTIAN CV",30.187987,-97.906108
"4827","8918 East Dr","VOID REFER TO 2013-010147RM
 Convert Existing Garage To A  Detached Accessory Dwelling (Ldc-25-2-893-E)","8918 EAST DRIVE",30.356392,-97.694555
"4828","1705 HOLLY ST","New  1st & 2nd Sty Secondary Apartment (Ldc 25-2-1463)","1705 HOLLY STREET",30.25383,-97.727904
"4829","6711 Notre Dame Dr","New 1sty Sf Residence W.Att Garage Cvd Porch-Patio","6711 NOTRE DAME DRIVE",30.318063,-97.681701
"4830","2403 Kinney Rd","Refer To 2405 Kinney For Fees Inspections & Comments. This Pmt Created To Assign Utilities Only. Total Sq Ft $ Value & Coverage Calcs Shown On 2405 Kinney.","2403 KINNEY ROAD",30.244546,-97.773959
"4831","14509 Ridgetop Ter","Detached Accessory Dwelling","14509 RIDGETOP TER",30.417576,-97.90072
"4832","7205 Doswell Ln","New Sf Residence W/ Attached Garage CovD Patio CovD Porch","7205 DOSWELL LANE",30.191356,-97.904309
"4833","409 W Mary St","New Sf Residence W/ CovD Patio CovD Porch

**Refer to pmt # 2008-051170 for New Res.**","409 WEST MARY STREET",30.246117,-97.755449
"4834","1023 W Milton St","New Sf Residence W/ Attached Garage CovD Porch Wd Deck (See 2007-135366)","1023 WEST MILTON STREET",30.25124,-97.762414
"4835","2405 Gardenia Dr","New Man Home For Use As Sf Res.","2405 GARDENIA DRIVE",30.434324,-97.690607
"4836","15300 Morgan Creek Ct","New Two Story Res W/Att Garage Covered Porch & Uncovered Patio","15300 MORGAN CREEK CT",30.497808,-97.768265
"4837","909 W 30th St","New Detached Two Family Residence (Ldc 25-2-774)","909 WEST 30TH STREET",30.298646,-97.746616
"4838","11317 Robert Wooding Dr","New Two Story Res W/Att Garage Covered Porch & Uncovered Patio (S.M.A.R.T. Housing Project)","11317 ROBERT WOODING DRIVE",30.152287,-97.82833
"4839","4809 Red River St","New Sf Residence W/ CovD Patio CovD Porch","4809 RED RIVER STREET",30.309208,-97.716538
"4840","2943 Moss St","New Detached Apt. For Secondary Apt (25-2-1463)","2943 MOSS STREET",30.28485,-97.706182
"4841","2008 National Park Blvd","New One Story Res W/Att Garage Covered Patio & Porch","2008 NATIONAL PARK BOULEVARD",30.154841,-97.787644
"4842","1820 Petrified Forest Dr","New Sf Residence W/ Attached Garage CovD Patio CovD Porch","1820 PETRIFIED FOREST DRIVE",30.156302,-97.788006
"4843","8917 OLD LAMPASAS TRL UNIT 24","New S/F Resid With Gar Porch & CovD Patio Elec & Plbg Srv Only Eud / provide life safety inspection","8917 OLD LAMPASAS TRAIL UNIT 24",30.420987,-97.796294
"4844","1503 Murray Ln","Detached 2 Fam Residencial -Ldc-25-2-774 (1sty Sty Garage 2nd Sty 2 Fam Res)","1503 MURRAY LANE",30.282874,-97.7565
"4845","1821 W 37th St","New Detached Garage","1821 WEST 37TH STREET",30.310185,-97.753784
"4846","6704 Manchaca Rd Unit 35","New 2 Sty Condo W/Att Garage Cvd Porch-Patio / appears to be a duplicate of 2005-002433","6704 MENCHACA ROAD UNIT 35",30.205663,-97.806805
"4847","2810 Oak Springs Dr","New Manufactured Home W/ Patio","2810 OAK SPRINGS DRIVE",30.273153,-97.702346
"4848","6101 Landscape Dr","New Manufactured Home & Stairs","6101 LANDSCAPE DRIVE",30.248153,-97.879879
"4849","9210 Pioneer Forest Dr","New 1 Sty Sf Residence W.Att Garage Cvd Porch-Patio","9210 PIONEER FOREST DRIVE",30.16015,-97.781475
"4850","7211 Providence Ave","New 5 Bedrm Duplex W/ Attached Carport CovD Patio (Smart Housing) Units C & D","7211 PROVIDENCE AVE",30.330258,-97.696622
"4851","2705 Scenic Dr","Remove Exist. Detached Garage & Replace W/ Detached Garage W/ 2nd Fl. Guest House","2705 SCENIC DRIVE",30.307524,-97.774713
"4852","7211 Providence Ave","New 5 Bedrm Duplex W/ Attached Carport CovD Patios (Smart Housing) (Units A & B)","7211 PROVIDENCE AVE",30.330258,-97.696622
"4853","606 Terrell Hill Dr","House is no longer on site according to both 2006 and 2009 COA aerials. JMM 4-13-2011 Demo Sf Res.","606 TERRELL HILL DRIVE",30.236033,-97.764431
"4854","809 E Applegate Dr","Detached Accessory Dwelling(Ldc-25-2-893(E)","809 EAST APPLEGATE DRIVE",30.367608,-97.679261
"4855","9603 North Creek Dr","Interior Rmdl To Create An Accessory Apt & Enlarge To Create 2bdrms-Dining Living Kitchen 2 Baths.","9603 NORTH CREEK DRIVE",30.362748,-97.68982
"4856","11416 Robert Wooding Dr","New Two Story Res W/Att Garage Covered Porch & Uncovered Patio (S.M.A.R.T. Housing)","11416 ROBERT WOODING DRIVE",30.151246,-97.828697
"4857","3806 Manchaca Rd Unit C","New 1 Sty Sf Residence W.Att Garage Cvd Porch-Patio","3806 MENCHACA ROAD UNIT C",30.235457,-97.785136
"4858","9105 Hopeland Dr","New Detached Garage","9105 HOPELAND DRIVE",30.207373,-97.887182
"4859","2000 National Park Blvd","New Sf Residence W/ Attached Garage CovD Patio CovD Porch","2000 NATIONAL PARK BOULEVARD",30.154955,-97.787982
"4860","11601 Blue Spring Way","New Sf Residence W/Attached Garage & Covered Porch & Uncovered Patio","11601 BLUE SPRING WAY",30.381745,-97.668663
"4861","7121 Magenta Ln","New Sf Residence W/ Attached Garage CovD Patio CovD Porch","7121 MAGENTA LANE",30.187125,-97.908856
"4862","515 Montopolis Dr","Detached Accessory   Dwelling To Exist Primary Sf Res-Ldc-25-893 (E)
**Voided permit new permit issued refer to pmt 2011-040737BP**","515 MONTOPOLIS DRIVE",30.239412,-97.693902
"4863","1412 PAYTON FALLS DR","New One Story Res W/Att Garage & Uncovered Patio","1412 PAYTON FALLS DRIVE",30.374314,-97.660409
"4864","10433 Tasajillo Cv","New Sf Residence W/ Attached Garage CovD Patio CovD Porch","10433 TASAJILLO CV",30.195086,-97.892653
"4865","4602 Rivka Cv","New Sf Residence W/ Attached Garage Wood Deck CovD Porch","4602 RIVKA CV",30.220468,-97.728571
"4866","9708 S Chisholm Trl","New One Story Residence W/Cvd Porch","9708 SOUTH CHISHOLM TRAIL",30.168618,-97.812877
"4867","12421 River Bnd","New  Manufactured Home W/Att Decks (Land Status C8i-04-0037)","12421 RIVER BND",30.326647,-97.921344
"4868","12220 Tanglewild Dr","New Two Story Res W/Att Garage Covered Porch & Patio","12220 TANGLEWILD DRIVE",30.406581,-97.692836
"4869","12216 Tanglewild Dr","resubmit residential application finish out permit #04001908 & 05009509 for new sf res w/att garage cvd patio-porch under pmt #2008-0012181RM. 3-24-08sb.New Sf Residence W/ Attached Garage CovD Patio CovD Porch","12216 TANGLEWILD DRIVE",30.406236,-97.693058
"4870","12222 Tanglewild Dr","New Sf Residence W/ Attached Garage CovD Patio CovD Porch","12222 TANGLEWILD DRIVE",30.406766,-97.692726
"4871","6600 Quincy Cv","New Sf Residence W/ Garage Attached By Breezeway CovD Patio CovD Porch","6600 QUINCY CV",30.184597,-97.904624
"4872","12224 Tanglewild Dr","New Sf Residence W/ Attached Garage CovD Patio CovD Porch","12224 TANGLEWILD DRIVE",30.406934,-97.692653
"4873","7100 Mountain Trl","New Sf Residence W/ Attached Garage CovD Patio CovD Porch-Septic","7100 MOUNTAIN TRAIL",30.419409,-97.885952
"4874","3405 Hampton Rd","New Sf Residence W/ CovD Porch","3402 RED RIVER STREET",30.29393,-97.725761
"4875","10701 LOCH NESS CV","New Two Story Workshop/Guesthouse ( 1st Fl Storage/Workshop & 2nd Fl Guesthouse)","10701 LOCH NESS CV",30.426544,-97.793192
"4876","15616 Pumpkin Ridge Dr","New Sf Residence W/ Attached Garage CovD Patio CovD Porch","15616 PUMPKIN RIDGE DRIVE",30.499215,-97.761822
"4877","11108 Conchos Trl","New Two Story Res W/Att Garage Covered Patio Porch & Balconies","11108 CONCHOS TRAIL",30.444183,-97.820811
"4878","4813 Belvedere St Unit 1","New Two Story Res W/Att Garage Covered Patio & Covered Porch & Balconies","4813 BELVEDERE STREET UNIT 1",30.349209,-97.78414
"4879","6212 Landscape Dr","Move Manufactured Home Onto Lot & Add UncovD Deck
**Voide permit life safety permit issued refer to pmt 2009-073998BP**","6212 LANDSCAPE DRIVE",30.24622,-97.880918
"4880","411 W St Elmo Rd Unit 43","New Sf Residence W/ Attached Garage CovD Porch","411 WEST STREET ELMO ROAD UNIT 43",30.220183,-97.771841
"4881","3001 Cherrywood Rd","New Detached Garage W/ 1st Fl Studio & Half Bath & 2nd Fl Apt. & 2nd Sty Wd Deck","3001 CHERRYWOOD ROAD",30.285332,-97.717508
"4882","11100 F M 2244 Rd Bldg B","New One Story Res W/Att Covered Porch","11100 FM 2244 ROAD BLDG B",30.311513,-97.908781
"4883","6913 Whispering Oaks Dr","Detached Workshop W/Bath  To Exist Sf Residence","6913 WHISPERING OAKS DRIVE",30.203626,-97.811078
"4884","12513 Tabor Oaks Dr","New One Story Res W/Att Garage Covered Patio & Porch","12513 TABOR OAKS DRIVE",30.148428,-97.85795
"4885","2519 Jarratt Ave","Tear Down & Rebuild Garage W/ 2nd Fl Apt To Be Used As Guest House Per 25-2-893 (D) (Existing Slab To Remain)","2519 JARRATT AVE",30.294807,-97.75645
"4886","2406 Woodmont Ave","New Two Story Res W/Att Garage & Covered Patio","2410 WOODMONT AVE",30.291649,-97.768182
"4887","4509 E St Elmo Rd Bldg Lc","New Apartment Complex Leasing Center","4509 EAST STREET ELMO ROAD BLDG LC",30.203975,-97.740652
"4888","3406 RED RIVER ST","New 6 Bedrm Sf Residence W/ CovD Porch","3406 RED RIVER STREET",30.293776,-97.725326
"4889","1704 Summit Vw","New Detached Storage Bldg","1704 SUMMIT VW",30.285256,-97.76007
"4890","2314 Shoalmont Dr","Detached Guesthouse To Existing Sf Residence","2314 SHOALMONT DRIVE",30.330342,-97.74387
"4891","2900 Webberville Rd","New Two-Family Residential (Ordinance 020110-17) ( No Electric Service Upgrades)","2900 WEBBERVILLE ROAD",30.265693,-97.709067
"4892","3705 Garden Villa Ln","Move Manufactured Home Onto Lot","3705 GARDEN VILLA LANE",30.231198,-97.772591
"4893","10616 Hendon St","New Two Story Res W/Att Garage Covered Patio & Porch","10616 HENDON STREET",30.166757,-97.836317
"4894","10529 Hendon St","New 2 Sty Residence W.Att Garage Cvd Porch-Patio","10529 HENDON STREET",30.167776,-97.835731
"4895","11013 Beggars Cv","New Sf Residence W/ Attached Garage CovD Porch UncovD Patio @ Grade","11013 SIERRA RIDGE CT",30.191186,-97.903824
"4896","1200 Terjo Ln","New Sf Residence W/ Attached Garage Covd Porch CovD Patio Wd Deck","1200 TERJO LANE",30.330731,-97.921419
"4897","15918 Webb Ln","New Res. Elec Srv Only-Eud","15918 WEBB LANE",30.42781,-97.919879
"4898","7112 Doswell Ln","New Two Story Res W/Att Garage Covered Porch & Uncovered Patio","7112 DOSWELL LANE",30.190456,-97.904421
"4899","11005 Beggars Cv","New Two Story Res W/Att Garage & Covered Porch","11005 SIERRA RIDGE CT",30.191173,-97.903207
"4900","11009 Cusseta Ln","New Two Story Res W/Att Garage & Covered Porch   **refer to pmt # 2010-029064**","11009 CUSSETA LANE",30.191193,-97.905621
"4901","4710 Switch Willo","New Sf Residence W/ Attached Garage CovD Porch","4710 SWITCH WILLO",30.41641,-97.735005
"4902","2912 Padina Dr","New Two Story Res W/Att Garage & Covered Porches","2912 PADINA DRIVE",30.34986,-97.856215
"4903","8622 Foggy Mountain Dr","New Sf Residence W/ Attached Garage CovD Porch UncovD Wood Deck","8622 FOGGY MOUNTAIN DRIVE",30.242705,-97.898637
"4904","5211 Avenue G","New Detached Secondary Apt Ldc-25-2-1463& Carport","5211 AVENUE G",30.316832,-97.720325
"4905","10720 Finsbury Dr","New Two Story Res W/Att Garage Covered Patio & Porch","10720 FINSBURY DRIVE",30.168444,-97.839389
"4906","9500 F M 2222 Rd Unit 48","New 2 Sty Condo W.Att Garage Cvd Porch","9500 FM 2222 ROAD UNIT 48",30.388898,-97.824714
"4907","9500 F M 2222 Rd Unit 51","New 2 Stry Condo W/Att Garage Cvd Porch & Patio","9500 FM 2222 ROAD UNIT 51",30.388898,-97.824714
"4908","9500 F M 2222 Rd Unit 52","New 2 Sty Residence W.Att Garage Covd Porch","9500 FM 2222 ROAD UNIT 52",30.388898,-97.824714
"4909","9500 F M 2222 Rd Unit 53","New 2 Sty Condo W.Att Garage Cvd Porch","9500 FM 2222 ROAD UNIT 53",30.388898,-97.824714
"4910","9500 F M 2222 Rd Unit 49","New 2 Sty Condo W.Att Garage Cvd Porch","9500 FM 2222 ROAD UNIT 49",30.388898,-97.824714
"4911","9500 F M 2222 Rd Unit 50","New 2 Sty Condo W.Att Garage Cvd Porch","9500 FM 2222 ROAD UNIT 50",30.388898,-97.824714
"4912","1609 Westmoor Dr","New Detached Residence For 2nd Dwelling On The Site & Widen Existing Dw Approach","1609 WESTMOOR DRIVE",30.307163,-97.697707
"4913","11400 Day Camp Ln","New One Story Res W/Att Garage & Covered Porch (See 2009-081947)","11400 DAY CAMP LANE",30.374318,-97.656042
"4914","6408 Carson Ridge","New Two Story Res W/Att Garages Carports & Porches (Unit A & B) (5 Bedrooms)","6408 CARSON RIDGE",30.220259,-97.704781
"4915","6404 Carson Ridge","New Two Story Duplex W/Att Carports Garaes Porches (Unit A & B) (5 Bedrooms)","6404 CARSON RIDGE",30.220338,-97.704926
"4916","1710 Forest Trl","New Two Story Res W/Att Storage & Porches (See 04014002 For Plumbing Finsih)","1710 FOREST TRAIL",30.291801,-97.768062
"4917","9208 Westminster Glen Ave","New Sf Residence W/ Attached Garage CovD Patio Balcony","9208 WESTMINSTER GLEN AVE",30.365026,-97.837103
"4918","605 Vermont Rd","New One Story Res W/Att Front Porch","605 VERMONT ROAD",30.255433,-97.702994
"4919","4712 Mount Vernon Dr","Detached Gameroom-Gym W/Bath To Existing Sf Residence","4712 MOUNT VERNON DRIVE",30.218924,-97.781388
"4920","11806 White Wing Ave","2nd Sty Addn Over Exist  Garage To Create An Accessory Dwelling Add Wd Deck And Stairs","11806 WHITE WING AVE",30.385134,-97.675852
"4921","906 Ebony St","New Two Story Res W/Att Garage Covered Porch & Uncovered Patio","906 EBONY STREET",30.256963,-97.75597
"4922","1704 Sanchez St","New Detached Studio","1704 SANCHEZ STREET",30.280455,-97.706834
"4923","605 Carismatic Ln","New 1 Sty Residence W.Att Garage Cvd Porch-Patio & Uncvd Patio
**voided permit life safety pmt issued**","605 CARISMATIC LANE",30.151186,-97.812824
"4924","3007 Sunridge Dr","New One Story Res W/Att Garage Covered Patio & Porch","3007 SUNRIDGE DRIVE",30.219316,-97.726457
"4925","4414 Sinclair Ave","Replace Exist. Detached Gar/Apt With New Garage & 2nd Flr Apt","4414 SINCLAIR AVE",30.316361,-97.744675
"4926","2404 Avenue N","New 1 Sty Residence W.Att Garage Cvd Porch-Patio","2404 AVENUE NORTH",30.432865,-97.690186
"4927","2400 Lynnbrook Dr","New Two Story Res W/Att Garage Covered Porch & Covered Patio","2400 LYNNBROOK DRIVE",30.166341,-97.836202
"4928","6636 Tasajillo Trl","New Two Story Res W/Att Garage Covered Porch & Uncovered Patio & Personal Studio","6636 TASAJILLO TRAIL",30.195819,-97.888658
"4929","15101 F M 1825 Rd Bldg B","Detached 2 Sty Accessory Dwelling To Existing Sf Residence (Ldc-25-893(E)","15101 FM 1825 ROAD BLDG B",30.443384,-97.664099
"4930","1108 S 1st St","Move On-Rmdl-Foundation From Outside The City To Create Accessory Dwelling-(Ldc-25-2-893 (E) )","1108 SOUTH 1ST STREET",30.25284,-97.753815
"4931","1108 S 1st St","Relocate Residence From  Outside The City","1108 SOUTH 1ST STREET",30.25284,-97.753815
"4932","2011 Thrasher Ln","New 1 Sty Duplex W/Wd-Decks - Uncvd Concrete Decks","2011 THRASHER LANE",30.222524,-97.700241
"4933","13504 Montview Dr","Addn To Exist Sf Res- Utility Garage & Nook","13504 MONTVIEW DRIVE",30.382034,-97.905661
"4934","9121 Ovalla Dr","New Two Story Res W/Att Garage Covered Porch & Uncovered Patio","9121 OVALLA DRIVE",30.195284,-97.854228
"4935","11016 Pairnoy Ln","New Sf Residence W/ Attached Garage CovD Porch CovD Patio","11016 PAIRNOY LANE",30.192743,-97.903659
"4936","3008 Silverleaf Dr","Addn To Existing Sf Res-To Create Accessory Apt-Ldc-25-2-901 (See 2010-053160 for life safety)","3008 SILVERLEAF DRIVE",30.35472,-97.742504
"4937","5601 Merrywing Cir","New 2 Stry Residence W.Att Garage Cvd Porch-Patio   **refer to pmt # 2012-065930**","5601 MERRYWING CIR",30.381347,-97.851488
"4938","15425 Bandon Dr","New 1 Sty Residence W.Att Garage Cvd Porch Uncvd Patio","15425 BANDON DRIVE",30.499049,-97.765549
"4939","1607-D Palma Plz","New Single Unit Multi-Family Residence","1607 PALMA PLZ BLDG D",30.281998,-97.758737
"4940","909 E 54th St","Detached 1st Sty  Secondary Apt- W/Bath. Ldc-25-2-1463-","909 EAST 54TH STREET",30.314443,-97.712028
"4941","4712 Westslope Cir","New Two Story Res W/Att Garage Covered Porch & Uncovered Patio","4712 WESTSLOPE CIR",30.342657,-97.783076
"4942","9704 Llano Estacado Ln","Newsf Residence W/ Attached Garage Wood Deck CovD Porch CovD Patio

New Sf Residence W/ Attached Garage Covered Patio Covered Porch Wood Deck","9704 LLANO ESTACADO LANE",30.407383,-97.777604
"4943","7401 Williamson Creek Dr","New Manufactured Home W/Wd Decks-Porch","7401 WILLIAMSON CREEK DRIVE",30.248541,-97.913414
"4944","411 W St Elmo Rd Unit 25","New 2 Sty Condo W.Att Garage Cvd Porch","411 WEST STREET ELMO ROAD UNIT 25",30.220183,-97.771841
"4945","6704 Tanaqua Cv","New Sf Residence W/ Attached Garage Covered Porch (See 2011-005927 for repermit)","6704 TANAQUA CV",30.186955,-97.901268
"4946","8806 Thunderbird Rd","New Manufacted Home W/Decks","8806 THUNDERBIRD ROAD",30.236732,-97.908097
"4947","11817 Dunfries Ln","New Sf Residence W/ Attached Gar. CovD Porch CovD Patio UncovD Patio @ Grade","11817 DUNFRIES LANE",30.35596,-97.611861
"4948","411 W St Elmo Rd Unit 24d","New Sf Residence W/ Attached Garage","411 WEST STREET ELMO ROAD UNIT 24D",30.220183,-97.771841
"4949","7616 Bethune Ave","Addn To Create Accessory Apt For A Family Memeber That Is 62 Yrs Old","7616 BETHUNE AVE",30.335856,-97.694927
"4950","907 Romeria Dr","2nd Sty Addn To Create Duplex 5 Parking Spaces Reqd","907 ROMERIA DRIVE",30.330634,-97.725229
"4951","6400 Carrington Dr","New Sf Residence W/ Covered Porch Covered Patio","6400 CARRINGTON DRIVE",30.204505,-97.884731
"4952","2300 Marcus Abrams Blvd","New 2 Sty Residence W/Att Garage Cvd Porch-Patio Uncvd Patio","2300 MARCUS ABRAMS BOULEVARD",30.153682,-97.839533
"4953","4007 Clawson Rd","Add Bedroom Bathroom Kitchen & Create Duplex","4007 CLAWSON ROAD",30.231323,-97.782276
"4954","10400 Medinah Greens Dr","New 2sty Residence W.Att Garage Cvd Porch-Uncvd Patio","10400 MEDINAH GREENS DRIVE",30.504776,-97.758431
"4955","9405 La Puente Dr","New Two Story Res W/Att Garage Covered Porch & Uncovered Patio","9405 LA PUENTE DRIVE",30.207487,-97.884025
"4956","9407 La Puente Dr","New One Story Res W/Att Garage Covered Porch & Uncovered Patio","9407 LA PUENTE DRIVE",30.207442,-97.88383
"4957","6367 Tasajillo Trl","New Two Story Res W/Att Garage Covered Porch & Uncovered Patio","6367 TASAJILLO TRAIL",30.196629,-97.890887
"4958","2909 Demona Dr","New Sf Residence W/ Attached Garage And Basement","2909 DEMONA DRIVE",30.348436,-97.852254
"4959","10601 Melcher Ct","New 2 Sty Residence W.Att Garage Cvd Porch Uncvd Patio   **refer to pmt # 2011-069856**","10601 MELCHER CT",30.194864,-97.894063
"4960","2632 Century Park Blvd Bldg 17","New Residential Condominiums","2632 CENTURY PARK BOULEVARD BLDG 17",30.433742,-97.693335
"4961","2632 Century Park Blvd Bldg 1","New Residential Condominiums","2632 CENTURY PARK BOULEVARD BLDG 1",30.433742,-97.693335
"4962","2108 S L Davis Ave","New Detached Secondary Apartment (Ldc-25-2-1463) (See 2010-003083 for life safety)","2108 SOUTH L DAVIS AVE",30.271314,-97.716695
"4963","6624 Nusser Ln","New Sf Residence W/ Covered Porches","6624 NUSSER LANE",30.192464,-97.896491
"4964","7216 Iwanna Dr","New Sf Residence W/ Attached Garage Covered Porch Covered Patio","7216 IWANNA DRIVE",30.156088,-97.651075
"4965","6717 Mountain Trl","New 2 Sty Residence W/Att Garage Cvd Wd Deck Cvd Porch","6717 MOUNTAIN TRAIL",30.417387,-97.887068
"4966","6715 Windrift Way Unit 29","New Two Story Condo W/Att Garage Covered Patio Porch &  Balcony","6715 WINDRIFT WAY UNIT 29",30.200515,-97.797277
"4967","1817 Alta Vista Ave","New Two Story Res W/Att Covered Porch & Uncovered Patio (See 2011-059600 for repermit)","1817 ALTA VISTA AVE",30.241876,-97.743869
"4968","6715 Windrift Way Unit 26","New Two Story Condo W/Att Garage Covered Patio Porch & Balcony","6715 WINDRIFT WAY UNIT 26",30.200515,-97.797277
"4969","2106 Allwood Dr","New 3 Sty Residence W/Attic (Deck & Balcony As The 3rd Fl)","2106 ALLWOOD DRIVE",30.250529,-97.773636
"4970","11123 Alison Parke Trl","New 2 Sty Residence W.Att Garage Cvd Porch- Uncvd Patio","11123 ALISON PARKE TRAIL",30.451534,-97.815931
"4971","1506 Oxford Ave","2nd Floor Addn To Create Bdrm-Bath (Over Existing Ic)","1506 OXFORD AVE",30.254274,-97.76833
"4972","10501 Medinah Greens Dr","2-Story Sf Res. W/ Attached Garage & Covered Porch.","10501 MEDINAH GREENS DRIVE",30.505686,-97.758118
"4973","7200 Twilight Mesa Dr","New One Story Res W/Att Garage Covered Patio & Porch","7200 TWILIGHT MESA DRIVE",30.224256,-97.885482
"4974","7508 Shadywood Dr","New Detached Dwelling Unit For Two-Family Residential Use 25-2-774","7508 SHADYWOOD DRIVE",30.184821,-97.787947
"4975","1417 Payton Falls Dr","New Two Story Res W/Att Garage Covered Patio & Porch","1417 PAYTON FALLS DRIVE",30.373822,-97.660563
"4976","4208 Canoas Dr","**ref permit#2011-115605**2-Story Sf Res. W/ Attached Garage Covered Porch & Patio.","4208 CANOAS DRIVE",30.367829,-97.857597
"4977","10008 Whitley Bay Dr","New Sf Residence W/ Attached Garage And Covered Porch","10008 WHITLEY BAY DRIVE",30.503783,-97.761127
"4978","8304 Twilight Terrace Dr","2-Story Sf Res. W/ Attached Garage Covered Porch & Uncovered Patio.","8304 TWILIGHT TERRACE DRIVE",30.22119,-97.887645
"4979","1408 Mussett St","Cancel Permit #02006778 Before Issuing
New One Story Res W/Att Garage Covered Patio & Porch","1408 MUSSETT STREET",30.373928,-97.661417
"4980","1302 Perez St","Variance Approval  For  Exist Detached Res","1302 PEREZ STREET",30.279465,-97.692272
"4981","4601 Rimrock Trl","New Manufactured Home W/ Wood Deck
refer to pmt#2002-019100","4601 RIMROCK TRAIL",30.290151,-97.683385
"4982","6715 Windrift Way Unit 32","2-Story Sf Condominimum W/ Attached Garage & Covered Porch.","6715 WINDRIFT WAY UNIT 32",30.200515,-97.797277
"4983","1815 Ralph C Craig  Ln","2-Story Sf Res. W/ Attached Garage Covered Porch & Patio.","1815 RALPH C CRAIG LANE",30.153509,-97.835787
"4984","6817 Spruce Gum Ln","Remove Mobile Home & Replace W/ New Mobile Home W/ Deck","6817 SPRUCE GUM LANE",30.183656,-97.767041
"4985","411 W St Elmo Rd Unit 13","New One Story Condo W/Att Garage & Covered Porch (Unit 13-B) Ordiance 000608-15","411 WEST STREET ELMO ROAD UNIT 13",30.220183,-97.771841
"4986","6400 Salcon Cliff Dr","New One Story Res W/Att Garage Covered Porch & Uncovered P Atio","6400 SALCON CLIFF DRIVE",30.207413,-97.882556
"4987","11301 Blairview Ln","New Two Story Res W/Att Garage Covered Porch & Uncovered Patio","11301 BLAIRVIEW LANE",30.157729,-97.841463
"4988","6715 Windrift Way Unit 3","New One Story Condo  W/Att Garage & Covered Porch","6715 WINDRIFT WAY UNIT 3",30.200515,-97.797277
"4989","9501 Lynnhaven St","Detached Garage.","9501 LYNNHAVEN STREET",30.206225,-97.884672
"4990","6715 Windrift Way Unit 2","New Two Story Condo W/Att Garage & Covered Porch","6715 WINDRIFT WAY UNIT 2",30.200515,-97.797277
"4991","6715 Windrift Way Unit 1","New Two Story Condo W/Att Garage Covered Patio & Porch","6715 WINDRIFT WAY UNIT 1",30.200515,-97.797277
"4992","1309 W St Johns Ave Unit B","To Finish 2 Stry 2 Family Residence Refer To #01015730","1309 WEST STREET JOHNS AVE UNIT B",30.341687,-97.724784
"4993","903 W Annie St","New Detached Single Family Apartment (Ldc 25-2-774)","903 WEST ANNIE STREET",30.248661,-97.760533
"4994","6348 Tasajillo Trl","New 2sty Residence W/Att Garage & Covered Porch  & Covered Patio","6348 TASAJILLO TRAIL",30.197142,-97.890126
"4995","1603 Suffolk Dr","Detached Garage Apt (Ldc-25-2-774)1st Fl-Storage/Wk Area 2nd Fl-Bdrm-Bath-Kitchen-Living Area","1603 SUFFOLK DRIVE",30.308086,-97.697776
"4996","2001 Marcus Abrams Blvd","New Sf Residence W/ Attached Garage Covered Porch","2001 MARCUS ABRAMS BOULEVARD",30.154609,-97.836523
"4997","3507 Cherry Ln","New Detached Garage","3507 CHERRY LANE",30.296894,-97.77921
"4998","313 Venetian Cv","New 1 Sty Residence W.Att Garage Cvd Porch-Patio Uncvd Patio","313 VENETIAN CV",30.14712,-97.812959
"4999","12208 Cascade Caverns Trl","Temporary Construction Trailer","12208 CASCADE CAVERNS TRAIL",30.151817,-97.861644
"5000","1501 Easy St","New Sf Residence W/ Attached Garage Circular Drive Covered Patio Covered Porch","1501 EASY STREET",30.272301,-97.813864
"5001","6300 Hickman Ave","New Detached Structure To Create 2 Fam Res (Ldc-25-2-774)","6300 HICKMAN AVE",30.316144,-97.690104
"5002","328 Middle Ground Cv","New One Story Res W/Att Garage Porch & Uncovered Patio","328 MIDDLE GROUND CV",30.146549,-97.81193
"5003","517 River Rd","New Sf Residence W/ Garage Attached By Breezeway Covered Porch Balcony Storage Attached To Garage","517 RIVER ROAD",30.345482,-97.927344
"5004","2420 Lynnbrook Dr","New Two Story Res W/Att Garage Covered Patio & Porch","2420 LYNNBROOK DRIVE",30.16696,-97.836874
"5005","9113 Hopeland Dr","New 2 Sty Residence W.Att Garage  Cvd Porch-Uncvd Patio","9113 HOPELAND DRIVE",30.207223,-97.886825
"5006","8019 Dark Valley Cv","New Sf Residence W/ Attached Garage Covered Porch Covered Patio","8019 DARK VALLEY CV",30.222244,-97.881926
"5007","201 Brazos St","Relocate Building From 1605 Toomey Road","201 BRAZOS STREET",30.264203,-97.742503
"5008","7708 San Felipe Blvd Unit P","New Multi-Family Townhome (5522sf) W/Garage (1080sf)","7708 SAN FELIPE BOULEVARD UNIT P",30.436625,-97.767302
"5009","6704 O'Henry Cv","2-Story Duplex W/ Attached Garage Covered Porch Patio & Uncovered Patio.","6704 O HENRY CV",30.364098,-97.780767
"5010","6512 Goodall Ct","2-Story Sf Res. W/ Attached Garage Covered Porch & Uncovered Patio.","6512 GOODALL CT",30.192987,-97.895726
"5011","6704 Manchaca Rd Unit 33","2-Story Sf Res. W/ Attached Garage Carport Covered Porch & Patio.","6704 MENCHACA ROAD UNIT 33",30.205663,-97.806805
"5012","3406 NEAL ST","New Swimming Pool & Spa","3406 NEAL STREET",30.264363,-97.700051
"5013","9516 Lynnhaven St","New Two Story Res W/Att  Covered Patio & Porch","9516 LYNNHAVEN STREET",30.205604,-97.885318
"5014","7800 Old Bee Caves Rd","Move Man. Home On To Lot And Connect Services","7800 OLD BEE CAVES ROAD",30.245355,-97.880636
"5015","7404 Twilight Mesa Dr","New Sf Residence W/  Attached Garage Covered Porch Covered Patio","7404 TWILIGHT MESA DRIVE",30.224106,-97.890295
"5016","8005 Forest Wood Rd","New Manufactured Home W/Porch-Patio","8005 FOREST WOOD ROAD",30.186415,-97.801187
"5017","6504 Nusser Ln","New Sf Residence W/ Attached Garage Covered Porch Covered Patio","6504 NUSSER LANE",30.194014,-97.895518
"5018","1802 Brackenridge St","New Detached 2 Sty Garage-Study/Bath (See 2012-062572)","1802 BRACKENRIDGE STREET",30.245252,-97.749101
"5019","905 Valdez St","Move Manufactured Home Onto Lot & Add A Carport","905 VALDEZ STREET",30.233027,-97.69299
"5020","506 W 51st St","New Detached Secondary Resid Ldc 25-2-774","506 WEST 51ST STREET",30.317709,-97.727998
"5021","8311 Riverstone Dr","New Manufactured Home W/Wd Decks","8311 RIVERSTONE DRIVE",30.292921,-97.629003
"5022","6926 Covered Bridge Dr","New Model Home W/Att Garage Covered Patio & Porch","6926 COVERED BRIDGE DRIVE",30.24589,-97.897314
"5023","6922 Covered Bridge Dr","New Model Home  W/ Att Gar CovD Porch CovD Patio And Wood Deck","6922 COVERED BRIDGE DRIVE",30.246083,-97.897198
"5024","2103 Cullen Ave","New Detached 1st & 2nd Sty Accessory Guest House W/Cvd Patio","2103 CULLEN AVE",30.345673,-97.735006
"5025","2103 Cullen Ave","New 2 Sty Garage Apt (1st Fl Gar 2nd Fl( Max Of 850 Sq Ft Of  Living Area)2nd Fl Balcony","2103 CULLEN AVE",30.345673,-97.735006
"5026","2103 Cullen Ave","New Detached 1st Sty  Gameroom W/Concrete Deck","2103 CULLEN AVE",30.345673,-97.735006
"5027","14221 Ballycastle Trl","2-Story Sf Res. W/ Attached Garage Covered Porch & Patio.","14221 BALLYCASTLE TRAIL",30.493295,-97.784569
"5028","14100 Panorama Dr","New  3sty Res W/Att Garage Wd Deck-Balconies(Max Height Allowed 35)","14100 PANORAMA DRIVE",30.419371,-97.890488
"5029","14400 Mowsbury Dr","2-Story Sf Res. W/ Attached Garage Covered Porch & Patio.","14400 MOWSBURY DRIVE",30.495635,-97.783939
"5030","2501 Nueces St Unit 2","New Townhome - Bldg 2","2501 NUECES STREET UNIT 2",30.289326,-97.742782
"5031","2501 Nueces St Unit 4","New Townhome - Bldg 4","2501 NUECES STREET UNIT 4",30.289326,-97.742782
"5032","2501 Nueces St Unit 1","New Townhome - Bldg 1","2501 NUECES STREET UNIT 1",30.289326,-97.742782
"5033","2501 Nueces St Unit 3","New Townhome - Bldg 3","2501 NUECES STREET UNIT 3",30.289326,-97.742782
"5034","5906 Inter Council Cv","2-Story Sf Res. W/ Attached Garage Covered Porch Brick Pocket.","5906 INTER COUNCIL CV",30.354615,-97.786071
"5035","7416 Carissa Cv","New 3sty Residence W.Att Garage Cvd Porch -Patios- Balcony","7416 CARISSA CV",30.415459,-97.776468
"5036","1401 Payton Falls Dr","Temp Construction Trailer","1401 PAYTON FALLS DRIVE",30.374332,-97.661125
"5037","9901 Pumpkin Ridge Ct","Add 2nd Story Bonus Room","9901 PUMPKIN RIDGE CT",30.499249,-97.761416
"5038","5108 Eilers Ave","Detached Garage (For New Manu. Res.)","5108 EILERS AVE",30.313587,-97.717078
"5039","4416 Canoas Dr","New 2 Story Sf Residence W/ Att. Gar. Deck CovD Porch & CovD Patio","4416 CANOAS DRIVE",30.369604,-97.854085
"5040","2829 Kinney Oaks Ct","New Two Story Res W/Att Garage Covered Patio & Covered Porch","2829 KINNEY OAKS CT",30.243172,-97.773856
"5041","3903 Balcones Dr","**ref permit#2011-010988**New 2 Story Sf Residence; Detached Gar. W/ Guest Apartment","3903 BALCONES DRIVE",30.317784,-97.764981
"5042","6601 Back Bay Ln","Temporary Construction Trailer","6601 BACK BAY LANE",30.189408,-97.897099
"5043","15804 Royal Ashdown Dr","New Two Story Res W/Att Garage & Covered Porch","15804 ROYAL ASHDOWN DRIVE",30.505801,-97.757883
"5044","15500 Whistling Straits Dr","New 2-Story Sf Res. W/ Attached Garage & Covered Porch.","15500 WHISTLING STRAITS DRIVE",30.497631,-97.764398
"5045","12712 Cedar St Bldg 2","New 2-Story Sf Res. W/ Attached Garage Covered Patio","12712 CEDAR STREET BLDG 2",30.39326,-97.883433
"5046","9837 Westminster Glen Ave","To Finish New Residence Refer #00014707","9837 WESTMINSTER GLEN AVE",30.363516,-97.848008
"5047","2920 Garwood St","New Manufactured Home","2920 GARWOOD STREET",30.260651,-97.707175
"5048","1719 Pasadena Dr","New Det Garage. New Driveway Approach","1719 PASADENA DRIVE",30.346526,-97.728505
"5049","9108 Spring Lake Dr","New Three Story Res W/Att Garage Workshop Covered Balcony & Covered Terrace","9108 SPRING LAKE DRIVE",30.440548,-97.79468
"5050","4712 Sinclair Av","New Detached Garage With 2nd Floor Apt. (Living Kitchen Bed Bath).","4712 SINCLAIR AVE",30.320252,-97.742204
"5051","3609 Pennsylvania Av","New Manufactured Home W Cvd Wd Deck","3611 PENNSYLVANIA AVE",30.275181,-97.69402
"5052","3116 Speedway","Rebuild Fire-Destroyed Detached Garage W/ 2nd Story Apartment. See Comments!!!","3116 SPEEDWAY",30.296533,-97.736367
"5053","6808 Valburn Dr","New Two Story Res W/Att Garage Covered Patio Porch & Balconies","6808 VALBURN DRIVE",30.370709,-97.781594
"5054","1403 Cloverleaf Dr","Finish Out Pmt#9416434 And Add Bath & Gas Line To Convert To 2 Fam Residential","1403 CLOVERLEAF DRIVE",30.311417,-97.70085
"5055","2106 Blue Meadow Dr","New Manufactured Home W/Decks","2106 BLUE MEADOW DRIVE",30.182131,-97.764915
"5056","8003 Forest Wood Rd","New Manufactured Home W/Wd Decks","8003 FOREST WOOD ROAD",30.186682,-97.801191
"5057","510 Atlanta St","Relocate Sf Residence To 5212 Ave H(From 510 Atlanta)","510 ATLANTA STREET",30.278003,-97.770348
"5058","14028 Lakeview Dr","New Three Story Res W/Att Garage Wood Deck Breezeways & Porch","14028 LAKE VIEW DRIVE",30.415081,-97.893384
"5059","2204 E 14th St","Relocate Res. On Lot From San Marcos Tx.","2204 EAST 14TH STREET",30.276492,-97.716972
"5060","1611 Manana St","**ref permit#2008-062568New Two Story Res W/Att Garage Covered Patio & Porch**See Comments**","1611 MANANA STREET",30.325039,-97.83452
"5061","14424 Mowsbury Dr","New One Story Res W/Att Garage Covered Patio & Porch","14424 MOWSBURY DRIVE",30.49602,-97.783163
"5062","5216 Scottish Thistle Dr","New Two Story Res W/Att Garage Covered Patio & Porch","5216 SCOTTISH THISTLE DRIVE",30.193241,-97.868823
"5063","2801 Warren St","New 2sty Duplex W/Att Gar Cvd Patio-Uncvd Porch-Balcony (Attached By Breezway)Replace Existing Dw Approach","2801 WARREN STREET",30.309657,-97.764065
"5064","2017 Encino Cir","New Manufactured Home With One Wood One Concrete Deck","2007 ENCINO CIR",30.284066,-97.702985
"5065","2808 Palomino Trl","New One Story Res W/Att Garage Porch & Uncovered Patio","2808 PALOMINO TRAIL",30.210524,-97.691869
"5066","4524 Chesney Ridge Dr","New One Story Res W/Att Garage Covered Patio & Porch","4524 CHESNEY RIDGE DRIVE",30.196058,-97.860466
"5067","6109 Homestead Trl","New Manufactured Home W/Decks","6109 HOMESTEAD TRAIL",30.247989,-97.881075
"5068","5118 Mansfield View Ct","New Two Story Res W/Att Garage Wood Deck Covered Patio & Porch","5118 MANSFIELD VIEW CT",30.391615,-97.884184
"5069","4609 Island Cove","VOID -  Refer to 2002-004405BP Finish Out Bldg And Elec For 2 Stry Residence  Ref#01011457
New 2-Story Sf. Res. W/ Attached Garage Breezeway Covered Patio","4609 ISLAND CV",30.332156,-97.77843
"5070","4214 Avenue D","New One Story Res W/Att Covered Patio & Porch
*****VOIDED- construction never undertaken - replaced with 2003 011582 BP. 09/25/13 PY*********","4214 AVENUE D",30.306831,-97.731111
"5071","5201 Bluestar Dr","Add Covered Patio","5201 BLUESTAR DRIVE",30.193145,-97.870437
"5072","14733 Banbridge Trl","New Two Story Res W/Att Garage Covered Patio & Porch","14733 BANBRIDGE TRAIL",30.499723,-97.780134
"5073","1607 MORGAN LN","**ref permit#2011-079768**New Two Story Duplex W/Att Porch & Balcony","1607 MORGAN LANE",30.229899,-97.782277
"5074","605 Tillery St","1sty Sty Addn To Create Bedrms Bath & Utility Room","605 TILLERY STREET",30.256352,-97.706357
"5075","2915 Padina Dr","New 2 Story Sf Residence","2915 PADINA DRIVE",30.350186,-97.855306
"5076","4501 Leslie Av","New One Story Res W/Att Covered Patio & Porch","4501 LESLIE AVE",30.282571,-97.685919
"5077","14501 Mowsbury Dr","New 2 Story Sf Residence","14501 MOWSBURY DRIVE",30.495709,-97.782661
"5078","14412 Mowsbury Dr","New One Story Res W/Att Garage Covered Patio & Porch","14412 MOWSBURY DRIVE",30.495859,-97.783575
"5079","13910 Skyline Dr","New Three Story Res W/Att  Wood Decks","13910 SKYLINE DRIVE",30.417383,-97.889687
"5080","5407 Garden View Cove","Sf Residence W/Attached Garage CovD Porch & CovD Patio (S.M.A.R.T. Housing)","5407 GARDEN VIEW CV",30.290213,-97.659489
"5081","5116 Bluestar Dr","New Two Story Res W/Att Garage Breezeway & Patio","5116 BLUESTAR DRIVE",30.192162,-97.870584
"5082","4401 CANOAS DR","Sf Res. 2-Story W/ Attached Garage Wood Deck Covered Porch & Patio.     **refer to pmt # 2011-038083**","4401 CANOAS DRIVE",30.368537,-97.855134
"5083","6012 Cervinus Run","New Two Story Res W/Att Garage Covered Patio & Porch","6012 CERVINUS RUN",30.257683,-97.845855
"5084","5817 Speyside Dr","New One Story Res W/Att Garage Covered Patio & Porch","5817 SPEYSIDE DRIVE",30.365727,-97.612373
"5085","4508 Steed Dr","New One Story Res W/Att Garage Covered Patio & Porch","4508 DRIVE",30.19368,-97.861349
"5086","2902 Ellon Rd","New Manufactured Home W/Wd Decks","2902 ELLON ROAD",30.208069,-97.644072
"5087","7101 Hillcroft Dr","New One Story Res W/Att Garage & Covered Porch","7101 HILLCROFT DRIVE",30.30326,-97.641021
"5088","4601 Reyes St","Sf Res 1-Story W/ Covered Porch & Concrete Deck","4601 REYES STREET",30.27471,-97.689495
"5089","6214 Landscape Dr","Move Existing Mh Off Of Easement And Entirely Onto Lot 35
**Voided permit life safety permit issued refer to pmt 2009-073985BP**","6214 LANDSCAPE DRIVE",30.246015,-97.880823
"5090","3114 Cavalcade Ct","New Sf Res. 3-Story W/ Attached Garage Basement & Covered Porch","3114 CAVALCADE CT",30.329837,-97.808369
"5091","2006 E 9th St","Relocate Sf Residence From Outside The City","2006 EAST 9TH STREET",30.264032,-97.719442
"5092","4405 Canoas Dr","New Two Story Res W/Att Garage Wood Deck Covered Porch & Patio","4405 CANOAS DRIVE",30.368256,-97.8551
"5093","13523 Wyoming Valley Dr","New One Story Res W/Att Garage Porch & Covered Patio","13523 WYOMING VALLEY DRIVE",30.424861,-97.67947
"5094","2509 Indian Trl","New Two Story Res W/Att Garage Covered Patio Porch & Workshop & Guest Quarters","2509 INDIAN TRAIL",30.296493,-97.767018
"5095","1707 Poquito St","New One Story Res W/Att Covered Porch","1707 POQUITO STREET",30.278709,-97.719507
"5096","110 Ainsworth St","Detached Structure (Efficiency Apt).","110 AINSWORTH STREET",30.203581,-97.776204
"5097","3312 Elija St","New One Story Res W/Att Garage & Covered Porch","3312 ELIJA STREET",30.20294,-97.833572
"5098","4606 Adelphi La","Detached Storage Shed Rear Of Existing Sf Residence","4606 ADELPHI LANE",30.425522,-97.724038
"5099","12606 Lyndon Dr","New 2sty Sf Residence-Uncvd Terrace-Cvd Balcony-Uncvd Concrete Deck-Steel Grate Porch","12606 LYNDON DRIVE",30.392306,-97.882469
"5100","412 W St Elmo Rd","New Two Story Res W/Att Personal Office Wood Deck Covered Porch Personal Studio /Bedroom","412 WEST STREET ELMO ROAD",30.221018,-97.77121
"5101","8229 Phantom Canyon Dr","New Two Story Res W/Att Garage &  Covered Porch","8229 PHANTOM CANYON DRIVE",30.425841,-97.860422
"5102","2906 Gonzales St","New Manufactured Home W/Wd Decks","2906 GONZALES STREET",30.259926,-97.708025
"5103","3203 FAIRFAX WALK","New Two Story Res W/Att Garage & Covered Porch **refer to pmt # 09-090021**","3203 FAIRFAX WALK",30.292773,-97.729425
"5104","8900 Westminster Glen Av","To Finish New Residence","8900 WESTMINSTER GLEN AVE",30.361417,-97.833425
"5105","9312 LA PUENTE DR","Sf Res. 1-Story W/ Attached Garage Covered Porch. (See 2001-009635 for repermit)","9312 LA PUENTE DRIVE",30.208043,-97.885013
"5106","9213 ASHEVILLE PLACE","New Two Story Res W/Att Garage Porch Covered Deck & Balcony","9213 ASHEVILLE PLACE",30.203473,-97.871324
"5107","2514 WILSON ST BLDG 2","Detached Shop W/2nd Flr Studio
Third Party Documents Attached To Bp#05-3977i","2514 WILSON STREET BLDG 2",30.238438,-97.758733
"5108",NA,"New One Story Res W/Att Garage Porch & Covered Patio","12808 SERAFY CT",30.397815,-97.647004
"5109","5720 Bexley Ct","New Swimming Pool And Deck For Existing Single Family Residence","5720 BEXLEY CT",30.183416,-97.886816
"5110",NA,"New Two Story Res W/Att Garage Stoop & Covered Porch","2525 LAVENDALE CT",30.156836,-97.840445
"5111",NA,"Sf Residence W/Attached Garage CovD Porch & UncovD Patio","12108 BARREL BND",30.153796,-97.857123
"5112","2100 Rue De St Germaine","Need K Hoaglund To Look At Pud/New Two Story Res W/Att Garage Porch & Balconies","2100 RUE DE STREET GERMAINE",30.306209,-97.784619
"5113","408 W  40th St","Interior Remodel And Replace Roof To Upgrade Exsting Res Accessory Building Only","408 WEST 40TH STREET BLDG B",30.304893,-97.735222
"5114","705-B Kinney Av","New Two Story Res W/Att Deck & Porch","705 KINNEY AVE BLDG B",30.259901,-97.763135
"5115",NA,"New Two Story Res W/Att Garage Porch & Covered Deck","4312 CANOAS DRIVE",30.368845,-97.856887
"5116","2600 Buckingham Gate Ter","Two Story Residence W/Att Garage & Covered Patio","2600 BUCKINGHAM GATE TER",30.151014,-97.849227
"5117","9525 Corbe Drive                   A .00000","New Two Story Res W/Att Garage Porch & Cvrd**","9525 CORBE DRIVE",30.431177,-97.830659
"5118","6733 Hot Springs Drive             A  00000","New 2 Stry Sf Res W/Attached Garage -- New permit # 2008-024489","6733 HOT SPRINGS DRIVE",30.221327,-97.881187
"5119","4000 Vineland Drive                A  00000","Two Story Duplex W/Att Garage & Porches","4000 VINELAND DRIVE",30.292205,-97.709289
